Date,Ticker,Stage,Action,Close,Stop,Risk_Pct,RS20d,ADX,DI_Plus,DI_Minus,Trending,VolSpike,AvgVol,ExtCount,Notes
2026-05-10,SPRC,Wedge Pop,BUY,6.91,6.2,10.3,76.7,44.4,30.5,13.5,True,False,1010486,1,Crossed above 20 EMA after 3 days below
2026-05-10,PSTV,Wedge Pop,BUY,6.22,6.04,2.9,71.0,21.8,25.3,20.1,True,False,532811,0,Crossed above 20 EMA after 3 days below
2026-05-10,VELO,Wedge Pop,BUY,13.4,13.11,2.2,16.7,25.4,24.5,17.2,True,False,2546446,0,Crossed above 20 EMA after 3 days below
2026-05-10,RMBS,Wedge Pop,BUY,118.0,117.94,0.1,12.1,26.9,31.2,28.1,True,False,2672515,0,Crossed above 20 EMA after 4 days below
2026-05-10,ACDC,Wedge Pop,BUY,7.52,6.89,8.4,10.8,29.4,36.5,15.6,True,False,1246178,1,Crossed above 20 EMA after 4 days below
2026-05-10,AEBI,Wedge Pop,BUY,11.49,11.41,0.7,7.1,23.4,14.4,23.0,False,False,311845,0,Crossed above 20 EMA after 5 days below
2026-05-10,LBRT,Wedge Pop,BUY,33.7,31.02,8.0,6.0,25.0,28.1,18.1,True,False,3741288,1,Crossed above 20 EMA after 6 days below
2026-05-10,JACK,Wedge Pop,BUY,12.84,12.45,3.1,5.2,25.0,26.2,18.9,True,False,715989,0,Crossed above 20 EMA after 3 days below
2026-05-10,PUMP,Wedge Pop,BUY,16.61,15.83,4.7,5.2,23.0,29.8,23.6,True,True,4109943,1,Crossed above 20 EMA after 3 days below
2026-05-10,TPG,Wedge Pop,BUY,45.61,43.06,5.6,4.4,22.2,30.0,17.1,True,False,2975912,0,Crossed above 20 EMA after 3 days below
2026-05-10,AVR,Wedge Pop,BUY,6.19,5.86,5.4,4.1,17.1,30.5,14.9,True,False,674302,1,Crossed above 20 EMA after 6 days below
2026-05-10,BKKT,Wedge Pop,BUY,9.09,8.71,4.2,3.3,10.9,22.2,22.7,False,False,1028200,0,Crossed above 20 EMA after 4 days below
2026-05-10,SBET,Wedge Pop,BUY,7.6,7.26,4.4,3.3,12.1,24.4,19.7,False,False,7736079,0,Crossed above 20 EMA after 3 days below
2026-05-10,CTGO,Wedge Pop,BUY,23.05,22.59,2.0,3.2,15.1,22.9,23.1,False,False,422810,0,Crossed above 20 EMA after 4 days below
2026-05-10,LGIH,Wedge Pop,BUY,45.75,44.47,2.8,1.9,26.9,29.4,22.4,True,False,432334,1,Crossed above 20 EMA after 3 days below
2026-05-10,ARRY,Wedge Pop,BUY,8.18,7.71,5.7,1.5,15.9,21.8,16.7,True,False,5426310,0,Crossed above 20 EMA after 3 days below
2026-05-10,INOD,Wedge Pop,BUY,45.64,43.02,5.7,0.9,17.0,29.7,18.8,True,True,957499,1,Crossed above 20 EMA after 6 days below
2026-05-10,SMR,Wedge Pop,BUY,11.87,11.77,0.9,0.9,22.2,19.2,18.0,True,False,37241301,0,Crossed above 20 EMA after 3 days below
2026-05-10,CEG,Wedge Pop,BUY,320.42,301.76,5.8,0.6,15.4,28.8,18.7,True,False,2602375,2,Crossed above 20 EMA after 3 days below
2026-05-10,BKSY,Wedge Pop,BUY,35.96,34.0,5.4,0.4,25.2,28.8,17.4,True,False,1958244,0,Crossed above 20 EMA after 3 days below
2026-05-10,CWH,Wedge Pop,BUY,7.38,7.24,1.9,0.4,19.3,28.7,16.9,True,False,3563858,1,Crossed above 20 EMA after 6 days below
2026-05-10,EMPD,Wedge Pop,BUY,5.16,4.84,6.2,0.4,16.8,30.9,20.4,True,False,473823,0,Crossed above 20 EMA after 3 days below
2026-05-10,NVMI,Wedge Pop,BUY,515.67,502.44,2.6,-0.1,15.5,25.7,20.2,True,False,281225,0,Crossed above 20 EMA after 4 days below
2026-05-10,HCSG,Wedge Pop,BUY,21.73,20.68,4.8,-0.2,26.1,30.7,17.3,True,False,768306,1,Crossed above 20 EMA after 3 days below
2026-05-10,AAON,Wedge Pop,BUY,93.66,91.74,2.0,-0.5,12.7,23.6,23.6,False,True,838546,0,Crossed above 20 EMA after 3 days below
2026-05-10,GDS,Wedge Pop,BUY,45.0,42.93,4.6,-1.1,9.2,29.8,24.1,False,False,1301910,0,Crossed above 20 EMA after 3 days below
2026-05-10,HTZ,Wedge Pop,BUY,6.09,6.01,1.3,-1.1,34.0,29.6,20.1,True,False,17109274,0,Crossed above 20 EMA after 6 days below
2026-05-10,RES,Wedge Pop,BUY,7.8,7.43,4.8,-1.5,19.5,29.1,21.5,True,False,2218005,1,Crossed above 20 EMA after 3 days below
2026-05-10,TEM,Wedge Pop,BUY,54.07,52.2,3.5,-1.5,16.7,27.5,21.7,True,False,5372394,1,Crossed above 20 EMA after 3 days below
2026-05-10,CLNN,Wedge Pop,BUY,6.58,6.25,4.9,-1.6,19.8,34.5,15.0,True,False,1226503,1,Crossed above 20 EMA after 3 days below
2026-05-10,NXT,Wedge Pop,BUY,123.34,116.7,5.4,-1.7,15.6,26.0,16.4,True,False,1697531,0,Crossed above 20 EMA after 8 days below
2026-05-10,TMC,Wedge Pop,BUY,5.24,5.13,2.1,-1.7,15.7,21.3,19.9,True,False,4485440,0,Crossed above 20 EMA after 5 days below
2026-05-10,WTTR,Wedge Pop,BUY,17.25,16.02,7.1,-1.9,21.6,31.9,14.9,True,False,1920289,1,Crossed above 20 EMA after 3 days below
2026-05-10,AMG,Wedge Pop,BUY,303.64,292.31,3.7,-2.2,14.3,24.5,23.2,False,False,334797,0,Crossed above 20 EMA after 3 days below
2026-05-10,AAL,Wedge Pop,BUY,12.37,11.72,5.2,-2.3,15.6,34.8,24.4,True,False,55912163,0,Crossed above 20 EMA after 3 days below
2026-05-10,NABL,Wedge Pop,BUY,5.47,5.13,6.3,-2.3,14.1,29.2,18.8,False,False,963283,1,Crossed above 20 EMA after 3 days below
2026-05-10,OPEN,Wedge Pop,BUY,5.23,5.16,1.4,-2.4,16.6,25.2,21.2,True,False,34885221,0,Crossed above 20 EMA after 3 days below
2026-05-10,CERT,Wedge Pop,BUY,6.18,6.1,1.3,-2.6,20.6,20.2,25.4,False,False,2888520,0,Crossed above 20 EMA after 4 days below
2026-05-10,NN,Wedge Pop,BUY,18.8,18.1,3.7,-2.6,19.3,28.4,30.7,False,False,3291044,0,Crossed above 20 EMA after 8 days below
2026-05-10,COIN,Wedge Pop,BUY,197.75,192.42,2.7,-2.7,14.5,28.6,24.3,False,False,10009466,0,Crossed above 20 EMA after 3 days below
2026-05-10,IRD,Wedge Pop,BUY,5.2,5.15,0.9,-3.0,20.8,17.7,18.9,False,False,739396,0,Crossed above 20 EMA after 4 days below
2026-05-10,KEP,Wedge Pop,BUY,15.54,15.27,1.7,-3.0,18.9,27.8,29.9,False,False,593376,0,Crossed above 20 EMA after 6 days below
2026-05-10,FVRR,Wedge Pop,BUY,11.57,10.91,5.7,-3.3,20.8,35.6,17.7,True,False,792908,1,Crossed above 20 EMA after 3 days below
2026-05-10,KDP,Wedge Pop,BUY,28.92,27.73,4.1,-3.3,28.3,26.3,14.8,True,False,11694518,1,Crossed above 20 EMA after 4 days below
2026-05-10,BMNR,Wedge Pop,BUY,23.1,21.78,5.7,-3.7,10.6,28.1,21.5,False,False,38993402,0,Crossed above 20 EMA after 4 days below
2026-05-10,IMMR,Wedge Pop,BUY,6.35,6.08,4.3,-3.7,19.8,37.7,20.8,True,False,671124,1,Crossed above 20 EMA after 4 days below
2026-05-10,AERO,Wedge Pop,BUY,15.77,15.21,3.5,-3.8,12.4,23.2,18.4,False,False,385377,0,Crossed above 20 EMA after 7 days below
2026-05-10,PHAT,Wedge Pop,BUY,12.6,12.01,4.7,-3.9,16.4,21.9,22.7,False,False,1326656,1,Crossed above 20 EMA after 6 days below
2026-05-10,MGNI,Wedge Pop,BUY,13.6,12.96,4.7,-4.0,13.8,28.1,20.7,False,False,1880824,0,Crossed above 20 EMA after 3 days below
2026-05-10,DNOW,Wedge Pop,BUY,13.61,12.66,6.9,-4.1,24.5,31.7,10.5,True,False,2654744,1,Crossed above 20 EMA after 6 days below
2026-05-10,DOCS,Wedge Pop,BUY,25.77,24.21,6.0,-4.1,21.9,28.9,25.8,True,False,3016599,0,Crossed above 20 EMA after 3 days below
2026-05-10,SDGR,Wedge Pop,BUY,12.87,12.12,5.8,-4.1,13.0,27.6,16.5,False,False,1517963,1,Crossed above 20 EMA after 5 days below
2026-05-10,BKR,Wedge Pop,BUY,67.78,65.0,4.1,-4.2,27.0,32.3,15.9,True,False,8356165,1,Crossed above 20 EMA after 5 days below
2026-05-10,IX,Wedge Pop,BUY,33.23,31.78,4.4,-4.3,17.5,38.2,26.0,True,False,322218,1,Crossed above 20 EMA after 4 days below
2026-05-10,ANGO,Wedge Pop,BUY,10.96,10.81,1.3,-4.4,16.5,30.1,20.4,True,False,393553,0,Crossed above 20 EMA after 5 days below
2026-05-10,GPRK,Wedge Pop,BUY,9.82,9.31,5.2,-4.4,14.4,29.2,18.4,False,False,926445,0,Crossed above 20 EMA after 6 days below
2026-05-10,IMMX,Wedge Pop,BUY,9.56,9.4,1.7,-4.5,15.9,19.4,20.6,False,False,670566,0,Crossed above 20 EMA after 4 days below
2026-05-10,LEA,Wedge Pop,BUY,131.65,125.78,4.5,-4.5,17.4,34.0,19.1,True,False,510485,0,Crossed above 20 EMA after 3 days below
2026-05-10,BCAX,Wedge Pop,BUY,23.16,22.13,4.5,-4.7,25.0,25.8,16.4,True,False,472738,0,Crossed above 20 EMA after 3 days below
2026-05-10,ASML,Wedge Pop,BUY,1442.92,1418.73,1.7,-4.9,13.7,25.0,27.2,False,False,1838593,0,Crossed above 20 EMA after 4 days below
2026-05-10,LIF,Wedge Pop,BUY,44.52,44.02,1.1,-4.9,14.2,29.2,27.8,False,False,879804,0,Crossed above 20 EMA after 5 days below
2026-05-10,SUNC,Wedge Pop,BUY,67.88,63.65,6.2,-5.0,17.1,34.1,15.5,True,True,489724,0,Crossed above 20 EMA after 3 days below
2026-05-10,TTD,Wedge Pop,BUY,24.61,23.27,5.4,-5.0,14.6,25.0,19.9,False,False,16417396,0,Crossed above 20 EMA after 3 days below
2026-05-10,RAL,Wedge Pop,BUY,46.45,44.88,3.4,-5.1,14.1,28.4,20.7,False,False,987756,0,Crossed above 20 EMA after 4 days below
2026-05-10,CHE,Wedge Pop,BUY,427.55,404.21,5.5,-5.2,32.0,40.2,14.7,True,False,264709,1,Crossed above 20 EMA after 9 days below
2026-05-10,GLW,Wedge Pop,BUY,162.1,160.25,1.1,-5.2,19.5,28.8,20.0,True,False,9893860,0,Crossed above 20 EMA after 3 days below
2026-05-10,NEO,Wedge Pop,BUY,8.86,8.48,4.2,-5.3,28.7,31.4,13.9,True,False,2337693,1,Crossed above 20 EMA after 4 days below
2026-05-10,GTM,Wedge Pop,BUY,6.56,6.14,6.3,-5.4,13.9,28.5,19.4,False,False,8780847,1,Crossed above 20 EMA after 3 days below
2026-05-10,HAL,Wedge Pop,BUY,41.72,39.64,5.0,-5.5,26.4,28.7,12.0,True,False,13028490,1,Crossed above 20 EMA after 4 days below
2026-05-10,MNRO,Wedge Pop,BUY,17.12,17.0,0.7,-5.5,12.6,17.7,18.5,False,False,712309,0,Crossed above 20 EMA after 3 days below
2026-05-10,PANL,Wedge Pop,BUY,7.93,7.53,5.1,-5.5,13.3,25.8,19.4,False,False,427830,0,Crossed above 20 EMA after 5 days below
2026-05-10,TSLA,Wedge Pop,BUY,389.37,379.69,2.5,-5.5,16.3,31.0,21.0,True,False,63766450,0,Crossed above 20 EMA after 6 days below
2026-05-10,ARQQ,Wedge Pop,BUY,14.65,14.4,1.7,-5.8,17.9,23.1,25.3,False,False,386802,0,Crossed above 20 EMA after 5 days below
2026-05-10,NTNX,Wedge Pop,BUY,43.43,40.63,6.4,-5.9,12.6,29.7,18.9,False,False,3105877,1,Crossed above 20 EMA after 4 days below
2026-05-10,RAPP,Wedge Pop,BUY,35.59,34.7,2.5,-5.9,30.2,31.0,15.5,True,False,335893,0,Crossed above 20 EMA after 3 days below
2026-05-10,THRM,Wedge Pop,BUY,30.44,29.5,3.1,-5.9,18.8,28.4,17.9,True,False,259088,0,Crossed above 20 EMA after 4 days below
2026-05-10,DTM,Wedge Pop,BUY,146.47,137.9,5.8,-6.0,22.8,31.3,7.9,True,False,787979,1,Crossed above 20 EMA after 8 days below
2026-05-10,BIIB,Wedge Pop,BUY,189.13,184.83,2.3,-6.1,16.3,29.7,22.7,True,False,1214582,1,Crossed above 20 EMA after 6 days below
2026-05-10,DFTX,Wedge Pop,BUY,22.4,21.61,3.5,-6.2,39.9,31.3,12.9,True,False,1870392,0,Crossed above 20 EMA after 3 days below
2026-05-10,SION,Wedge Pop,BUY,40.97,39.92,2.6,-6.2,13.6,29.1,20.2,False,False,441846,0,Crossed above 20 EMA after 6 days below
2026-05-10,MRCY,Wedge Pop,BUY,82.96,79.74,3.9,-6.3,16.2,27.1,22.0,True,True,481785,0,Crossed above 20 EMA after 7 days below
2026-05-10,NPKI,Wedge Pop,BUY,15.78,15.11,4.2,-6.3,16.2,22.5,19.1,True,False,752236,0,Crossed above 20 EMA after 5 days below
2026-05-10,CG,Wedge Pop,BUY,51.29,49.53,3.4,-6.4,15.8,29.9,20.0,True,False,3146866,0,Crossed above 20 EMA after 5 days below
2026-05-10,KURA,Wedge Pop,BUY,9.29,9.02,3.0,-6.4,20.2,29.4,17.5,True,False,1156660,0,Crossed above 20 EMA after 3 days below
2026-05-10,MO,Wedge Pop,BUY,72.79,67.91,6.7,-6.4,20.5,41.4,14.7,True,False,8717280,1,Crossed above 20 EMA after 7 days below
2026-05-10,BX,Wedge Pop,BUY,122.72,121.99,0.6,-6.5,19.7,24.6,21.0,True,False,6352803,0,Crossed above 20 EMA after 4 days below
2026-05-10,FOXF,Wedge Pop,BUY,17.66,17.25,2.3,-6.5,12.1,15.2,17.9,False,False,416045,0,Crossed above 20 EMA after 3 days below
2026-05-10,FTNT,Wedge Pop,BUY,89.92,84.44,6.1,-6.5,14.8,32.7,20.1,False,False,5476523,1,Crossed above 20 EMA after 3 days below
2026-05-10,MT,Wedge Pop,BUY,58.18,58.13,0.1,-6.7,15.8,26.5,30.8,False,False,1575469,0,Crossed above 20 EMA after 4 days below
2026-05-10,SOLV,Wedge Pop,BUY,69.04,67.92,1.6,-6.7,18.6,24.8,18.1,True,True,1135302,0,Crossed above 20 EMA after 4 days below
2026-05-10,ENGN,Wedge Pop,BUY,7.89,7.61,3.5,-6.8,16.0,24.5,20.1,True,False,380845,0,Crossed above 20 EMA after 4 days below
2026-05-10,SYM,Wedge Pop,BUY,58.08,58.01,0.1,-6.9,13.8,21.7,22.2,False,False,1320280,0,Crossed above 20 EMA after 3 days below
2026-05-10,ZVRA,Wedge Pop,BUY,10.61,10.02,5.6,-6.9,18.3,27.6,18.3,True,False,772538,0,Crossed above 20 EMA after 3 days below
2026-05-10,KLAR,Wedge Pop,BUY,14.33,14.11,1.5,-7.0,12.9,27.1,21.7,False,False,4564629,1,Crossed above 20 EMA after 6 days below
2026-05-10,VSTM,Wedge Pop,BUY,5.96,5.8,2.7,-7.1,16.7,24.8,21.4,True,False,1896623,0,Crossed above 20 EMA after 5 days below
2026-05-10,AMRX,Wedge Pop,BUY,13.41,12.88,3.9,-7.2,21.4,30.3,14.4,True,False,1574819,0,Crossed above 20 EMA after 5 days below
2026-05-10,GIL,Wedge Pop,BUY,59.72,58.72,1.7,-7.2,18.4,32.2,19.4,True,False,1062589,0,Crossed above 20 EMA after 7 days below
2026-05-10,SHEN,Wedge Pop,BUY,16.05,15.83,1.4,-7.2,19.5,27.4,27.6,False,False,314177,0,Crossed above 20 EMA after 3 days below
2026-05-10,EXPE,Wedge Pop,BUY,248.65,247.3,0.5,-7.3,14.8,24.2,24.9,False,False,1434960,0,Crossed above 20 EMA after 4 days below
2026-05-10,COLL,Wedge Pop,BUY,35.32,34.0,3.7,-7.4,22.7,25.4,22.7,True,False,479467,0,Crossed above 20 EMA after 11 days below
2026-05-10,PKG,Wedge Pop,BUY,222.71,214.11,3.9,-7.4,17.8,30.4,20.2,True,False,859939,0,Crossed above 20 EMA after 6 days below
2026-05-10,TPB,Wedge Pop,BUY,80.95,80.16,1.0,-7.4,28.4,28.4,25.5,True,False,468840,0,Crossed above 20 EMA after 12 days below
2026-05-10,APPF,Wedge Pop,BUY,172.76,163.49,5.4,-7.5,23.1,28.5,20.5,True,False,346915,1,Crossed above 20 EMA after 6 days below
2026-05-10,GTE,Wedge Pop,BUY,9.39,8.68,7.6,-7.5,22.6,36.3,17.7,True,False,416956,1,Crossed above 20 EMA after 4 days below
2026-05-10,YALA,Wedge Pop,BUY,6.89,6.7,2.8,-7.5,13.9,21.4,18.4,False,False,274772,0,Crossed above 20 EMA after 3 days below
2026-05-10,OLED,Wedge Pop,BUY,98.45,95.41,3.1,-7.6,19.6,29.2,27.8,True,True,851384,0,Crossed above 20 EMA after 4 days below
2026-05-10,ZBRA,Wedge Pop,BUY,228.39,223.84,2.0,-7.6,12.7,22.5,20.8,False,False,759299,0,Crossed above 20 EMA after 3 days below
2026-05-10,CRNX,Wedge Pop,BUY,40.75,39.08,4.1,-7.7,15.0,27.2,14.8,True,False,1057812,1,Crossed above 20 EMA after 5 days below
2026-05-10,BWA,Wedge Pop,BUY,57.26,55.2,3.6,-7.9,13.1,30.6,18.4,False,True,1815349,0,Crossed above 20 EMA after 6 days below
2026-05-10,VNOM,Wedge Pop,BUY,49.97,47.75,4.4,-7.9,16.7,34.3,18.7,True,True,1609396,1,Crossed above 20 EMA after 3 days below
2026-05-10,BROS,Wedge Pop,BUY,57.17,54.9,4.0,-8.0,10.8,24.2,18.1,False,False,4158907,1,Crossed above 20 EMA after 3 days below
2026-05-10,RHI,Wedge Pop,BUY,26.83,26.51,1.2,-8.0,15.2,23.2,21.5,True,False,2982973,0,Crossed above 20 EMA after 3 days below
2026-05-10,AMX,Wedge Pop,BUY,27.25,26.14,4.1,-8.1,23.4,28.1,14.0,True,False,1757528,0,Crossed above 20 EMA after 3 days below
2026-05-10,MYGN,Wedge Pop,BUY,5.03,4.84,3.7,-8.1,11.3,23.0,19.6,False,False,999261,0,Crossed above 20 EMA after 6 days below
2026-05-10,ET,Wedge Pop,BUY,20.39,19.38,5.0,-8.3,17.1,36.1,14.2,True,True,17499162,0,Crossed above 20 EMA after 6 days below
2026-05-10,PRAX,Wedge Pop,BUY,333.3,327.31,1.8,-8.3,11.5,20.8,16.4,False,False,371343,0,Crossed above 20 EMA after 3 days below
2026-05-10,UDR,Wedge Pop,BUY,36.94,35.41,4.2,-8.3,25.0,26.9,13.3,True,False,3284847,0,Crossed above 20 EMA after 4 days below
2026-05-10,APOG,Wedge Pop,BUY,35.79,35.7,0.2,-8.4,15.4,21.9,23.0,False,False,221907,0,Crossed above 20 EMA after 3 days below
2026-05-10,QTWO,Wedge Pop,BUY,52.35,50.24,4.0,-8.4,16.0,28.5,24.2,True,False,867961,1,Crossed above 20 EMA after 4 days below
2026-05-10,RGEN,Wedge Pop,BUY,125.61,121.06,3.6,-8.4,18.1,28.6,27.8,True,True,1014070,0,Crossed above 20 EMA after 8 days below
2026-05-10,AI,Wedge Pop,BUY,9.41,8.95,4.9,-8.5,15.0,27.7,20.6,True,False,4524613,0,Crossed above 20 EMA after 7 days below
2026-05-10,EE,Wedge Pop,BUY,35.55,34.24,3.7,-8.6,12.3,23.5,15.5,False,False,328604,0,Crossed above 20 EMA after 11 days below
2026-05-10,FSK,Wedge Pop,BUY,11.5,10.89,5.3,-8.6,18.1,31.3,19.7,True,False,2871263,1,Crossed above 20 EMA after 4 days below
2026-05-10,KREF,Wedge Pop,BUY,6.52,6.35,2.6,-8.6,27.2,25.4,30.9,False,False,1356351,0,Crossed above 20 EMA after 6 days below
2026-05-10,RDNT,Wedge Pop,BUY,59.02,57.95,1.8,-8.6,14.9,27.6,22.2,False,False,742813,0,Crossed above 20 EMA after 11 days below
2026-05-10,PAYC,Wedge Pop,BUY,131.68,126.23,4.1,-8.7,14.9,29.6,18.3,False,False,846035,0,Crossed above 20 EMA after 4 days below
2026-05-10,TGTX,Wedge Pop,BUY,36.1,34.8,3.6,-8.7,42.5,29.9,15.7,True,False,1741084,0,Crossed above 20 EMA after 3 days below
2026-05-10,AVNT,Wedge Pop,BUY,37.15,36.91,0.6,-8.8,16.1,24.1,19.7,True,False,497227,0,Crossed above 20 EMA after 3 days below
2026-05-10,IBRX,Wedge Pop,BUY,7.58,7.5,1.1,-8.8,13.0,24.4,19.9,False,False,12982162,0,Crossed above 20 EMA after 8 days below
2026-05-10,QFIN,Wedge Pop,BUY,13.26,13.03,1.7,-8.8,12.1,21.2,21.5,False,False,1040857,0,Crossed above 20 EMA after 3 days below
2026-05-10,SHOO,Wedge Pop,BUY,37.69,37.36,0.9,-8.8,15.1,20.4,18.5,True,True,975966,0,Crossed above 20 EMA after 3 days below
2026-05-10,YETI,Wedge Pop,BUY,39.69,39.04,1.6,-8.9,19.3,21.0,19.1,True,False,1333674,0,Crossed above 20 EMA after 3 days below
2026-05-10,CRVS,Wedge Pop,BUY,15.7,15.6,0.6,-9.1,13.5,28.1,25.2,False,False,1246272,0,Crossed above 20 EMA after 3 days below
2026-05-10,KGEI,Wedge Pop,BUY,5.7,5.42,4.9,-9.1,18.8,30.5,18.8,True,False,234610,1,Crossed above 20 EMA after 3 days below
2026-05-10,TARA,Wedge Pop,BUY,5.41,5.25,2.9,-9.1,12.5,24.1,16.0,False,False,611744,0,Crossed above 20 EMA after 9 days below
2026-05-10,GSL,Wedge Pop,BUY,41.5,39.13,5.7,-9.2,14.6,32.3,15.2,False,True,239156,0,Crossed above 20 EMA after 3 days below
2026-05-10,LQDA,Wedge Pop,BUY,40.13,38.19,4.8,-9.2,15.3,26.3,16.8,True,False,978550,0,Crossed above 20 EMA after 7 days below
2026-05-10,ICL,Wedge Pop,BUY,5.6,5.36,4.4,-9.4,14.2,38.2,19.1,False,False,1212011,0,Crossed above 20 EMA after 6 days below
2026-05-10,MSIF,Wedge Pop,BUY,13.31,12.7,4.6,-9.4,13.6,25.7,19.2,False,False,235573,0,Crossed above 20 EMA after 4 days below
2026-05-10,PSA,Wedge Pop,BUY,298.82,298.24,0.2,-9.4,21.2,21.2,20.2,True,False,980009,0,Crossed above 20 EMA after 3 days below
2026-05-10,GOOS,Wedge Pop,BUY,11.46,11.44,0.2,-9.5,14.8,24.7,23.3,False,False,342793,0,Crossed above 20 EMA after 4 days below
2026-05-10,MAIN,Wedge Pop,BUY,57.36,54.85,4.4,-9.5,16.4,29.3,20.0,True,False,631808,0,Crossed above 20 EMA after 6 days below
2026-05-10,MIR,Wedge Pop,BUY,20.14,19.43,3.5,-9.5,25.8,22.1,27.0,False,False,3380695,0,Crossed above 20 EMA after 5 days below
2026-05-10,RCI,Wedge Pop,BUY,36.58,35.77,2.2,-9.5,27.9,28.3,23.6,True,False,1563585,1,Crossed above 20 EMA after 7 days below
2026-05-10,SF,Wedge Pop,BUY,77.75,77.63,0.2,-9.5,19.3,19.9,18.8,True,False,1203313,0,Crossed above 20 EMA after 5 days below
2026-05-10,TKC,Wedge Pop,BUY,6.42,6.32,1.5,-9.5,13.3,33.5,28.6,False,False,903144,0,Crossed above 20 EMA after 6 days below
2026-05-10,ARGX,Wedge Pop,BUY,794.7,787.57,0.9,-9.6,20.6,32.3,24.9,True,False,286523,0,Crossed above 20 EMA after 5 days below
2026-05-10,ARLO,Wedge Pop,BUY,14.73,14.31,2.9,-9.6,18.9,30.1,18.7,True,False,1053848,0,Crossed above 20 EMA after 6 days below
2026-05-10,MELI,Wedge Pop,BUY,1817.31,1801.32,0.9,-9.6,17.0,28.4,25.5,True,False,346975,0,Crossed above 20 EMA after 3 days below
2026-05-10,MESO,Wedge Pop,BUY,15.79,15.52,1.7,-9.6,8.1,31.7,30.8,False,False,210042,0,Crossed above 20 EMA after 4 days below
2026-05-10,BNED,Wedge Pop,BUY,10.18,10.13,0.5,-9.7,29.1,26.6,23.3,True,False,205737,0,Crossed above 20 EMA after 4 days below
2026-05-10,DAL,Wedge Pop,BUY,70.86,68.35,3.5,-9.7,12.3,30.8,22.9,False,False,9946218,0,Crossed above 20 EMA after 4 days below
2026-05-10,FANG,Wedge Pop,BUY,206.18,196.48,4.7,-9.7,16.7,38.2,24.2,True,True,2952837,1,Crossed above 20 EMA after 6 days below
2026-05-10,FINV,Wedge Pop,BUY,5.1,4.88,4.2,-9.7,12.6,27.5,23.1,False,False,1029285,0,Crossed above 20 EMA after 5 days below
2026-05-10,TSN,Wedge Pop,BUY,68.44,64.82,5.3,-9.7,14.8,29.1,11.7,False,False,2550852,1,Crossed above 20 EMA after 5 days below
2026-05-10,V,Wedge Pop,BUY,322.03,315.72,2.0,-9.7,19.5,31.9,24.1,True,False,6596469,1,Crossed above 20 EMA after 3 days below
2026-05-10,ENOV,Wedge Pop,BUY,24.12,23.87,1.1,-9.8,15.5,25.2,25.3,False,False,796806,0,Crossed above 20 EMA after 7 days below
2026-05-10,PR,Wedge Pop,BUY,22.41,20.92,6.7,-9.8,22.8,37.0,18.1,True,False,11577782,1,Crossed above 20 EMA after 5 days below
2026-05-10,VNDA,Wedge Pop,BUY,7.39,7.14,3.4,-9.8,12.2,28.0,18.0,False,False,1081137,1,Crossed above 20 EMA after 13 days below
2026-05-10,MFIC,Wedge Pop,BUY,12.23,11.61,5.1,-9.9,21.9,28.4,11.8,True,False,835659,0,Crossed above 20 EMA after 3 days below
2026-05-10,PRCT,Wedge Pop,BUY,25.18,24.46,2.9,-9.9,11.7,21.8,20.0,False,False,1308965,0,Crossed above 20 EMA after 10 days below
2026-05-10,SLVM,Wedge Pop,BUY,43.99,42.48,3.4,-10.0,10.7,24.3,24.3,False,False,294465,0,Crossed above 20 EMA after 3 days below
2026-05-10,VST,Wedge Pop,BUY,160.38,159.18,0.7,-10.0,12.1,23.2,16.7,False,False,3583319,0,Crossed above 20 EMA after 5 days below
2026-05-10,ATAT,Wedge Pop,BUY,37.97,37.7,0.7,-10.1,13.6,28.9,23.2,False,False,1255034,0,Crossed above 20 EMA after 3 days below
2026-05-10,OFIX,Wedge Pop,BUY,12.44,12.16,2.3,-10.1,18.1,16.5,24.2,False,True,249766,0,Crossed above 20 EMA after 7 days below
2026-05-10,PM,Wedge Pop,BUY,169.46,163.84,3.3,-10.1,24.0,28.5,18.2,True,False,4426068,0,Crossed above 20 EMA after 8 days below
2026-05-10,TRGP,Wedge Pop,BUY,259.72,246.13,5.2,-10.1,23.3,34.2,12.8,True,False,1134449,1,Crossed above 20 EMA after 8 days below
2026-05-10,TRP,Wedge Pop,BUY,66.25,63.17,4.6,-10.1,22.4,34.6,16.1,True,False,2363170,1,Crossed above 20 EMA after 9 days below
2026-05-10,GDDY,Wedge Pop,BUY,87.49,85.33,2.5,-10.2,14.1,25.7,21.9,False,False,1896150,0,Crossed above 20 EMA after 4 days below
2026-05-10,ALRM,Wedge Pop,BUY,46.63,45.22,3.0,-10.3,18.0,28.7,24.3,True,False,465604,0,Crossed above 20 EMA after 7 days below
2026-05-10,ANGI,Wedge Pop,BUY,7.41,7.35,0.8,-10.3,12.4,21.5,24.8,False,True,710762,0,Crossed above 20 EMA after 6 days below
2026-05-10,DKNG,Wedge Pop,BUY,24.17,23.22,3.9,-10.3,11.4,25.1,19.9,False,False,10432835,0,Crossed above 20 EMA after 8 days below
2026-05-10,DNTH,Wedge Pop,BUY,90.24,87.47,3.1,-10.3,25.7,16.6,16.1,True,False,519768,0,Crossed above 20 EMA after 4 days below
2026-05-10,ACHR,Wedge Pop,BUY,5.84,5.79,0.8,-10.4,15.5,19.9,24.5,False,True,25700847,0,Crossed above 20 EMA after 6 days below
2026-05-10,EMN,Wedge Pop,BUY,77.29,73.37,5.1,-10.4,15.2,27.5,15.8,True,False,1199939,0,Crossed above 20 EMA after 8 days below
2026-05-10,LSPD,Wedge Pop,BUY,9.4,9.3,1.0,-10.4,16.3,28.0,21.7,True,False,893774,0,Crossed above 20 EMA after 3 days below
2026-05-10,PHR,Wedge Pop,BUY,9.65,9.46,2.0,-10.4,18.8,29.4,28.8,True,False,1509189,0,Crossed above 20 EMA after 12 days below
2026-05-10,SU,Wedge Pop,BUY,69.65,65.23,6.3,-10.4,22.8,35.7,17.5,True,False,3512809,1,Crossed above 20 EMA after 5 days below
2026-05-10,TPVG,Wedge Pop,BUY,5.48,5.3,3.3,-10.4,15.8,26.8,20.2,True,False,352201,0,Crossed above 20 EMA after 4 days below
2026-05-10,ADUS,Wedge Pop,BUY,98.44,96.41,2.1,-10.5,20.3,23.2,28.6,False,True,262135,0,Crossed above 20 EMA after 9 days below
2026-05-10,AVPT,Wedge Pop,BUY,10.56,10.0,5.3,-10.5,15.1,32.4,22.5,True,False,1376015,1,Crossed above 20 EMA after 6 days below
2026-05-10,OCS,Wedge Pop,BUY,27.75,27.18,2.1,-10.5,15.7,26.3,14.9,True,False,390160,0,Crossed above 20 EMA after 4 days below
2026-05-10,TECH,Wedge Pop,BUY,56.68,55.39,2.3,-10.5,21.8,25.8,24.9,True,True,1963863,0,Crossed above 20 EMA after 6 days below
2026-05-10,TRI,Wedge Pop,BUY,95.46,92.35,3.3,-10.5,15.6,31.0,17.1,True,True,1855425,0,Crossed above 20 EMA after 6 days below
2026-05-10,URBN,Wedge Pop,BUY,70.05,69.87,0.3,-10.5,16.3,19.0,18.4,True,False,1117897,0,Crossed above 20 EMA after 3 days below
2026-05-10,BRZE,Wedge Pop,BUY,24.33,22.69,6.8,-10.6,15.2,26.3,20.0,True,False,2874588,1,Crossed above 20 EMA after 3 days below
2026-05-10,CRBP,Wedge Pop,BUY,10.67,10.05,5.8,-10.6,26.2,25.6,12.9,True,False,271414,0,Crossed above 20 EMA after 3 days below
2026-05-10,EXPD,Wedge Pop,BUY,153.08,146.93,4.0,-10.6,20.8,28.2,23.8,True,True,1032146,0,Crossed above 20 EMA after 3 days below
2026-05-10,GAB,Wedge Pop,BUY,5.67,5.63,0.8,-10.6,16.6,26.6,20.0,True,False,1039275,0,Crossed above 20 EMA after 5 days below
2026-05-10,VLRS,Wedge Pop,BUY,7.48,7.48,0.0,-10.6,12.7,25.9,25.8,False,False,525276,0,Crossed above 20 EMA after 7 days below
2026-05-10,CTRE,Wedge Pop,BUY,39.34,38.86,1.2,-10.7,14.8,19.1,20.4,False,False,1884348,0,Crossed above 20 EMA after 4 days below
2026-05-10,FER,Wedge Pop,BUY,69.6,68.75,1.2,-10.7,14.5,31.3,29.6,False,False,1225073,0,Crossed above 20 EMA after 5 days below
2026-05-10,GRAL,Wedge Pop,BUY,54.4,52.42,3.6,-10.7,10.1,28.4,23.4,False,False,685826,1,Crossed above 20 EMA after 6 days below
2026-05-10,MDLZ,Wedge Pop,BUY,61.36,58.75,4.2,-10.7,17.5,29.6,16.0,True,False,7723171,1,Crossed above 20 EMA after 7 days below
2026-05-10,NRG,Wedge Pop,BUY,157.43,156.96,0.3,-10.7,14.9,23.1,25.0,False,False,2442602,0,Crossed above 20 EMA after 8 days below
2026-05-10,ATI,Wedge Pop,BUY,155.35,154.18,0.8,-10.8,17.2,16.0,23.1,False,False,1709592,0,Crossed above 20 EMA after 7 days below
2026-05-10,BRSP,Wedge Pop,BUY,5.9,5.87,0.6,-10.8,21.3,21.9,18.4,True,False,738249,0,Crossed above 20 EMA after 3 days below
2026-05-10,JBTM,Wedge Pop,BUY,131.29,128.35,2.2,-10.8,19.1,31.9,28.1,True,True,418511,0,Crossed above 20 EMA after 9 days below
2026-05-10,TRMB,Wedge Pop,BUY,68.37,67.29,1.6,-10.8,10.8,27.4,20.9,False,False,1507117,0,Crossed above 20 EMA after 3 days below
2026-05-10,ADSK,Wedge Pop,BUY,249.43,239.72,3.9,-10.9,15.7,28.1,22.2,True,False,1902188,0,Crossed above 20 EMA after 8 days below
2026-05-10,CHRD,Wedge Pop,BUY,149.16,138.53,7.1,-10.9,19.5,35.0,20.2,True,False,877645,1,Crossed above 20 EMA after 5 days below
2026-05-10,MQY,Wedge Pop,BUY,11.45,11.35,0.9,-10.9,21.0,23.8,25.6,False,False,374215,0,Crossed above 20 EMA after 4 days below
2026-05-10,RGNX,Wedge Pop,BUY,9.22,8.95,2.9,-11.0,12.6,24.5,20.5,False,False,545559,0,Crossed above 20 EMA after 5 days below
2026-05-10,WMB,Wedge Pop,BUY,76.12,73.08,4.0,-11.0,18.2,30.2,13.5,True,False,5721713,0,Crossed above 20 EMA after 10 days below
2026-05-10,ADBE,Wedge Pop,BUY,255.62,246.22,3.7,-11.2,19.7,22.2,19.9,True,False,5488162,0,Crossed above 20 EMA after 6 days below
2026-05-10,DVA,Wedge Pop,BUY,157.04,151.75,3.4,-11.2,13.1,21.0,20.3,False,True,612290,0,Crossed above 20 EMA after 7 days below
2026-05-10,MDB,Wedge Pop,BUY,266.68,257.59,3.4,-11.2,16.5,24.5,24.0,True,False,1553975,0,Crossed above 20 EMA after 5 days below
2026-05-10,RVTY,Wedge Pop,BUY,92.3,88.89,3.7,-11.2,18.6,28.6,27.1,True,True,1072757,0,Crossed above 20 EMA after 8 days below
2026-05-10,TBBB,Wedge Pop,BUY,38.2,36.75,3.8,-11.2,12.5,24.1,20.9,False,False,321437,0,Crossed above 20 EMA after 6 days below
2026-05-10,VTR,Wedge Pop,BUY,86.78,85.17,1.9,-11.2,18.5,22.2,19.8,True,False,4046996,0,Crossed above 20 EMA after 3 days below
2026-05-10,WES,Wedge Pop,BUY,42.77,41.58,2.8,-11.2,12.9,25.8,14.5,False,False,1553149,0,Crossed above 20 EMA after 8 days below
2026-05-10,NNN,Wedge Pop,BUY,44.41,43.93,1.1,-11.3,19.4,18.2,23.6,False,False,1467432,0,Crossed above 20 EMA after 5 days below
2026-05-10,COGT,Wedge Pop,BUY,36.98,36.43,1.5,-11.4,7.3,16.4,17.4,False,False,1761029,0,Crossed above 20 EMA after 6 days below
2026-05-10,FRO,Wedge Pop,BUY,38.1,35.83,6.0,-11.4,21.3,32.2,16.9,True,False,2916036,0,Crossed above 20 EMA after 3 days below
2026-05-10,GBX,Wedge Pop,BUY,50.16,49.74,0.8,-11.4,18.5,23.6,23.5,True,False,576067,0,Crossed above 20 EMA after 13 days below
2026-05-10,GT,Wedge Pop,BUY,7.08,7.0,1.1,-11.4,15.3,19.1,21.5,False,False,7383269,0,Crossed above 20 EMA after 4 days below
2026-05-10,HALO,Wedge Pop,BUY,65.87,65.69,0.3,-11.4,18.3,23.1,22.9,True,False,1274024,0,Crossed above 20 EMA after 7 days below
2026-05-10,MANU,Wedge Pop,BUY,18.56,17.63,5.0,-11.4,15.6,29.5,14.9,True,False,256522,1,Crossed above 20 EMA after 6 days below
2026-05-10,UTI,Wedge Pop,BUY,38.62,36.73,4.9,-11.4,14.9,22.7,15.9,False,False,460868,0,Crossed above 20 EMA after 8 days below
2026-05-10,BOX,Wedge Pop,BUY,25.21,24.17,4.1,-11.5,12.1,27.8,20.2,False,False,2087156,0,Crossed above 20 EMA after 3 days below
2026-05-10,ORA,Wedge Pop,BUY,115.34,112.87,2.1,-11.5,11.4,22.6,22.1,False,False,756209,0,Crossed above 20 EMA after 4 days below
2026-05-10,BHC,Wedge Pop,BUY,5.64,5.6,0.7,-11.6,23.9,32.4,19.5,True,False,1577230,0,Crossed above 20 EMA after 4 days below
2026-05-10,CW,Wedge Pop,BUY,728.95,714.85,1.9,-11.6,12.5,20.9,20.7,False,False,217026,0,Crossed above 20 EMA after 3 days below
2026-05-10,PBA,Wedge Pop,BUY,46.29,44.44,4.0,-11.6,23.4,34.6,17.2,True,False,902249,1,Crossed above 20 EMA after 11 days below
2026-05-10,TIMB,Wedge Pop,BUY,27.1,26.22,3.2,-11.6,13.3,32.9,23.8,False,False,391928,0,Crossed above 20 EMA after 9 days below
2026-05-10,UL,Wedge Pop,BUY,58.42,58.38,0.1,-11.6,27.9,27.6,31.4,False,False,4198160,0,Crossed above 20 EMA after 13 days below
2026-05-10,AUB,Wedge Pop,BUY,37.84,37.48,1.0,-11.7,13.9,22.1,21.3,False,False,1004202,0,Crossed above 20 EMA after 3 days below
2026-05-10,HCKT,Wedge Pop,BUY,13.89,13.33,4.0,-11.7,18.7,28.1,21.1,True,False,223013,0,Crossed above 20 EMA after 7 days below
2026-05-10,EGY,Wedge Pop,BUY,6.52,6.18,5.2,-11.8,17.1,35.6,24.1,True,False,1448822,1,Crossed above 20 EMA after 6 days below
2026-05-10,LUV,Wedge Pop,BUY,39.71,39.34,0.9,-11.8,15.0,28.7,27.7,True,False,7110542,0,Crossed above 20 EMA after 9 days below
2026-05-10,MFG,Wedge Pop,BUY,8.53,8.4,1.6,-11.8,11.2,33.1,31.5,False,False,3847627,0,Crossed above 20 EMA after 5 days below
2026-05-10,STGW,Wedge Pop,BUY,6.64,6.58,0.9,-11.9,23.2,23.4,31.5,False,False,1371287,0,Crossed above 20 EMA after 4 days below
2026-05-10,VOD,Wedge Pop,BUY,15.74,15.52,1.4,-11.9,13.4,29.8,21.5,False,False,4031524,0,Crossed above 20 EMA after 3 days below
2026-05-10,AMLX,Wedge Pop,BUY,16.43,16.41,0.1,-12.0,21.7,25.4,19.4,True,False,1048879,0,Crossed above 20 EMA after 3 days below
2026-05-10,MYI,Wedge Pop,BUY,10.91,10.86,0.5,-12.0,22.6,24.8,21.6,True,False,344099,0,Crossed above 20 EMA after 4 days below
2026-05-10,NEE,Wedge Pop,BUY,96.28,94.2,2.2,-12.0,24.5,24.0,10.5,True,False,7908672,0,Crossed above 20 EMA after 8 days below
2026-05-10,VIA,Wedge Pop,BUY,16.57,16.07,3.0,-12.0,16.1,27.0,22.3,True,True,540155,1,Crossed above 20 EMA after 6 days below
2026-05-10,BJRI,Wedge Pop,BUY,38.28,37.68,1.6,-12.1,10.9,23.2,24.2,False,False,292754,0,Crossed above 20 EMA after 4 days below
2026-05-10,BOKF,Wedge Pop,BUY,134.76,133.19,1.2,-12.1,14.1,17.7,19.1,False,False,329306,0,Crossed above 20 EMA after 3 days below
2026-05-10,MLYS,Wedge Pop,BUY,29.28,27.79,5.1,-12.1,20.3,32.1,19.3,True,False,1012231,1,Crossed above 20 EMA after 5 days below
2026-05-10,SITC,Wedge Pop,BUY,5.61,5.5,1.9,-12.1,18.2,23.2,19.2,True,False,533926,0,Crossed above 20 EMA after 9 days below
2026-05-10,SMFG,Wedge Pop,BUY,21.2,20.79,1.9,-12.1,13.5,32.0,28.9,False,False,1826162,0,Crossed above 20 EMA after 5 days below
2026-05-10,TCBI,Wedge Pop,BUY,100.68,100.42,0.3,-12.1,15.7,16.6,23.4,False,False,427623,0,Crossed above 20 EMA after 4 days below
2026-05-10,VTS,Wedge Pop,BUY,18.87,18.53,1.8,-12.1,20.7,22.1,24.7,False,False,514236,0,Crossed above 20 EMA after 10 days below
2026-05-10,BKU,Wedge Pop,BUY,47.39,46.44,2.0,-12.2,13.8,19.6,19.8,False,False,933405,0,Crossed above 20 EMA after 4 days below
2026-05-10,CRC,Wedge Pop,BUY,70.13,66.38,5.3,-12.2,20.5,32.1,17.3,True,False,696532,0,Crossed above 20 EMA after 8 days below
2026-05-10,MASS,Wedge Pop,BUY,7.09,6.85,3.4,-12.3,15.8,19.5,17.2,True,True,245204,0,Crossed above 20 EMA after 7 days below
2026-05-10,OSK,Wedge Pop,BUY,153.27,150.42,1.9,-12.3,12.9,25.1,19.4,False,False,507876,0,Crossed above 20 EMA after 7 days below
2026-05-10,TXT,Wedge Pop,BUY,91.63,90.65,1.1,-12.3,20.7,28.4,18.2,True,False,1206725,1,Crossed above 20 EMA after 9 days below
2026-05-10,BRKR,Wedge Pop,BUY,38.01,37.32,1.8,-12.4,19.2,21.4,25.8,False,False,1900031,0,Crossed above 20 EMA after 7 days below
2026-05-10,BXSL,Wedge Pop,BUY,24.94,24.11,3.3,-12.4,14.7,25.2,18.9,False,False,2641470,0,Crossed above 20 EMA after 3 days below
2026-05-10,ERIC,Wedge Pop,BUY,11.93,11.56,3.1,-12.4,18.0,25.3,23.1,True,False,11815880,0,Crossed above 20 EMA after 8 days below
2026-05-10,MANH,Wedge Pop,BUY,141.15,137.22,2.8,-12.4,15.2,22.2,19.2,True,False,810049,1,Crossed above 20 EMA after 4 days below
2026-05-10,NAD,Wedge Pop,BUY,11.76,11.72,0.4,-12.4,14.3,21.9,24.8,False,False,604132,0,Crossed above 20 EMA after 3 days below
2026-05-10,PAA,Wedge Pop,BUY,22.58,21.98,2.7,-12.4,21.5,30.8,17.0,True,True,2998751,0,Crossed above 20 EMA after 10 days below
2026-05-10,PB,Wedge Pop,BUY,69.55,68.93,0.9,-12.4,14.5,14.2,14.3,False,False,863937,0,Crossed above 20 EMA after 3 days below
2026-05-10,RXST,Wedge Pop,BUY,7.26,7.16,1.4,-12.4,12.7,20.7,22.7,False,False,607273,0,Crossed above 20 EMA after 3 days below
2026-05-10,SNA,Wedge Pop,BUY,378.8,377.52,0.3,-12.4,15.3,20.0,17.6,True,False,395076,0,Crossed above 20 EMA after 4 days below
2026-05-10,LEO,Wedge Pop,BUY,6.39,6.33,1.0,-12.5,14.9,24.6,22.2,False,False,200955,0,Crossed above 20 EMA after 8 days below
2026-05-10,SBRA,Wedge Pop,BUY,20.38,20.27,0.6,-12.5,14.3,15.8,18.6,False,False,1813245,0,Crossed above 20 EMA after 4 days below
2026-05-10,XNCR,Wedge Pop,BUY,12.85,12.51,2.7,-12.5,20.9,31.8,17.2,True,False,734402,1,Crossed above 20 EMA after 4 days below
2026-05-10,ATRO,Wedge Pop,BUY,73.78,72.49,1.8,-12.6,17.7,18.3,23.9,False,False,395093,0,Crossed above 20 EMA after 6 days below
2026-05-10,DHT,Wedge Pop,BUY,19.1,18.21,4.7,-12.6,12.7,25.4,18.4,False,False,3286378,0,Crossed above 20 EMA after 6 days below
2026-05-10,VLO,Wedge Pop,BUY,253.45,241.46,4.7,-12.6,20.8,30.9,18.6,True,False,3027658,0,Crossed above 20 EMA after 7 days below
2026-05-10,NFBK,Wedge Pop,BUY,14.18,13.86,2.3,-12.7,17.6,28.5,20.3,True,False,216648,0,Crossed above 20 EMA after 3 days below
2026-05-10,ORLY,Wedge Pop,BUY,95.0,93.39,1.7,-12.7,13.6,27.0,18.9,False,False,4710802,1,Crossed above 20 EMA after 3 days below
2026-05-10,OTEX,Wedge Pop,BUY,23.48,22.75,3.1,-12.7,17.5,28.8,23.1,True,False,1655965,0,Crossed above 20 EMA after 7 days below
2026-05-10,SLDE,Wedge Pop,BUY,18.61,18.49,0.6,-12.7,16.2,26.9,16.1,True,False,1644360,0,Crossed above 20 EMA after 3 days below
2026-05-10,ADP,Wedge Pop,BUY,210.6,204.3,3.0,-12.8,25.6,28.2,22.0,True,False,3014331,1,Crossed above 20 EMA after 10 days below
2026-05-10,NEA,Wedge Pop,BUY,11.45,11.42,0.3,-12.8,14.9,19.3,24.3,False,False,804046,0,Crossed above 20 EMA after 3 days below
2026-05-10,XERS,Wedge Pop,BUY,6.23,6.07,2.6,-12.8,15.2,24.6,13.4,True,False,1312654,0,Crossed above 20 EMA after 3 days below
2026-05-10,UAL,Wedge Pop,BUY,93.67,93.03,0.7,-12.9,11.0,28.1,28.1,False,False,7760154,0,Crossed above 20 EMA after 9 days below
2026-05-10,O,Wedge Pop,BUY,63.57,63.47,0.2,-13.0,14.8,19.3,18.9,False,False,4570372,0,Crossed above 20 EMA after 4 days below
2026-05-10,PML,Wedge Pop,BUY,7.53,7.51,0.2,-13.0,14.5,21.8,27.9,False,True,359771,0,Crossed above 20 EMA after 5 days below
2026-05-10,TWFG,Wedge Pop,BUY,19.13,19.13,0.0,-13.0,15.2,17.9,20.3,False,False,246294,0,Crossed above 20 EMA after 6 days below
2026-05-10,AIG,Wedge Pop,BUY,78.47,76.29,2.8,-13.1,21.0,26.5,19.2,True,False,4336727,0,Crossed above 20 EMA after 7 days below
2026-05-10,CL,Wedge Pop,BUY,86.33,84.77,1.8,-13.1,18.6,24.5,15.2,True,False,5128618,0,Crossed above 20 EMA after 9 days below
2026-05-10,CTRA,Wedge Pop,BUY,35.63,34.01,4.6,-13.1,19.8,34.3,21.8,True,False,6881358,1,Crossed above 20 EMA after 7 days below
2026-05-10,DVN,Wedge Pop,BUY,50.99,48.6,4.7,-13.1,19.5,36.3,21.7,True,False,11445477,1,Crossed above 20 EMA after 7 days below
2026-05-10,FUBO,Wedge Pop,BUY,12.4,12.25,1.2,-13.1,19.6,37.5,24.5,True,False,1874402,1,Crossed above 20 EMA after 6 days below
2026-05-10,IMO,Wedge Pop,BUY,132.95,127.96,3.8,-13.1,21.8,30.1,21.0,True,False,476085,0,Crossed above 20 EMA after 9 days below
2026-05-10,INCY,Wedge Pop,BUY,97.47,96.18,1.3,-13.1,10.2,25.3,19.5,False,False,1350347,0,Crossed above 20 EMA after 3 days below
2026-05-10,IRON,Wedge Pop,BUY,67.59,67.42,0.3,-13.1,15.7,17.4,16.9,True,False,313389,0,Crossed above 20 EMA after 3 days below
2026-05-10,OTF,Wedge Pop,BUY,11.63,11.45,1.5,-13.2,15.8,24.8,26.8,False,False,1763571,0,Crossed above 20 EMA after 9 days below
2026-05-10,PAX,Wedge Pop,BUY,12.94,12.74,1.6,-13.2,26.5,22.9,15.3,True,False,716787,0,Crossed above 20 EMA after 4 days below
2026-05-10,SIBN,Wedge Pop,BUY,13.55,13.3,1.8,-13.2,21.5,21.8,26.0,False,False,623105,0,Crossed above 20 EMA after 6 days below
2026-05-10,XIFR,Wedge Pop,BUY,10.81,10.28,4.9,-13.2,14.8,24.5,17.2,False,True,735020,0,Crossed above 20 EMA after 11 days below
2026-05-10,BZ,Wedge Pop,BUY,13.84,13.73,0.8,-13.3,20.2,21.0,23.9,False,False,3446183,0,Crossed above 20 EMA after 10 days below
2026-05-10,KYTX,Wedge Pop,BUY,9.21,9.12,1.0,-13.3,16.2,20.7,15.3,True,False,1254340,0,Crossed above 20 EMA after 7 days below
2026-05-10,PRU,Wedge Pop,BUY,100.27,97.42,2.8,-13.3,16.9,25.1,19.5,True,False,2252573,0,Crossed above 20 EMA after 7 days below
2026-05-10,BY,Wedge Pop,BUY,32.96,32.67,0.9,-13.4,19.6,18.4,22.5,False,True,221517,0,Crossed above 20 EMA after 3 days below
2026-05-10,MGTX,Wedge Pop,BUY,9.75,9.39,3.7,-13.4,16.4,29.6,22.0,True,False,992488,0,Crossed above 20 EMA after 6 days below
2026-05-10,VIV,Wedge Pop,BUY,16.2,15.98,1.3,-13.4,13.4,27.9,24.2,False,False,1020213,0,Crossed above 20 EMA after 9 days below
2026-05-10,A,Wedge Pop,BUY,117.53,116.1,1.2,-13.5,21.3,23.1,23.7,False,False,1910500,0,Crossed above 20 EMA after 7 days below
2026-05-10,DAKT,Wedge Pop,BUY,19.71,19.63,0.4,-13.5,16.0,23.4,23.1,True,False,294107,0,Crossed above 20 EMA after 14 days below
2026-05-10,DSGX,Wedge Pop,BUY,72.62,72.05,0.8,-13.5,14.0,28.4,22.7,False,False,598044,0,Crossed above 20 EMA after 5 days below
2026-05-10,KYN,Wedge Pop,BUY,14.14,13.78,2.5,-13.5,20.1,29.8,18.2,True,False,476553,0,Crossed above 20 EMA after 11 days below
2026-05-10,NBTB,Wedge Pop,BUY,44.72,44.26,1.0,-13.5,19.9,24.2,26.0,False,False,226105,0,Crossed above 20 EMA after 5 days below
2026-05-10,PAHC,Wedge Pop,BUY,56.24,55.01,2.2,-13.5,13.7,22.8,22.6,False,False,238057,0,Crossed above 20 EMA after 10 days below
2026-05-10,PRGS,Wedge Pop,BUY,29.06,28.88,0.6,-13.5,21.1,24.8,28.2,False,False,967292,0,Crossed above 20 EMA after 8 days below
2026-05-10,AER,Wedge Pop,BUY,144.62,140.95,2.5,-13.6,23.0,21.1,28.9,False,False,1238451,0,Crossed above 20 EMA after 8 days below
2026-05-10,AQN,Wedge Pop,BUY,6.33,6.28,0.7,-13.6,10.4,19.8,19.7,False,False,3604065,0,Crossed above 20 EMA after 6 days below
2026-05-10,ENB,Wedge Pop,BUY,54.91,53.56,2.5,-13.6,23.5,26.8,15.5,True,False,3930241,0,Crossed above 20 EMA after 10 days below
2026-05-10,NTES,Wedge Pop,BUY,115.1,114.1,0.9,-13.6,18.4,29.3,27.8,True,False,645660,0,Crossed above 20 EMA after 8 days below
2026-05-10,OMC,Wedge Pop,BUY,77.64,76.65,1.3,-13.6,13.9,14.6,18.5,False,False,3943751,0,Crossed above 20 EMA after 6 days below
2026-05-10,AMT,Wedge Pop,BUY,178.12,178.01,0.1,-13.7,10.8,19.1,18.7,False,False,2900663,0,Crossed above 20 EMA after 3 days below
2026-05-10,EW,Wedge Pop,BUY,82.91,81.71,1.4,-13.7,11.6,23.2,23.3,False,False,5244098,0,Crossed above 20 EMA after 6 days below
2026-05-10,DIN,Wedge Pop,BUY,28.15,27.74,1.5,-13.8,16.8,20.1,23.4,False,False,318734,0,Crossed above 20 EMA after 7 days below
2026-05-10,LXU,Wedge Pop,BUY,15.3,14.6,4.6,-13.8,16.7,25.0,21.1,True,False,1338456,0,Crossed above 20 EMA after 6 days below
2026-05-10,QLYS,Wedge Pop,BUY,92.14,87.32,5.2,-13.8,19.1,22.7,19.1,True,False,925969,1,Crossed above 20 EMA after 11 days below
2026-05-10,VTOL,Wedge Pop,BUY,48.9,48.32,1.2,-13.8,27.6,26.2,10.6,True,False,215687,0,Crossed above 20 EMA after 3 days below
2026-05-10,NBIX,Wedge Pop,BUY,135.06,130.89,3.1,-13.9,13.2,23.7,15.2,False,False,1111595,0,Crossed above 20 EMA after 8 days below
2026-05-10,NTR,Wedge Pop,BUY,77.24,74.07,4.1,-13.9,14.1,29.5,21.5,False,False,2610856,0,Crossed above 20 EMA after 12 days below
2026-05-10,OSW,Wedge Pop,BUY,24.04,23.84,0.8,-13.9,14.0,25.5,25.4,False,False,815245,0,Crossed above 20 EMA after 4 days below
2026-05-10,GEN,Wedge Pop,BUY,19.71,19.47,1.2,-14.1,18.5,24.4,25.4,False,False,5856492,0,Crossed above 20 EMA after 8 days below
2026-05-10,OKE,Wedge Pop,BUY,90.02,88.14,2.1,-14.1,17.5,27.0,16.3,True,False,3934671,0,Crossed above 20 EMA after 8 days below
2026-05-10,SFM,Wedge Pop,BUY,78.75,75.72,3.8,-14.1,20.3,34.8,20.1,True,False,1975691,1,Crossed above 20 EMA after 13 days below
2026-05-10,KO,Wedge Pop,BUY,78.48,76.94,2.0,-14.2,17.9,26.2,18.0,True,False,12739815,0,Crossed above 20 EMA after 9 days below
2026-05-10,PAGP,Wedge Pop,BUY,24.21,23.64,2.4,-14.2,21.2,32.6,18.1,True,False,1818793,0,Crossed above 20 EMA after 10 days below
2026-05-10,ROIV,Wedge Pop,BUY,28.32,28.31,0.0,-14.2,11.9,23.4,22.5,False,False,4549376,0,Crossed above 20 EMA after 5 days below
2026-05-10,BG,Wedge Pop,BUY,130.38,125.56,3.7,-14.3,15.2,25.4,13.4,True,True,1487356,0,Crossed above 20 EMA after 7 days below
2026-05-10,DAR,Wedge Pop,BUY,64.84,61.38,5.3,-14.3,19.6,25.5,21.2,True,False,2882074,0,Crossed above 20 EMA after 4 days below
2026-05-10,SJM,Wedge Pop,BUY,96.69,96.31,0.4,-14.3,20.5,16.0,17.5,False,False,1799376,0,Crossed above 20 EMA after 7 days below
2026-05-10,TTEK,Wedge Pop,BUY,31.65,31.52,0.4,-14.3,15.6,24.4,17.2,True,False,2804060,0,Crossed above 20 EMA after 6 days below
2026-05-10,VIST,Wedge Pop,BUY,72.11,70.34,2.5,-14.3,19.8,26.9,18.9,True,False,1181320,1,Crossed above 20 EMA after 6 days below
2026-05-10,VKQ,Wedge Pop,BUY,9.66,9.65,0.1,-14.3,15.4,20.2,26.6,False,False,291777,0,Crossed above 20 EMA after 3 days below
2026-05-10,XENE,Wedge Pop,BUY,57.71,56.38,2.3,-14.3,25.7,25.9,16.1,True,False,823983,0,Crossed above 20 EMA after 8 days below
2026-05-10,FRME,Wedge Pop,BUY,40.55,40.13,1.0,-14.4,12.9,23.8,23.1,False,False,333666,0,Crossed above 20 EMA after 3 days below
2026-05-10,FTS,Wedge Pop,BUY,57.44,56.66,1.4,-14.4,15.1,25.2,13.1,True,False,700354,0,Crossed above 20 EMA after 6 days below
2026-05-10,HURN,Wedge Pop,BUY,132.22,128.99,2.4,-14.4,18.7,19.9,22.8,False,False,209800,0,Crossed above 20 EMA after 7 days below
2026-05-10,TTAN,Wedge Pop,BUY,63.91,62.4,2.4,-14.4,12.0,23.0,18.8,False,False,1018798,0,Crossed above 20 EMA after 9 days below
2026-05-10,TTE,Wedge Pop,BUY,93.6,90.31,3.5,-14.4,21.1,29.3,21.7,True,False,1946603,0,Crossed above 20 EMA after 5 days below
2026-05-10,CRM,Wedge Pop,BUY,186.99,181.96,2.7,-14.5,13.3,25.8,26.8,False,False,13264171,0,Crossed above 20 EMA after 9 days below
2026-05-10,XEL,Wedge Pop,BUY,81.45,80.25,1.5,-14.5,15.9,25.0,17.5,True,False,4464925,0,Crossed above 20 EMA after 9 days below
2026-05-10,ZS,Wedge Pop,BUY,141.36,136.8,3.2,-14.5,15.6,28.2,23.0,True,False,2868069,0,Crossed above 20 EMA after 12 days below
2026-05-10,BTI,Wedge Pop,BUY,59.4,57.9,2.5,-14.6,14.3,26.4,25.5,False,False,3584227,0,Crossed above 20 EMA after 10 days below
2026-05-10,D,Wedge Pop,BUY,62.99,62.66,0.5,-14.6,12.0,20.8,14.3,False,False,4352371,0,Crossed above 20 EMA after 6 days below
2026-05-10,EXLS,Wedge Pop,BUY,31.26,31.04,0.7,-14.6,13.3,23.9,20.9,False,False,2246157,0,Crossed above 20 EMA after 6 days below
2026-05-10,IONS,Wedge Pop,BUY,75.25,74.35,1.2,-14.6,16.8,23.3,15.0,True,False,1586144,0,Crossed above 20 EMA after 8 days below
2026-05-10,AMPY,Wedge Pop,BUY,6.26,6.01,4.0,-14.7,15.6,30.1,20.7,True,False,724789,1,Crossed above 20 EMA after 8 days below
2026-05-10,EBC,Wedge Pop,BUY,20.26,20.2,0.3,-14.7,17.4,17.1,22.8,False,False,2363251,0,Crossed above 20 EMA after 6 days below
2026-05-10,PAYX,Wedge Pop,BUY,92.85,91.76,1.2,-14.7,11.2,22.3,19.7,False,False,3090328,0,Crossed above 20 EMA after 7 days below
2026-05-10,USFD,Wedge Pop,BUY,91.93,91.76,0.2,-14.7,7.2,20.2,20.3,False,False,1828034,0,Crossed above 20 EMA after 6 days below
2026-05-10,BKD,Wedge Pop,BUY,14.03,13.93,0.7,-14.8,15.0,20.5,18.6,False,False,2739212,0,Crossed above 20 EMA after 7 days below
2026-05-10,MUFG,Wedge Pop,BUY,17.76,17.66,0.6,-14.8,12.8,31.0,29.3,False,False,2803882,0,Crossed above 20 EMA after 8 days below
2026-05-10,PSMT,Wedge Pop,BUY,156.56,156.02,0.3,-14.8,28.1,23.4,12.6,True,False,245671,0,Crossed above 20 EMA after 4 days below
2026-05-10,NTRA,Wedge Pop,BUY,206.77,203.94,1.4,-14.9,9.4,25.8,24.7,False,False,1292545,0,Crossed above 20 EMA after 4 days below
2026-05-10,OSBC,Wedge Pop,BUY,20.96,20.76,0.9,-14.9,22.9,22.2,27.5,False,False,446643,0,Crossed above 20 EMA after 6 days below
2026-05-10,BEP,Wedge Pop,BUY,33.68,33.34,1.0,-15.0,20.2,18.9,20.2,False,True,908778,0,Crossed above 20 EMA after 6 days below
2026-05-10,NE,Wedge Pop,BUY,49.95,49.54,0.8,-15.0,27.8,26.1,16.4,True,False,1468435,1,Crossed above 20 EMA after 6 days below
2026-05-10,PCTY,Wedge Pop,BUY,107.68,104.34,3.1,-15.0,19.5,22.9,17.3,True,False,743049,0,Crossed above 20 EMA after 11 days below
2026-05-10,ATRC,Wedge Pop,BUY,29.39,28.72,2.3,-15.1,18.9,18.9,25.6,False,True,833180,0,Crossed above 20 EMA after 9 days below
2026-05-10,CVSA,Wedge Pop,BUY,118.07,114.05,3.4,-15.1,19.2,22.8,19.1,True,False,272909,0,Crossed above 20 EMA after 5 days below
2026-05-10,DOCU,Wedge Pop,BUY,48.38,46.66,3.5,-15.1,12.2,26.0,19.8,False,False,3184911,0,Crossed above 20 EMA after 10 days below
2026-05-10,ELAN,Wedge Pop,BUY,22.99,22.89,0.4,-15.1,15.3,22.7,22.2,True,True,4151765,0,Crossed above 20 EMA after 11 days below
2026-05-10,HESM,Wedge Pop,BUY,39.18,38.36,2.1,-15.1,24.8,24.2,20.6,True,True,2435618,0,Crossed above 20 EMA after 12 days below
2026-05-10,DOW,Wedge Pop,BUY,40.8,38.99,4.4,-15.2,15.4,26.0,24.4,True,False,13174023,0,Crossed above 20 EMA after 5 days below
2026-05-10,NGG,Wedge Pop,BUY,87.64,87.32,0.4,-15.2,13.5,26.3,28.8,False,False,800972,0,Crossed above 20 EMA after 7 days below
2026-05-10,ABBV,Wedge Pop,BUY,206.11,205.72,0.2,-15.3,17.3,27.8,20.9,True,False,6651414,0,Crossed above 20 EMA after 13 days below
2026-05-10,GRFS,Wedge Pop,BUY,8.27,8.23,0.5,-15.3,15.2,27.7,27.6,True,False,709827,0,Crossed above 20 EMA after 5 days below
2026-05-10,HCI,Wedge Pop,BUY,154.78,154.77,0.0,-15.3,9.7,15.6,21.5,False,False,210087,0,Crossed above 20 EMA after 8 days below
2026-05-10,SOC,Wedge Pop,BUY,14.26,14.08,1.3,-15.3,13.6,22.7,18.0,False,False,3344710,0,Crossed above 20 EMA after 10 days below
2026-05-10,ALKT,Wedge Pop,BUY,16.85,16.62,1.4,-15.4,13.9,22.8,22.3,False,False,1622728,0,Crossed above 20 EMA after 8 days below
2026-05-10,SPSC,Wedge Pop,BUY,58.4,56.35,3.5,-15.4,15.7,28.8,20.8,True,False,526034,0,Crossed above 20 EMA after 8 days below
2026-05-10,BBUC,Wedge Pop,BUY,34.4,33.71,2.0,-15.5,10.0,20.6,20.5,False,False,235442,0,Crossed above 20 EMA after 5 days below
2026-05-10,AEE,Wedge Pop,BUY,111.64,111.58,0.1,-15.6,8.9,20.5,17.7,False,False,1464040,0,Crossed above 20 EMA after 4 days below
2026-05-10,EMA,Wedge Pop,BUY,52.6,52.52,0.2,-15.6,22.7,25.1,11.2,True,False,351163,0,Crossed above 20 EMA after 3 days below
2026-05-10,HEI,Wedge Pop,BUY,277.33,276.08,0.5,-15.6,30.0,22.0,27.6,False,True,597621,0,Crossed above 20 EMA after 10 days below
2026-05-10,OTTR,Wedge Pop,BUY,88.74,88.54,0.2,-15.6,10.5,22.7,23.0,False,False,276403,0,Crossed above 20 EMA after 6 days below
2026-05-10,BIP,Wedge Pop,BUY,36.28,36.09,0.5,-15.7,19.2,13.3,26.4,False,False,958464,0,Crossed above 20 EMA after 10 days below
2026-05-10,TDG,Wedge Pop,BUY,1191.33,1187.81,0.3,-15.7,24.3,26.5,24.1,True,True,379869,0,Crossed above 20 EMA after 9 days below
2026-05-10,EHC,Wedge Pop,BUY,105.16,103.23,1.8,-15.8,19.5,24.7,28.3,False,False,898005,0,Crossed above 20 EMA after 8 days below
2026-05-10,REPX,Wedge Pop,BUY,36.85,35.98,2.4,-15.8,15.2,23.7,24.1,False,False,450366,0,Crossed above 20 EMA after 7 days below
2026-05-10,TDS,Wedge Pop,BUY,45.38,44.86,1.2,-15.8,12.3,16.8,16.4,False,False,576677,0,Crossed above 20 EMA after 3 days below
2026-05-10,AVA,Wedge Pop,BUY,40.93,40.93,0.0,-16.0,11.0,19.1,22.8,False,False,453278,0,Crossed above 20 EMA after 4 days below
2026-05-10,CNP,Wedge Pop,BUY,43.53,43.04,1.1,-16.0,13.2,22.1,12.6,False,False,4760446,0,Crossed above 20 EMA after 9 days below
2026-05-10,COST,Wedge Pop,BUY,1016.42,1003.29,1.3,-16.0,11.3,24.0,18.8,False,False,1737546,0,Crossed above 20 EMA after 7 days below
2026-05-10,GD,Wedge Pop,BUY,349.16,335.96,3.8,-16.0,35.2,29.6,22.1,True,False,1386931,1,Crossed above 20 EMA after 12 days below
2026-05-10,GH,Wedge Pop,BUY,89.52,87.98,1.7,-16.0,15.3,27.0,24.0,True,False,2099003,0,Crossed above 20 EMA after 9 days below
2026-05-10,HE,Wedge Pop,BUY,15.38,15.28,0.7,-16.0,12.5,17.8,19.2,False,False,1396305,0,Crossed above 20 EMA after 7 days below
2026-05-10,NVRI,Wedge Pop,BUY,19.39,19.32,0.4,-16.0,16.0,16.1,13.1,True,False,797157,0,Crossed above 20 EMA after 3 days below
2026-05-10,APEI,Wedge Pop,BUY,58.12,57.52,1.0,-16.1,24.5,19.1,16.5,True,False,243089,0,Crossed above 20 EMA after 3 days below
2026-05-10,ATO,Wedge Pop,BUY,187.25,186.65,0.3,-16.1,13.7,20.3,17.5,False,False,707796,0,Crossed above 20 EMA after 8 days below
2026-05-10,REYN,Wedge Pop,BUY,21.29,21.25,0.2,-16.1,17.8,19.5,20.9,False,True,1134024,0,Crossed above 20 EMA after 11 days below
2026-05-10,SD,Wedge Pop,BUY,15.46,15.45,0.1,-16.1,15.7,26.6,26.3,True,False,318399,0,Crossed above 20 EMA after 11 days below
2026-05-10,BORR,Wedge Pop,BUY,5.92,5.8,2.1,-16.2,19.9,22.8,19.1,True,False,7919397,1,Crossed above 20 EMA after 8 days below
2026-05-10,CTVA,Wedge Pop,BUY,83.9,81.07,3.4,-16.2,18.8,26.8,16.1,True,False,3098613,0,Crossed above 20 EMA after 11 days below
2026-05-10,DOC,Wedge Pop,BUY,16.51,16.49,0.1,-16.2,16.3,21.3,24.2,False,False,7313950,0,Crossed above 20 EMA after 10 days below
2026-05-10,ACM,Wedge Pop,BUY,84.59,84.14,0.5,-16.3,17.1,19.2,22.0,False,False,1075234,0,Crossed above 20 EMA after 14 days below
2026-05-10,BCE,Wedge Pop,BUY,24.1,24.01,0.4,-16.5,27.7,21.7,25.3,False,False,2777525,0,Crossed above 20 EMA after 15 days below
2026-05-10,MGY,Wedge Pop,BUY,30.86,29.76,3.6,-16.5,16.6,31.2,22.4,True,False,2008710,0,Crossed above 20 EMA after 11 days below
2026-05-10,WBD,Wedge Pop,BUY,27.22,27.19,0.1,-16.5,16.8,20.1,24.6,False,False,17667491,0,Crossed above 20 EMA after 14 days below
2026-05-10,WDAY,Wedge Pop,BUY,128.88,124.29,3.6,-16.5,20.2,28.1,25.0,True,False,5078171,0,Crossed above 20 EMA after 11 days below
2026-05-10,EOG,Wedge Pop,BUY,140.82,136.35,3.2,-16.6,17.4,34.9,21.0,True,False,3859005,0,Crossed above 20 EMA after 11 days below
2026-05-10,ESTC,Wedge Pop,BUY,50.15,48.4,3.5,-16.6,17.9,30.0,21.8,True,False,1622318,1,Crossed above 20 EMA after 12 days below
2026-05-10,TNXP,Wedge Pop,BUY,13.5,13.23,2.0,-16.6,11.7,24.8,24.8,False,False,399756,0,Crossed above 20 EMA after 11 days below
2026-05-10,CNQ,Wedge Pop,BUY,47.85,46.33,3.2,-16.7,17.6,30.1,26.2,True,False,11667747,0,Crossed above 20 EMA after 11 days below
2026-05-10,DOX,Wedge Pop,BUY,65.44,65.29,0.2,-16.7,16.0,21.8,22.7,False,False,818280,0,Crossed above 20 EMA after 9 days below
2026-05-10,GMAB,Wedge Pop,BUY,27.52,27.25,1.0,-16.7,15.6,29.0,29.8,False,False,1572001,0,Crossed above 20 EMA after 9 days below
2026-05-10,KROS,Wedge Pop,BUY,11.77,11.54,2.0,-16.7,23.0,24.9,22.4,True,False,292365,0,Crossed above 20 EMA after 14 days below
2026-05-10,NHS,Wedge Pop,BUY,6.48,6.48,0.0,-16.7,29.3,17.7,23.3,False,False,215152,0,Crossed above 20 EMA after 14 days below
2026-05-10,VET,Wedge Pop,BUY,13.63,12.85,5.7,-16.7,18.6,30.7,19.4,True,False,1569694,1,Crossed above 20 EMA after 9 days below
2026-05-10,FTAI,Wedge Pop,BUY,244.37,241.07,1.4,-16.8,16.5,28.5,25.8,True,False,1348437,0,Crossed above 20 EMA after 9 days below
2026-05-10,HQY,Wedge Pop,BUY,82.63,82.22,0.5,-16.8,16.1,17.3,25.3,False,False,925748,0,Crossed above 20 EMA after 6 days below
2026-05-10,IIIV,Wedge Pop,BUY,22.4,22.16,1.1,-16.8,10.1,26.7,21.3,False,False,318695,0,Crossed above 20 EMA after 8 days below
2026-05-10,ROP,Wedge Pop,BUY,356.56,356.13,0.1,-16.8,16.9,26.2,20.3,True,False,1113284,0,Crossed above 20 EMA after 6 days below
2026-05-10,SEDG,Wedge Pop,BUY,44.64,43.29,3.0,-16.8,14.8,21.1,23.3,False,False,3653257,0,Crossed above 20 EMA after 10 days below
2026-05-10,CAE,Wedge Pop,BUY,26.51,26.28,0.9,-16.9,17.7,26.0,23.0,True,False,909262,0,Crossed above 20 EMA after 12 days below
2026-05-10,MTDR,Wedge Pop,BUY,62.93,60.8,3.4,-16.9,15.6,30.2,22.5,True,False,1502961,0,Crossed above 20 EMA after 5 days below
2026-05-10,SO,Wedge Pop,BUY,95.9,95.0,0.9,-16.9,17.8,25.0,19.1,True,False,4112743,0,Crossed above 20 EMA after 13 days below
2026-05-10,BJ,Wedge Pop,BUY,94.32,94.19,0.1,-17.2,20.8,20.6,23.2,False,False,1698333,0,Crossed above 20 EMA after 11 days below
2026-05-10,EQNR,Wedge Pop,BUY,41.36,39.03,5.6,-17.2,19.0,35.9,23.1,True,False,5460528,1,Crossed above 20 EMA after 9 days below
2026-05-10,LOMA,Wedge Pop,BUY,11.29,11.12,1.5,-17.3,17.4,17.3,18.5,False,True,331952,0,Crossed above 20 EMA after 7 days below
2026-05-10,RRC,Wedge Pop,BUY,43.04,42.84,0.5,-17.3,16.2,25.2,20.9,True,False,3617811,0,Crossed above 20 EMA after 10 days below
2026-05-10,RWAY,Wedge Pop,BUY,6.81,6.7,1.6,-17.3,28.3,22.3,20.2,True,False,727812,0,Crossed above 20 EMA after 13 days below
2026-05-10,OGE,Wedge Pop,BUY,47.84,47.79,0.1,-17.4,14.8,18.8,19.4,False,False,1372300,0,Crossed above 20 EMA after 9 days below
2026-05-10,LYV,Wedge Pop,BUY,157.26,156.58,0.4,-17.6,12.4,20.3,18.7,False,False,2695410,0,Crossed above 20 EMA after 10 days below
2026-05-10,OLN,Wedge Pop,BUY,28.71,27.63,3.8,-17.6,15.3,19.7,14.8,True,False,2153839,0,Crossed above 20 EMA after 9 days below
2026-05-10,E,Wedge Pop,BUY,56.5,54.8,3.0,-17.7,24.9,36.9,23.8,True,False,581500,0,Crossed above 20 EMA after 5 days below
2026-05-10,LBTYK,Wedge Pop,BUY,11.75,11.68,0.6,-17.7,19.0,15.7,21.7,False,False,1418482,0,Crossed above 20 EMA after 8 days below
2026-05-10,LOPE,Wedge Pop,BUY,169.25,168.63,0.4,-17.8,15.1,17.9,22.5,False,False,236402,0,Crossed above 20 EMA after 6 days below
2026-05-10,VEEV,Wedge Pop,BUY,171.19,165.33,3.4,-17.8,17.9,28.1,25.3,True,True,2338148,0,Crossed above 20 EMA after 14 days below
2026-05-10,INR,Wedge Pop,BUY,16.82,16.52,1.8,-17.9,17.1,24.5,19.1,True,False,275459,1,Crossed above 20 EMA after 13 days below
2026-05-10,TU,Wedge Pop,BUY,12.59,12.46,1.0,-17.9,30.2,20.5,21.1,False,False,5498690,0,Crossed above 20 EMA after 13 days below
2026-05-10,CMRE,Wedge Pop,BUY,17.06,16.71,2.1,-18.0,13.2,21.8,24.0,False,False,361194,0,Crossed above 20 EMA after 10 days below
2026-05-10,CF,Wedge Pop,BUY,128.04,123.67,3.4,-18.1,14.6,29.1,23.6,False,False,3588600,0,Crossed above 20 EMA after 8 days below
2026-05-10,FDMT,Wedge Pop,BUY,9.71,9.55,1.6,-18.1,16.3,27.7,24.0,True,False,648333,0,Crossed above 20 EMA after 7 days below
2026-05-10,VZ,Wedge Pop,BUY,47.34,47.2,0.3,-18.1,20.9,22.7,17.8,True,False,24356003,0,Crossed above 20 EMA after 10 days below
2026-05-10,OPRX,Wedge Pop,BUY,6.63,6.56,1.1,-18.3,19.8,33.1,21.8,True,False,427878,0,Crossed above 20 EMA after 9 days below
2026-05-10,FICO,Wedge Pop,BUY,1066.27,1046.38,1.9,-18.4,26.1,24.7,29.6,False,False,417479,0,Crossed above 20 EMA after 13 days below
2026-05-10,KMI,Wedge Pop,BUY,32.29,32.2,0.3,-18.5,25.1,17.7,22.4,False,False,11889879,0,Crossed above 20 EMA after 13 days below
2026-05-10,MNR,Wedge Pop,BUY,13.76,13.36,2.9,-18.6,20.1,26.4,19.9,True,False,1385002,0,Crossed above 20 EMA after 10 days below
2026-05-10,APA,Wedge Pop,BUY,41.48,39.1,5.7,-18.8,20.1,33.1,23.7,True,False,7081899,1,Crossed above 20 EMA after 7 days below
2026-05-10,INTA,Wedge Pop,BUY,24.08,23.08,4.2,-18.8,14.7,24.5,21.3,False,False,764249,0,Crossed above 20 EMA after 14 days below
2026-05-10,WLDN,Wedge Pop,BUY,76.65,76.58,0.1,-18.8,24.0,18.2,27.0,False,False,343084,0,Crossed above 20 EMA after 15 days below
2026-05-10,AR,Wedge Pop,BUY,39.13,38.74,1.0,-18.9,13.7,21.8,20.9,False,False,5061589,0,Crossed above 20 EMA after 11 days below
2026-05-10,CVX,Wedge Pop,BUY,192.64,190.63,1.0,-18.9,17.8,22.5,22.8,False,False,10354457,0,Crossed above 20 EMA after 12 days below
2026-05-10,GRDN,Wedge Pop,BUY,37.24,37.22,0.0,-18.9,12.9,21.0,23.1,False,False,350974,0,Crossed above 20 EMA after 8 days below
2026-05-10,AGYS,Wedge Pop,BUY,69.23,67.49,2.5,-19.0,23.3,23.3,27.0,False,False,274105,0,Crossed above 20 EMA after 13 days below
2026-05-10,IOT,Wedge Pop,BUY,30.45,29.87,1.9,-19.0,12.1,27.8,27.6,False,False,5797803,0,Crossed above 20 EMA after 9 days below
2026-05-10,GPGI,Wedge Pop,BUY,16.68,16.31,2.2,-19.2,31.6,20.9,25.7,False,False,3128398,0,Crossed above 20 EMA after 15 days below
2026-05-10,CENX,Wedge Pop,BUY,62.28,60.77,2.4,-19.3,15.6,22.6,22.0,True,False,1394117,0,Crossed above 20 EMA after 6 days below
2026-05-10,OKTA,Wedge Pop,BUY,77.75,75.27,3.2,-19.3,11.4,26.9,23.6,False,False,3847197,0,Crossed above 20 EMA after 6 days below
2026-05-10,AM,Wedge Pop,BUY,21.78,21.78,0.0,-19.4,23.3,15.7,23.4,False,False,2588213,0,Crossed above 20 EMA after 11 days below
2026-05-10,CLBT,Wedge Pop,BUY,13.59,13.11,3.5,-19.4,13.8,27.8,19.2,False,False,1820251,1,Crossed above 20 EMA after 10 days below
2026-05-10,SAIC,Wedge Pop,BUY,95.59,95.56,0.0,-19.4,9.9,19.7,14.3,False,False,465740,0,Crossed above 20 EMA after 9 days below
2026-05-10,EXE,Wedge Pop,BUY,99.76,99.57,0.2,-19.5,20.2,23.9,18.6,True,False,3113627,0,Crossed above 20 EMA after 12 days below
2026-05-10,HPK,Wedge Pop,BUY,6.79,6.43,5.3,-19.5,18.2,31.6,21.7,True,False,827656,1,Crossed above 20 EMA after 7 days below
2026-05-10,NAT,Wedge Pop,BUY,5.95,5.71,4.1,-19.5,19.4,29.0,18.6,True,False,4509675,0,Crossed above 20 EMA after 7 days below
2026-05-10,LBTYA,Wedge Pop,BUY,12.03,12.02,0.1,-19.6,19.5,15.2,24.5,False,False,2057217,0,Crossed above 20 EMA after 8 days below
2026-05-10,WDS,Wedge Pop,BUY,23.47,23.33,0.6,-19.7,15.7,29.4,30.1,False,False,1020976,0,Crossed above 20 EMA after 7 days below
2026-05-10,PATH,Wedge Pop,BUY,10.7,10.6,0.9,-19.9,14.7,26.3,25.7,False,False,24199267,0,Crossed above 20 EMA after 12 days below
2026-05-10,SHEL,Wedge Pop,BUY,89.71,89.54,0.2,-20.0,22.1,20.8,26.3,False,False,7921778,0,Crossed above 20 EMA after 11 days below
2026-05-10,IVA,Wedge Pop,BUY,5.42,5.35,1.2,-20.2,18.2,24.3,21.0,True,False,378173,0,Crossed above 20 EMA after 13 days below
2026-05-10,KHC,Wedge Pop,BUY,22.54,22.38,0.7,-20.2,11.9,20.4,22.7,False,False,12698549,0,Crossed above 20 EMA after 12 days below
2026-05-10,SRPT,Wedge Pop,BUY,21.79,21.06,3.3,-20.3,19.5,27.5,21.7,True,False,2388845,0,Crossed above 20 EMA after 5 days below
2026-05-10,AVIR,Wedge Pop,BUY,5.6,5.59,0.2,-20.4,17.6,19.6,18.2,True,False,269493,0,Crossed above 20 EMA after 8 days below
2026-05-10,IPI,Wedge Pop,BUY,40.11,38.75,3.4,-20.4,13.0,25.7,18.3,False,False,259900,0,Crossed above 20 EMA after 12 days below
2026-05-10,VOR,Wedge Pop,BUY,15.52,14.94,3.7,-20.4,12.4,24.0,19.3,False,False,1075043,0,Crossed above 20 EMA after 10 days below
2026-05-10,EC,Wedge Pop,BUY,14.2,14.0,1.4,-20.6,13.7,26.1,21.1,False,False,2631569,0,Crossed above 20 EMA after 10 days below
2026-05-10,METC,Wedge Pop,BUY,15.03,14.47,3.7,-20.7,12.1,20.4,15.1,False,False,1429358,0,Crossed above 20 EMA after 8 days below
2026-05-10,CPB,Wedge Pop,BUY,20.91,20.89,0.1,-20.9,30.0,16.7,22.1,False,False,7832949,0,Crossed above 20 EMA after 14 days below
2026-05-10,LNG,Wedge Pop,BUY,269.52,265.72,1.4,-20.9,20.6,30.0,19.8,True,False,2348150,0,Crossed above 20 EMA after 11 days below
2026-05-10,NEXT,Wedge Pop,BUY,7.89,7.54,4.4,-20.9,24.0,29.6,15.2,True,False,3817555,1,Crossed above 20 EMA after 5 days below
2026-05-10,DEC,Wedge Pop,BUY,16.36,16.07,1.8,-21.0,15.6,29.7,24.6,True,False,690352,0,Crossed above 20 EMA after 11 days below
2026-05-10,GPOR,Wedge Pop,BUY,195.23,194.77,0.2,-21.0,11.4,21.1,26.2,False,False,277030,0,Crossed above 20 EMA after 13 days below
2026-05-10,XOM,Wedge Pop,BUY,154.88,152.98,1.2,-21.0,15.4,23.8,24.6,False,False,17921897,0,Crossed above 20 EMA after 12 days below
2026-05-10,GWRE,Wedge Pop,BUY,140.02,139.55,0.3,-21.1,16.9,22.3,26.4,False,False,1394752,0,Crossed above 20 EMA after 10 days below
2026-05-10,OXY,Wedge Pop,BUY,59.34,58.55,1.3,-21.6,18.0,27.8,22.5,True,False,12548076,0,Crossed above 20 EMA after 10 days below
2026-05-10,AGRO,Wedge Pop,BUY,14.24,13.76,3.4,-22.1,28.9,34.0,18.9,True,False,1451453,1,Crossed above 20 EMA after 8 days below
2026-05-10,BLLN,Wedge Pop,BUY,79.9,79.69,0.3,-22.4,13.8,17.1,22.0,False,True,477702,0,Crossed above 20 EMA after 8 days below
2026-05-10,ZBIO,Wedge Pop,BUY,20.76,20.19,2.7,-22.6,22.5,25.0,21.3,True,False,500886,1,Crossed above 20 EMA after 12 days below
2026-05-10,ARLP,Wedge Pop,BUY,26.18,26.13,0.2,-22.9,23.9,20.9,21.1,False,False,423838,0,Crossed above 20 EMA after 11 days below
2026-05-10,SAIL,Wedge Pop,BUY,12.15,12.01,1.2,-23.1,13.4,25.4,20.6,False,False,2921528,0,Crossed above 20 EMA after 13 days below
2026-05-10,APPN,Wedge Pop,BUY,22.72,22.21,2.2,-23.2,18.5,22.3,24.1,False,False,961427,0,Crossed above 20 EMA after 14 days below
2026-05-10,PRDO,Wedge Pop,BUY,34.75,34.74,0.0,-24.3,17.9,22.4,25.9,False,False,535334,0,Crossed above 20 EMA after 12 days below
2026-05-10,WIX,Wedge Pop,BUY,77.03,76.31,0.9,-24.4,17.9,27.2,28.4,False,False,2104735,1,Crossed above 20 EMA after 9 days below
2026-05-10,FIG,Wedge Pop,BUY,19.42,19.17,1.3,-25.2,16.1,27.7,19.6,True,False,16371085,1,Crossed above 20 EMA after 14 days below
2026-05-10,CXM,Wedge Pop,BUY,5.43,5.33,1.9,-26.8,21.6,25.2,24.5,True,False,5044662,0,Crossed above 20 EMA after 14 days below
2026-05-10,CCC,Wedge Pop,BUY,5.32,5.3,0.3,-28.8,23.6,23.5,30.7,False,False,12458544,0,Crossed above 20 EMA after 14 days below
2026-05-10,VG,Wedge Pop,BUY,13.02,13.01,0.1,-34.1,15.9,24.2,18.7,True,False,22369107,1,Crossed above 20 EMA after 12 days below
2026-05-10,PBM,EMA Crossback,ADD,6.11,5.95,2.6,125.7,34.7,32.9,21.5,True,False,7886913,0,Pulled back to 20 EMA (1.6% away)
2026-05-10,ROLR,EMA Crossback,ADD,7.63,7.41,2.9,86.0,42.3,35.4,15.3,True,False,5769269,1,Pulled back to 20 EMA (1.9% away)
2026-05-10,AGL,EMA Crossback,ADD,26.74,24.13,9.8,75.7,35.2,23.0,13.0,True,False,402342,2,Pulled back to 10 EMA (0.5% away)
2026-05-10,AVNS,EMA Crossback,ADD,24.7,22.04,10.8,62.8,60.9,67.0,6.0,True,False,2534319,1,Pulled back to 10 EMA (2.4% away)
2026-05-10,MAAS,EMA Crossback,ADD,9.31,8.61,7.5,42.0,51.8,44.8,11.0,True,False,534231,1,Pulled back to 10 EMA (1.8% away)
2026-05-10,RDAC,EMA Crossback,ADD,8.14,7.03,13.7,37.8,27.5,44.4,18.0,True,False,576180,1,Pulled back to 10 EMA (2.2% away)
2026-05-10,DAVE,EMA Crossback,ADD,263.81,246.39,6.6,35.8,30.8,29.4,23.2,True,False,583055,2,Pulled back to 10 EMA (0.5% away)
2026-05-10,ARTV,EMA Crossback,ADD,10.6,9.58,9.6,29.6,35.1,33.4,17.8,True,False,349665,1,Pulled back to 10 EMA (2.4% away)
2026-05-10,SYRE,EMA Crossback,ADD,71.01,65.14,8.3,29.2,46.0,28.2,15.4,True,False,1477173,3,Pulled back to 10 EMA (1.6% away)
2026-05-10,ICHR,EMA Crossback,ADD,67.77,62.56,7.7,26.1,36.1,23.8,21.3,True,True,902534,2,Pulled back to 10 EMA (1.7% away)
2026-05-10,VECO,EMA Crossback,ADD,49.54,45.1,9.0,25.1,44.4,38.5,11.7,True,True,1406907,2,Pulled back to 10 EMA (2.1% away)
2026-05-10,OKLO,EMA Crossback,ADD,68.38,64.67,5.4,24.4,26.7,24.5,19.2,True,False,14622665,2,Pulled back to 10 EMA (0.0% away)
2026-05-10,SHIM,EMA Crossback,ADD,5.25,5.01,4.7,22.3,42.2,25.3,12.0,True,False,236813,2,Pulled back to 10 EMA (2.3% away)
2026-05-10,ANET,EMA Crossback,ADD,170.22,160.48,5.7,19.0,30.2,35.6,19.2,True,True,7743055,1,Pulled back to 10 EMA (0.7% away)
2026-05-10,NKLR,EMA Crossback,ADD,6.06,5.94,2.0,18.2,23.7,25.9,21.7,True,False,672273,0,Pulled back to 20 EMA (1.1% away)
2026-05-10,INV,EMA Crossback,ADD,6.15,5.66,8.0,15.6,32.1,27.0,13.3,True,False,1974144,2,Pulled back to 10 EMA (0.8% away)
2026-05-10,EAF,EMA Crossback,ADD,8.99,8.37,6.9,15.0,31.3,31.5,15.1,True,False,245911,1,Pulled back to 10 EMA (1.1% away)
2026-05-10,HIMS,EMA Crossback,ADD,26.33,25.85,1.8,13.7,35.7,28.3,17.8,True,False,32266727,1,Pulled back to 20 EMA (0.9% away)
2026-05-10,UNH,EMA Crossback,ADD,363.87,336.24,7.6,13.5,52.7,37.3,9.8,True,False,8870757,1,Pulled back to 10 EMA (2.0% away)
2026-05-10,CHPT,EMA Crossback,ADD,6.33,6.18,2.4,12.8,29.4,24.8,20.0,True,False,506090,0,Pulled back to 10 EMA (1.7% away)
2026-05-10,SILA,EMA Crossback,ADD,30.43,28.18,7.4,12.4,51.2,58.6,7.8,True,False,1205440,1,Pulled back to 10 EMA (2.1% away)
2026-05-10,IMA,EMA Crossback,ADD,5.83,5.65,3.1,12.3,25.9,24.0,18.0,True,False,1013510,1,Pulled back to 10 EMA (0.7% away)
2026-05-10,URGN,EMA Crossback,ADD,23.83,22.48,5.6,12.2,28.2,27.0,17.1,True,False,793509,1,Pulled back to 10 EMA (1.1% away)
2026-05-10,LFCR,EMA Crossback,ADD,5.16,4.97,3.6,11.0,21.1,22.9,19.5,True,False,274968,0,Pulled back to 10 EMA (1.4% away)
2026-05-10,URI,EMA Crossback,ADD,933.95,864.28,7.5,11.0,35.8,34.2,15.5,True,False,564748,1,Pulled back to 10 EMA (1.9% away)
2026-05-10,ARW,EMA Crossback,ADD,186.41,174.0,6.7,10.8,38.8,38.8,15.6,True,False,591773,1,Pulled back to 10 EMA (1.7% away)
2026-05-10,OSS,EMA Crossback,ADD,9.77,9.27,5.1,10.7,21.6,27.7,19.1,True,False,1197235,0,Pulled back to 10 EMA (2.3% away)
2026-05-10,GFF,EMA Crossback,ADD,91.05,86.04,5.5,10.6,37.7,27.6,16.5,True,False,391060,1,Pulled back to 10 EMA (1.2% away)
2026-05-10,SMCI,EMA Crossback,ADD,27.83,26.86,3.5,10.4,14.0,27.4,24.1,False,False,30002745,0,Pulled back to 10 EMA (1.2% away)
2026-05-10,JBL,EMA Crossback,ADD,337.26,316.91,6.0,10.3,28.4,34.0,14.6,True,True,1016487,1,Pulled back to 10 EMA (1.3% away)
2026-05-10,CARS,EMA Crossback,ADD,11.16,10.35,7.2,9.3,41.2,35.1,14.8,True,False,880090,1,Pulled back to 10 EMA (2.4% away)
2026-05-10,SKM,EMA Crossback,ADD,37.8,35.75,5.4,9.3,32.9,30.6,15.6,True,False,2084298,1,Pulled back to 10 EMA (1.9% away)
2026-05-10,DTIL,EMA Crossback,ADD,7.45,7.01,5.9,8.1,37.3,22.9,23.5,False,False,215679,2,Pulled back to 10 EMA (2.1% away)
2026-05-10,MPLT,EMA Crossback,ADD,27.92,27.54,1.4,7.7,43.6,28.0,17.1,True,False,337530,1,Pulled back to 20 EMA (0.4% away)
2026-05-10,SLN,EMA Crossback,ADD,7.14,7.02,1.7,7.3,28.4,23.6,17.8,True,False,410106,1,Pulled back to 20 EMA (0.7% away)
2026-05-10,NEWP,EMA Crossback,ADD,5.36,5.11,4.6,6.8,25.2,32.2,16.3,True,False,789261,2,Pulled back to 10 EMA (0.1% away)
2026-05-10,ROOT,EMA Crossback,ADD,54.9,51.68,5.9,6.6,23.3,21.0,16.7,True,False,283192,1,Pulled back to 10 EMA (2.3% away)
2026-05-10,ORKA,EMA Crossback,ADD,68.95,64.53,6.4,6.5,51.4,36.0,20.0,True,False,2016467,1,Pulled back to 10 EMA (0.4% away)
2026-05-10,AAMI,EMA Crossback,ADD,68.34,64.03,6.3,6.2,30.1,24.6,20.5,True,False,333296,1,Pulled back to 10 EMA (2.3% away)
2026-05-10,ENVA,EMA Crossback,ADD,169.28,159.64,5.7,6.2,42.5,24.2,13.2,True,False,252204,1,Pulled back to 10 EMA (1.5% away)
2026-05-10,GEV,EMA Crossback,ADD,1095.21,1026.88,6.2,6.2,25.8,31.9,18.4,True,False,2392963,1,Pulled back to 10 EMA (1.7% away)
2026-05-10,ASPI,EMA Crossback,ADD,5.13,5.07,1.1,6.0,19.1,20.8,16.9,True,False,4046875,0,Pulled back to 10 EMA (1.3% away)
2026-05-10,CAL,EMA Crossback,ADD,13.52,12.77,5.5,6.0,26.5,22.7,18.2,True,False,558125,0,Pulled back to 10 EMA (2.1% away)
2026-05-10,CODI,EMA Crossback,ADD,11.63,10.65,8.5,6.0,51.0,28.8,15.0,True,False,981986,1,Pulled back to 10 EMA (1.6% away)
2026-05-10,VC,EMA Crossback,ADD,110.23,102.4,7.1,5.6,24.1,31.7,19.0,True,False,696313,2,Pulled back to 10 EMA (2.4% away)
2026-05-10,PRM,EMA Crossback,ADD,30.18,28.37,6.0,5.4,43.4,33.3,14.2,True,True,1021947,1,Pulled back to 10 EMA (0.9% away)
2026-05-10,MTUS,EMA Crossback,ADD,19.28,18.15,5.9,4.5,31.2,31.8,14.0,True,True,244263,1,Pulled back to 10 EMA (2.3% away)
2026-05-10,SSSS,EMA Crossback,ADD,13.31,12.64,5.0,4.4,25.7,28.1,16.2,True,False,371533,2,Pulled back to 10 EMA (0.6% away)
2026-05-10,AEVA,EMA Crossback,ADD,15.24,15.01,1.5,4.3,23.3,26.0,18.0,True,True,1240471,0,Pulled back to 10 EMA (1.6% away)
2026-05-10,CVNA,EMA Crossback,ADD,379.09,373.63,1.4,3.8,22.0,21.9,19.3,True,False,2720502,0,Pulled back to 20 EMA (0.4% away)
2026-05-10,IRDM,EMA Crossback,ADD,39.23,36.92,5.9,3.8,38.6,29.5,17.4,True,False,2661994,0,Pulled back to 10 EMA (1.2% away)
2026-05-10,HTLD,EMA Crossback,ADD,12.77,12.0,6.0,3.7,29.1,32.9,21.1,True,False,401950,2,Pulled back to 10 EMA (0.8% away)
2026-05-10,MBLY,EMA Crossback,ADD,8.77,8.22,6.3,3.7,28.9,27.3,14.8,True,False,6455908,1,Pulled back to 10 EMA (2.0% away)
2026-05-10,SEIC,EMA Crossback,ADD,90.79,84.91,6.5,3.7,35.7,34.8,9.8,True,False,1173616,1,Pulled back to 10 EMA (2.3% away)
2026-05-10,AVBP,EMA Crossback,ADD,29.83,28.68,3.8,3.6,38.9,25.2,11.7,True,False,494926,1,Pulled back to 10 EMA (0.8% away)
2026-05-10,NB,EMA Crossback,ADD,5.9,5.6,5.1,3.6,19.1,26.5,18.3,True,False,4721841,1,Pulled back to 10 EMA (1.1% away)
2026-05-10,TNGX,EMA Crossback,ADD,24.2,23.36,3.5,3.4,44.3,29.4,24.1,True,False,2830665,0,Pulled back to 10 EMA (0.2% away)
2026-05-10,FN,EMA Crossback,ADD,660.32,651.95,1.3,3.3,20.3,29.1,25.5,True,True,728466,1,Pulled back to 10 EMA (2.4% away)
2026-05-10,SG,EMA Crossback,ADD,6.82,6.42,5.8,3.2,30.9,27.6,11.7,True,False,3728572,1,Pulled back to 10 EMA (1.5% away)
2026-05-10,BLD,EMA Crossback,ADD,428.78,420.37,2.0,3.1,25.5,29.3,25.0,True,False,950996,1,Pulled back to 10 EMA (1.5% away)
2026-05-10,TFII,EMA Crossback,ADD,135.57,130.32,3.9,3.1,42.5,33.2,17.7,True,False,384933,1,Pulled back to 10 EMA (0.9% away)
2026-05-10,VSTS,EMA Crossback,ADD,9.27,9.12,1.7,3.0,28.0,25.2,24.6,True,False,1057419,0,Pulled back to 10 EMA (1.6% away)
2026-05-10,RXO,EMA Crossback,ADD,18.19,17.78,2.3,2.9,30.2,24.7,19.4,True,False,1714207,0,Pulled back to 20 EMA (1.3% away)
2026-05-10,PRAA,EMA Crossback,ADD,21.38,20.38,4.7,2.7,41.2,27.1,20.0,True,False,285693,1,Pulled back to 10 EMA (0.3% away)
2026-05-10,VNO,EMA Crossback,ADD,30.26,28.56,5.6,2.7,21.4,19.5,18.7,True,True,1695574,1,Pulled back to 10 EMA (2.5% away)
2026-05-10,ALH,EMA Crossback,ADD,25.6,24.16,5.6,2.5,28.4,26.9,14.7,True,False,1039072,1,Pulled back to 10 EMA (2.1% away)
2026-05-10,CLPT,EMA Crossback,ADD,11.1,10.6,4.5,2.5,14.6,26.4,24.4,False,False,462187,0,Pulled back to 10 EMA (1.3% away)
2026-05-10,UUUU,EMA Crossback,ADD,21.04,20.27,3.7,2.2,19.4,22.2,14.7,True,False,9682981,0,Pulled back to 10 EMA (0.5% away)
2026-05-10,MAS,EMA Crossback,ADD,70.41,68.05,3.3,2.1,28.1,26.6,23.1,True,False,3357783,0,Pulled back to 10 EMA (0.3% away)
2026-05-10,MTCH,EMA Crossback,ADD,37.65,35.16,6.6,2.1,40.0,32.1,11.5,True,True,3181082,1,Pulled back to 10 EMA (2.3% away)
2026-05-10,OPRT,EMA Crossback,ADD,5.56,5.49,1.3,2.0,25.4,23.1,18.1,True,False,400054,1,Pulled back to 20 EMA (0.3% away)
2026-05-10,XYZ,EMA Crossback,ADD,71.25,67.85,4.8,1.6,20.5,33.0,23.6,True,False,4806676,1,Pulled back to 10 EMA (1.2% away)
2026-05-10,ARKO,EMA Crossback,ADD,6.57,6.24,5.0,1.4,37.0,30.6,12.0,True,False,985620,1,Pulled back to 10 EMA (1.2% away)
2026-05-10,HXL,EMA Crossback,ADD,92.86,87.67,5.6,1.0,24.3,30.2,17.2,True,False,1145612,1,Pulled back to 10 EMA (2.3% away)
2026-05-10,GCO,EMA Crossback,ADD,34.5,33.45,3.0,0.9,33.1,20.6,25.1,False,False,255270,0,Pulled back to 10 EMA (0.8% away)
2026-05-10,TNC,EMA Crossback,ADD,82.63,78.09,5.5,0.9,39.4,30.3,8.6,True,False,297030,1,Pulled back to 10 EMA (1.7% away)
2026-05-10,PENN,EMA Crossback,ADD,17.1,16.26,4.9,0.8,16.7,24.4,22.5,True,False,4328926,1,Pulled back to 10 EMA (0.7% away)
2026-05-10,ECPG,EMA Crossback,ADD,84.41,79.65,5.6,0.6,51.0,32.6,14.5,True,False,341883,2,Pulled back to 10 EMA (1.9% away)
2026-05-10,PKE,EMA Crossback,ADD,33.76,32.15,4.8,0.6,27.0,21.5,17.2,True,False,222107,1,Pulled back to 10 EMA (1.5% away)
2026-05-10,R,EMA Crossback,ADD,240.4,230.03,4.3,0.6,30.6,28.5,20.4,True,False,437131,2,Pulled back to 10 EMA (0.2% away)
2026-05-10,RKLB,EMA Crossback,ADD,78.76,77.46,1.7,0.6,15.3,25.4,19.7,True,False,21902286,0,Pulled back to 10 EMA (1.6% away)
2026-05-10,CDNA,EMA Crossback,ADD,20.7,19.88,3.9,0.3,20.3,22.8,27.6,False,False,829726,1,Pulled back to 10 EMA (0.2% away)
2026-05-10,SGRY,EMA Crossback,ADD,14.26,13.72,3.8,0.1,20.3,32.0,22.2,True,True,1075381,1,Pulled back to 10 EMA (0.7% away)
2026-05-10,ETSY,EMA Crossback,ADD,62.95,60.54,3.8,-0.1,35.5,28.0,15.5,True,False,2866896,2,Pulled back to 10 EMA (0.8% away)
2026-05-10,REZI,EMA Crossback,ADD,40.34,38.87,3.6,-0.1,18.0,22.4,18.1,True,False,1124596,1,Pulled back to 10 EMA (0.5% away)
2026-05-10,ABX,EMA Crossback,ADD,9.26,9.02,2.6,-0.2,15.1,22.9,19.2,True,False,530080,1,Pulled back to 10 EMA (0.1% away)
2026-05-10,CROX,EMA Crossback,ADD,102.94,99.0,3.8,-0.2,35.7,25.1,17.5,True,False,1348069,1,Pulled back to 10 EMA (0.6% away)
2026-05-10,IMSR,EMA Crossback,ADD,7.19,7.06,1.8,-0.2,21.0,24.3,19.2,True,False,2480195,0,Pulled back to 10 EMA (1.0% away)
2026-05-10,MRX,EMA Crossback,ADD,53.22,50.05,5.9,-0.2,35.9,31.5,16.7,True,False,1123352,1,Pulled back to 10 EMA (1.7% away)
2026-05-10,OC,EMA Crossback,ADD,122.9,118.37,3.7,-0.2,28.3,22.7,19.4,True,True,1082462,0,Pulled back to 10 EMA (1.1% away)
2026-05-10,MMYT,EMA Crossback,ADD,47.06,45.51,3.3,-0.3,21.4,28.8,20.0,True,False,1284470,1,Pulled back to 10 EMA (0.8% away)
2026-05-10,CARR,EMA Crossback,ADD,64.18,61.31,4.5,-0.4,19.2,32.1,17.2,True,False,7119696,1,Pulled back to 10 EMA (1.5% away)
2026-05-10,HTFL,EMA Crossback,ADD,29.96,29.07,3.0,-0.4,25.4,24.9,19.9,True,False,1002860,0,Pulled back to 10 EMA (0.2% away)
2026-05-10,TSM,EMA Crossback,ADD,394.41,376.92,4.4,-0.4,23.2,33.9,19.0,True,False,13706276,2,Pulled back to 10 EMA (0.9% away)
2026-05-10,HROW,EMA Crossback,ADD,40.5,38.89,4.0,-0.5,19.4,24.9,16.7,True,False,472054,2,Pulled back to 10 EMA (1.3% away)
2026-05-10,NESR,EMA Crossback,ADD,24.41,23.58,3.4,-0.6,25.7,25.1,16.2,True,False,1838256,1,Pulled back to 10 EMA (0.4% away)
2026-05-10,CWK,EMA Crossback,ADD,14.53,13.8,5.0,-0.7,19.2,24.0,19.5,True,False,1410260,0,Pulled back to 10 EMA (2.4% away)
2026-05-10,LII,EMA Crossback,ADD,522.2,496.15,5.0,-0.7,17.3,31.5,22.0,True,False,473564,1,Pulled back to 10 EMA (2.4% away)
2026-05-10,SNDA,EMA Crossback,ADD,37.27,35.23,5.5,-1.0,25.3,26.1,13.2,True,False,548057,2,Pulled back to 10 EMA (1.9% away)
2026-05-10,LFST,EMA Crossback,ADD,7.34,6.96,5.2,-1.1,29.7,30.2,14.4,True,False,3914380,1,Pulled back to 10 EMA (1.5% away)
2026-05-10,MSM,EMA Crossback,ADD,103.01,97.2,5.6,-1.1,32.6,30.3,10.6,True,False,552353,2,Pulled back to 10 EMA (2.4% away)
2026-05-10,QS,EMA Crossback,ADD,7.26,6.92,4.7,-1.3,34.4,33.7,12.4,True,False,22687894,0,Pulled back to 10 EMA (2.4% away)
2026-05-10,WSR,EMA Crossback,ADD,18.95,18.31,3.4,-1.3,59.9,44.2,7.6,True,False,764727,2,Pulled back to 10 EMA (0.4% away)
2026-05-10,WFRD,EMA Crossback,ADD,108.61,103.12,5.1,-1.4,24.1,19.9,13.4,True,False,1319879,2,Pulled back to 10 EMA (1.4% away)
2026-05-10,GLUE,EMA Crossback,ADD,19.35,18.69,3.4,-1.5,29.4,25.7,13.2,True,False,779820,1,Pulled back to 10 EMA (0.3% away)
2026-05-10,STT,EMA Crossback,ADD,148.68,144.03,3.1,-1.6,37.1,29.1,15.7,True,False,2153120,1,Pulled back to 10 EMA (0.5% away)
2026-05-10,LEVI,EMA Crossback,ADD,22.3,21.66,2.9,-1.7,29.0,25.5,15.4,True,False,3396512,1,Pulled back to 10 EMA (0.2% away)
2026-05-10,LGND,EMA Crossback,ADD,232.3,222.17,4.4,-1.7,27.2,29.1,15.3,True,False,200841,1,Pulled back to 10 EMA (1.3% away)
2026-05-10,ARCB,EMA Crossback,ADD,118.17,115.14,2.6,-1.8,45.3,28.0,14.3,True,False,325638,0,Pulled back to 10 EMA (2.0% away)
2026-05-10,HLF,EMA Crossback,ADD,16.26,15.96,1.9,-1.9,17.3,21.7,21.4,True,False,1057837,0,Pulled back to 10 EMA (0.1% away)
2026-05-10,SWK,EMA Crossback,ADD,77.46,74.12,4.3,-1.9,16.3,23.5,22.4,True,False,2420101,1,Pulled back to 10 EMA (1.8% away)
2026-05-10,OUT,EMA Crossback,ADD,31.09,29.47,5.2,-2.0,39.1,34.7,12.5,True,False,1090376,1,Pulled back to 10 EMA (2.1% away)
2026-05-10,OXM,EMA Crossback,ADD,42.59,42.06,1.2,-2.0,25.6,21.2,18.3,True,False,253506,0,Pulled back to 10 EMA (1.2% away)
2026-05-10,KSPI,EMA Crossback,ADD,84.21,82.03,2.6,-2.1,40.9,39.7,18.0,True,False,555902,1,Pulled back to 10 EMA (1.0% away)
2026-05-10,MS,EMA Crossback,ADD,189.25,182.74,3.4,-2.2,32.8,26.5,14.7,True,False,5286596,1,Pulled back to 10 EMA (0.5% away)
2026-05-10,CSQ,EMA Crossback,ADD,19.81,18.86,4.8,-2.3,31.7,31.4,14.7,True,False,249508,0,Pulled back to 10 EMA (2.0% away)
2026-05-10,PAG,EMA Crossback,ADD,168.81,159.86,5.3,-2.3,24.8,30.4,12.4,True,False,265238,1,Pulled back to 10 EMA (2.2% away)
2026-05-10,SAIA,EMA Crossback,ADD,422.31,412.67,2.3,-2.3,22.6,17.5,18.6,False,False,486812,0,Pulled back to 10 EMA (1.2% away)
2026-05-10,BIDU,EMA Crossback,ADD,126.24,121.44,3.8,-2.4,18.8,32.8,23.5,True,False,2035719,0,Pulled back to 10 EMA (1.1% away)
2026-05-10,SSD,EMA Crossback,ADD,190.15,181.0,4.8,-2.4,24.8,29.5,17.0,True,False,297217,0,Pulled back to 10 EMA (2.1% away)
2026-05-10,WD,EMA Crossback,ADD,51.16,49.05,4.1,-2.4,25.2,23.0,16.0,True,False,222488,1,Pulled back to 10 EMA (1.3% away)
2026-05-10,AIT,EMA Crossback,ADD,305.48,289.34,5.3,-2.5,25.4,27.8,10.8,True,False,285782,1,Pulled back to 10 EMA (2.2% away)
2026-05-10,CM,EMA Crossback,ADD,110.11,105.81,3.9,-2.5,28.5,34.5,18.8,True,False,1411333,1,Pulled back to 10 EMA (0.9% away)
2026-05-10,AZZ,EMA Crossback,ADD,144.08,136.72,5.1,-2.6,17.6,25.8,17.2,True,False,203873,2,Pulled back to 10 EMA (2.2% away)
2026-05-10,BFH,EMA Crossback,ADD,85.09,83.48,1.9,-2.6,29.6,28.9,21.5,True,False,674843,0,Pulled back to 10 EMA (0.8% away)
2026-05-10,CGNT,EMA Crossback,ADD,9.88,9.32,5.7,-2.6,26.7,33.3,16.2,True,False,550735,2,Pulled back to 10 EMA (2.3% away)
2026-05-10,FUTU,EMA Crossback,ADD,157.21,153.5,2.4,-2.6,18.0,26.3,30.0,False,False,1124071,0,Pulled back to 10 EMA (0.3% away)
2026-05-10,ATEN,EMA Crossback,ADD,27.13,25.97,4.3,-2.7,33.7,28.8,23.9,True,False,1102392,3,Pulled back to 10 EMA (0.6% away)
2026-05-10,IEX,EMA Crossback,ADD,215.76,204.52,5.2,-2.7,25.0,31.7,15.9,True,False,641838,1,Pulled back to 10 EMA (2.2% away)
2026-05-10,LNTH,EMA Crossback,ADD,85.82,81.9,4.6,-2.7,28.7,29.1,14.0,True,False,695112,0,Pulled back to 10 EMA (1.9% away)
2026-05-10,NOVT,EMA Crossback,ADD,132.29,126.98,4.0,-2.7,16.2,22.9,20.0,True,False,318373,0,Pulled back to 10 EMA (2.1% away)
2026-05-10,FAF,EMA Crossback,ADD,68.38,66.23,3.1,-2.8,27.3,28.1,18.7,True,False,814524,1,Pulled back to 10 EMA (0.1% away)
2026-05-10,ZGN,EMA Crossback,ADD,12.12,11.52,5.0,-2.8,10.9,24.2,18.3,False,False,644992,0,Pulled back to 10 EMA (2.1% away)
2026-05-10,ANRO,EMA Crossback,ADD,25.45,24.42,4.0,-2.9,23.3,25.7,14.7,True,False,293370,0,Pulled back to 10 EMA (1.2% away)
2026-05-10,ETN,EMA Crossback,ADD,410.86,402.13,2.1,-2.9,20.1,28.6,33.8,False,True,2453297,1,Pulled back to 10 EMA (1.1% away)
2026-05-10,EXP,EMA Crossback,ADD,209.73,201.36,4.0,-2.9,17.1,21.2,16.7,True,False,331769,0,Pulled back to 10 EMA (1.5% away)
2026-05-10,FA,EMA Crossback,ADD,12.64,12.23,3.3,-2.9,16.4,27.9,21.9,True,False,932340,1,Pulled back to 10 EMA (0.0% away)
2026-05-10,ZETA,EMA Crossback,ADD,17.85,17.28,3.2,-2.9,16.9,28.0,19.5,True,False,7598303,1,Pulled back to 10 EMA (0.1% away)
2026-05-10,BXP,EMA Crossback,ADD,58.53,56.26,3.9,-3.0,24.7,23.8,16.8,True,False,1814914,1,Pulled back to 10 EMA (1.1% away)
2026-05-10,CMP,EMA Crossback,ADD,26.46,25.16,4.9,-3.0,19.3,27.0,15.6,True,False,480715,1,Pulled back to 10 EMA (2.2% away)
2026-05-10,SIRI,EMA Crossback,ADD,26.4,25.46,3.6,-3.0,40.1,23.0,17.9,True,False,6013641,1,Pulled back to 10 EMA (0.1% away)
2026-05-10,AAT,EMA Crossback,ADD,20.86,20.15,3.4,-3.1,31.8,26.1,18.4,True,False,292752,1,Pulled back to 10 EMA (0.7% away)
2026-05-10,GSAT,EMA Crossback,ADD,81.87,77.6,5.2,-3.1,52.3,32.5,7.2,True,False,2027746,1,Pulled back to 10 EMA (1.0% away)
2026-05-10,NTRS,EMA Crossback,ADD,161.6,157.7,2.4,-3.1,34.6,28.5,16.7,True,False,1147465,1,Pulled back to 10 EMA (0.8% away)
2026-05-10,TNET,EMA Crossback,ADD,42.4,40.05,5.5,-3.1,21.6,27.2,18.3,True,False,371207,2,Pulled back to 10 EMA (1.5% away)
2026-05-10,ALB,EMA Crossback,ADD,194.82,187.7,3.7,-3.2,27.2,23.0,11.4,True,False,1990409,0,Pulled back to 10 EMA (1.1% away)
2026-05-10,HUBG,EMA Crossback,ADD,41.81,41.16,1.6,-3.2,27.5,19.4,17.5,True,False,625264,0,Pulled back to 10 EMA (1.6% away)
2026-05-10,PEB,EMA Crossback,ADD,14.32,13.65,4.7,-3.2,29.2,27.9,13.6,True,False,2670452,1,Pulled back to 10 EMA (2.1% away)
2026-05-10,BATRK,EMA Crossback,ADD,49.41,47.07,4.7,-3.3,48.0,35.7,11.4,True,False,384637,1,Pulled back to 10 EMA (1.2% away)
2026-05-10,MET,EMA Crossback,ADD,79.9,76.09,4.8,-3.3,29.8,29.3,12.0,True,False,3083139,0,Pulled back to 10 EMA (2.0% away)
2026-05-10,PRVA,EMA Crossback,ADD,24.29,23.43,3.5,-3.3,14.8,21.0,18.0,False,False,778571,1,Pulled back to 10 EMA (0.4% away)
2026-05-10,SLB,EMA Crossback,ADD,56.0,53.35,4.7,-3.3,35.2,21.8,8.9,True,False,13834136,1,Pulled back to 10 EMA (1.5% away)
2026-05-10,BN,EMA Crossback,ADD,45.84,43.95,4.1,-3.4,24.9,29.5,20.4,True,False,5153445,0,Pulled back to 10 EMA (1.9% away)
2026-05-10,LXP,EMA Crossback,ADD,51.76,49.55,4.3,-3.4,18.9,27.2,17.9,True,False,507951,1,Pulled back to 10 EMA (2.1% away)
2026-05-10,EWBC,EMA Crossback,ADD,123.55,118.91,3.8,-3.5,38.5,30.3,10.3,True,False,899771,1,Pulled back to 10 EMA (0.4% away)
2026-05-10,WERN,EMA Crossback,ADD,34.67,33.06,4.6,-3.5,28.9,31.2,15.9,True,False,1010599,2,Pulled back to 10 EMA (0.7% away)
2026-05-10,HAFC,EMA Crossback,ADD,30.14,28.7,4.8,-3.6,37.7,31.7,17.9,True,False,253985,1,Pulled back to 10 EMA (1.3% away)
2026-05-10,LEU,EMA Crossback,ADD,206.04,200.35,2.8,-3.6,12.5,18.2,20.7,False,False,892525,0,Pulled back to 10 EMA (0.3% away)
2026-05-10,PNFP,EMA Crossback,ADD,99.01,94.61,4.4,-3.6,28.5,22.0,12.1,True,False,1471351,1,Pulled back to 10 EMA (1.5% away)
2026-05-10,CBLL,EMA Crossback,ADD,20.37,19.92,2.2,-3.7,20.1,25.4,25.4,True,False,236413,0,Pulled back to 10 EMA (0.0% away)
2026-05-10,RJF,EMA Crossback,ADD,158.87,151.69,4.5,-3.7,24.6,27.9,14.3,True,False,1348692,0,Pulled back to 10 EMA (2.2% away)
2026-05-10,ZWS,EMA Crossback,ADD,50.7,49.29,2.8,-3.7,27.3,28.2,18.8,True,False,1342991,1,Pulled back to 10 EMA (0.2% away)
2026-05-10,KKR,EMA Crossback,ADD,102.0,99.23,2.7,-3.8,27.2,26.2,17.9,True,False,4532528,1,Pulled back to 10 EMA (0.0% away)
2026-05-10,LECO,EMA Crossback,ADD,266.68,256.88,3.7,-3.8,20.2,23.2,12.9,True,False,367299,0,Pulled back to 10 EMA (2.1% away)
2026-05-10,WAL,EMA Crossback,ADD,81.86,77.69,5.1,-3.8,21.6,23.6,13.3,True,False,940393,1,Pulled back to 10 EMA (2.4% away)
2026-05-10,WSO,EMA Crossback,ADD,420.68,416.02,1.1,-3.8,21.0,18.7,23.3,False,False,504842,0,Pulled back to 10 EMA (1.8% away)
2026-05-10,ACEL,EMA Crossback,ADD,12.47,11.88,4.7,-3.9,26.8,28.4,13.6,True,False,286607,0,Pulled back to 10 EMA (1.9% away)
2026-05-10,LINE,EMA Crossback,ADD,36.5,35.59,2.5,-3.9,16.0,16.8,22.0,False,False,804820,0,Pulled back to 10 EMA (0.8% away)
2026-05-10,BLFS,EMA Crossback,ADD,21.55,20.74,3.8,-4.0,17.5,22.6,23.6,False,False,369328,0,Pulled back to 10 EMA (1.8% away)
2026-05-10,IMVT,EMA Crossback,ADD,27.84,26.96,3.2,-4.0,19.0,27.1,18.4,True,False,1546972,0,Pulled back to 10 EMA (0.7% away)
2026-05-10,JBHT,EMA Crossback,ADD,243.04,236.94,2.5,-4.0,28.9,21.3,18.0,True,False,916451,0,Pulled back to 10 EMA (0.7% away)
2026-05-10,MFC,EMA Crossback,ADD,39.32,37.57,4.5,-4.1,31.8,31.3,12.9,True,False,1774030,1,Pulled back to 10 EMA (1.8% away)
2026-05-10,ALV,EMA Crossback,ADD,117.44,112.73,4.0,-4.2,24.1,34.5,20.5,True,False,877984,1,Pulled back to 10 EMA (1.8% away)
2026-05-10,UNIT,EMA Crossback,ADD,11.5,10.99,4.4,-4.2,46.2,28.4,12.5,True,False,2568081,1,Pulled back to 10 EMA (0.1% away)
2026-05-10,DLX,EMA Crossback,ADD,30.85,29.49,4.4,-4.3,34.6,34.4,11.0,True,False,343719,1,Pulled back to 10 EMA (1.4% away)
2026-05-10,GDOT,EMA Crossback,ADD,12.49,11.96,4.2,-4.3,29.5,34.6,13.0,True,False,366516,1,Pulled back to 10 EMA (1.6% away)
2026-05-10,HGV,EMA Crossback,ADD,46.48,45.13,2.9,-4.4,21.8,28.7,18.2,True,False,790080,0,Pulled back to 10 EMA (0.9% away)
2026-05-10,PRTA,EMA Crossback,ADD,11.19,10.56,5.6,-4.4,24.0,27.6,16.9,True,False,373948,1,Pulled back to 10 EMA (2.4% away)
2026-05-10,TSAT,EMA Crossback,ADD,47.79,45.84,4.1,-4.4,27.1,23.7,20.6,True,False,223264,0,Pulled back to 10 EMA (0.4% away)
2026-05-10,BOOT,EMA Crossback,ADD,165.9,162.38,2.1,-4.5,16.4,21.4,18.0,True,False,595851,1,Pulled back to 10 EMA (0.3% away)
2026-05-10,KELYA,EMA Crossback,ADD,9.81,9.37,4.5,-4.5,26.4,25.2,11.9,True,False,308481,0,Pulled back to 10 EMA (1.6% away)
2026-05-10,NMRK,EMA Crossback,ADD,16.33,15.7,3.9,-4.5,10.9,17.6,19.5,False,False,1350522,0,Pulled back to 10 EMA (1.7% away)
2026-05-10,PCRX,EMA Crossback,ADD,24.79,24.23,2.3,-4.5,17.9,24.4,17.6,True,False,504446,0,Pulled back to 10 EMA (0.4% away)
2026-05-10,TD,EMA Crossback,ADD,105.94,102.38,3.4,-4.5,35.7,34.5,14.1,True,False,2550349,0,Pulled back to 10 EMA (0.5% away)
2026-05-10,LAD,EMA Crossback,ADD,286.52,275.58,3.8,-4.6,28.6,26.3,14.8,True,False,293967,2,Pulled back to 10 EMA (1.2% away)
2026-05-10,LPLA,EMA Crossback,ADD,327.58,318.26,2.8,-4.6,14.5,23.0,20.3,False,False,723644,1,Pulled back to 10 EMA (0.5% away)
2026-05-10,VIK,EMA Crossback,ADD,81.71,78.72,3.7,-4.6,11.2,25.0,23.5,False,False,2656659,0,Pulled back to 10 EMA (1.5% away)
2026-05-10,CVS,EMA Crossback,ADD,80.69,77.75,3.6,-4.7,27.6,32.6,16.9,True,False,7643900,1,Pulled back to 10 EMA (0.6% away)
2026-05-10,GOOD,EMA Crossback,ADD,12.87,12.3,4.4,-4.7,28.5,28.4,12.8,True,False,309996,0,Pulled back to 10 EMA (1.9% away)
2026-05-10,TX,EMA Crossback,ADD,44.11,42.1,4.5,-4.7,17.9,26.8,14.8,True,False,245614,1,Pulled back to 10 EMA (2.2% away)
2026-05-10,LOB,EMA Crossback,ADD,37.55,36.32,3.3,-4.8,27.8,27.8,18.4,True,False,212687,1,Pulled back to 10 EMA (0.7% away)
2026-05-10,NEXN,EMA Crossback,ADD,7.58,7.19,5.2,-4.8,20.5,22.7,14.9,True,False,240989,1,Pulled back to 10 EMA (2.5% away)
2026-05-10,H,EMA Crossback,ADD,161.98,159.38,1.6,-4.9,19.3,28.6,19.2,True,False,736119,0,Pulled back to 10 EMA (0.5% away)
2026-05-10,OBK,EMA Crossback,ADD,47.05,45.06,4.2,-4.9,34.7,28.2,12.7,True,False,201430,1,Pulled back to 10 EMA (1.4% away)
2026-05-10,PTON,EMA Crossback,ADD,5.16,4.96,4.0,-4.9,45.5,24.9,12.4,True,False,11571146,2,Pulled back to 10 EMA (0.4% away)
2026-05-10,AEG,EMA Crossback,ADD,8.17,7.84,4.0,-5.0,27.6,36.7,17.4,True,False,5600610,1,Pulled back to 10 EMA (1.4% away)
2026-05-10,CDW,EMA Crossback,ADD,136.8,131.63,3.8,-5.0,27.0,27.7,16.6,True,False,1506117,1,Pulled back to 10 EMA (1.1% away)
2026-05-10,HST,EMA Crossback,ADD,21.31,20.43,4.1,-5.0,28.3,26.5,13.6,True,False,7476848,1,Pulled back to 10 EMA (1.7% away)
2026-05-10,INGN,EMA Crossback,ADD,7.05,6.79,3.7,-5.0,17.7,26.9,19.6,True,False,301172,1,Pulled back to 10 EMA (0.5% away)
2026-05-10,TFIN,EMA Crossback,ADD,67.36,64.35,4.5,-5.0,17.7,19.8,17.9,True,False,294432,1,Pulled back to 10 EMA (1.4% away)
2026-05-10,TKR,EMA Crossback,ADD,109.63,105.49,3.8,-5.0,15.6,26.6,18.9,True,False,669816,1,Pulled back to 10 EMA (1.6% away)
2026-05-10,TT,EMA Crossback,ADD,477.45,466.76,2.2,-5.0,31.3,28.8,15.5,True,False,1236662,1,Pulled back to 10 EMA (0.7% away)
2026-05-10,TWST,EMA Crossback,ADD,56.7,55.83,1.5,-5.0,19.2,26.9,21.2,True,False,1356406,0,Pulled back to 10 EMA (2.0% away)
2026-05-10,WAFD,EMA Crossback,ADD,35.51,34.0,4.2,-5.0,33.9,28.7,17.3,True,False,673980,1,Pulled back to 10 EMA (1.3% away)
2026-05-10,CBZ,EMA Crossback,ADD,31.3,30.03,4.1,-5.1,19.8,19.3,22.7,False,False,954468,2,Pulled back to 10 EMA (0.4% away)
2026-05-10,PFG,EMA Crossback,ADD,100.87,95.84,5.0,-5.1,32.2,23.3,10.6,True,False,1377042,0,Pulled back to 10 EMA (2.0% away)
2026-05-10,AIN,EMA Crossback,ADD,58.48,55.9,4.4,-5.2,13.9,21.9,17.0,False,False,207293,0,Pulled back to 10 EMA (2.4% away)
2026-05-10,CHI,EMA Crossback,ADD,12.3,11.74,4.5,-5.2,32.6,32.1,12.0,True,False,209081,0,Pulled back to 10 EMA (1.9% away)
2026-05-10,SBS,EMA Crossback,ADD,33.5,32.83,2.0,-5.2,21.9,23.3,23.1,True,False,1376975,0,Pulled back to 10 EMA (0.4% away)
2026-05-10,GO,EMA Crossback,ADD,7.84,7.56,3.6,-5.4,25.1,25.9,13.1,True,False,2693758,1,Pulled back to 10 EMA (0.3% away)
2026-05-10,TRTX,EMA Crossback,ADD,8.55,8.2,4.1,-5.4,29.0,28.5,10.6,True,False,563959,0,Pulled back to 10 EMA (1.9% away)
2026-05-10,AMP,EMA Crossback,ADD,474.65,459.37,3.2,-5.5,14.3,22.3,19.3,False,False,669375,0,Pulled back to 10 EMA (1.1% away)
2026-05-10,BLBD,EMA Crossback,ADD,63.39,61.46,3.0,-5.5,15.6,25.0,19.4,True,False,337109,0,Pulled back to 10 EMA (0.6% away)
2026-05-10,MSFT,EMA Crossback,ADD,411.38,405.5,1.4,-5.5,25.5,29.2,27.6,True,False,33420430,0,Pulled back to 10 EMA (1.0% away)
2026-05-10,NX,EMA Crossback,ADD,19.59,19.38,1.1,-5.5,17.8,19.4,23.0,False,False,321523,0,Pulled back to 10 EMA (0.7% away)
2026-05-10,ABNB,EMA Crossback,ADD,139.73,136.4,2.4,-5.6,16.9,25.0,18.8,True,False,3229708,1,Pulled back to 10 EMA (0.0% away)
2026-05-10,SNDR,EMA Crossback,ADD,30.03,29.05,3.3,-5.7,26.6,25.2,13.3,True,False,1098034,2,Pulled back to 10 EMA (0.2% away)
2026-05-10,CAVA,EMA Crossback,ADD,90.34,89.34,1.1,-5.8,21.4,23.4,20.2,True,False,2386956,0,Pulled back to 10 EMA (1.4% away)
2026-05-10,CHCT,EMA Crossback,ADD,17.64,16.97,3.8,-5.8,19.2,19.4,15.3,True,False,201860,0,Pulled back to 10 EMA (1.9% away)
2026-05-10,EPR,EMA Crossback,ADD,55.99,54.72,2.3,-5.8,20.1,22.9,20.6,True,False,659600,1,Pulled back to 10 EMA (0.4% away)
2026-05-10,BMO,EMA Crossback,ADD,151.02,146.9,2.7,-5.9,27.3,27.5,17.1,True,False,726871,0,Pulled back to 10 EMA (0.4% away)
2026-05-10,FNF,EMA Crossback,ADD,51.18,49.78,2.7,-5.9,27.2,26.5,19.8,True,False,1594431,0,Pulled back to 10 EMA (0.2% away)
2026-05-10,PRGO,EMA Crossback,ADD,11.64,11.29,3.0,-5.9,32.6,23.0,11.4,True,False,2327534,1,Pulled back to 10 EMA (0.6% away)
2026-05-10,WHD,EMA Crossback,ADD,54.67,53.37,2.4,-5.9,25.4,27.4,19.2,True,False,815559,2,Pulled back to 10 EMA (0.5% away)
2026-05-10,AXIA,EMA Crossback,ADD,12.59,12.3,2.3,-6.0,11.9,25.4,24.4,False,False,2719659,0,Pulled back to 10 EMA (0.5% away)
2026-05-10,FBP,EMA Crossback,ADD,24.19,23.17,4.2,-6.0,29.3,19.3,13.1,True,False,1448636,1,Pulled back to 10 EMA (1.2% away)
2026-05-10,MAC,EMA Crossback,ADD,21.5,20.97,2.5,-6.0,21.7,27.5,18.8,True,False,2382450,1,Pulled back to 10 EMA (0.0% away)
2026-05-10,CNS,EMA Crossback,ADD,69.54,66.45,4.4,-6.1,10.1,24.5,17.3,False,False,335653,0,Pulled back to 10 EMA (1.8% away)
2026-05-10,ABCB,EMA Crossback,ADD,86.58,82.82,4.3,-6.2,24.7,22.9,13.3,True,False,555248,1,Pulled back to 10 EMA (1.9% away)
2026-05-10,DCO,EMA Crossback,ADD,142.56,136.81,4.0,-6.2,21.0,16.8,14.1,True,False,215034,0,Pulled back to 10 EMA (1.7% away)
2026-05-10,ITT,EMA Crossback,ADD,212.69,209.49,1.5,-6.2,20.0,23.5,22.1,True,False,796659,0,Pulled back to 10 EMA (0.5% away)
2026-05-10,WMG,EMA Crossback,ADD,28.5,27.96,1.9,-6.2,21.4,21.8,24.5,False,False,1710659,0,Pulled back to 10 EMA (0.2% away)
2026-05-10,BAM,EMA Crossback,ADD,48.43,46.62,3.7,-6.3,17.9,27.1,22.0,True,False,3166036,0,Pulled back to 10 EMA (1.9% away)
2026-05-10,ESRT,EMA Crossback,ADD,5.53,5.42,1.9,-6.3,18.9,18.7,24.6,False,False,1341524,0,Pulled back to 10 EMA (0.1% away)
2026-05-10,IRT,EMA Crossback,ADD,16.5,15.77,4.4,-6.3,15.8,23.2,18.0,True,False,2101290,0,Pulled back to 10 EMA (2.1% away)
2026-05-10,MSGE,EMA Crossback,ADD,65.99,62.36,5.5,-6.3,31.1,32.5,10.2,True,False,291274,1,Pulled back to 10 EMA (2.4% away)
2026-05-10,CNO,EMA Crossback,ADD,45.52,43.26,5.0,-6.4,27.4,33.8,12.4,True,False,567603,0,Pulled back to 10 EMA (2.3% away)
2026-05-10,GIII,EMA Crossback,ADD,30.95,30.17,2.5,-6.4,20.1,22.0,14.0,True,False,360473,1,Pulled back to 10 EMA (0.2% away)
2026-05-10,HBNC,EMA Crossback,ADD,18.47,17.59,4.8,-6.4,10.5,19.4,28.6,False,False,300788,0,Pulled back to 10 EMA (2.2% away)
2026-05-10,ING,EMA Crossback,ADD,28.41,27.55,3.0,-6.4,14.0,31.2,27.2,False,False,2481150,1,Pulled back to 10 EMA (0.9% away)
2026-05-10,KOD,EMA Crossback,ADD,42.66,41.77,2.1,-6.4,45.2,23.3,11.4,True,False,744181,2,Pulled back to 10 EMA (2.2% away)
2026-05-10,PK,EMA Crossback,ADD,11.37,11.02,3.1,-6.4,18.1,24.3,17.4,True,True,4157748,0,Pulled back to 10 EMA (1.2% away)
2026-05-10,BLK,EMA Crossback,ADD,1048.91,1025.1,2.3,-6.5,16.2,22.4,18.1,True,False,702057,1,Pulled back to 10 EMA (0.1% away)
2026-05-10,RARE,EMA Crossback,ADD,25.01,23.77,5.0,-6.5,32.9,23.6,10.2,True,False,1590231,1,Pulled back to 10 EMA (2.1% away)
2026-05-10,REXR,EMA Crossback,ADD,35.55,35.07,1.3,-6.5,20.7,18.2,19.8,False,False,2426213,0,Pulled back to 10 EMA (0.3% away)
2026-05-10,RY,EMA Crossback,ADD,178.48,172.51,3.3,-6.5,29.0,34.3,14.8,True,False,1839526,0,Pulled back to 10 EMA (0.9% away)
2026-05-10,TECK,EMA Crossback,ADD,57.8,56.61,2.1,-6.5,16.7,28.0,24.5,True,False,2923176,0,Pulled back to 10 EMA (0.3% away)
2026-05-10,CRMD,EMA Crossback,ADD,7.73,7.35,4.9,-6.6,31.7,31.2,10.4,True,False,941430,2,Pulled back to 10 EMA (1.8% away)
2026-05-10,RAMP,EMA Crossback,ADD,30.11,28.44,5.5,-6.6,17.9,31.0,21.5,True,False,526252,1,Pulled back to 10 EMA (2.4% away)
2026-05-10,BNS,EMA Crossback,ADD,76.67,74.28,3.1,-6.7,22.3,31.3,19.1,True,False,2687355,0,Pulled back to 10 EMA (0.7% away)
2026-05-10,C,EMA Crossback,ADD,128.01,124.77,2.5,-6.7,19.0,27.8,21.9,True,False,10645413,0,Pulled back to 10 EMA (0.1% away)
2026-05-10,LSTR,EMA Crossback,ADD,180.32,173.49,3.8,-6.7,27.4,33.6,20.7,True,False,426161,1,Pulled back to 10 EMA (0.5% away)
2026-05-10,MSDL,EMA Crossback,ADD,15.6,14.93,4.3,-6.7,35.4,33.3,12.9,True,False,716421,1,Pulled back to 10 EMA (1.8% away)
2026-05-10,OFG,EMA Crossback,ADD,45.53,43.7,4.0,-6.7,38.7,26.7,13.6,True,False,256772,1,Pulled back to 10 EMA (0.9% away)
2026-05-10,ASG,EMA Crossback,ADD,5.22,5.05,3.3,-6.8,22.1,31.6,22.6,True,False,285215,0,Pulled back to 10 EMA (1.0% away)
2026-05-10,HRTG,EMA Crossback,ADD,29.02,27.9,3.9,-6.8,23.4,29.2,19.6,True,False,256502,1,Pulled back to 10 EMA (0.8% away)
2026-05-10,SPXX,EMA Crossback,ADD,17.69,17.11,3.3,-6.8,28.0,29.8,15.0,True,False,274139,0,Pulled back to 10 EMA (1.2% away)
2026-05-10,AOD,EMA Crossback,ADD,10.25,9.86,3.8,-6.9,14.1,29.4,21.5,False,False,469784,0,Pulled back to 10 EMA (1.5% away)
2026-05-10,AZTA,EMA Crossback,ADD,24.61,24.05,2.3,-6.9,19.7,21.6,23.2,False,True,865445,0,Pulled back to 10 EMA (0.2% away)
2026-05-10,KRG,EMA Crossback,ADD,26.48,25.57,3.4,-6.9,22.7,25.1,16.3,True,False,1782642,0,Pulled back to 10 EMA (1.4% away)
2026-05-10,MOMO,EMA Crossback,ADD,6.27,6.06,3.3,-6.9,25.7,25.2,13.2,True,False,617019,1,Pulled back to 10 EMA (1.2% away)
2026-05-10,ACRE,EMA Crossback,ADD,5.2,5.11,1.7,-7.0,19.6,22.3,20.9,True,False,323767,1,Pulled back to 10 EMA (0.6% away)
2026-05-10,AIZ,EMA Crossback,ADD,237.14,226.41,4.5,-7.0,28.2,29.1,12.5,True,True,379069,0,Pulled back to 10 EMA (2.3% away)
2026-05-10,BHP,EMA Crossback,ADD,79.24,76.96,2.9,-7.0,14.6,26.3,22.7,False,False,2330983,0,Pulled back to 10 EMA (0.7% away)
2026-05-10,NSC,EMA Crossback,ADD,313.57,303.95,3.1,-7.0,26.8,24.1,16.4,True,False,1140105,1,Pulled back to 10 EMA (0.6% away)
2026-05-10,NTGR,EMA Crossback,ADD,25.62,24.64,3.8,-7.0,22.6,30.3,18.7,True,False,456389,0,Pulled back to 10 EMA (1.3% away)
2026-05-10,RBA,EMA Crossback,ADD,106.53,102.82,3.5,-7.0,26.2,35.2,13.4,True,False,1061703,0,Pulled back to 10 EMA (1.4% away)
2026-05-10,CON,EMA Crossback,ADD,22.82,22.25,2.5,-7.1,19.8,19.2,13.6,True,False,524435,0,Pulled back to 10 EMA (1.0% away)
2026-05-10,COLM,EMA Crossback,ADD,60.5,59.17,2.2,-7.1,19.4,24.8,21.5,True,False,560623,0,Pulled back to 10 EMA (0.1% away)
2026-05-10,AYI,EMA Crossback,ADD,291.03,283.43,2.6,-7.2,9.9,22.5,20.8,False,False,377533,0,Pulled back to 10 EMA (1.0% away)
2026-05-10,VLY,EMA Crossback,ADD,13.65,13.13,3.8,-7.2,28.0,24.5,12.6,True,False,6513664,1,Pulled back to 10 EMA (1.3% away)
2026-05-10,BGS,EMA Crossback,ADD,5.47,5.28,3.5,-7.3,17.4,20.3,19.1,True,False,1652771,1,Pulled back to 10 EMA (1.3% away)
2026-05-10,CSX,EMA Crossback,ADD,45.03,43.35,3.7,-7.3,32.3,27.9,14.5,True,False,12218524,1,Pulled back to 10 EMA (0.8% away)
2026-05-10,ETY,EMA Crossback,ADD,14.98,14.41,3.8,-7.3,29.9,30.9,10.4,True,False,329141,0,Pulled back to 10 EMA (1.6% away)
2026-05-10,FBRT,EMA Crossback,ADD,9.12,8.89,2.5,-7.3,17.8,25.7,17.7,True,False,616998,0,Pulled back to 10 EMA (0.6% away)
2026-05-10,SLRC,EMA Crossback,ADD,15.97,15.35,3.9,-7.3,29.4,24.4,14.5,True,False,331936,1,Pulled back to 10 EMA (1.5% away)
2026-05-10,UEC,EMA Crossback,ADD,14.5,14.28,1.5,-7.3,12.7,20.1,18.2,False,False,8249765,0,Pulled back to 10 EMA (0.5% away)
2026-05-10,ADX,EMA Crossback,ADD,24.06,23.3,3.2,-7.4,30.6,31.4,15.2,True,False,328117,0,Pulled back to 10 EMA (0.8% away)
2026-05-10,CARG,EMA Crossback,ADD,37.67,36.07,4.3,-7.4,27.5,31.3,16.3,True,True,887139,0,Pulled back to 10 EMA (1.8% away)
2026-05-10,SVM,EMA Crossback,ADD,12.04,11.79,2.1,-7.4,14.2,27.0,22.1,False,False,3322786,0,Pulled back to 10 EMA (0.1% away)
2026-05-10,TS,EMA Crossback,ADD,63.48,60.53,4.6,-7.4,29.6,34.0,17.8,True,False,1898987,1,Pulled back to 10 EMA (1.6% away)
2026-05-10,CLBK,EMA Crossback,ADD,19.22,18.29,4.9,-7.5,22.6,30.9,14.3,True,False,234802,0,Pulled back to 10 EMA (2.5% away)
2026-05-10,DEO,EMA Crossback,ADD,80.34,78.1,2.8,-7.5,18.5,30.7,21.3,True,False,1553636,0,Pulled back to 10 EMA (1.3% away)
2026-05-10,EFC,EMA Crossback,ADD,13.11,12.74,2.8,-7.5,38.9,25.6,14.1,True,False,1215790,0,Pulled back to 10 EMA (0.2% away)
2026-05-10,HZO,EMA Crossback,ADD,29.74,28.59,3.9,-7.5,14.2,18.5,22.1,False,False,282068,0,Pulled back to 10 EMA (1.8% away)
2026-05-10,JCI,EMA Crossback,ADD,144.82,139.62,3.6,-7.5,12.5,26.7,19.8,False,False,2918521,0,Pulled back to 10 EMA (1.3% away)
2026-05-10,SVV,EMA Crossback,ADD,8.44,8.31,1.5,-7.5,20.2,24.0,24.2,False,False,933992,0,Pulled back to 10 EMA (0.1% away)
2026-05-10,FIHL,EMA Crossback,ADD,20.88,20.33,2.6,-7.6,37.9,25.1,14.8,True,False,361994,0,Pulled back to 10 EMA (0.1% away)
2026-05-10,LUNR,EMA Crossback,ADD,24.8,24.47,1.3,-7.6,22.9,26.4,18.5,True,False,13776560,0,Pulled back to 10 EMA (2.2% away)
2026-05-10,SFNC,EMA Crossback,ADD,21.42,20.71,3.3,-7.6,27.9,24.1,14.9,True,False,1238683,1,Pulled back to 10 EMA (0.9% away)
2026-05-10,SHG,EMA Crossback,ADD,67.89,65.72,3.2,-7.6,10.5,25.2,22.5,False,False,233452,1,Pulled back to 10 EMA (1.2% away)
2026-05-10,SN,EMA Crossback,ADD,117.41,113.41,3.4,-7.6,11.3,28.3,19.4,False,True,1242771,0,Pulled back to 10 EMA (1.6% away)
2026-05-10,BCAT,EMA Crossback,ADD,15.35,14.7,4.2,-7.7,21.4,34.5,13.5,True,False,543843,0,Pulled back to 10 EMA (2.0% away)
2026-05-10,DLR,EMA Crossback,ADD,196.69,192.81,2.0,-7.7,33.2,31.2,20.3,True,False,2078534,1,Pulled back to 10 EMA (0.4% away)
2026-05-10,SPHR,EMA Crossback,ADD,136.6,129.85,4.9,-7.7,25.7,29.0,16.6,True,True,594331,2,Pulled back to 10 EMA (1.4% away)
2026-05-10,ASB,EMA Crossback,ADD,28.4,27.31,3.8,-7.8,23.9,22.7,15.1,True,False,2069830,1,Pulled back to 10 EMA (1.6% away)
2026-05-10,CSWC,EMA Crossback,ADD,24.3,23.22,4.4,-7.8,33.5,28.5,10.6,True,False,668397,1,Pulled back to 10 EMA (2.1% away)
2026-05-10,IEP,EMA Crossback,ADD,8.33,7.93,4.7,-7.8,31.7,33.3,9.3,True,False,725956,0,Pulled back to 10 EMA (2.1% away)
2026-05-10,LAMR,EMA Crossback,ADD,138.52,133.27,3.8,-7.8,26.3,34.2,15.2,True,False,448515,0,Pulled back to 10 EMA (1.6% away)
2026-05-10,CLDX,EMA Crossback,ADD,33.86,32.61,3.7,-7.9,20.7,29.8,20.1,True,False,888210,0,Pulled back to 10 EMA (1.8% away)
2026-05-10,FHB,EMA Crossback,ADD,27.52,26.38,4.1,-7.9,33.9,20.9,10.6,True,False,1805423,1,Pulled back to 10 EMA (1.7% away)
2026-05-10,FRST,EMA Crossback,ADD,14.57,14.05,3.6,-7.9,35.7,30.9,12.8,True,False,295915,0,Pulled back to 10 EMA (0.8% away)
2026-05-10,AAP,EMA Crossback,ADD,56.9,55.97,1.6,-8.0,21.5,26.0,17.7,True,False,1287383,0,Pulled back to 10 EMA (0.8% away)
2026-05-10,DEA,EMA Crossback,ADD,23.25,22.82,1.8,-8.0,26.3,19.0,14.2,True,False,343586,0,Pulled back to 10 EMA (0.0% away)
2026-05-10,LNC,EMA Crossback,ADD,37.54,36.15,3.7,-8.0,19.4,22.5,16.9,True,False,1465746,0,Pulled back to 10 EMA (1.2% away)
2026-05-10,DOV,EMA Crossback,ADD,223.47,218.05,2.4,-8.1,13.8,22.2,18.7,False,False,1020952,0,Pulled back to 10 EMA (0.4% away)
2026-05-10,EBAY,EMA Crossback,ADD,105.26,100.13,4.9,-8.1,25.8,26.1,26.1,True,False,5815170,1,Pulled back to 10 EMA (1.8% away)
2026-05-10,ECAT,EMA Crossback,ADD,14.95,14.41,3.6,-8.1,19.7,31.2,22.4,True,False,431843,0,Pulled back to 10 EMA (1.5% away)
2026-05-10,HDSN,EMA Crossback,ADD,6.29,6.16,2.1,-8.1,12.3,16.7,19.4,False,False,231008,0,Pulled back to 10 EMA (0.6% away)
2026-05-10,SFBS,EMA Crossback,ADD,79.6,77.36,2.8,-8.1,21.2,22.8,16.8,True,False,238618,0,Pulled back to 10 EMA (0.9% away)
2026-05-10,CUBI,EMA Crossback,ADD,77.2,74.63,3.3,-8.2,18.8,18.0,17.5,True,False,334121,1,Pulled back to 10 EMA (1.0% away)
2026-05-10,ESS,EMA Crossback,ADD,266.69,254.29,4.7,-8.2,24.6,25.9,12.2,True,False,392035,0,Pulled back to 10 EMA (2.2% away)
2026-05-10,IMNM,EMA Crossback,ADD,23.11,22.76,1.5,-8.2,15.0,18.8,17.5,True,False,875587,0,Pulled back to 10 EMA (0.7% away)
2026-05-10,ONB,EMA Crossback,ADD,24.15,23.31,3.5,-8.2,22.3,20.6,16.5,True,False,3122429,0,Pulled back to 10 EMA (1.4% away)
2026-05-10,PECO,EMA Crossback,ADD,39.95,38.76,3.0,-8.2,15.0,22.3,22.9,False,False,829969,0,Pulled back to 10 EMA (0.8% away)
2026-05-10,RELX,EMA Crossback,ADD,36.16,35.28,2.4,-8.2,21.7,34.0,24.4,True,False,2659703,1,Pulled back to 10 EMA (0.1% away)
2026-05-10,SPB,EMA Crossback,ADD,82.38,80.29,2.5,-8.2,19.6,20.5,22.0,False,False,247419,0,Pulled back to 10 EMA (0.3% away)
2026-05-10,BK,EMA Crossback,ADD,132.36,129.56,2.1,-8.3,36.9,26.9,14.1,True,False,3762214,1,Pulled back to 10 EMA (0.4% away)
2026-05-10,EXG,EMA Crossback,ADD,9.43,9.12,3.3,-8.3,19.4,30.4,18.3,True,False,450433,0,Pulled back to 10 EMA (1.4% away)
2026-05-10,GL,EMA Crossback,ADD,154.14,148.76,3.5,-8.3,17.1,16.5,14.9,True,False,453917,0,Pulled back to 10 EMA (1.0% away)
2026-05-10,RQI,EMA Crossback,ADD,13.29,12.84,3.4,-8.3,24.9,32.0,15.9,True,False,286726,0,Pulled back to 10 EMA (1.1% away)
2026-05-10,UNP,EMA Crossback,ADD,264.01,256.05,3.0,-8.3,28.6,27.6,14.4,True,False,3079485,1,Pulled back to 10 EMA (0.4% away)
2026-05-10,AME,EMA Crossback,ADD,234.54,227.99,2.8,-8.4,16.7,27.6,21.8,True,False,1152174,0,Pulled back to 10 EMA (1.1% away)
2026-05-10,DLO,EMA Crossback,ADD,13.7,13.28,3.1,-8.4,14.0,20.5,24.1,False,False,1402823,1,Pulled back to 10 EMA (0.6% away)
2026-05-10,NDSN,EMA Crossback,ADD,282.69,276.81,2.1,-8.4,13.8,23.7,18.1,False,False,311212,0,Pulled back to 10 EMA (0.2% away)
2026-05-10,ACIW,EMA Crossback,ADD,44.16,42.56,3.6,-8.5,13.9,27.1,19.4,False,False,717331,0,Pulled back to 10 EMA (1.3% away)
2026-05-10,ZD,EMA Crossback,ADD,45.82,45.23,1.3,-8.5,33.9,21.5,16.4,True,False,508608,0,Pulled back to 10 EMA (1.1% away)
2026-05-10,CSL,EMA Crossback,ADD,355.38,349.16,1.7,-8.6,23.0,22.4,15.1,True,False,416074,0,Pulled back to 10 EMA (0.4% away)
2026-05-10,EPC,EMA Crossback,ADD,22.83,22.18,2.8,-8.6,20.5,25.5,21.1,True,False,468198,0,Pulled back to 10 EMA (1.0% away)
2026-05-10,FCPT,EMA Crossback,ADD,25.14,24.83,1.2,-8.6,21.9,19.6,20.2,False,False,719981,0,Pulled back to 10 EMA (0.4% away)
2026-05-10,GNTX,EMA Crossback,ADD,22.93,22.48,2.0,-8.6,22.6,28.5,23.3,True,False,2189724,0,Pulled back to 10 EMA (0.2% away)
2026-05-10,NWBI,EMA Crossback,ADD,14.03,13.35,4.9,-8.6,30.4,32.9,14.0,True,False,1041194,2,Pulled back to 10 EMA (2.4% away)
2026-05-10,UMH,EMA Crossback,ADD,15.7,15.26,2.8,-8.6,28.6,26.2,12.0,True,True,597802,0,Pulled back to 10 EMA (0.9% away)
2026-05-10,UNM,EMA Crossback,ADD,80.83,77.16,4.5,-8.6,23.0,29.4,12.3,True,False,1224953,0,Pulled back to 10 EMA (2.2% away)
2026-05-10,WTFC,EMA Crossback,ADD,150.46,145.72,3.1,-8.6,15.7,23.9,18.5,True,False,415308,0,Pulled back to 10 EMA (0.9% away)
2026-05-10,ALLY,EMA Crossback,ADD,43.21,42.77,1.0,-8.7,22.5,22.8,19.7,True,False,3465972,0,Pulled back to 10 EMA (1.4% away)
2026-05-10,CAKE,EMA Crossback,ADD,61.13,60.24,1.5,-8.7,23.6,26.0,14.8,True,False,1223095,0,Pulled back to 10 EMA (0.6% away)
2026-05-10,UE,EMA Crossback,ADD,21.87,21.24,2.9,-8.7,20.2,22.2,17.8,True,False,775581,0,Pulled back to 10 EMA (0.8% away)
2026-05-10,WLY,EMA Crossback,ADD,40.86,39.76,2.7,-8.7,43.7,23.9,16.3,True,False,374101,2,Pulled back to 10 EMA (0.2% away)
2026-05-10,DSGN,EMA Crossback,ADD,13.41,12.67,5.5,-8.8,35.0,28.6,13.0,True,True,376001,2,Pulled back to 10 EMA (1.4% away)
2026-05-10,FTV,EMA Crossback,ADD,60.69,59.36,2.2,-8.8,26.2,16.2,20.3,False,False,2943688,0,Pulled back to 10 EMA (0.0% away)
2026-05-10,ZION,EMA Crossback,ADD,63.13,60.97,3.4,-8.8,21.2,19.5,15.5,True,False,1497306,1,Pulled back to 10 EMA (1.1% away)
2026-05-10,PRTH,EMA Crossback,ADD,5.23,5.13,1.9,-8.9,22.4,26.3,22.5,True,False,221621,1,Pulled back to 10 EMA (0.4% away)
2026-05-10,RIO,EMA Crossback,ADD,100.5,96.97,3.5,-8.9,16.9,28.9,20.6,True,False,2299620,0,Pulled back to 10 EMA (1.4% away)
2026-05-10,BC,EMA Crossback,ADD,78.42,77.42,1.3,-9.0,15.0,17.1,23.1,False,False,789467,0,Pulled back to 10 EMA (0.3% away)
2026-05-10,BGC,EMA Crossback,ADD,11.1,10.97,1.2,-9.0,39.2,26.5,17.3,True,False,2775927,1,Pulled back to 10 EMA (1.2% away)
2026-05-10,BNL,EMA Crossback,ADD,19.77,19.51,1.3,-9.0,20.7,18.9,17.0,True,False,4238157,0,Pulled back to 10 EMA (0.3% away)
2026-05-10,MRTN,EMA Crossback,ADD,14.68,14.29,2.7,-9.1,19.0,21.5,21.8,False,False,896828,2,Pulled back to 10 EMA (0.3% away)
2026-05-10,PBYI,EMA Crossback,ADD,7.35,7.25,1.4,-9.1,18.3,20.8,22.2,False,True,264488,1,Pulled back to 10 EMA (1.3% away)
2026-05-10,ABR,EMA Crossback,ADD,8.0,7.79,2.6,-9.2,11.1,20.9,21.2,False,False,2247416,0,Pulled back to 10 EMA (0.9% away)
2026-05-10,CLM,EMA Crossback,ADD,7.63,7.37,3.4,-9.2,19.8,33.3,16.5,True,False,1686041,0,Pulled back to 10 EMA (1.5% away)
2026-05-10,EFSC,EMA Crossback,ADD,59.26,57.35,3.2,-9.2,17.2,25.9,17.5,True,False,254478,1,Pulled back to 10 EMA (1.3% away)
2026-05-10,NBHC,EMA Crossback,ADD,42.76,41.54,2.8,-9.2,24.4,28.1,20.1,True,False,351945,0,Pulled back to 10 EMA (0.6% away)
2026-05-10,NSA,EMA Crossback,ADD,41.9,41.14,1.8,-9.2,30.2,26.3,20.0,True,False,962059,2,Pulled back to 10 EMA (0.6% away)
2026-05-10,RPRX,EMA Crossback,ADD,50.44,48.67,3.5,-9.2,27.4,24.4,13.0,True,False,2865540,0,Pulled back to 10 EMA (1.3% away)
2026-05-10,WELL,EMA Crossback,ADD,214.3,207.77,3.0,-9.2,16.2,23.1,21.1,True,False,2635713,0,Pulled back to 10 EMA (0.9% away)
2026-05-10,WSFS,EMA Crossback,ADD,71.85,69.29,3.6,-9.2,24.3,24.1,15.4,True,False,372738,1,Pulled back to 10 EMA (1.0% away)
2026-05-10,ARMK,EMA Crossback,ADD,45.26,44.04,2.7,-9.3,24.7,20.7,17.9,True,False,2506359,0,Pulled back to 10 EMA (0.2% away)
2026-05-10,EG,EMA Crossback,ADD,349.68,340.11,2.7,-9.3,31.5,25.8,8.9,True,False,305471,0,Pulled back to 10 EMA (0.6% away)
2026-05-10,RLMD,EMA Crossback,ADD,7.35,7.07,3.9,-9.3,37.3,28.4,14.3,True,False,1261423,4,Pulled back to 10 EMA (0.8% away)
2026-05-10,RNST,EMA Crossback,ADD,39.93,38.94,2.5,-9.3,22.8,20.9,16.3,True,False,569795,1,Pulled back to 10 EMA (0.4% away)
2026-05-10,TIGO,EMA Crossback,ADD,83.79,80.71,3.7,-9.3,22.3,24.3,15.8,True,False,1204110,3,Pulled back to 10 EMA (0.8% away)
2026-05-10,VIRT,EMA Crossback,ADD,50.61,48.1,5.0,-9.3,26.0,31.0,21.4,True,False,1389237,0,Pulled back to 10 EMA (2.3% away)
2026-05-10,CPNG,EMA Crossback,ADD,20.76,20.09,3.2,-9.4,20.4,26.5,17.9,True,False,18236059,0,Pulled back to 10 EMA (1.5% away)
2026-05-10,FFBC,EMA Crossback,ADD,30.44,29.4,3.4,-9.4,30.9,30.1,18.4,True,False,922782,0,Pulled back to 10 EMA (1.0% away)
2026-05-10,FHN,EMA Crossback,ADD,24.78,24.05,2.9,-9.4,20.4,23.7,13.6,True,False,4955889,0,Pulled back to 10 EMA (0.8% away)
2026-05-10,SPG,EMA Crossback,ADD,202.31,198.09,2.1,-9.5,19.6,23.4,18.9,True,False,1161097,0,Pulled back to 10 EMA (0.2% away)
2026-05-10,ACP,EMA Crossback,ADD,5.38,5.26,2.3,-9.6,19.6,24.8,15.6,True,False,618355,0,Pulled back to 10 EMA (0.4% away)
2026-05-10,ETW,EMA Crossback,ADD,9.4,9.16,2.6,-9.6,19.3,28.9,20.3,True,False,293678,0,Pulled back to 10 EMA (0.7% away)
2026-05-10,IMTX,EMA Crossback,ADD,10.95,10.83,1.1,-9.6,17.3,21.2,18.1,True,False,314419,1,Pulled back to 10 EMA (1.6% away)
2026-05-10,MSCI,EMA Crossback,ADD,580.88,570.72,1.7,-9.6,15.4,25.8,26.9,False,False,573482,1,Pulled back to 10 EMA (0.6% away)
2026-05-10,BAC,EMA Crossback,ADD,53.12,51.82,2.4,-9.7,25.4,27.6,17.7,True,False,32509561,0,Pulled back to 10 EMA (0.6% away)
2026-05-10,CFFN,EMA Crossback,ADD,7.78,7.54,3.1,-9.7,23.6,25.7,17.9,True,False,931075,0,Pulled back to 10 EMA (1.1% away)
2026-05-10,DCOM,EMA Crossback,ADD,36.25,35.26,2.7,-9.7,22.9,21.2,14.4,True,False,282458,0,Pulled back to 10 EMA (0.9% away)
2026-05-10,EQIX,EMA Crossback,ADD,1078.46,1055.19,2.2,-9.7,36.7,24.0,21.9,True,False,486438,1,Pulled back to 10 EMA (0.3% away)
2026-05-10,GS,EMA Crossback,ADD,918.89,899.11,2.2,-9.7,17.3,23.4,19.9,True,False,1854381,0,Pulled back to 10 EMA (0.1% away)
2026-05-10,IHG,EMA Crossback,ADD,141.85,139.96,1.3,-9.7,13.2,23.3,28.9,False,False,205526,0,Pulled back to 10 EMA (0.5% away)
2026-05-10,BPOP,EMA Crossback,ADD,148.37,144.65,2.5,-9.8,32.9,21.7,9.8,True,False,538683,1,Pulled back to 10 EMA (0.1% away)
2026-05-10,FFIN,EMA Crossback,ADD,32.22,31.45,2.4,-9.8,16.2,18.4,17.2,True,False,606650,0,Pulled back to 10 EMA (0.3% away)
2026-05-10,FIBK,EMA Crossback,ADD,35.9,34.42,4.1,-9.8,12.0,24.3,20.8,False,False,1212690,0,Pulled back to 10 EMA (2.1% away)
2026-05-10,PL,EMA Crossback,ADD,37.13,35.32,4.9,-9.8,23.1,25.9,15.8,True,False,10866825,1,Pulled back to 10 EMA (1.5% away)
2026-05-10,PLD,EMA Crossback,ADD,140.27,138.1,1.5,-9.8,22.9,20.3,14.7,True,False,3397470,0,Pulled back to 10 EMA (0.2% away)
2026-05-10,TBBK,EMA Crossback,ADD,59.58,58.3,2.2,-9.8,20.1,22.6,21.5,True,False,371841,0,Pulled back to 10 EMA (0.1% away)
2026-05-10,UGP,EMA Crossback,ADD,5.99,5.76,3.8,-9.8,27.5,28.2,15.6,True,False,2599826,0,Pulled back to 10 EMA (1.4% away)
2026-05-10,COLB,EMA Crossback,ADD,29.71,28.81,3.0,-9.9,19.6,23.5,15.4,True,False,2603086,1,Pulled back to 10 EMA (1.1% away)
2026-05-10,CURB,EMA Crossback,ADD,27.64,27.23,1.5,-9.9,25.3,25.8,17.0,True,True,761960,0,Pulled back to 10 EMA (0.3% away)
2026-05-10,FELE,EMA Crossback,ADD,100.01,98.98,1.0,-9.9,18.0,18.1,29.5,False,False,330421,0,Pulled back to 10 EMA (0.8% away)
2026-05-10,HOPE,EMA Crossback,ADD,12.49,12.18,2.5,-9.9,34.8,24.7,15.2,True,False,929549,1,Pulled back to 10 EMA (0.1% away)
2026-05-10,PRMB,EMA Crossback,ADD,20.27,19.74,2.6,-9.9,19.9,25.4,15.3,True,False,3441540,0,Pulled back to 10 EMA (1.0% away)
2026-05-10,USA,EMA Crossback,ADD,5.81,5.67,2.3,-9.9,16.8,22.6,18.2,True,False,1148938,0,Pulled back to 10 EMA (0.6% away)
2026-05-10,KEY,EMA Crossback,ADD,21.87,21.37,2.3,-10.0,17.1,19.3,16.4,True,False,12299130,1,Pulled back to 10 EMA (0.2% away)
2026-05-10,PHVS,EMA Crossback,ADD,30.02,28.59,4.8,-10.0,23.0,23.2,16.2,True,True,267285,1,Pulled back to 10 EMA (2.0% away)
2026-05-10,ARCC,EMA Crossback,ADD,19.35,18.58,4.0,-10.1,19.4,23.2,15.9,True,False,6322710,0,Pulled back to 10 EMA (2.0% away)
2026-05-10,BA,EMA Crossback,ADD,224.38,220.87,1.6,-10.1,17.3,19.4,23.4,False,False,5914279,0,Pulled back to 10 EMA (0.6% away)
2026-05-10,FITB,EMA Crossback,ADD,50.3,49.11,2.4,-10.1,19.9,20.4,17.8,True,False,5933674,0,Pulled back to 10 EMA (0.4% away)
2026-05-10,GBCI,EMA Crossback,ADD,48.67,47.7,2.0,-10.1,16.5,18.0,20.0,False,False,823894,1,Pulled back to 10 EMA (0.2% away)
2026-05-10,GLPI,EMA Crossback,ADD,47.75,46.67,2.3,-10.1,14.0,23.9,23.5,False,False,1953597,0,Pulled back to 10 EMA (0.5% away)
2026-05-10,MITT,EMA Crossback,ADD,7.92,7.79,1.7,-10.1,18.9,18.7,19.9,False,False,203253,0,Pulled back to 10 EMA (0.0% away)
2026-05-10,QSR,EMA Crossback,ADD,81.67,77.84,4.7,-10.1,22.3,29.5,16.0,True,False,2726487,0,Pulled back to 10 EMA (2.4% away)
2026-05-10,SIGI,EMA Crossback,ADD,82.15,80.87,1.6,-10.1,23.3,25.6,24.8,True,False,588049,0,Pulled back to 10 EMA (0.6% away)
2026-05-10,TFSL,EMA Crossback,ADD,15.02,14.59,2.9,-10.1,18.0,28.7,19.8,True,False,679531,0,Pulled back to 10 EMA (0.8% away)
2026-05-10,EGP,EMA Crossback,ADD,200.4,195.08,2.7,-10.2,24.8,19.3,16.0,True,False,354880,0,Pulled back to 10 EMA (0.5% away)
2026-05-10,FR,EMA Crossback,ADD,61.73,60.91,1.3,-10.2,22.8,21.3,18.0,True,False,792844,0,Pulled back to 10 EMA (0.3% away)
2026-05-10,IGD,EMA Crossback,ADD,5.99,5.88,1.8,-10.2,23.8,30.6,21.9,True,False,271550,0,Pulled back to 10 EMA (0.1% away)
2026-05-10,KFY,EMA Crossback,ADD,66.93,64.83,3.1,-10.2,12.5,23.4,27.1,False,False,417532,0,Pulled back to 10 EMA (0.9% away)
2026-05-10,STWD,EMA Crossback,ADD,18.26,17.83,2.4,-10.2,17.8,17.3,16.8,True,False,2338359,0,Pulled back to 10 EMA (0.5% away)
2026-05-10,TOST,EMA Crossback,ADD,28.54,28.0,1.9,-10.2,12.7,22.0,23.2,False,True,8689525,1,Pulled back to 10 EMA (0.4% away)
2026-05-10,TSLX,EMA Crossback,ADD,19.6,18.74,4.4,-10.2,13.8,27.7,19.8,False,False,566071,0,Pulled back to 10 EMA (2.0% away)
2026-05-10,ABM,EMA Crossback,ADD,40.7,39.61,2.7,-10.3,17.5,17.5,14.5,True,False,401818,0,Pulled back to 10 EMA (1.1% away)
2026-05-10,BGY,EMA Crossback,ADD,5.72,5.62,1.8,-10.3,15.5,30.3,26.1,True,False,310093,0,Pulled back to 10 EMA (0.3% away)
2026-05-10,CRF,EMA Crossback,ADD,7.3,7.07,3.1,-10.3,16.6,32.2,19.0,True,False,1070038,0,Pulled back to 10 EMA (1.3% away)
2026-05-10,MAA,EMA Crossback,ADD,130.16,125.61,3.5,-10.3,17.2,24.5,16.2,True,False,867801,0,Pulled back to 10 EMA (1.6% away)
2026-05-10,NTST,EMA Crossback,ADD,20.32,20.1,1.1,-10.3,15.7,18.8,23.3,False,False,1298640,0,Pulled back to 10 EMA (0.5% away)
2026-05-10,JJSF,EMA Crossback,ADD,84.59,82.46,2.5,-10.4,19.5,22.1,19.0,True,False,225903,0,Pulled back to 10 EMA (0.1% away)
2026-05-10,SND,EMA Crossback,ADD,5.21,5.06,2.9,-10.4,19.4,24.4,18.3,True,False,267075,1,Pulled back to 10 EMA (0.8% away)
2026-05-10,TGT,EMA Crossback,ADD,128.82,125.04,2.9,-10.4,28.5,28.7,14.3,True,False,4252341,1,Pulled back to 10 EMA (0.5% away)
2026-05-10,CUBE,EMA Crossback,ADD,39.17,38.71,1.2,-10.5,17.9,22.9,21.6,True,False,2118849,0,Pulled back to 10 EMA (0.7% away)
2026-05-10,JCAP,EMA Crossback,ADD,20.53,20.21,1.6,-10.5,13.5,16.1,22.2,False,False,263482,0,Pulled back to 10 EMA (0.0% away)
2026-05-10,THG,EMA Crossback,ADD,184.63,178.15,3.5,-10.5,22.5,29.4,11.4,True,False,261091,0,Pulled back to 10 EMA (1.6% away)
2026-05-10,CZR,EMA Crossback,ADD,28.1,27.1,3.6,-10.6,15.5,18.7,14.1,True,False,3423698,0,Pulled back to 10 EMA (1.7% away)
2026-05-10,SWX,EMA Crossback,ADD,93.67,90.13,3.8,-10.6,21.0,26.2,16.0,True,False,429897,0,Pulled back to 10 EMA (1.8% away)
2026-05-10,IBOC,EMA Crossback,ADD,71.76,70.4,1.9,-10.7,22.1,23.1,17.2,True,False,295144,0,Pulled back to 10 EMA (0.2% away)
2026-05-10,JPC,EMA Crossback,ADD,7.99,7.82,2.1,-10.7,12.2,24.2,18.5,False,False,775599,0,Pulled back to 10 EMA (0.6% away)
2026-05-10,NRIX,EMA Crossback,ADD,16.6,16.33,1.6,-10.7,27.0,19.5,12.9,True,False,1003375,2,Pulled back to 10 EMA (0.6% away)
2026-05-10,BANC,EMA Crossback,ADD,18.83,18.31,2.7,-10.8,12.9,22.9,23.5,False,False,2784819,0,Pulled back to 10 EMA (0.9% away)
2026-05-10,CP,EMA Crossback,ADD,83.5,82.58,1.1,-10.8,19.8,22.2,21.1,True,False,2730251,0,Pulled back to 10 EMA (1.0% away)
2026-05-10,INMD,EMA Crossback,ADD,14.4,14.05,2.4,-10.8,10.1,24.1,25.7,False,False,609500,0,Pulled back to 10 EMA (0.7% away)
2026-05-10,KMPR,EMA Crossback,ADD,32.88,32.35,1.6,-10.8,18.0,22.4,19.4,True,True,633006,0,Pulled back to 10 EMA (0.7% away)
2026-05-10,KRNY,EMA Crossback,ADD,8.13,7.89,3.0,-10.8,17.1,20.1,20.4,False,False,273127,0,Pulled back to 10 EMA (1.0% away)
2026-05-10,PBR,EMA Crossback,ADD,21.77,20.83,4.3,-10.8,25.5,36.3,22.8,True,False,21737186,4,Pulled back to 10 EMA (1.4% away)
2026-05-10,PMT,EMA Crossback,ADD,12.13,11.81,2.6,-10.8,22.0,20.1,13.8,True,False,1063856,0,Pulled back to 10 EMA (0.6% away)
2026-05-10,BDJ,EMA Crossback,ADD,9.18,8.99,2.1,-10.9,16.4,24.9,23.5,True,False,508989,0,Pulled back to 10 EMA (0.5% away)
2026-05-10,LADR,EMA Crossback,ADD,10.26,10.1,1.5,-10.9,16.1,16.8,22.8,False,False,1035098,0,Pulled back to 10 EMA (0.1% away)
2026-05-10,MDU,EMA Crossback,ADD,22.46,21.64,3.6,-10.9,15.6,27.0,14.0,True,False,1326912,0,Pulled back to 10 EMA (1.5% away)
2026-05-10,MHD,EMA Crossback,ADD,11.8,11.58,1.8,-10.9,21.0,26.2,23.4,True,False,378408,0,Pulled back to 10 EMA (0.6% away)
2026-05-10,ALL,EMA Crossback,ADD,218.51,212.38,2.8,-11.0,14.8,18.4,17.2,False,False,1256053,0,Pulled back to 10 EMA (1.1% away)
2026-05-10,BOH,EMA Crossback,ADD,79.89,77.26,3.3,-11.0,30.5,29.8,12.8,True,False,410815,0,Pulled back to 10 EMA (1.5% away)
2026-05-10,CFG,EMA Crossback,ADD,64.36,63.23,1.8,-11.0,17.1,20.4,17.5,True,False,4552576,0,Pulled back to 10 EMA (0.1% away)
2026-05-10,FNB,EMA Crossback,ADD,17.9,17.4,2.8,-11.0,13.6,19.8,17.1,False,False,6636523,1,Pulled back to 10 EMA (1.0% away)
2026-05-10,FTI,EMA Crossback,ADD,75.03,72.45,3.4,-11.0,19.0,23.9,19.4,True,False,3301036,0,Pulled back to 10 EMA (0.8% away)
2026-05-10,HAS,EMA Crossback,ADD,94.76,93.07,1.8,-11.0,9.2,20.0,20.0,False,False,1651382,0,Pulled back to 10 EMA (0.3% away)
2026-05-10,HTH,EMA Crossback,ADD,37.76,36.97,2.1,-11.0,20.7,26.2,21.8,True,False,270685,0,Pulled back to 10 EMA (0.5% away)
2026-05-10,IDN,EMA Crossback,ADD,8.08,7.79,3.6,-11.0,38.1,25.6,16.4,True,False,390974,0,Pulled back to 10 EMA (0.0% away)
2026-05-10,KIM,EMA Crossback,ADD,23.54,23.24,1.3,-11.0,25.2,24.2,19.6,True,False,4022484,0,Pulled back to 10 EMA (0.3% away)
2026-05-10,OXLC,EMA Crossback,ADD,10.06,9.8,2.6,-11.0,34.4,31.8,18.6,True,False,928961,1,Pulled back to 10 EMA (0.2% away)
2026-05-10,PFS,EMA Crossback,ADD,22.52,22.1,1.9,-11.0,18.8,17.9,25.3,False,False,905420,0,Pulled back to 10 EMA (0.1% away)
2026-05-10,PNC,EMA Crossback,ADD,221.63,217.41,1.9,-11.0,16.6,20.7,16.3,True,False,2098253,0,Pulled back to 10 EMA (0.2% away)
2026-05-10,RF,EMA Crossback,ADD,28.04,27.53,1.8,-11.0,19.3,17.1,16.9,True,False,9070779,0,Pulled back to 10 EMA (0.0% away)
2026-05-10,TFC,EMA Crossback,ADD,49.95,49.41,1.1,-11.0,26.0,19.7,17.3,True,False,8321373,0,Pulled back to 10 EMA (1.0% away)
2026-05-10,CLH,EMA Crossback,ADD,313.7,301.29,4.0,-11.1,35.4,24.4,12.3,True,False,436453,0,Pulled back to 10 EMA (1.7% away)
2026-05-10,DUOL,EMA Crossback,ADD,104.03,102.06,1.9,-11.1,18.3,23.1,26.3,False,True,2022505,2,Pulled back to 10 EMA (1.2% away)
2026-05-10,JPM,EMA Crossback,ADD,309.4,304.79,1.5,-11.1,21.5,24.2,16.2,True,False,7453113,0,Pulled back to 10 EMA (0.2% away)
2026-05-10,RDN,EMA Crossback,ADD,35.58,34.87,2.0,-11.1,29.7,27.1,18.5,True,False,959552,0,Pulled back to 10 EMA (0.2% away)
2026-05-10,WPC,EMA Crossback,ADD,73.18,71.5,2.3,-11.1,21.1,23.0,16.4,True,False,1116882,0,Pulled back to 10 EMA (0.6% away)
2026-05-10,CIM,EMA Crossback,ADD,13.64,13.29,2.6,-11.2,16.6,22.5,17.8,True,False,663581,0,Pulled back to 10 EMA (0.4% away)
2026-05-10,FMNB,EMA Crossback,ADD,14.15,13.76,2.8,-11.2,39.6,28.2,14.6,True,False,301214,0,Pulled back to 10 EMA (0.7% away)
2026-05-10,GBDC,EMA Crossback,ADD,13.4,13.1,2.3,-11.2,17.1,26.8,28.4,False,False,1944991,0,Pulled back to 10 EMA (0.1% away)
2026-05-10,OCFC,EMA Crossback,ADD,19.05,18.55,2.6,-11.2,22.5,20.0,17.4,True,False,687672,0,Pulled back to 10 EMA (0.8% away)
2026-05-10,STN,EMA Crossback,ADD,92.17,89.01,3.4,-11.2,13.1,21.7,17.5,False,False,303039,0,Pulled back to 10 EMA (1.9% away)
2026-05-10,UTF,EMA Crossback,ADD,27.23,26.22,3.7,-11.2,20.1,28.4,11.9,True,False,300123,0,Pulled back to 10 EMA (2.0% away)
2026-05-10,IVT,EMA Crossback,ADD,32.12,31.66,1.4,-11.3,23.1,20.0,23.3,False,False,399008,0,Pulled back to 10 EMA (0.1% away)
2026-05-10,NLY,EMA Crossback,ADD,22.38,22.12,1.2,-11.3,19.1,21.5,19.2,True,False,5252568,0,Pulled back to 10 EMA (0.7% away)
2026-05-10,ARI,EMA Crossback,ADD,11.02,10.8,2.0,-11.4,21.1,23.4,20.5,True,False,1413207,0,Pulled back to 10 EMA (0.3% away)
2026-05-10,CHA,EMA Crossback,ADD,10.88,10.53,3.2,-11.4,19.7,22.5,13.9,True,False,396597,1,Pulled back to 10 EMA (0.6% away)
2026-05-10,OZK,EMA Crossback,ADD,48.48,47.19,2.7,-11.4,13.1,20.2,19.1,False,False,1201997,0,Pulled back to 10 EMA (0.9% away)
2026-05-10,BHF,EMA Crossback,ADD,62.73,61.17,2.5,-11.5,22.0,27.1,14.6,True,False,470789,0,Pulled back to 10 EMA (0.9% away)
2026-05-10,CBSH,EMA Crossback,ADD,52.13,50.51,3.1,-11.5,19.8,20.3,10.7,True,False,1223017,0,Pulled back to 10 EMA (1.3% away)
2026-05-10,DNP,EMA Crossback,ADD,10.71,10.5,2.0,-11.5,21.4,22.0,19.3,True,False,625325,0,Pulled back to 10 EMA (0.1% away)
2026-05-10,RAAQ,EMA Crossback,ADD,10.85,10.65,1.8,-11.5,32.9,27.0,13.7,True,False,261374,0,Pulled back to 10 EMA (0.1% away)
2026-05-10,BRX,EMA Crossback,ADD,30.12,29.7,1.4,-11.6,28.0,25.3,13.8,True,False,2340965,0,Pulled back to 10 EMA (0.1% away)
2026-05-10,CTLP,EMA Crossback,ADD,11.2,10.76,3.9,-11.6,26.2,33.3,11.6,True,True,1309146,0,Pulled back to 10 EMA (2.2% away)
2026-05-10,MSGS,EMA Crossback,ADD,338.11,328.96,2.7,-11.6,13.1,22.9,22.4,False,False,203365,0,Pulled back to 10 EMA (0.7% away)
2026-05-10,MUC,EMA Crossback,ADD,10.78,10.63,1.4,-11.6,14.7,17.4,17.4,False,False,231680,0,Pulled back to 10 EMA (0.0% away)
2026-05-10,NWE,EMA Crossback,ADD,70.99,70.25,1.0,-11.6,13.9,20.7,17.9,False,False,425087,0,Pulled back to 10 EMA (0.8% away)
2026-05-10,RTO,EMA Crossback,ADD,33.81,32.98,2.4,-11.6,16.8,31.2,22.7,True,False,984013,0,Pulled back to 10 EMA (0.6% away)
2026-05-10,SLAB,EMA Crossback,ADD,218.27,211.69,3.0,-11.6,56.1,33.2,6.9,True,False,404121,1,Pulled back to 10 EMA (1.1% away)
2026-05-10,STBA,EMA Crossback,ADD,44.77,43.19,3.5,-11.6,16.7,21.9,17.2,True,False,204575,0,Pulled back to 10 EMA (1.7% away)
2026-05-10,GOF,EMA Crossback,ADD,11.43,11.17,2.3,-11.7,27.3,29.4,14.4,True,False,1072717,0,Pulled back to 10 EMA (0.7% away)
2026-05-10,NMFC,EMA Crossback,ADD,8.41,8.16,3.0,-11.7,15.0,26.0,31.3,False,True,677190,0,Pulled back to 10 EMA (0.7% away)
2026-05-10,CVBF,EMA Crossback,ADD,20.54,20.0,2.6,-11.8,18.2,21.1,15.8,True,False,2432204,0,Pulled back to 10 EMA (1.0% away)
2026-05-10,USB,EMA Crossback,ADD,55.6,54.98,1.1,-11.8,14.6,21.1,19.5,False,False,8352612,0,Pulled back to 10 EMA (0.6% away)
2026-05-10,FFIC,EMA Crossback,ADD,16.16,15.76,2.5,-11.9,18.1,18.6,19.3,False,False,212028,0,Pulled back to 10 EMA (0.8% away)
2026-05-10,FULT,EMA Crossback,ADD,21.58,21.23,1.6,-11.9,22.8,17.3,15.9,True,False,1873266,0,Pulled back to 10 EMA (0.1% away)
2026-05-10,HFWA,EMA Crossback,ADD,27.52,26.84,2.5,-11.9,28.0,21.7,11.9,True,False,252855,0,Pulled back to 10 EMA (0.7% away)
2026-05-10,TBPH,EMA Crossback,ADD,16.73,16.36,2.2,-11.9,23.0,27.9,14.7,True,False,341420,1,Pulled back to 10 EMA (0.2% away)
2026-05-10,TRIP,EMA Crossback,ADD,11.28,10.93,3.1,-11.9,19.8,22.1,15.1,True,False,2865784,0,Pulled back to 10 EMA (1.1% away)
2026-05-10,TRMK,EMA Crossback,ADD,44.76,43.93,1.9,-11.9,21.2,25.6,18.1,True,False,347605,0,Pulled back to 10 EMA (0.2% away)
2026-05-10,UCB,EMA Crossback,ADD,33.58,32.9,2.0,-11.9,21.6,23.7,18.9,True,False,859706,0,Pulled back to 10 EMA (0.4% away)
2026-05-10,AFL,EMA Crossback,ADD,114.46,112.48,1.7,-12.0,20.0,18.9,24.6,False,False,2101309,0,Pulled back to 10 EMA (0.1% away)
2026-05-10,APAM,EMA Crossback,ADD,37.58,37.0,1.6,-12.0,16.4,14.4,21.0,False,False,750158,0,Pulled back to 10 EMA (0.4% away)
2026-05-10,GNW,EMA Crossback,ADD,8.87,8.67,2.3,-12.0,22.7,25.3,20.2,True,False,2552223,0,Pulled back to 10 EMA (0.2% away)
2026-05-10,HWC,EMA Crossback,ADD,67.44,66.28,1.7,-12.1,14.0,16.3,17.6,False,False,747592,0,Pulled back to 10 EMA (0.2% away)
2026-05-10,WAB,EMA Crossback,ADD,263.44,259.35,1.6,-12.1,11.8,22.1,20.8,False,False,1052831,0,Pulled back to 10 EMA (0.2% away)
2026-05-10,BANR,EMA Crossback,ADD,64.98,64.1,1.4,-12.2,30.2,23.6,17.1,True,False,224793,1,Pulled back to 10 EMA (0.9% away)
2026-05-10,BUSE,EMA Crossback,ADD,26.56,25.85,2.7,-12.2,19.1,23.3,18.2,True,False,514597,0,Pulled back to 10 EMA (1.1% away)
2026-05-10,CPT,EMA Crossback,ADD,104.73,101.84,2.8,-12.2,17.6,21.0,15.4,True,False,1065996,0,Pulled back to 10 EMA (0.9% away)
2026-05-10,CVGW,EMA Crossback,ADD,28.03,27.18,3.0,-12.2,31.2,28.6,14.0,True,False,361451,0,Pulled back to 10 EMA (0.7% away)
2026-05-10,NRK,EMA Crossback,ADD,10.6,10.36,2.3,-12.2,30.3,29.8,13.2,True,False,250186,0,Pulled back to 10 EMA (0.7% away)
2026-05-10,PFN,EMA Crossback,ADD,7.14,6.96,2.5,-12.2,17.3,28.6,20.9,True,False,354875,0,Pulled back to 10 EMA (0.8% away)
2026-05-10,SDRL,EMA Crossback,ADD,48.9,47.33,3.2,-12.2,18.2,23.8,17.0,True,False,591108,0,Pulled back to 10 EMA (0.5% away)
2026-05-10,AEP,EMA Crossback,ADD,137.04,133.01,2.9,-12.3,14.0,25.7,16.1,False,True,2521097,0,Pulled back to 10 EMA (1.4% away)
2026-05-10,NAC,EMA Crossback,ADD,11.89,11.67,1.8,-12.3,22.4,23.0,12.7,True,False,572747,0,Pulled back to 10 EMA (0.4% away)
2026-05-10,VMC,EMA Crossback,ADD,291.51,287.25,1.5,-12.3,14.9,22.2,19.2,False,False,881451,0,Pulled back to 10 EMA (0.3% away)
2026-05-10,NCNO,EMA Crossback,ADD,17.96,17.3,3.6,-12.4,24.4,26.3,19.7,True,False,3059727,0,Pulled back to 10 EMA (1.5% away)
2026-05-10,PUK,EMA Crossback,ADD,30.24,29.82,1.4,-12.4,12.8,19.3,29.3,False,False,764471,0,Pulled back to 10 EMA (0.2% away)
2026-05-10,SSB,EMA Crossback,ADD,97.36,96.02,1.4,-12.4,15.3,21.1,25.7,False,False,905200,0,Pulled back to 10 EMA (0.0% away)
2026-05-10,WYNN,EMA Crossback,ADD,106.24,104.3,1.8,-12.4,13.1,23.0,19.7,False,False,1306724,0,Pulled back to 10 EMA (0.5% away)
2026-05-10,APD,EMA Crossback,ADD,303.93,294.86,3.0,-12.5,11.6,23.8,18.9,False,False,988932,0,Pulled back to 10 EMA (1.2% away)
2026-05-10,DSU,EMA Crossback,ADD,9.88,9.72,1.6,-12.5,24.4,30.8,14.0,True,False,282945,0,Pulled back to 10 EMA (0.0% away)
2026-05-10,GEO,EMA Crossback,ADD,18.36,18.05,1.7,-12.5,25.5,20.3,16.7,True,False,1423469,2,Pulled back to 10 EMA (1.0% away)
2026-05-10,NRDS,EMA Crossback,ADD,10.89,10.65,2.2,-12.5,10.6,23.5,23.1,False,True,502718,0,Pulled back to 10 EMA (0.4% away)
2026-05-10,ZTO,EMA Crossback,ADD,25.37,24.89,1.9,-12.5,7.9,22.1,22.8,False,False,1319728,0,Pulled back to 10 EMA (0.1% away)
2026-05-10,NVG,EMA Crossback,ADD,12.57,12.44,1.0,-12.6,15.3,13.7,23.5,False,False,507234,0,Pulled back to 10 EMA (0.0% away)
2026-05-10,NZF,EMA Crossback,ADD,12.56,12.39,1.4,-12.6,20.5,20.9,20.7,True,False,474627,0,Pulled back to 10 EMA (0.1% away)
2026-05-10,UBSI,EMA Crossback,ADD,43.56,42.87,1.6,-12.6,25.8,21.8,17.1,True,False,796914,0,Pulled back to 10 EMA (0.1% away)
2026-05-10,BCAR,EMA Crossback,ADD,10.45,10.13,3.0,-12.7,41.1,57.4,8.1,True,True,531843,0,Pulled back to 10 EMA (1.7% away)
2026-05-10,CCI,EMA Crossback,ADD,89.1,85.71,3.8,-12.9,13.1,26.8,17.8,False,False,2864018,0,Pulled back to 10 EMA (1.9% away)
2026-05-10,OII,EMA Crossback,ADD,37.66,36.68,2.6,-12.9,9.4,20.5,20.0,False,False,1157323,0,Pulled back to 10 EMA (0.8% away)
2026-05-10,SWBI,EMA Crossback,ADD,15.19,14.79,2.7,-12.9,36.1,20.5,14.0,True,False,511044,1,Pulled back to 10 EMA (0.4% away)
2026-05-10,AN,EMA Crossback,ADD,202.29,200.17,1.0,-13.0,13.7,18.5,16.2,False,False,377908,0,Pulled back to 10 EMA (0.8% away)
2026-05-10,LYFT,EMA Crossback,ADD,14.09,13.95,1.0,-13.0,14.1,25.3,19.6,False,False,12478911,0,Pulled back to 10 EMA (0.6% away)
2026-05-10,ROST,EMA Crossback,ADD,227.42,221.83,2.5,-13.0,15.1,21.0,17.4,True,False,1909909,0,Pulled back to 10 EMA (0.6% away)
2026-05-10,WBS,EMA Crossback,ADD,72.16,70.94,1.7,-13.1,14.6,25.2,22.7,False,False,2481757,0,Pulled back to 10 EMA (0.3% away)
2026-05-10,DSL,EMA Crossback,ADD,11.1,10.88,2.0,-13.2,15.9,27.3,19.0,True,False,441247,0,Pulled back to 10 EMA (0.5% away)
2026-05-10,FCF,EMA Crossback,ADD,18.6,18.28,1.7,-13.3,19.1,22.7,22.2,True,False,699450,0,Pulled back to 10 EMA (0.1% away)
2026-05-10,SVAC,EMA Crossback,ADD,10.4,10.25,1.4,-13.3,26.7,21.9,12.9,True,False,214186,0,Pulled back to 10 EMA (0.1% away)
2026-05-10,VMO,EMA Crossback,ADD,9.7,9.55,1.5,-13.3,14.8,20.4,23.5,False,False,246316,0,Pulled back to 10 EMA (0.5% away)
2026-05-10,ETR,EMA Crossback,ADD,117.36,112.91,3.8,-13.4,20.2,27.0,15.5,True,False,2505272,0,Pulled back to 10 EMA (1.7% away)
2026-05-10,ARCT,EMA Crossback,ADD,8.41,8.33,1.0,-13.5,20.7,17.2,17.4,False,False,347100,0,Pulled back to 10 EMA (1.5% away)
2026-05-10,BIT,EMA Crossback,ADD,12.76,12.56,1.6,-13.5,18.8,22.4,17.8,True,False,277669,0,Pulled back to 10 EMA (0.2% away)
2026-05-10,MCO,EMA Crossback,ADD,454.55,447.83,1.5,-13.5,15.6,23.2,22.6,True,False,986239,0,Pulled back to 10 EMA (0.2% away)
2026-05-10,RGA,EMA Crossback,ADD,213.46,207.17,2.9,-13.5,9.9,20.4,20.6,False,False,287967,0,Pulled back to 10 EMA (1.4% away)
2026-05-10,SBAC,EMA Crossback,ADD,217.38,211.13,2.9,-13.5,28.1,22.7,20.2,True,False,1268332,1,Pulled back to 10 EMA (0.0% away)
2026-05-10,NI,EMA Crossback,ADD,48.19,47.29,1.9,-13.6,11.9,21.2,19.4,False,False,4681242,0,Pulled back to 10 EMA (0.3% away)
2026-05-10,STEL,EMA Crossback,ADD,37.59,36.99,1.6,-13.6,13.7,14.8,20.4,False,False,271078,0,Pulled back to 10 EMA (0.3% away)
2026-05-10,UTHR,EMA Crossback,ADD,572.2,563.71,1.5,-13.6,27.3,22.1,15.1,True,False,425455,2,Pulled back to 10 EMA (0.1% away)
2026-05-10,SHBI,EMA Crossback,ADD,19.58,19.05,2.7,-13.7,11.0,24.1,18.7,False,False,231873,0,Pulled back to 10 EMA (1.2% away)
2026-05-10,TDAY,EMA Crossback,ADD,7.2,7.07,1.9,-13.7,17.4,12.5,19.1,False,False,1745575,0,Pulled back to 10 EMA (0.1% away)
2026-05-10,ACTG,EMA Crossback,ADD,5.12,4.92,3.8,-13.8,19.4,24.7,13.9,True,False,231946,0,Pulled back to 10 EMA (2.0% away)
2026-05-10,AFG,EMA Crossback,ADD,131.63,129.18,1.9,-13.8,18.4,16.0,23.0,False,False,466543,0,Pulled back to 10 EMA (0.4% away)
2026-05-10,JFR,EMA Crossback,ADD,7.49,7.39,1.3,-13.8,12.0,24.7,19.8,False,False,653084,0,Pulled back to 10 EMA (0.0% away)
2026-05-10,NUV,EMA Crossback,ADD,9.18,9.03,1.6,-13.8,18.5,21.4,18.7,True,False,433078,0,Pulled back to 10 EMA (0.5% away)
2026-05-10,SPNT,EMA Crossback,ADD,23.27,22.77,2.2,-13.8,15.3,18.4,15.9,True,False,665118,0,Pulled back to 10 EMA (0.0% away)
2026-05-10,ATII,EMA Crossback,ADD,10.61,10.46,1.4,-13.9,18.4,25.6,26.1,False,False,291093,0,Pulled back to 10 EMA (0.0% away)
2026-05-10,PDI,EMA Crossback,ADD,17.55,17.2,2.0,-13.9,16.7,24.0,24.8,False,False,2061412,0,Pulled back to 10 EMA (0.6% away)
2026-05-10,PRA,EMA Crossback,ADD,24.66,24.39,1.1,-13.9,15.3,24.7,20.5,True,False,854883,0,Pulled back to 10 EMA (0.0% away)
2026-05-10,SLM,EMA Crossback,ADD,22.54,22.28,1.1,-14.1,21.7,20.3,16.1,True,False,3535735,0,Pulled back to 10 EMA (1.2% away)
2026-05-10,VACI,EMA Crossback,ADD,10.09,9.98,1.1,-14.2,47.7,41.4,21.5,True,False,279278,0,Pulled back to 10 EMA (0.2% away)
2026-05-10,HYT,EMA Crossback,ADD,8.63,8.51,1.3,-14.3,16.9,30.6,20.5,True,False,687658,0,Pulled back to 10 EMA (0.1% away)
2026-05-10,PTY,EMA Crossback,ADD,12.24,12.03,1.7,-14.3,19.8,23.8,23.0,True,False,941730,0,Pulled back to 10 EMA (0.3% away)
2026-05-10,WIW,EMA Crossback,ADD,8.52,8.41,1.3,-14.4,31.0,26.4,11.2,True,False,228812,0,Pulled back to 10 EMA (0.1% away)
2026-05-10,SLNO,EMA Crossback,ADD,52.92,50.06,5.4,-14.5,47.2,48.4,14.9,True,False,4039962,1,Pulled back to 10 EMA (0.7% away)
2026-05-10,ARR,EMA Crossback,ADD,17.31,17.13,1.0,-14.6,13.0,16.5,21.3,False,False,3066499,0,Pulled back to 10 EMA (0.6% away)
2026-05-10,NDAQ,EMA Crossback,ADD,89.0,87.78,1.4,-14.6,12.4,22.5,23.5,False,True,3360257,0,Pulled back to 10 EMA (0.8% away)
2026-05-10,TERN,EMA Crossback,ADD,52.97,51.82,2.2,-14.6,49.0,29.6,9.0,True,False,6434601,1,Pulled back to 10 EMA (0.2% away)
2026-05-10,TXNM,EMA Crossback,ADD,59.17,58.16,1.7,-14.6,14.9,21.9,18.6,False,False,1111585,0,Pulled back to 10 EMA (0.4% away)
2026-05-10,DBRG,EMA Crossback,ADD,15.6,15.4,1.3,-14.7,35.4,24.3,16.5,True,False,3289162,0,Pulled back to 10 EMA (0.2% away)
2026-05-10,CAEP,EMA Crossback,ADD,10.43,10.27,1.5,-14.8,68.0,35.5,12.6,True,False,305467,0,Pulled back to 10 EMA (0.2% away)
2026-05-10,CGCT,EMA Crossback,ADD,10.38,10.21,1.6,-14.8,42.5,37.8,10.5,True,False,223472,0,Pulled back to 10 EMA (0.4% away)
2026-05-10,MCW,EMA Crossback,ADD,7.05,6.95,1.4,-14.8,35.8,26.0,18.8,True,False,1801765,2,Pulled back to 10 EMA (0.1% away)
2026-05-10,CWAN,EMA Crossback,ADD,24.19,23.81,1.6,-14.9,32.4,28.2,14.3,True,False,3455226,0,Pulled back to 10 EMA (0.2% away)
2026-05-10,STRC,EMA Crossback,ADD,99.96,98.41,1.5,-14.9,23.6,33.2,12.5,True,False,3844883,0,Pulled back to 10 EMA (0.3% away)
2026-05-10,APLS,EMA Crossback,ADD,40.97,38.49,6.1,-15.0,70.0,65.8,9.0,True,False,3904147,1,Pulled back to 10 EMA (0.5% away)
2026-05-10,LNT,EMA Crossback,ADD,73.07,71.72,1.8,-15.0,10.5,22.0,15.8,False,True,1997913,0,Pulled back to 10 EMA (0.4% away)
2026-05-10,PCN,EMA Crossback,ADD,12.02,11.86,1.3,-15.0,12.7,24.8,22.3,False,False,292282,0,Pulled back to 10 EMA (0.1% away)
2026-05-10,PEBO,EMA Crossback,ADD,34.14,33.67,1.4,-15.0,29.5,22.6,16.1,True,False,295441,0,Pulled back to 10 EMA (0.2% away)
2026-05-10,CCIX,EMA Crossback,ADD,10.78,10.65,1.2,-15.1,15.2,21.7,19.4,True,False,344527,0,Pulled back to 10 EMA (0.1% away)
2026-05-10,DMAA,EMA Crossback,ADD,10.58,10.43,1.4,-15.2,34.2,34.9,15.6,True,False,265437,0,Pulled back to 10 EMA (0.2% away)
2026-05-10,IMXI,EMA Crossback,ADD,15.89,15.72,1.0,-15.3,36.8,28.0,17.0,True,True,343805,0,Pulled back to 10 EMA (0.1% away)
2026-05-10,CSGS,EMA Crossback,ADD,80.35,79.45,1.1,-15.4,58.8,27.3,11.6,True,False,316791,0,Pulled back to 10 EMA (0.0% away)
2026-05-10,PKST,EMA Crossback,ADD,20.99,20.73,1.2,-15.4,70.4,33.6,4.7,True,True,325718,1,Pulled back to 10 EMA (0.1% away)
2026-05-10,SZZL,EMA Crossback,ADD,10.29,10.18,1.0,-15.4,19.8,19.7,16.8,True,False,231311,0,Pulled back to 10 EMA (0.0% away)
2026-05-10,VRSN,EMA Crossback,ADD,275.77,265.73,3.6,-15.4,20.6,23.5,20.0,True,False,856361,2,Pulled back to 10 EMA (1.5% away)
2026-05-10,JHG,EMA Crossback,ADD,51.6,51.0,1.2,-15.5,23.5,28.4,15.8,True,False,1602108,0,Pulled back to 10 EMA (0.0% away)
2026-05-10,SEM,EMA Crossback,ADD,16.44,16.23,1.3,-15.5,40.2,29.8,12.6,True,False,1490267,1,Pulled back to 10 EMA (0.1% away)
2026-05-10,AUPH,EMA Crossback,ADD,16.04,15.59,2.8,-15.6,24.2,29.8,18.1,True,False,998484,0,Pulled back to 10 EMA (1.2% away)
2026-05-10,NJR,EMA Crossback,ADD,55.99,55.25,1.3,-15.6,17.4,26.3,13.6,True,True,477447,0,Pulled back to 10 EMA (0.0% away)
2026-05-10,KW,EMA Crossback,ADD,10.92,10.77,1.4,-15.7,61.0,30.1,8.3,True,True,712441,1,Pulled back to 10 EMA (0.2% away)
2026-05-10,TPH,EMA Crossback,ADD,46.83,46.3,1.1,-15.7,61.4,29.9,10.3,True,False,1969468,1,Pulled back to 10 EMA (0.1% away)
2026-05-10,VRE,EMA Crossback,ADD,18.94,18.71,1.2,-15.7,59.7,33.3,9.7,True,False,1130630,2,Pulled back to 10 EMA (0.0% away)
2026-05-10,CNTA,EMA Crossback,ADD,39.67,38.07,4.0,-15.8,40.4,36.7,13.9,True,False,2419327,2,Pulled back to 10 EMA (0.5% away)
2026-05-10,MASI,EMA Crossback,ADD,178.58,176.36,1.2,-15.8,48.6,26.6,12.9,True,True,636014,1,Pulled back to 10 EMA (0.1% away)
2026-05-10,TALK,EMA Crossback,ADD,5.2,5.12,1.6,-15.8,29.6,26.9,14.9,True,True,1599590,2,Pulled back to 10 EMA (0.2% away)
2026-05-10,VMD,EMA Crossback,ADD,9.7,9.54,1.7,-16.4,11.5,18.5,25.7,False,False,244301,0,Pulled back to 10 EMA (0.1% away)
2026-05-10,EWCZ,EMA Crossback,ADD,5.81,5.75,1.1,-16.5,59.9,26.5,11.3,True,True,422378,0,Pulled back to 10 EMA (0.0% away)
2026-05-10,BP,EMA Crossback,ADD,46.5,45.72,1.7,-17.9,16.1,28.9,22.4,True,False,10408792,0,Pulled back to 10 EMA (0.1% away)
2026-05-10,LC,EMA Crossback,ADD,17.07,16.38,4.1,-0.0,28.7,25.3,14.4,True,False,2769305,1,Pulled back to 10 EMA (0.8% away)
2026-05-10,BIRD,Wedge Drop,SELL,5.62,,0.0,101.2,46.0,41.0,18.8,True,False,18322364,0,Price lost the 20 EMA — Wedge Drop confirmed
2026-05-10,WSHP,Wedge Drop,SELL,7.34,,0.0,16.7,37.7,41.3,21.6,True,False,2399966,0,Price lost the 20 EMA — Wedge Drop confirmed
2026-05-10,MRLN,Wedge Drop,SELL,8.97,,0.0,13.8,16.5,25.3,26.1,False,False,1500921,0,Price lost the 20 EMA — Wedge Drop confirmed
2026-05-10,EOSE,Wedge Drop,SELL,6.23,,0.0,12.9,21.7,21.1,20.2,True,False,26616311,0,Price lost the 20 EMA — Wedge Drop confirmed
2026-05-10,DBI,Wedge Drop,SELL,7.16,,0.0,6.8,25.4,19.1,25.3,False,False,629003,0,Price lost the 20 EMA — Wedge Drop confirmed
2026-05-10,ALM,Wedge Drop,SELL,20.03,,0.0,4.6,19.4,20.1,20.1,False,False,5012947,0,Price lost the 20 EMA — Wedge Drop confirmed
2026-05-10,BEAM,Wedge Drop,SELL,28.9,,0.0,3.5,18.1,22.0,20.2,True,False,2191628,0,Price lost the 20 EMA — Wedge Drop confirmed
2026-05-10,ADTN,Wedge Drop,SELL,15.3,,0.0,2.5,37.7,30.0,38.0,False,True,2922542,0,Price lost the 20 EMA — Wedge Drop confirmed
2026-05-10,KNF,Wedge Drop,SELL,87.12,,0.0,0.6,16.0,22.9,26.2,False,False,417208,0,Price lost the 20 EMA — Wedge Drop confirmed
2026-05-10,GTN,Wedge Drop,SELL,5.48,,0.0,-0.2,22.1,26.1,25.0,True,False,988175,0,Price lost the 20 EMA — Wedge Drop confirmed
2026-05-10,LASR,Wedge Drop,SELL,66.95,,0.0,-0.8,11.8,26.2,25.4,False,False,1045290,0,Price lost the 20 EMA — Wedge Drop confirmed
2026-05-10,INGM,Wedge Drop,SELL,28.47,,0.0,-2.3,36.3,26.5,21.1,True,False,1043057,0,Price lost the 20 EMA — Wedge Drop confirmed
2026-05-10,TER,Wedge Drop,SELL,357.1,,0.0,-2.6,21.7,27.8,29.0,False,False,3532098,0,Price lost the 20 EMA — Wedge Drop confirmed
2026-05-10,KC,Wedge Drop,SELL,15.34,,0.0,-2.8,15.8,30.4,30.4,True,False,1121621,0,Price lost the 20 EMA — Wedge Drop confirmed
2026-05-10,HNI,Wedge Drop,SELL,36.23,,0.0,-3.0,19.8,18.7,21.9,False,False,515197,0,Price lost the 20 EMA — Wedge Drop confirmed
2026-05-10,NKTR,Wedge Drop,SELL,84.16,,0.0,-3.2,31.7,27.7,19.2,True,False,1183114,0,Price lost the 20 EMA — Wedge Drop confirmed
2026-05-10,KLAC,Wedge Drop,SELL,1732.9,,0.0,-3.3,17.9,23.4,28.5,False,False,909465,0,Price lost the 20 EMA — Wedge Drop confirmed
2026-05-10,MC,Wedge Drop,SELL,63.49,,0.0,-3.3,24.6,23.2,28.0,False,False,1131675,0,Price lost the 20 EMA — Wedge Drop confirmed
2026-05-10,INTT,Wedge Drop,SELL,16.33,,0.0,-3.7,39.0,31.6,22.8,True,True,357518,0,Price lost the 20 EMA — Wedge Drop confirmed
2026-05-10,ARHS,Wedge Drop,SELL,7.26,,0.0,-4.0,17.8,21.5,25.3,False,False,1110260,0,Price lost the 20 EMA — Wedge Drop confirmed
2026-05-10,SBGI,Wedge Drop,SELL,14.78,,0.0,-4.5,20.4,21.6,24.2,False,False,449974,0,Price lost the 20 EMA — Wedge Drop confirmed
2026-05-10,TOYO,Wedge Drop,SELL,11.17,,0.0,-4.5,34.8,31.1,18.7,True,False,265917,0,Price lost the 20 EMA — Wedge Drop confirmed
2026-05-10,SWIM,Wedge Drop,SELL,5.86,,0.0,-4.8,19.5,31.0,20.7,True,False,460514,0,Price lost the 20 EMA — Wedge Drop confirmed
2026-05-10,LEG,Wedge Drop,SELL,10.82,,0.0,-5.0,24.4,23.6,23.9,False,False,4025518,0,Price lost the 20 EMA — Wedge Drop confirmed
2026-05-10,NVDA,Wedge Drop,SELL,196.5,,0.0,-5.2,23.0,24.6,24.7,False,False,143421025,0,Price lost the 20 EMA — Wedge Drop confirmed
2026-05-10,SCVL,Wedge Drop,SELL,17.61,,0.0,-5.3,18.2,18.8,24.5,False,False,438316,0,Price lost the 20 EMA — Wedge Drop confirmed
2026-05-10,VIR,Wedge Drop,SELL,10.01,,0.0,-5.3,24.6,28.8,18.1,True,False,1715994,0,Price lost the 20 EMA — Wedge Drop confirmed
2026-05-10,HOOD,Wedge Drop,SELL,77.03,,0.0,-5.4,20.6,27.9,31.8,False,False,33237040,0,Price lost the 20 EMA — Wedge Drop confirmed
2026-05-10,MLKN,Wedge Drop,SELL,15.83,,0.0,-5.4,23.9,18.7,32.3,False,False,743550,0,Price lost the 20 EMA — Wedge Drop confirmed
2026-05-10,PWP,Wedge Drop,SELL,19.56,,0.0,-5.4,31.5,24.4,22.2,True,False,938361,0,Price lost the 20 EMA — Wedge Drop confirmed
2026-05-10,AMCX,Wedge Drop,SELL,8.12,,0.0,-5.8,26.2,22.6,20.5,True,True,373911,0,Price lost the 20 EMA — Wedge Drop confirmed
2026-05-10,MGA,Wedge Drop,SELL,60.05,,0.0,-6.0,16.3,28.7,26.8,True,False,1655976,0,Price lost the 20 EMA — Wedge Drop confirmed
2026-05-10,TILE,Wedge Drop,SELL,27.3,,0.0,-6.1,19.0,17.1,23.4,False,False,501028,0,Price lost the 20 EMA — Wedge Drop confirmed
2026-05-10,MAGN,Wedge Drop,SELL,10.12,,0.0,-6.4,15.0,21.8,21.4,True,False,307843,0,Price lost the 20 EMA — Wedge Drop confirmed
2026-05-10,SERV,Wedge Drop,SELL,9.14,,0.0,-6.4,11.7,21.9,23.1,False,False,3130059,0,Price lost the 20 EMA — Wedge Drop confirmed
2026-05-10,KDK,Wedge Drop,SELL,8.24,,0.0,-6.5,17.5,26.0,27.4,False,False,624012,0,Price lost the 20 EMA — Wedge Drop confirmed
2026-05-10,MPT,Wedge Drop,SELL,5.03,,0.0,-6.5,24.0,17.0,19.4,False,False,4807856,0,Price lost the 20 EMA — Wedge Drop confirmed
2026-05-10,GTES,Wedge Drop,SELL,24.57,,0.0,-6.6,21.0,23.3,20.8,True,False,1854614,0,Price lost the 20 EMA — Wedge Drop confirmed
2026-05-10,MATV,Wedge Drop,SELL,9.14,,0.0,-6.6,25.1,17.4,29.2,False,False,338253,0,Price lost the 20 EMA — Wedge Drop confirmed
2026-05-10,PVH,Wedge Drop,SELL,88.32,,0.0,-6.6,32.7,25.2,25.3,False,False,1147554,0,Price lost the 20 EMA — Wedge Drop confirmed
2026-05-10,VREX,Wedge Drop,SELL,11.53,,0.0,-6.6,23.2,22.2,26.4,False,False,247715,0,Price lost the 20 EMA — Wedge Drop confirmed
2026-05-10,CMCO,Wedge Drop,SELL,15.32,,0.0,-6.9,16.6,17.4,24.0,False,False,309283,0,Price lost the 20 EMA — Wedge Drop confirmed
2026-05-10,LAZ,Wedge Drop,SELL,45.1,,0.0,-7.2,20.2,23.3,23.6,False,True,1337552,0,Price lost the 20 EMA — Wedge Drop confirmed
2026-05-10,VWAV,Wedge Drop,SELL,5.77,,0.0,-7.2,11.7,21.7,22.6,False,False,702681,0,Price lost the 20 EMA — Wedge Drop confirmed
2026-05-10,FIGS,Wedge Drop,SELL,14.54,,0.0,-7.3,21.4,20.3,22.0,False,False,2750345,0,Price lost the 20 EMA — Wedge Drop confirmed
2026-05-10,ADEA,Wedge Drop,SELL,27.82,,0.0,-7.4,43.8,32.0,31.5,True,True,1465427,0,Price lost the 20 EMA — Wedge Drop confirmed
2026-05-10,ALSN,Wedge Drop,SELL,127.37,,0.0,-7.4,24.2,25.3,31.9,False,True,832905,0,Price lost the 20 EMA — Wedge Drop confirmed
2026-05-10,PJT,Wedge Drop,SELL,151.92,,0.0,-7.4,27.7,22.2,16.2,True,False,375943,0,Price lost the 20 EMA — Wedge Drop confirmed
2026-05-10,SAFE,Wedge Drop,SELL,14.62,,0.0,-7.4,27.4,24.2,33.0,False,False,370985,0,Price lost the 20 EMA — Wedge Drop confirmed
2026-05-10,DRTS,Wedge Drop,SELL,7.39,,0.0,-7.6,21.1,30.1,17.8,True,True,399057,0,Price lost the 20 EMA — Wedge Drop confirmed
2026-05-10,PSKY,Wedge Drop,SELL,10.66,,0.0,-7.6,19.3,26.8,29.1,False,False,11067054,0,Price lost the 20 EMA — Wedge Drop confirmed
2026-05-10,BABA,Wedge Drop,SELL,132.26,,0.0,-7.7,14.9,30.1,30.8,False,False,9611047,0,Price lost the 20 EMA — Wedge Drop confirmed
2026-05-10,APG,Wedge Drop,SELL,45.59,,0.0,-7.8,25.6,19.5,24.2,False,False,3053786,0,Price lost the 20 EMA — Wedge Drop confirmed
2026-05-10,APH,Wedge Drop,SELL,136.69,,0.0,-7.8,14.9,22.3,28.4,False,False,7654811,0,Price lost the 20 EMA — Wedge Drop confirmed
2026-05-10,DKS,Wedge Drop,SELL,215.49,,0.0,-7.9,29.9,21.5,20.5,True,False,989033,0,Price lost the 20 EMA — Wedge Drop confirmed
2026-05-10,JD,Wedge Drop,SELL,29.68,,0.0,-8.0,21.7,30.1,24.9,True,False,8515269,0,Price lost the 20 EMA — Wedge Drop confirmed
2026-05-10,MRP,Wedge Drop,SELL,30.09,,0.0,-8.0,24.2,19.1,21.2,False,False,1022557,0,Price lost the 20 EMA — Wedge Drop confirmed
2026-05-10,LZB,Wedge Drop,SELL,34.58,,0.0,-8.1,22.8,19.7,25.2,False,False,341785,0,Price lost the 20 EMA — Wedge Drop confirmed
2026-05-10,INVX,Wedge Drop,SELL,26.68,,0.0,-8.2,25.9,30.8,13.1,True,False,337323,0,Price lost the 20 EMA — Wedge Drop confirmed
2026-05-10,CNMD,Wedge Drop,SELL,36.64,,0.0,-8.3,15.5,20.8,20.3,True,False,415713,0,Price lost the 20 EMA — Wedge Drop confirmed
2026-05-10,CHYM,Wedge Drop,SELL,20.79,,0.0,-8.4,16.1,23.7,27.9,False,True,3670436,0,Price lost the 20 EMA — Wedge Drop confirmed
2026-05-10,VFC,Wedge Drop,SELL,18.32,,0.0,-8.4,18.6,24.9,27.8,False,False,6388956,0,Price lost the 20 EMA — Wedge Drop confirmed
2026-05-10,AORT,Wedge Drop,SELL,35.91,,0.0,-8.5,15.7,18.1,28.1,False,False,342185,0,Price lost the 20 EMA — Wedge Drop confirmed
2026-05-10,EXPI,Wedge Drop,SELL,6.28,,0.0,-8.5,20.0,23.0,21.9,True,False,792122,0,Price lost the 20 EMA — Wedge Drop confirmed
2026-05-10,FWRG,Wedge Drop,SELL,12.18,,0.0,-8.6,23.2,23.3,20.6,True,False,1266701,0,Price lost the 20 EMA — Wedge Drop confirmed
2026-05-10,CXT,Wedge Drop,SELL,44.33,,0.0,-8.7,13.2,18.9,17.9,False,False,588884,0,Price lost the 20 EMA — Wedge Drop confirmed
2026-05-10,DASH,Wedge Drop,SELL,166.14,,0.0,-8.7,15.8,27.5,28.8,False,False,3943723,0,Price lost the 20 EMA — Wedge Drop confirmed
2026-05-10,EVR,Wedge Drop,SELL,326.33,,0.0,-8.8,22.1,23.7,28.8,False,False,554562,0,Price lost the 20 EMA — Wedge Drop confirmed
2026-05-10,NXST,Wedge Drop,SELL,199.14,,0.0,-8.8,13.3,23.4,25.1,False,False,359062,0,Price lost the 20 EMA — Wedge Drop confirmed
2026-05-10,HAYW,Wedge Drop,SELL,14.54,,0.0,-8.9,27.5,20.9,20.3,True,False,2180135,0,Price lost the 20 EMA — Wedge Drop confirmed
2026-05-10,KSS,Wedge Drop,SELL,14.25,,0.0,-8.9,23.7,29.8,16.7,True,False,4123853,0,Price lost the 20 EMA — Wedge Drop confirmed
2026-05-10,ELVN,Wedge Drop,SELL,41.58,,0.0,-9.0,31.4,25.7,20.7,True,False,972939,0,Price lost the 20 EMA — Wedge Drop confirmed
2026-05-10,GPN,Wedge Drop,SELL,69.47,,0.0,-9.0,15.2,28.7,23.7,True,True,2510749,0,Price lost the 20 EMA — Wedge Drop confirmed
2026-05-10,JBGS,Wedge Drop,SELL,15.14,,0.0,-9.0,16.2,24.4,23.6,True,False,456947,0,Price lost the 20 EMA — Wedge Drop confirmed
2026-05-10,COMP,Wedge Drop,SELL,7.26,,0.0,-9.1,20.1,21.9,27.5,False,False,12646614,0,Price lost the 20 EMA — Wedge Drop confirmed
2026-05-10,HLI,Wedge Drop,SELL,150.17,,0.0,-9.1,21.5,15.8,32.0,False,False,504282,0,Price lost the 20 EMA — Wedge Drop confirmed
2026-05-10,CRSP,Wedge Drop,SELL,52.38,,0.0,-9.2,15.4,20.5,25.9,False,True,1825766,0,Price lost the 20 EMA — Wedge Drop confirmed
2026-05-10,SYF,Wedge Drop,SELL,73.78,,0.0,-9.3,20.2,20.1,21.4,False,False,3663325,0,Price lost the 20 EMA — Wedge Drop confirmed
2026-05-10,FIP,Wedge Drop,SELL,5.46,,0.0,-9.4,14.3,25.1,20.3,False,False,868407,0,Price lost the 20 EMA — Wedge Drop confirmed
2026-05-10,SPIR,Wedge Drop,SELL,16.46,,0.0,-9.4,37.9,29.8,18.7,True,False,2789219,0,Price lost the 20 EMA — Wedge Drop confirmed
2026-05-10,WWW,Wedge Drop,SELL,16.84,,0.0,-9.4,15.3,17.2,27.2,False,False,852536,0,Price lost the 20 EMA — Wedge Drop confirmed
2026-05-10,BIRK,Wedge Drop,SELL,37.42,,0.0,-9.5,13.0,21.5,22.1,False,False,1999106,0,Price lost the 20 EMA — Wedge Drop confirmed
2026-05-10,M,Wedge Drop,SELL,19.28,,0.0,-9.5,14.5,18.5,17.3,False,False,4235002,0,Price lost the 20 EMA — Wedge Drop confirmed
2026-05-10,EEFT,Wedge Drop,SELL,70.41,,0.0,-9.6,21.2,23.7,28.1,False,False,658926,0,Price lost the 20 EMA — Wedge Drop confirmed
2026-05-10,RUSHA,Wedge Drop,SELL,70.92,,0.0,-9.6,24.7,22.4,20.1,True,False,382003,0,Price lost the 20 EMA — Wedge Drop confirmed
2026-05-10,UAA,Wedge Drop,SELL,6.27,,0.0,-9.6,10.7,18.4,22.4,False,False,6381623,0,Price lost the 20 EMA — Wedge Drop confirmed
2026-05-10,BHVN,Wedge Drop,SELL,9.71,,0.0,-9.7,15.2,24.4,18.1,True,True,1774449,0,Price lost the 20 EMA — Wedge Drop confirmed
2026-05-10,BKE,Wedge Drop,SELL,53.61,,0.0,-9.9,28.7,19.7,18.9,True,False,362542,0,Price lost the 20 EMA — Wedge Drop confirmed
2026-05-10,ENR,Wedge Drop,SELL,17.85,,0.0,-9.9,25.3,18.4,26.9,False,True,972790,0,Price lost the 20 EMA — Wedge Drop confirmed
2026-05-10,JHX,Wedge Drop,SELL,20.15,,0.0,-9.9,17.3,20.5,30.9,False,False,6473356,0,Price lost the 20 EMA — Wedge Drop confirmed
2026-05-10,CRH,Wedge Drop,SELL,112.5,,0.0,-10.0,17.5,23.9,24.4,False,False,4457455,0,Price lost the 20 EMA — Wedge Drop confirmed
2026-05-10,NNE,Wedge Drop,SELL,22.77,,0.0,-10.0,14.1,18.7,20.0,False,False,2163342,0,Price lost the 20 EMA — Wedge Drop confirmed
2026-05-10,FERG,Wedge Drop,SELL,252.81,,0.0,-10.1,30.0,27.9,22.2,True,False,1303421,0,Price lost the 20 EMA — Wedge Drop confirmed
2026-05-10,LW,Wedge Drop,SELL,42.47,,0.0,-10.1,18.9,15.9,20.8,False,False,1672803,0,Price lost the 20 EMA — Wedge Drop confirmed
2026-05-10,IBP,Wedge Drop,SELL,282.53,,0.0,-10.2,19.2,17.6,25.7,False,False,296672,0,Price lost the 20 EMA — Wedge Drop confirmed
2026-05-10,META,Wedge Drop,SELL,604.96,,0.0,-10.2,22.9,22.7,36.2,False,False,15528546,0,Price lost the 20 EMA — Wedge Drop confirmed
2026-05-10,SPXC,Wedge Drop,SELL,207.81,,0.0,-10.3,19.5,17.9,25.7,False,False,501363,0,Price lost the 20 EMA — Wedge Drop confirmed
2026-05-10,AHR,Wedge Drop,SELL,49.68,,0.0,-10.4,13.0,16.2,21.7,False,False,2152534,0,Price lost the 20 EMA — Wedge Drop confirmed
2026-05-10,ARCO,Wedge Drop,SELL,8.8,,0.0,-10.4,16.0,20.0,22.2,False,False,1106822,0,Price lost the 20 EMA — Wedge Drop confirmed
2026-05-10,NXE,Wedge Drop,SELL,12.12,,0.0,-10.4,12.4,22.4,20.1,False,False,5114599,0,Price lost the 20 EMA — Wedge Drop confirmed
2026-05-10,UA,Wedge Drop,SELL,6.08,,0.0,-10.4,10.8,19.1,22.3,False,False,2333928,0,Price lost the 20 EMA — Wedge Drop confirmed
2026-05-10,EDD,Wedge Drop,SELL,5.5,,0.0,-10.5,17.2,20.9,28.1,False,False,341006,0,Price lost the 20 EMA — Wedge Drop confirmed
2026-05-10,LPTH,Wedge Drop,SELL,12.1,,0.0,-10.5,22.6,25.8,17.7,True,False,2927117,0,Price lost the 20 EMA — Wedge Drop confirmed
2026-05-10,ADT,Wedge Drop,SELL,7.01,,0.0,-10.6,20.1,28.1,23.1,True,True,9888485,0,Price lost the 20 EMA — Wedge Drop confirmed
2026-05-10,OCC,Wedge Drop,SELL,9.93,,0.0,-10.6,39.0,31.4,19.5,True,False,265509,0,Price lost the 20 EMA — Wedge Drop confirmed
2026-05-10,UHAL,Wedge Drop,SELL,51.17,,0.0,-10.6,22.7,19.6,21.5,False,False,205711,0,Price lost the 20 EMA — Wedge Drop confirmed
2026-05-10,VSCO,Wedge Drop,SELL,50.76,,0.0,-10.6,13.8,21.4,21.1,False,False,1721462,0,Price lost the 20 EMA — Wedge Drop confirmed
2026-05-10,AGNC,Wedge Drop,SELL,10.72,,0.0,-10.7,20.9,21.9,22.5,False,False,15147702,0,Price lost the 20 EMA — Wedge Drop confirmed
2026-05-10,GME,Wedge Drop,SELL,24.23,,0.0,-10.8,25.3,21.9,15.6,True,True,9091136,0,Price lost the 20 EMA — Wedge Drop confirmed
2026-05-10,UPBD,Wedge Drop,SELL,18.73,,0.0,-10.8,23.7,24.8,16.6,True,False,804445,0,Price lost the 20 EMA — Wedge Drop confirmed
2026-05-10,EYPT,Wedge Drop,SELL,13.75,,0.0,-10.9,12.0,21.7,18.9,False,False,806233,0,Price lost the 20 EMA — Wedge Drop confirmed
2026-05-10,FOXA,Wedge Drop,SELL,62.23,,0.0,-10.9,25.0,17.6,18.5,False,False,2631903,0,Price lost the 20 EMA — Wedge Drop confirmed
2026-05-10,LRN,Wedge Drop,SELL,93.76,,0.0,-10.9,26.7,15.9,22.6,False,False,711140,0,Price lost the 20 EMA — Wedge Drop confirmed
2026-05-10,MAR,Wedge Drop,SELL,354.52,,0.0,-10.9,18.6,21.1,24.5,False,False,1376815,0,Price lost the 20 EMA — Wedge Drop confirmed
2026-05-10,TFX,Wedge Drop,SELL,120.69,,0.0,-10.9,29.9,21.1,30.3,False,False,945702,0,Price lost the 20 EMA — Wedge Drop confirmed
2026-05-10,ZG,Wedge Drop,SELL,43.88,,0.0,-10.9,15.3,22.9,22.4,True,False,794198,0,Price lost the 20 EMA — Wedge Drop confirmed
2026-05-10,ATHM,Wedge Drop,SELL,18.33,,0.0,-11.0,17.1,20.2,19.8,True,False,498914,0,Price lost the 20 EMA — Wedge Drop confirmed
2026-05-10,KMTS,Wedge Drop,SELL,20.25,,0.0,-11.0,15.2,20.9,24.0,False,False,242326,0,Price lost the 20 EMA — Wedge Drop confirmed
2026-05-10,CBRE,Wedge Drop,SELL,142.57,,0.0,-11.1,21.9,14.7,24.6,False,False,1843957,0,Price lost the 20 EMA — Wedge Drop confirmed
2026-05-10,CNI,Wedge Drop,SELL,109.99,,0.0,-11.1,24.7,20.0,24.5,False,False,1450028,0,Price lost the 20 EMA — Wedge Drop confirmed
2026-05-10,DX,Wedge Drop,SELL,13.34,,0.0,-11.1,14.8,20.1,27.5,False,False,5339239,0,Price lost the 20 EMA — Wedge Drop confirmed
2026-05-10,FLO,Wedge Drop,SELL,8.64,,0.0,-11.1,23.7,18.0,22.9,False,False,4363706,0,Price lost the 20 EMA — Wedge Drop confirmed
2026-05-10,MHO,Wedge Drop,SELL,128.48,,0.0,-11.1,19.9,22.8,26.5,False,False,240719,0,Price lost the 20 EMA — Wedge Drop confirmed
2026-05-10,BNTX,Wedge Drop,SELL,95.5,,0.0,-11.2,19.0,27.0,32.0,False,False,924417,0,Price lost the 20 EMA — Wedge Drop confirmed
2026-05-10,IE,Wedge Drop,SELL,12.79,,0.0,-11.2,18.9,16.0,26.3,False,False,1857998,0,Price lost the 20 EMA — Wedge Drop confirmed
2026-05-10,OCSL,Wedge Drop,SELL,12.16,,0.0,-11.2,30.7,31.9,31.7,True,True,1207121,0,Price lost the 20 EMA — Wedge Drop confirmed
2026-05-10,SHAK,Wedge Drop,SELL,96.61,,0.0,-11.2,16.3,23.8,23.0,True,False,1029384,0,Price lost the 20 EMA — Wedge Drop confirmed
2026-05-10,STAG,Wedge Drop,SELL,38.05,,0.0,-11.2,21.2,16.9,24.6,False,False,1051275,0,Price lost the 20 EMA — Wedge Drop confirmed
2026-05-10,TCOM,Wedge Drop,SELL,52.4,,0.0,-11.2,17.1,25.2,30.4,False,False,2612123,0,Price lost the 20 EMA — Wedge Drop confirmed
2026-05-10,FOX,Wedge Drop,SELL,55.91,,0.0,-11.3,23.6,16.6,18.8,False,False,940041,0,Price lost the 20 EMA — Wedge Drop confirmed
2026-05-10,Z,Wedge Drop,SELL,43.54,,0.0,-11.3,15.2,23.0,22.5,True,False,2747553,0,Price lost the 20 EMA — Wedge Drop confirmed
2026-05-10,KEX,Wedge Drop,SELL,143.37,,0.0,-11.4,23.3,20.0,18.7,True,False,657985,0,Price lost the 20 EMA — Wedge Drop confirmed
2026-05-10,NWS,Wedge Drop,SELL,29.38,,0.0,-11.4,32.2,25.1,18.0,True,True,927030,0,Price lost the 20 EMA — Wedge Drop confirmed
2026-05-10,RLAY,Wedge Drop,SELL,13.0,,0.0,-11.4,37.6,20.0,26.9,False,False,3309869,0,Price lost the 20 EMA — Wedge Drop confirmed
2026-05-10,DIS,Wedge Drop,SELL,100.48,,0.0,-11.5,17.9,24.3,22.8,True,False,7580625,0,Price lost the 20 EMA — Wedge Drop confirmed
2026-05-10,ELPC,Wedge Drop,SELL,12.87,,0.0,-11.5,28.1,26.3,17.9,True,False,320583,0,Price lost the 20 EMA — Wedge Drop confirmed
2026-05-10,EMR,Wedge Drop,SELL,138.38,,0.0,-11.5,13.2,22.9,22.7,False,True,2624776,0,Price lost the 20 EMA — Wedge Drop confirmed
2026-05-10,EXR,Wedge Drop,SELL,139.79,,0.0,-11.5,14.9,20.6,19.4,False,False,1160054,0,Price lost the 20 EMA — Wedge Drop confirmed
2026-05-10,MGRC,Wedge Drop,SELL,113.06,,0.0,-11.5,19.2,20.4,30.4,False,False,275564,0,Price lost the 20 EMA — Wedge Drop confirmed
2026-05-10,NAVI,Wedge Drop,SELL,8.71,,0.0,-11.5,22.0,28.5,22.6,True,False,892935,0,Price lost the 20 EMA — Wedge Drop confirmed
2026-05-10,TREX,Wedge Drop,SELL,37.59,,0.0,-11.5,25.1,18.1,28.3,False,False,1675695,0,Price lost the 20 EMA — Wedge Drop confirmed
2026-05-10,AEIS,Wedge Drop,SELL,345.63,,0.0,-11.7,18.2,23.9,31.7,False,True,679042,0,Price lost the 20 EMA — Wedge Drop confirmed
2026-05-10,BCS,Wedge Drop,SELL,22.83,,0.0,-11.7,14.9,24.5,33.0,False,False,7091124,0,Price lost the 20 EMA — Wedge Drop confirmed
2026-05-10,COLD,Wedge Drop,SELL,11.99,,0.0,-11.7,11.9,20.1,18.5,False,False,3457807,0,Price lost the 20 EMA — Wedge Drop confirmed
2026-05-10,LOVE,Wedge Drop,SELL,15.56,,0.0,-11.7,28.5,24.0,19.9,True,False,277232,0,Price lost the 20 EMA — Wedge Drop confirmed
2026-05-10,CAPR,Wedge Drop,SELL,32.96,,0.0,-11.8,16.7,19.9,21.1,False,False,873870,0,Price lost the 20 EMA — Wedge Drop confirmed
2026-05-10,PAY,Wedge Drop,SELL,26.38,,0.0,-11.8,27.1,35.6,11.4,True,True,459048,0,Price lost the 20 EMA — Wedge Drop confirmed
2026-05-10,RH,Wedge Drop,SELL,123.48,,0.0,-11.8,15.8,20.4,30.4,False,False,1064136,0,Price lost the 20 EMA — Wedge Drop confirmed
2026-05-10,DAN,Wedge Drop,SELL,34.63,,0.0,-11.9,17.6,18.7,24.9,False,False,931145,0,Price lost the 20 EMA — Wedge Drop confirmed
2026-05-10,NSSC,Wedge Drop,SELL,41.82,,0.0,-11.9,22.1,19.2,32.9,False,True,346803,0,Price lost the 20 EMA — Wedge Drop confirmed
2026-05-10,NWSA,Wedge Drop,SELL,25.44,,0.0,-11.9,30.9,22.8,16.8,True,True,3249440,0,Price lost the 20 EMA — Wedge Drop confirmed
2026-05-10,USAU,Wedge Drop,SELL,16.03,,0.0,-11.9,11.2,21.4,23.6,False,False,230294,0,Price lost the 20 EMA — Wedge Drop confirmed
2026-05-10,WU,Wedge Drop,SELL,9.12,,0.0,-11.9,17.8,22.0,27.0,False,False,9498303,0,Price lost the 20 EMA — Wedge Drop confirmed
2026-05-10,GM,Wedge Drop,SELL,76.15,,0.0,-12.1,13.2,17.7,24.9,False,False,5913584,0,Price lost the 20 EMA — Wedge Drop confirmed
2026-05-10,JLL,Wedge Drop,SELL,318.13,,0.0,-12.1,22.7,19.8,29.0,False,False,390848,0,Price lost the 20 EMA — Wedge Drop confirmed
2026-05-10,TRNO,Wedge Drop,SELL,65.0,,0.0,-12.1,31.4,11.9,29.5,False,False,517075,0,Price lost the 20 EMA — Wedge Drop confirmed
2026-05-10,BKH,Wedge Drop,SELL,73.84,,0.0,-12.2,13.6,20.6,20.4,False,False,926730,0,Price lost the 20 EMA — Wedge Drop confirmed
2026-05-10,CCJ,Wedge Drop,SELL,114.46,,0.0,-12.2,12.3,20.9,23.0,False,True,3112923,0,Price lost the 20 EMA — Wedge Drop confirmed
2026-05-10,MAN,Wedge Drop,SELL,29.64,,0.0,-12.2,13.3,21.9,22.6,False,False,1143145,0,Price lost the 20 EMA — Wedge Drop confirmed
2026-05-10,SKYQ,Wedge Drop,SELL,5.18,,0.0,-12.2,30.8,27.6,22.7,True,False,10671949,0,Price lost the 20 EMA — Wedge Drop confirmed
2026-05-10,HTCO,Wedge Drop,SELL,7.35,,0.0,-12.3,30.6,52.2,9.8,True,False,1343458,0,Price lost the 20 EMA — Wedge Drop confirmed
2026-05-10,NSIT,Wedge Drop,SELL,71.34,,0.0,-12.3,17.8,19.6,26.9,False,False,345512,0,Price lost the 20 EMA — Wedge Drop confirmed
2026-05-10,CHDN,Wedge Drop,SELL,92.66,,0.0,-12.4,23.7,23.3,26.9,False,False,1064260,0,Price lost the 20 EMA — Wedge Drop confirmed
2026-05-10,KMT,Wedge Drop,SELL,37.51,,0.0,-12.4,15.3,16.5,23.5,False,False,939301,0,Price lost the 20 EMA — Wedge Drop confirmed
2026-05-10,SKT,Wedge Drop,SELL,36.2,,0.0,-12.4,25.5,19.3,14.7,True,False,619976,0,Price lost the 20 EMA — Wedge Drop confirmed
2026-05-10,AXP,Wedge Drop,SELL,315.95,,0.0,-12.5,22.7,25.9,19.0,True,False,3093604,0,Price lost the 20 EMA — Wedge Drop confirmed
2026-05-10,BXMT,Wedge Drop,SELL,19.12,,0.0,-12.5,25.9,16.4,23.0,False,False,1424113,0,Price lost the 20 EMA — Wedge Drop confirmed
2026-05-10,DHI,Wedge Drop,SELL,146.47,,0.0,-12.5,26.0,21.8,29.0,False,False,2550302,0,Price lost the 20 EMA — Wedge Drop confirmed
2026-05-10,MIDD,Wedge Drop,SELL,139.46,,0.0,-12.5,15.5,18.4,20.9,False,False,557275,0,Price lost the 20 EMA — Wedge Drop confirmed
2026-05-10,HSBC,Wedge Drop,SELL,87.4,,0.0,-12.6,14.8,25.3,36.8,False,True,1742757,0,Price lost the 20 EMA — Wedge Drop confirmed
2026-05-10,HSAI,Wedge Drop,SELL,21.38,,0.0,-12.6,12.1,25.7,25.6,False,False,1578508,0,Price lost the 20 EMA — Wedge Drop confirmed
2026-05-10,IAC,Wedge Drop,SELL,41.36,,0.0,-12.6,25.0,25.6,31.9,False,True,1136317,0,Price lost the 20 EMA — Wedge Drop confirmed
2026-05-10,ZYME,Wedge Drop,SELL,26.68,,0.0,-12.6,27.2,24.4,19.1,True,False,541711,0,Price lost the 20 EMA — Wedge Drop confirmed
2026-05-10,HLIO,Wedge Drop,SELL,67.8,,0.0,-12.7,10.1,19.0,20.9,False,False,290171,0,Price lost the 20 EMA — Wedge Drop confirmed
2026-05-10,KNX,Wedge Drop,SELL,61.62,,0.0,-12.7,25.2,21.0,20.8,True,True,2965118,0,Price lost the 20 EMA — Wedge Drop confirmed
2026-05-10,SAN,Wedge Drop,SELL,11.88,,0.0,-12.7,11.6,25.0,34.6,False,False,8397740,0,Price lost the 20 EMA — Wedge Drop confirmed
2026-05-10,SHC,Wedge Drop,SELL,15.33,,0.0,-12.7,19.3,21.0,34.6,False,True,2652284,0,Price lost the 20 EMA — Wedge Drop confirmed
2026-05-10,SONO,Wedge Drop,SELL,14.01,,0.0,-12.7,18.6,23.7,29.0,False,True,1309799,0,Price lost the 20 EMA — Wedge Drop confirmed
2026-05-10,AZO,Wedge Drop,SELL,3540.92,,0.0,-12.8,18.6,22.4,20.1,True,False,221388,0,Price lost the 20 EMA — Wedge Drop confirmed
2026-05-10,PIPR,Wedge Drop,SELL,80.4,,0.0,-12.8,24.1,21.6,32.2,False,False,597569,0,Price lost the 20 EMA — Wedge Drop confirmed
2026-05-10,AXTA,Wedge Drop,SELL,27.16,,0.0,-12.9,18.9,22.9,33.5,False,False,2142736,0,Price lost the 20 EMA — Wedge Drop confirmed
2026-05-10,CALY,Wedge Drop,SELL,14.59,,0.0,-12.9,17.7,18.2,22.1,False,False,2319543,0,Price lost the 20 EMA — Wedge Drop confirmed
2026-05-10,FUL,Wedge Drop,SELL,59.65,,0.0,-12.9,13.0,20.9,28.8,False,False,422277,0,Price lost the 20 EMA — Wedge Drop confirmed
2026-05-10,HBAN,Wedge Drop,SELL,16.41,,0.0,-12.9,14.0,15.9,19.6,False,False,20278534,0,Price lost the 20 EMA — Wedge Drop confirmed
2026-05-10,REG,Wedge Drop,SELL,78.89,,0.0,-12.9,24.2,18.2,23.4,False,False,1391529,0,Price lost the 20 EMA — Wedge Drop confirmed
2026-05-10,WRBY,Wedge Drop,SELL,21.66,,0.0,-12.9,11.5,23.5,24.3,False,False,1991318,0,Price lost the 20 EMA — Wedge Drop confirmed
2026-05-10,HBM,Wedge Drop,SELL,22.35,,0.0,-13.0,16.4,20.5,28.9,False,True,4751936,0,Price lost the 20 EMA — Wedge Drop confirmed
2026-05-10,KTB,Wedge Drop,SELL,71.66,,0.0,-13.0,17.2,21.2,27.3,False,False,561300,0,Price lost the 20 EMA — Wedge Drop confirmed
2026-05-10,MBC,Wedge Drop,SELL,8.43,,0.0,-13.0,22.5,18.4,28.1,False,True,1915603,0,Price lost the 20 EMA — Wedge Drop confirmed
2026-05-10,TIPT,Wedge Drop,SELL,17.06,,0.0,-13.0,16.3,15.5,21.1,False,False,255363,0,Price lost the 20 EMA — Wedge Drop confirmed
2026-05-10,OHI,Wedge Drop,SELL,46.12,,0.0,-13.1,13.0,21.0,21.7,False,False,2127404,0,Price lost the 20 EMA — Wedge Drop confirmed
2026-05-10,SBH,Wedge Drop,SELL,13.74,,0.0,-13.1,11.6,19.7,27.4,False,True,1186470,0,Price lost the 20 EMA — Wedge Drop confirmed
2026-05-10,AS,Wedge Drop,SELL,34.78,,0.0,-13.2,14.5,21.9,22.6,False,False,3330571,0,Price lost the 20 EMA — Wedge Drop confirmed
2026-05-10,RIGL,Wedge Drop,SELL,28.09,,0.0,-13.2,20.2,17.7,30.9,False,False,362361,0,Price lost the 20 EMA — Wedge Drop confirmed
2026-05-10,ADNT,Wedge Drop,SELL,20.67,,0.0,-13.3,21.4,27.4,22.7,True,False,747454,0,Price lost the 20 EMA — Wedge Drop confirmed
2026-05-10,DC,Wedge Drop,SELL,5.38,,0.0,-13.3,12.7,23.3,23.9,False,False,1134105,0,Price lost the 20 EMA — Wedge Drop confirmed
2026-05-10,FLG,Wedge Drop,SELL,13.9,,0.0,-13.4,30.1,24.8,14.5,True,False,4567505,0,Price lost the 20 EMA — Wedge Drop confirmed
2026-05-10,JXN,Wedge Drop,SELL,108.47,,0.0,-13.4,17.1,19.3,23.6,False,True,508088,0,Price lost the 20 EMA — Wedge Drop confirmed
2026-05-10,PPG,Wedge Drop,SELL,106.41,,0.0,-13.4,15.4,20.1,28.5,False,False,1974109,0,Price lost the 20 EMA — Wedge Drop confirmed
2026-05-10,ZLAB,Wedge Drop,SELL,20.98,,0.0,-13.5,22.7,26.5,27.7,False,False,768008,0,Price lost the 20 EMA — Wedge Drop confirmed
2026-05-10,MNST,Wedge Drop,SELL,75.8,,0.0,-13.6,18.0,21.8,23.5,False,False,4413845,0,Price lost the 20 EMA — Wedge Drop confirmed
2026-05-10,NSP,Wedge Drop,SELL,28.58,,0.0,-13.6,25.1,25.6,28.0,False,False,867252,0,Price lost the 20 EMA — Wedge Drop confirmed
2026-05-10,PAL,Wedge Drop,SELL,7.02,,0.0,-13.6,23.6,25.2,16.3,True,False,412418,0,Price lost the 20 EMA — Wedge Drop confirmed
2026-05-10,PG,Wedge Drop,SELL,144.9,,0.0,-13.6,22.3,26.9,23.7,True,False,8462054,0,Price lost the 20 EMA — Wedge Drop confirmed
2026-05-10,PYPL,Wedge Drop,SELL,46.49,,0.0,-13.6,22.7,20.4,36.2,False,True,13215765,0,Price lost the 20 EMA — Wedge Drop confirmed
2026-05-10,VICI,Wedge Drop,SELL,28.27,,0.0,-13.6,17.0,21.1,19.1,True,False,6959247,0,Price lost the 20 EMA — Wedge Drop confirmed
2026-05-10,BTZ,Wedge Drop,SELL,10.27,,0.0,-13.7,15.1,22.2,26.4,False,False,246587,0,Price lost the 20 EMA — Wedge Drop confirmed
2026-05-10,RNGR,Wedge Drop,SELL,16.85,,0.0,-13.7,15.3,21.3,24.6,False,False,266328,0,Price lost the 20 EMA — Wedge Drop confirmed
2026-05-10,SMA,Wedge Drop,SELL,31.0,,0.0,-13.7,13.9,16.9,23.6,False,False,563131,0,Price lost the 20 EMA — Wedge Drop confirmed
2026-05-10,TWI,Wedge Drop,SELL,7.63,,0.0,-13.7,19.2,15.8,27.3,False,False,723238,0,Price lost the 20 EMA — Wedge Drop confirmed
2026-05-10,TEX,Wedge Drop,SELL,60.91,,0.0,-13.8,11.5,23.0,22.6,False,False,1085319,0,Price lost the 20 EMA — Wedge Drop confirmed
2026-05-10,VCYT,Wedge Drop,SELL,32.97,,0.0,-13.8,9.5,24.3,24.2,False,True,732544,0,Price lost the 20 EMA — Wedge Drop confirmed
2026-05-10,CWBC,Wedge Drop,SELL,23.77,,0.0,-13.9,21.9,22.3,17.8,True,False,234871,0,Price lost the 20 EMA — Wedge Drop confirmed
2026-05-10,FRPT,Wedge Drop,SELL,60.17,,0.0,-13.9,17.5,17.1,28.4,False,True,1158597,0,Price lost the 20 EMA — Wedge Drop confirmed
2026-05-10,HLT,Wedge Drop,SELL,312.77,,0.0,-13.9,23.7,17.3,28.2,False,False,1490400,0,Price lost the 20 EMA — Wedge Drop confirmed
2026-05-10,TRV,Wedge Drop,SELL,301.35,,0.0,-13.9,14.9,20.7,17.1,False,False,1346097,0,Price lost the 20 EMA — Wedge Drop confirmed
2026-05-10,CENTA,Wedge Drop,SELL,32.71,,0.0,-14.1,17.1,18.3,26.1,False,False,246766,0,Price lost the 20 EMA — Wedge Drop confirmed
2026-05-10,FISV,Wedge Drop,SELL,57.28,,0.0,-14.1,17.0,23.1,35.0,False,True,5632458,0,Price lost the 20 EMA — Wedge Drop confirmed
2026-05-10,HUBB,Wedge Drop,SELL,507.81,,0.0,-14.1,22.2,18.4,31.5,False,False,527940,0,Price lost the 20 EMA — Wedge Drop confirmed
2026-05-10,ABG,Wedge Drop,SELL,198.5,,0.0,-14.2,18.4,14.4,26.1,False,False,298998,0,Price lost the 20 EMA — Wedge Drop confirmed
2026-05-10,AWF,Wedge Drop,SELL,10.33,,0.0,-14.2,18.2,21.4,25.7,False,False,310175,0,Price lost the 20 EMA — Wedge Drop confirmed
2026-05-10,BBWI,Wedge Drop,SELL,18.4,,0.0,-14.2,14.3,21.4,24.6,False,False,5946002,0,Price lost the 20 EMA — Wedge Drop confirmed
2026-05-10,GMED,Wedge Drop,SELL,90.03,,0.0,-14.2,18.7,19.5,22.9,False,False,939196,0,Price lost the 20 EMA — Wedge Drop confirmed
2026-05-10,JBI,Wedge Drop,SELL,5.08,,0.0,-14.2,17.0,17.2,32.8,False,True,1368651,0,Price lost the 20 EMA — Wedge Drop confirmed
2026-05-10,MTB,Wedge Drop,SELL,215.48,,0.0,-14.2,12.2,15.4,18.5,False,False,957914,0,Price lost the 20 EMA — Wedge Drop confirmed
2026-05-10,MTH,Wedge Drop,SELL,64.12,,0.0,-14.2,19.3,16.3,31.0,False,False,903651,0,Price lost the 20 EMA — Wedge Drop confirmed
2026-05-10,GWW,Wedge Drop,SELL,1134.78,,0.0,-14.3,10.5,16.0,17.4,False,False,224658,0,Price lost the 20 EMA — Wedge Drop confirmed
2026-05-10,LYG,Wedge Drop,SELL,5.19,,0.0,-14.3,15.3,25.5,35.8,False,False,17972569,0,Price lost the 20 EMA — Wedge Drop confirmed
2026-05-10,NVST,Wedge Drop,SELL,26.19,,0.0,-14.3,14.4,14.7,22.4,False,False,2124610,0,Price lost the 20 EMA — Wedge Drop confirmed
2026-05-10,ACHC,Wedge Drop,SELL,25.27,,0.0,-14.4,31.0,21.9,36.6,False,False,3197389,0,Price lost the 20 EMA — Wedge Drop confirmed
2026-05-10,FUN,Wedge Drop,SELL,18.13,,0.0,-14.4,10.0,20.0,22.7,False,False,1422039,0,Price lost the 20 EMA — Wedge Drop confirmed
2026-05-10,FWONK,Wedge Drop,SELL,87.4,,0.0,-14.4,12.5,25.4,21.8,False,False,1859767,0,Price lost the 20 EMA — Wedge Drop confirmed
2026-05-10,MAT,Wedge Drop,SELL,14.72,,0.0,-14.4,19.7,16.1,19.6,False,False,4366832,0,Price lost the 20 EMA — Wedge Drop confirmed
2026-05-10,TMHC,Wedge Drop,SELL,59.44,,0.0,-14.4,19.8,21.2,26.3,False,False,1451974,0,Price lost the 20 EMA — Wedge Drop confirmed
2026-05-10,TOWN,Wedge Drop,SELL,34.97,,0.0,-14.4,17.1,16.3,26.0,False,False,407769,0,Price lost the 20 EMA — Wedge Drop confirmed
2026-05-10,ACT,Wedge Drop,SELL,42.31,,0.0,-14.5,20.6,16.7,26.2,False,False,267847,0,Price lost the 20 EMA — Wedge Drop confirmed
2026-05-10,EVV,Wedge Drop,SELL,9.44,,0.0,-14.5,29.3,29.5,15.3,True,False,262714,0,Price lost the 20 EMA — Wedge Drop confirmed
2026-05-10,JOYY,Wedge Drop,SELL,58.75,,0.0,-14.5,12.7,23.7,24.6,False,False,251849,0,Price lost the 20 EMA — Wedge Drop confirmed
2026-05-10,MLM,Wedge Drop,SELL,606.1,,0.0,-14.5,16.6,16.1,24.5,False,False,432634,0,Price lost the 20 EMA — Wedge Drop confirmed
2026-05-10,PFGC,Wedge Drop,SELL,87.12,,0.0,-14.5,13.0,21.7,21.3,False,False,1738357,0,Price lost the 20 EMA — Wedge Drop confirmed
2026-05-10,WMS,Wedge Drop,SELL,142.65,,0.0,-14.5,17.8,17.1,26.3,False,False,907458,0,Price lost the 20 EMA — Wedge Drop confirmed
2026-05-10,WTS,Wedge Drop,SELL,291.69,,0.0,-14.5,15.9,15.8,25.4,False,False,265601,0,Price lost the 20 EMA — Wedge Drop confirmed
2026-05-10,DMRA,Wedge Drop,SELL,24.87,,0.0,-14.6,14.3,19.9,12.9,False,False,227032,0,Price lost the 20 EMA — Wedge Drop confirmed
2026-05-10,MAX,Wedge Drop,SELL,9.45,,0.0,-14.6,16.5,16.8,32.9,False,False,544797,0,Price lost the 20 EMA — Wedge Drop confirmed
2026-05-10,XPO,Wedge Drop,SELL,207.55,,0.0,-14.6,24.7,17.7,20.4,False,False,1243777,0,Price lost the 20 EMA — Wedge Drop confirmed
2026-05-10,BBVA,Wedge Drop,SELL,21.39,,0.0,-14.7,18.3,22.8,39.8,False,False,1863518,0,Price lost the 20 EMA — Wedge Drop confirmed
2026-05-10,ESAB,Wedge Drop,SELL,97.23,,0.0,-14.7,18.2,16.5,25.5,False,False,583269,0,Price lost the 20 EMA — Wedge Drop confirmed
2026-05-10,FBIN,Wedge Drop,SELL,38.18,,0.0,-14.7,23.6,14.9,28.1,False,False,2019946,0,Price lost the 20 EMA — Wedge Drop confirmed
2026-05-10,FDX,Wedge Drop,SELL,362.75,,0.0,-14.7,21.9,21.5,29.5,False,False,1610215,0,Price lost the 20 EMA — Wedge Drop confirmed
2026-05-10,PBH,Wedge Drop,SELL,55.75,,0.0,-14.7,24.7,17.1,26.2,False,False,443639,0,Price lost the 20 EMA — Wedge Drop confirmed
2026-05-10,PDO,Wedge Drop,SELL,13.26,,0.0,-14.7,15.1,19.4,25.3,False,False,557085,0,Price lost the 20 EMA — Wedge Drop confirmed
2026-05-10,SCHL,Wedge Drop,SELL,39.36,,0.0,-14.7,47.5,28.9,14.1,True,False,801484,0,Price lost the 20 EMA — Wedge Drop confirmed
2026-05-10,UBER,Wedge Drop,SELL,72.95,,0.0,-14.7,11.1,24.4,23.7,False,True,14457529,0,Price lost the 20 EMA — Wedge Drop confirmed
2026-05-10,EXEL,Wedge Drop,SELL,44.42,,0.0,-14.8,19.6,24.3,19.4,True,False,2366513,0,Price lost the 20 EMA — Wedge Drop confirmed
2026-05-10,TGB,Wedge Drop,SELL,6.84,,0.0,-14.8,12.0,20.0,24.9,False,False,4234425,0,Price lost the 20 EMA — Wedge Drop confirmed
2026-05-10,AVTR,Wedge Drop,SELL,8.05,,0.0,-14.9,20.3,24.3,17.1,True,False,9297222,0,Price lost the 20 EMA — Wedge Drop confirmed
2026-05-10,RDY,Wedge Drop,SELL,13.26,,0.0,-14.9,14.6,29.4,34.6,False,False,2444954,0,Price lost the 20 EMA — Wedge Drop confirmed
2026-05-10,UPS,Wedge Drop,SELL,98.07,,0.0,-14.9,22.1,19.6,38.6,False,False,5799591,0,Price lost the 20 EMA — Wedge Drop confirmed
2026-05-10,BV,Wedge Drop,SELL,11.81,,0.0,-15.0,15.5,15.7,29.4,False,True,436232,0,Price lost the 20 EMA — Wedge Drop confirmed
2026-05-10,DCI,Wedge Drop,SELL,86.28,,0.0,-15.0,16.4,20.8,27.4,False,False,570698,0,Price lost the 20 EMA — Wedge Drop confirmed
2026-05-10,ESNT,Wedge Drop,SELL,60.17,,0.0,-15.0,29.4,22.3,27.2,False,False,547409,0,Price lost the 20 EMA — Wedge Drop confirmed
2026-05-10,EVTC,Wedge Drop,SELL,28.38,,0.0,-15.0,15.9,19.8,30.0,False,False,261459,0,Price lost the 20 EMA — Wedge Drop confirmed
2026-05-10,GLBE,Wedge Drop,SELL,31.61,,0.0,-15.0,9.9,26.1,24.6,False,False,1028074,0,Price lost the 20 EMA — Wedge Drop confirmed
2026-05-10,GOLD,Wedge Drop,SELL,42.93,,0.0,-15.0,13.8,20.3,26.5,False,False,517010,0,Price lost the 20 EMA — Wedge Drop confirmed
2026-05-10,MGM,Wedge Drop,SELL,37.91,,0.0,-15.0,11.2,21.1,22.3,False,False,3953237,0,Price lost the 20 EMA — Wedge Drop confirmed
2026-05-10,F,Wedge Drop,SELL,11.69,,0.0,-15.1,18.4,18.4,30.5,False,False,37670711,0,Price lost the 20 EMA — Wedge Drop confirmed
2026-05-10,FSUN,Wedge Drop,SELL,36.31,,0.0,-15.1,16.3,17.7,23.0,False,False,273602,0,Price lost the 20 EMA — Wedge Drop confirmed
2026-05-10,IRTC,Wedge Drop,SELL,118.11,,0.0,-15.1,13.4,21.5,19.9,False,False,411467,0,Price lost the 20 EMA — Wedge Drop confirmed
2026-05-10,PGR,Wedge Drop,SELL,197.74,,0.0,-15.1,21.2,10.0,20.7,False,False,2469401,0,Price lost the 20 EMA — Wedge Drop confirmed
2026-05-10,BAX,Wedge Drop,SELL,16.75,,0.0,-15.2,20.2,15.6,25.7,False,False,7405193,0,Price lost the 20 EMA — Wedge Drop confirmed
2026-05-10,CBRL,Wedge Drop,SELL,29.57,,0.0,-15.2,16.6,21.5,22.7,False,False,999849,0,Price lost the 20 EMA — Wedge Drop confirmed
2026-05-10,FBK,Wedge Drop,SELL,53.98,,0.0,-15.2,10.1,18.3,18.0,False,False,282590,0,Price lost the 20 EMA — Wedge Drop confirmed
2026-05-10,RITM,Wedge Drop,SELL,9.7,,0.0,-15.2,19.0,15.6,23.6,False,False,5566853,0,Price lost the 20 EMA — Wedge Drop confirmed
2026-05-10,TTC,Wedge Drop,SELL,94.04,,0.0,-15.2,10.0,19.9,21.4,False,False,611982,0,Price lost the 20 EMA — Wedge Drop confirmed
2026-05-10,WRB,Wedge Drop,SELL,66.49,,0.0,-15.3,9.0,18.5,18.2,False,False,1990735,0,Price lost the 20 EMA — Wedge Drop confirmed
2026-05-10,AX,Wedge Drop,SELL,87.14,,0.0,-15.4,25.6,18.0,32.2,False,False,390162,0,Price lost the 20 EMA — Wedge Drop confirmed
2026-05-10,CFR,Wedge Drop,SELL,140.49,,0.0,-15.4,15.9,18.2,16.7,True,False,496567,0,Price lost the 20 EMA — Wedge Drop confirmed
2026-05-10,CHD,Wedge Drop,SELL,93.53,,0.0,-15.4,18.4,17.5,32.3,False,False,1857199,0,Price lost the 20 EMA — Wedge Drop confirmed
2026-05-10,KVUE,Wedge Drop,SELL,17.37,,0.0,-15.4,12.5,18.3,19.1,False,False,15891488,0,Price lost the 20 EMA — Wedge Drop confirmed
2026-05-10,MHK,Wedge Drop,SELL,97.39,,0.0,-15.4,23.5,17.0,30.6,False,False,924644,0,Price lost the 20 EMA — Wedge Drop confirmed
2026-05-10,RL,Wedge Drop,SELL,360.02,,0.0,-15.4,16.9,19.6,23.9,False,False,476459,0,Price lost the 20 EMA — Wedge Drop confirmed
2026-05-10,TRUP,Wedge Drop,SELL,25.91,,0.0,-15.4,18.3,21.0,25.2,False,False,351797,0,Price lost the 20 EMA — Wedge Drop confirmed
2026-05-10,AES,Wedge Drop,SELL,14.37,,0.0,-15.5,13.9,22.9,27.0,False,False,8853788,0,Price lost the 20 EMA — Wedge Drop confirmed
2026-05-10,AGO,Wedge Drop,SELL,81.86,,0.0,-15.5,14.1,16.5,22.9,False,False,331832,0,Price lost the 20 EMA — Wedge Drop confirmed
2026-05-10,CCEP,Wedge Drop,SELL,93.54,,0.0,-15.5,17.7,21.8,29.7,False,False,1601328,0,Price lost the 20 EMA — Wedge Drop confirmed
2026-05-10,RNR,Wedge Drop,SELL,302.04,,0.0,-15.5,13.8,23.7,23.4,False,False,302710,0,Price lost the 20 EMA — Wedge Drop confirmed
2026-05-10,SBCF,Wedge Drop,SELL,30.9,,0.0,-15.5,16.5,18.5,21.3,False,False,738622,0,Price lost the 20 EMA — Wedge Drop confirmed
2026-05-10,CINF,Wedge Drop,SELL,160.35,,0.0,-15.6,13.5,15.3,21.0,False,False,737084,0,Price lost the 20 EMA — Wedge Drop confirmed
2026-05-10,IDA,Wedge Drop,SELL,145.02,,0.0,-15.6,9.1,17.7,17.0,False,False,421494,0,Price lost the 20 EMA — Wedge Drop confirmed
2026-05-10,INDB,Wedge Drop,SELL,77.9,,0.0,-15.6,11.3,16.9,19.0,False,False,358930,0,Price lost the 20 EMA — Wedge Drop confirmed
2026-05-10,ITGR,Wedge Drop,SELL,85.85,,0.0,-15.6,21.7,11.3,24.7,False,False,467448,0,Price lost the 20 EMA — Wedge Drop confirmed
2026-05-10,KMB,Wedge Drop,SELL,97.2,,0.0,-15.6,13.8,17.3,19.1,False,False,4623519,0,Price lost the 20 EMA — Wedge Drop confirmed
2026-05-10,MLTX,Wedge Drop,SELL,17.01,,0.0,-15.6,12.7,24.9,22.2,False,False,877979,0,Price lost the 20 EMA — Wedge Drop confirmed
2026-05-10,SGI,Wedge Drop,SELL,74.5,,0.0,-15.6,20.2,17.8,27.2,False,False,2807241,0,Price lost the 20 EMA — Wedge Drop confirmed
2026-05-10,TEO,Wedge Drop,SELL,11.63,,0.0,-15.6,11.0,20.0,16.6,False,False,240838,0,Price lost the 20 EMA — Wedge Drop confirmed
2026-05-10,UTZ,Wedge Drop,SELL,7.69,,0.0,-15.6,15.1,17.0,19.3,False,False,1617955,0,Price lost the 20 EMA — Wedge Drop confirmed
2026-05-10,AGCO,Wedge Drop,SELL,114.55,,0.0,-15.7,13.7,21.4,26.4,False,True,764264,0,Price lost the 20 EMA — Wedge Drop confirmed
2026-05-10,DE,Wedge Drop,SELL,575.79,,0.0,-15.7,15.4,27.1,21.2,True,False,1037091,0,Price lost the 20 EMA — Wedge Drop confirmed
2026-05-10,GNL,Wedge Drop,SELL,9.15,,0.0,-15.7,19.1,15.9,27.9,False,True,1428348,0,Price lost the 20 EMA — Wedge Drop confirmed
2026-05-10,GTLS,Wedge Drop,SELL,207.75,,0.0,-15.7,16.3,13.7,18.7,False,False,1077802,0,Price lost the 20 EMA — Wedge Drop confirmed
2026-05-10,JOE,Wedge Drop,SELL,65.0,,0.0,-15.7,18.9,24.0,33.8,False,True,228044,0,Price lost the 20 EMA — Wedge Drop confirmed
2026-05-10,LIN,Wedge Drop,SELL,500.29,,0.0,-15.7,11.0,18.2,25.7,False,False,1835457,0,Price lost the 20 EMA — Wedge Drop confirmed
2026-05-10,OMF,Wedge Drop,SELL,55.05,,0.0,-15.7,20.7,14.1,26.5,False,False,1133891,0,Price lost the 20 EMA — Wedge Drop confirmed
2026-05-10,PACS,Wedge Drop,SELL,32.59,,0.0,-15.7,11.2,23.9,27.7,False,False,702515,0,Price lost the 20 EMA — Wedge Drop confirmed
2026-05-10,CI,Wedge Drop,SELL,275.66,,0.0,-15.8,14.9,20.8,19.9,False,False,1474945,0,Price lost the 20 EMA — Wedge Drop confirmed
2026-05-10,MPLX,Wedge Drop,SELL,55.66,,0.0,-15.8,22.9,20.5,27.2,False,True,2185928,0,Price lost the 20 EMA — Wedge Drop confirmed
2026-05-10,ROCK,Wedge Drop,SELL,38.31,,0.0,-15.8,16.0,14.9,23.4,False,False,303496,0,Price lost the 20 EMA — Wedge Drop confirmed
2026-05-10,SLGN,Wedge Drop,SELL,39.45,,0.0,-15.8,18.8,21.6,25.3,False,False,672400,0,Price lost the 20 EMA — Wedge Drop confirmed
2026-05-10,TDY,Wedge Drop,SELL,631.87,,0.0,-15.8,13.8,21.9,22.0,False,False,337552,0,Price lost the 20 EMA — Wedge Drop confirmed
2026-05-10,INNV,Wedge Drop,SELL,7.96,,0.0,-15.9,12.3,24.5,24.3,False,False,218652,0,Price lost the 20 EMA — Wedge Drop confirmed
2026-05-10,IVR,Wedge Drop,SELL,8.03,,0.0,-15.9,11.6,17.3,24.7,False,True,2153424,0,Price lost the 20 EMA — Wedge Drop confirmed
2026-05-10,ROL,Wedge Drop,SELL,54.11,,0.0,-15.9,21.0,19.7,22.7,False,False,2620237,0,Price lost the 20 EMA — Wedge Drop confirmed
2026-05-10,RVLV,Wedge Drop,SELL,23.44,,0.0,-15.9,22.1,21.8,32.5,False,True,898247,0,Price lost the 20 EMA — Wedge Drop confirmed
2026-05-10,WDFC,Wedge Drop,SELL,209.34,,0.0,-15.9,19.0,18.7,29.7,False,False,213677,0,Price lost the 20 EMA — Wedge Drop confirmed
2026-05-10,FIS,Wedge Drop,SELL,46.61,,0.0,-16.0,22.0,19.1,24.2,False,False,5504931,0,Price lost the 20 EMA — Wedge Drop confirmed
2026-05-10,TOL,Wedge Drop,SELL,137.28,,0.0,-16.0,21.3,18.6,28.3,False,False,902686,0,Price lost the 20 EMA — Wedge Drop confirmed
2026-05-10,AVAH,Wedge Drop,SELL,6.47,,0.0,-16.1,18.9,18.9,25.6,False,False,1100129,0,Price lost the 20 EMA — Wedge Drop confirmed
2026-05-10,BHK,Wedge Drop,SELL,9.1,,0.0,-16.1,16.1,21.1,29.1,False,False,232370,0,Price lost the 20 EMA — Wedge Drop confirmed
2026-05-10,BRSL,Wedge Drop,SELL,12.51,,0.0,-16.1,12.2,21.6,26.7,False,False,1166318,0,Price lost the 20 EMA — Wedge Drop confirmed
2026-05-10,BYD,Wedge Drop,SELL,84.07,,0.0,-16.1,12.9,19.5,31.9,False,False,979434,0,Price lost the 20 EMA — Wedge Drop confirmed
2026-05-10,CAI,Wedge Drop,SELL,18.95,,0.0,-16.1,13.4,21.4,30.3,False,False,1710056,0,Price lost the 20 EMA — Wedge Drop confirmed
2026-05-10,DRI,Wedge Drop,SELL,194.5,,0.0,-16.1,15.6,20.1,26.4,False,False,1108131,0,Price lost the 20 EMA — Wedge Drop confirmed
2026-05-10,ISRG,Wedge Drop,SELL,451.38,,0.0,-16.1,16.7,17.6,27.4,False,False,2177230,0,Price lost the 20 EMA — Wedge Drop confirmed
2026-05-10,JOBY,Wedge Drop,SELL,8.68,,0.0,-16.1,13.7,26.4,24.1,False,False,24205881,0,Price lost the 20 EMA — Wedge Drop confirmed
2026-05-10,MBI,Wedge Drop,SELL,5.9,,0.0,-16.2,14.7,20.4,29.9,False,False,204940,0,Price lost the 20 EMA — Wedge Drop confirmed
2026-05-10,TDW,Wedge Drop,SELL,85.01,,0.0,-16.2,14.9,20.6,26.6,False,False,776233,0,Price lost the 20 EMA — Wedge Drop confirmed
2026-05-10,WRD,Wedge Drop,SELL,7.63,,0.0,-16.2,15.7,27.3,26.7,True,False,2200598,0,Price lost the 20 EMA — Wedge Drop confirmed
2026-05-10,BILL,Wedge Drop,SELL,38.32,,0.0,-16.3,11.7,25.2,23.9,False,False,1591279,0,Price lost the 20 EMA — Wedge Drop confirmed
2026-05-10,CSTL,Wedge Drop,SELL,24.6,,0.0,-16.3,15.5,25.5,26.1,False,False,295279,0,Price lost the 20 EMA — Wedge Drop confirmed
2026-05-10,RYN,Wedge Drop,SELL,20.7,,0.0,-16.3,11.8,16.8,24.1,False,False,1937630,0,Price lost the 20 EMA — Wedge Drop confirmed
2026-05-10,CDP,Wedge Drop,SELL,30.97,,0.0,-16.4,18.2,19.1,19.5,False,False,883063,0,Price lost the 20 EMA — Wedge Drop confirmed
2026-05-10,CGON,Wedge Drop,SELL,67.17,,0.0,-16.4,24.0,23.6,17.6,True,False,1028447,0,Price lost the 20 EMA — Wedge Drop confirmed
2026-05-10,DBD,Wedge Drop,SELL,77.53,,0.0,-16.4,21.0,20.2,29.2,False,False,772461,0,Price lost the 20 EMA — Wedge Drop confirmed
2026-05-10,HG,Wedge Drop,SELL,30.43,,0.0,-16.5,28.4,17.0,23.8,False,False,394551,0,Price lost the 20 EMA — Wedge Drop confirmed
2026-05-10,HSIC,Wedge Drop,SELL,74.37,,0.0,-16.5,16.8,13.0,30.9,False,True,1090054,0,Price lost the 20 EMA — Wedge Drop confirmed
2026-05-10,MA,Wedge Drop,SELL,497.08,,0.0,-16.5,14.1,22.2,28.0,False,False,3216987,0,Price lost the 20 EMA — Wedge Drop confirmed
2026-05-10,MCHB,Wedge Drop,SELL,14.86,,0.0,-16.5,21.4,19.7,30.4,False,False,487677,0,Price lost the 20 EMA — Wedge Drop confirmed
2026-05-10,NMIH,Wedge Drop,SELL,37.66,,0.0,-16.5,28.5,18.9,38.0,False,False,404390,0,Price lost the 20 EMA — Wedge Drop confirmed
2026-05-10,PRKS,Wedge Drop,SELL,34.23,,0.0,-16.5,12.7,19.5,21.5,False,False,931325,0,Price lost the 20 EMA — Wedge Drop confirmed
2026-05-10,VLTO,Wedge Drop,SELL,88.13,,0.0,-16.5,15.1,22.4,21.8,True,False,1803736,0,Price lost the 20 EMA — Wedge Drop confirmed
2026-05-10,AWR,Wedge Drop,SELL,76.2,,0.0,-16.6,16.5,23.6,25.6,False,False,381028,0,Price lost the 20 EMA — Wedge Drop confirmed
2026-05-10,CPRI,Wedge Drop,SELL,18.6,,0.0,-16.6,18.0,15.5,28.4,False,False,2342371,0,Price lost the 20 EMA — Wedge Drop confirmed
2026-05-10,DOLE,Wedge Drop,SELL,14.8,,0.0,-16.6,11.1,25.8,22.8,False,False,635208,0,Price lost the 20 EMA — Wedge Drop confirmed
2026-05-10,ES,Wedge Drop,SELL,68.9,,0.0,-16.6,14.8,22.3,13.4,False,False,1713244,0,Price lost the 20 EMA — Wedge Drop confirmed
2026-05-10,HELP,Wedge Drop,SELL,5.22,,0.0,-16.6,11.9,18.9,21.4,False,False,1596008,0,Price lost the 20 EMA — Wedge Drop confirmed
2026-05-10,APGE,Wedge Drop,SELL,83.29,,0.0,-16.7,20.5,18.7,20.5,False,False,622920,0,Price lost the 20 EMA — Wedge Drop confirmed
2026-05-10,EIG,Wedge Drop,SELL,41.71,,0.0,-16.7,19.7,17.8,36.4,False,False,212777,0,Price lost the 20 EMA — Wedge Drop confirmed
2026-05-10,WSM,Wedge Drop,SELL,180.27,,0.0,-16.7,16.7,18.8,28.6,False,False,992666,0,Price lost the 20 EMA — Wedge Drop confirmed
2026-05-10,SKWD,Wedge Drop,SELL,43.93,,0.0,-16.8,13.4,13.8,18.8,False,False,380598,0,Price lost the 20 EMA — Wedge Drop confirmed
2026-05-10,AWI,Wedge Drop,SELL,164.38,,0.0,-16.9,22.9,15.0,32.3,False,False,414163,0,Price lost the 20 EMA — Wedge Drop confirmed
2026-05-10,CHRW,Wedge Drop,SELL,167.13,,0.0,-16.9,22.5,18.7,36.1,False,False,2164401,0,Price lost the 20 EMA — Wedge Drop confirmed
2026-05-10,FSSL,Wedge Drop,SELL,12.05,,0.0,-16.9,15.7,18.4,15.7,True,False,317382,0,Price lost the 20 EMA — Wedge Drop confirmed
2026-05-10,IMRX,Wedge Drop,SELL,5.34,,0.0,-16.9,14.0,18.7,20.6,False,False,786886,0,Price lost the 20 EMA — Wedge Drop confirmed
2026-05-10,PEP,Wedge Drop,SELL,155.04,,0.0,-16.9,9.5,17.9,21.7,False,False,5749859,0,Price lost the 20 EMA — Wedge Drop confirmed
2026-05-10,GOLF,Wedge Drop,SELL,93.79,,0.0,-17.0,15.8,16.8,21.2,False,False,253421,0,Price lost the 20 EMA — Wedge Drop confirmed
2026-05-10,PNW,Wedge Drop,SELL,101.3,,0.0,-17.0,10.1,16.8,21.0,False,False,963003,0,Price lost the 20 EMA — Wedge Drop confirmed
2026-05-10,PZZA,Wedge Drop,SELL,34.81,,0.0,-17.0,17.2,17.2,22.4,False,False,720187,0,Price lost the 20 EMA — Wedge Drop confirmed
2026-05-10,CB,Wedge Drop,SELL,322.57,,0.0,-17.1,10.0,15.1,20.4,False,False,1593576,0,Price lost the 20 EMA — Wedge Drop confirmed
2026-05-10,EPAC,Wedge Drop,SELL,35.08,,0.0,-17.1,17.8,18.6,29.5,False,False,375283,0,Price lost the 20 EMA — Wedge Drop confirmed
2026-05-10,EVRG,Wedge Drop,SELL,81.61,,0.0,-17.1,10.5,20.1,16.3,False,False,1509568,0,Price lost the 20 EMA — Wedge Drop confirmed
2026-05-10,FLUT,Wedge Drop,SELL,103.33,,0.0,-17.1,16.3,19.0,29.6,False,False,2780160,0,Price lost the 20 EMA — Wedge Drop confirmed
2026-05-10,SHW,Wedge Drop,SELL,312.46,,0.0,-17.1,17.4,18.1,33.8,False,False,1567719,0,Price lost the 20 EMA — Wedge Drop confirmed
2026-05-10,VALE,Wedge Drop,SELL,15.93,,0.0,-17.1,21.1,18.9,31.1,False,False,25091930,0,Price lost the 20 EMA — Wedge Drop confirmed
2026-05-10,WEC,Wedge Drop,SELL,115.22,,0.0,-17.1,11.4,20.3,16.7,False,False,1621757,0,Price lost the 20 EMA — Wedge Drop confirmed
2026-05-10,ANNX,Wedge Drop,SELL,5.72,,0.0,-17.2,17.3,19.9,20.1,False,False,2173741,0,Price lost the 20 EMA — Wedge Drop confirmed
2026-05-10,COUR,Wedge Drop,SELL,5.93,,0.0,-17.2,11.0,25.6,25.3,False,False,6014252,0,Price lost the 20 EMA — Wedge Drop confirmed
2026-05-10,HTO,Wedge Drop,SELL,57.98,,0.0,-17.2,17.5,19.0,22.2,False,False,586235,0,Price lost the 20 EMA — Wedge Drop confirmed
2026-05-10,PAR,Wedge Drop,SELL,13.77,,0.0,-17.2,18.1,30.5,26.4,True,False,1428614,0,Price lost the 20 EMA — Wedge Drop confirmed
2026-05-10,VRRM,Wedge Drop,SELL,14.5,,0.0,-17.2,24.4,15.1,23.0,False,False,1224086,0,Price lost the 20 EMA — Wedge Drop confirmed
2026-05-10,AMRZ,Wedge Drop,SELL,53.37,,0.0,-17.3,14.3,21.4,36.1,False,False,2717042,0,Price lost the 20 EMA — Wedge Drop confirmed
2026-05-10,ITW,Wedge Drop,SELL,254.55,,0.0,-17.3,26.1,11.5,32.8,False,False,1179123,0,Price lost the 20 EMA — Wedge Drop confirmed
2026-05-10,L,Wedge Drop,SELL,106.19,,0.0,-17.3,21.2,14.6,29.0,False,False,609937,0,Price lost the 20 EMA — Wedge Drop confirmed
2026-05-10,INVA,Wedge Drop,SELL,22.65,,0.0,-17.4,21.6,17.2,21.0,False,False,538682,0,Price lost the 20 EMA — Wedge Drop confirmed
2026-05-10,PHM,Wedge Drop,SELL,117.97,,0.0,-17.4,23.8,17.1,29.0,False,False,1939012,0,Price lost the 20 EMA — Wedge Drop confirmed
2026-05-10,SOFI,Wedge Drop,SELL,16.02,,0.0,-17.4,25.6,24.1,34.9,False,False,61334305,0,Price lost the 20 EMA — Wedge Drop confirmed
2026-05-10,HIG,Wedge Drop,SELL,134.15,,0.0,-17.5,16.0,16.9,25.9,False,False,1311131,0,Price lost the 20 EMA — Wedge Drop confirmed
2026-05-10,IHS,Wedge Drop,SELL,8.17,,0.0,-17.5,17.1,12.6,23.4,False,False,720354,0,Price lost the 20 EMA — Wedge Drop confirmed
2026-05-10,PEG,Wedge Drop,SELL,79.73,,0.0,-17.5,14.9,17.7,19.1,False,False,2142195,0,Price lost the 20 EMA — Wedge Drop confirmed
2026-05-10,CWEN,Wedge Drop,SELL,38.93,,0.0,-17.6,13.9,18.0,23.9,False,False,782408,0,Price lost the 20 EMA — Wedge Drop confirmed
2026-05-10,ALGN,Wedge Drop,SELL,168.71,,0.0,-17.7,18.1,19.8,33.2,False,False,1060976,0,Price lost the 20 EMA — Wedge Drop confirmed
2026-05-10,DJT,Wedge Drop,SELL,9.2,,0.0,-17.7,13.8,25.6,21.4,False,False,3281128,0,Price lost the 20 EMA — Wedge Drop confirmed
2026-05-10,ALHC,Wedge Drop,SELL,18.3,,0.0,-17.8,31.1,22.7,31.6,False,False,3923370,0,Price lost the 20 EMA — Wedge Drop confirmed
2026-05-10,ONDS,Wedge Drop,SELL,9.33,,0.0,-17.8,11.9,18.3,24.4,False,False,52958350,0,Price lost the 20 EMA — Wedge Drop confirmed
2026-05-10,BLCO,Wedge Drop,SELL,16.0,,0.0,-17.9,14.9,21.7,24.2,False,False,396730,0,Price lost the 20 EMA — Wedge Drop confirmed
2026-05-10,FWRD,Wedge Drop,SELL,17.03,,0.0,-17.9,31.7,18.9,41.5,False,True,748671,0,Price lost the 20 EMA — Wedge Drop confirmed
2026-05-10,OGS,Wedge Drop,SELL,86.69,,0.0,-17.9,12.5,13.5,23.9,False,True,367188,0,Price lost the 20 EMA — Wedge Drop confirmed
2026-05-10,WY,Wedge Drop,SELL,23.7,,0.0,-17.9,15.3,18.8,25.8,False,False,4297896,0,Price lost the 20 EMA — Wedge Drop confirmed
2026-05-10,ADPT,Wedge Drop,SELL,13.78,,0.0,-18.0,11.6,23.1,28.8,False,True,1618440,0,Price lost the 20 EMA — Wedge Drop confirmed
2026-05-10,BCC,Wedge Drop,SELL,72.13,,0.0,-18.0,20.7,19.6,32.6,False,True,349930,0,Price lost the 20 EMA — Wedge Drop confirmed
2026-05-10,DFH,Wedge Drop,SELL,14.21,,0.0,-18.0,19.8,19.6,20.9,False,False,583016,0,Price lost the 20 EMA — Wedge Drop confirmed
2026-05-10,LEN,Wedge Drop,SELL,86.2,,0.0,-18.0,26.1,16.4,30.9,False,False,2540234,0,Price lost the 20 EMA — Wedge Drop confirmed
2026-05-10,TMUS,Wedge Drop,SELL,194.31,,0.0,-18.0,18.4,25.8,22.6,True,False,6444173,0,Price lost the 20 EMA — Wedge Drop confirmed
2026-05-10,YUM,Wedge Drop,SELL,153.89,,0.0,-18.0,14.2,17.1,27.4,False,False,1494756,0,Price lost the 20 EMA — Wedge Drop confirmed
2026-05-10,VRSK,Wedge Drop,SELL,180.45,,0.0,-18.1,19.5,21.2,23.6,False,False,2047019,0,Price lost the 20 EMA — Wedge Drop confirmed
2026-05-10,DNLI,Wedge Drop,SELL,18.92,,0.0,-18.2,14.0,19.5,24.3,False,True,1328509,0,Price lost the 20 EMA — Wedge Drop confirmed
2026-05-10,LKQ,Wedge Drop,SELL,28.28,,0.0,-18.2,25.8,22.4,30.1,False,False,2243427,0,Price lost the 20 EMA — Wedge Drop confirmed
2026-05-10,SPGI,Wedge Drop,SELL,423.87,,0.0,-18.2,12.4,22.0,26.8,False,False,1713626,0,Price lost the 20 EMA — Wedge Drop confirmed
2026-05-10,TREE,Wedge Drop,SELL,40.62,,0.0,-18.2,27.6,20.2,30.8,False,True,214191,0,Price lost the 20 EMA — Wedge Drop confirmed
2026-05-10,VITL,Wedge Drop,SELL,12.8,,0.0,-18.2,40.3,14.7,24.0,False,False,2599522,0,Price lost the 20 EMA — Wedge Drop confirmed
2026-05-10,WFC,Wedge Drop,SELL,79.89,,0.0,-18.2,11.6,17.4,23.1,False,False,15409592,0,Price lost the 20 EMA — Wedge Drop confirmed
2026-05-10,MFA,Wedge Drop,SELL,9.55,,0.0,-18.3,19.7,17.7,30.3,False,True,1333752,0,Price lost the 20 EMA — Wedge Drop confirmed
2026-05-10,ODD,Wedge Drop,SELL,14.73,,0.0,-18.3,17.2,13.6,24.6,False,False,1278029,0,Price lost the 20 EMA — Wedge Drop confirmed
2026-05-10,AXS,Wedge Drop,SELL,98.81,,0.0,-18.4,13.8,13.7,17.5,False,False,555505,0,Price lost the 20 EMA — Wedge Drop confirmed
2026-05-10,SEPN,Wedge Drop,SELL,24.13,,0.0,-18.4,16.0,20.2,15.0,True,False,356918,0,Price lost the 20 EMA — Wedge Drop confirmed
2026-05-10,AHCO,Wedge Drop,SELL,11.75,,0.0,-18.5,20.5,18.4,39.9,False,True,1339926,0,Price lost the 20 EMA — Wedge Drop confirmed
2026-05-10,CALM,Wedge Drop,SELL,76.87,,0.0,-18.5,20.0,17.0,21.8,False,False,717062,0,Price lost the 20 EMA — Wedge Drop confirmed
2026-05-10,ACGL,Wedge Drop,SELL,94.14,,0.0,-18.6,20.4,12.1,24.0,False,False,2099066,0,Price lost the 20 EMA — Wedge Drop confirmed
2026-05-10,DTE,Wedge Drop,SELL,143.5,,0.0,-18.6,12.2,21.3,21.5,False,True,1217229,0,Price lost the 20 EMA — Wedge Drop confirmed
2026-05-10,EQT,Wedge Drop,SELL,58.72,,0.0,-18.6,19.5,18.2,22.4,False,False,7343498,0,Price lost the 20 EMA — Wedge Drop confirmed
2026-05-10,KBR,Wedge Drop,SELL,36.58,,0.0,-18.6,17.7,25.3,25.1,True,True,1487216,0,Price lost the 20 EMA — Wedge Drop confirmed
2026-05-10,TYL,Wedge Drop,SELL,327.82,,0.0,-18.6,12.7,19.9,20.2,False,False,462726,0,Price lost the 20 EMA — Wedge Drop confirmed
2026-05-10,DUK,Wedge Drop,SELL,127.58,,0.0,-18.7,15.0,19.6,17.4,False,False,2815048,0,Price lost the 20 EMA — Wedge Drop confirmed
2026-05-10,HRL,Wedge Drop,SELL,20.93,,0.0,-18.7,21.2,15.9,23.4,False,False,4547759,0,Price lost the 20 EMA — Wedge Drop confirmed
2026-05-10,MTG,Wedge Drop,SELL,26.24,,0.0,-18.7,28.9,22.9,35.9,False,False,1945114,0,Price lost the 20 EMA — Wedge Drop confirmed
2026-05-10,SKY,Wedge Drop,SELL,72.92,,0.0,-18.7,19.9,18.5,31.4,False,False,426412,0,Price lost the 20 EMA — Wedge Drop confirmed
2026-05-10,ASH,Wedge Drop,SELL,52.26,,0.0,-18.8,21.8,14.1,31.7,False,False,739656,0,Price lost the 20 EMA — Wedge Drop confirmed
2026-05-10,BDC,Wedge Drop,SELL,112.01,,0.0,-18.8,23.0,16.0,37.9,False,True,452111,0,Price lost the 20 EMA — Wedge Drop confirmed
2026-05-10,CHH,Wedge Drop,SELL,102.72,,0.0,-18.8,41.4,16.3,32.3,False,False,663948,0,Price lost the 20 EMA — Wedge Drop confirmed
2026-05-10,FIVE,Wedge Drop,SELL,226.72,,0.0,-18.8,18.4,21.0,16.1,True,False,1073901,0,Price lost the 20 EMA — Wedge Drop confirmed
2026-05-10,KYMR,Wedge Drop,SELL,82.71,,0.0,-18.8,15.6,13.0,22.1,False,False,456366,0,Price lost the 20 EMA — Wedge Drop confirmed
2026-05-10,MUX,Wedge Drop,SELL,21.15,,0.0,-18.8,18.6,18.9,31.4,False,False,885956,0,Price lost the 20 EMA — Wedge Drop confirmed
2026-05-10,ODFL,Wedge Drop,SELL,196.08,,0.0,-18.8,25.0,21.4,26.8,False,False,1933521,0,Price lost the 20 EMA — Wedge Drop confirmed
2026-05-10,EAT,Wedge Drop,SELL,144.94,,0.0,-18.9,14.3,23.5,30.0,False,False,1179386,0,Price lost the 20 EMA — Wedge Drop confirmed
2026-05-10,UGI,Wedge Drop,SELL,35.19,,0.0,-18.9,19.7,13.7,34.9,False,True,1321509,0,Price lost the 20 EMA — Wedge Drop confirmed
2026-05-10,CXW,Wedge Drop,SELL,19.42,,0.0,-19.0,15.9,16.9,23.7,False,True,711231,0,Price lost the 20 EMA — Wedge Drop confirmed
2026-05-10,PFSI,Wedge Drop,SELL,87.48,,0.0,-19.0,15.4,19.3,26.6,False,True,495697,0,Price lost the 20 EMA — Wedge Drop confirmed
2026-05-10,LB,Wedge Drop,SELL,66.14,,0.0,-19.1,20.1,12.9,25.2,False,False,278526,0,Price lost the 20 EMA — Wedge Drop confirmed
2026-05-10,LPX,Wedge Drop,SELL,69.75,,0.0,-19.1,20.5,15.6,31.5,False,False,1177849,0,Price lost the 20 EMA — Wedge Drop confirmed
2026-05-10,GRMN,Wedge Drop,SELL,234.64,,0.0,-19.2,25.9,17.3,34.5,False,False,733307,0,Price lost the 20 EMA — Wedge Drop confirmed
2026-05-10,NEM,Wedge Drop,SELL,109.01,,0.0,-19.2,12.6,26.5,30.0,False,False,7357060,0,Price lost the 20 EMA — Wedge Drop confirmed
2026-05-10,NWG,Wedge Drop,SELL,14.84,,0.0,-19.3,18.7,23.7,40.8,False,True,3397419,0,Price lost the 20 EMA — Wedge Drop confirmed
2026-05-10,ORC,Wedge Drop,SELL,6.93,,0.0,-19.3,18.5,18.7,27.0,False,False,6151544,0,Price lost the 20 EMA — Wedge Drop confirmed
2026-05-10,PPL,Wedge Drop,SELL,37.35,,0.0,-19.4,18.7,12.7,26.9,False,False,7560830,0,Price lost the 20 EMA — Wedge Drop confirmed
2026-05-10,STTK,Wedge Drop,SELL,6.54,,0.0,-19.4,36.1,21.1,23.3,False,False,441094,0,Price lost the 20 EMA — Wedge Drop confirmed
2026-05-10,WH,Wedge Drop,SELL,80.38,,0.0,-19.4,20.7,13.5,24.7,False,False,1165934,0,Price lost the 20 EMA — Wedge Drop confirmed
2026-05-10,SRE,Wedge Drop,SELL,94.37,,0.0,-19.5,18.5,15.2,17.3,False,False,2904509,0,Price lost the 20 EMA — Wedge Drop confirmed
2026-05-10,CNH,Wedge Drop,SELL,10.32,,0.0,-19.6,19.4,22.5,25.0,False,False,15702355,0,Price lost the 20 EMA — Wedge Drop confirmed
2026-05-10,DLB,Wedge Drop,SELL,59.04,,0.0,-19.6,15.9,19.3,33.0,False,True,543452,0,Price lost the 20 EMA — Wedge Drop confirmed
2026-05-10,SCI,Wedge Drop,SELL,79.49,,0.0,-19.6,19.3,18.6,34.8,False,True,1181751,0,Price lost the 20 EMA — Wedge Drop confirmed
2026-05-10,STLA,Wedge Drop,SELL,7.2,,0.0,-19.6,21.7,22.7,37.2,False,False,19026091,0,Price lost the 20 EMA — Wedge Drop confirmed
2026-05-10,WHR,Wedge Drop,SELL,54.19,,0.0,-19.6,17.9,20.4,27.3,False,False,2126326,0,Price lost the 20 EMA — Wedge Drop confirmed
2026-05-10,BWIN,Wedge Drop,SELL,21.27,,0.0,-19.7,18.2,21.4,23.6,False,True,1359536,0,Price lost the 20 EMA — Wedge Drop confirmed
2026-05-10,BMY,Wedge Drop,SELL,56.95,,0.0,-19.8,9.9,20.6,19.4,False,False,9252140,0,Price lost the 20 EMA — Wedge Drop confirmed
2026-05-10,CNA,Wedge Drop,SELL,44.53,,0.0,-19.8,29.3,11.4,33.1,False,True,423923,0,Price lost the 20 EMA — Wedge Drop confirmed
2026-05-10,MD,Wedge Drop,SELL,20.83,,0.0,-19.8,26.9,20.0,37.9,False,True,627246,0,Price lost the 20 EMA — Wedge Drop confirmed
2026-05-10,NP,Wedge Drop,SELL,24.89,,0.0,-19.8,22.4,20.9,25.6,False,False,305041,0,Price lost the 20 EMA — Wedge Drop confirmed
2026-05-10,WM,Wedge Drop,SELL,224.49,,0.0,-19.8,13.5,24.0,29.5,False,False,1884060,0,Price lost the 20 EMA — Wedge Drop confirmed
2026-05-10,DQ,Wedge Drop,SELL,20.01,,0.0,-19.9,22.5,20.9,33.4,False,False,676533,0,Price lost the 20 EMA — Wedge Drop confirmed
2026-05-10,JANX,Wedge Drop,SELL,14.33,,0.0,-19.9,26.9,22.5,21.0,True,False,898666,0,Price lost the 20 EMA — Wedge Drop confirmed
2026-05-10,SSTK,Wedge Drop,SELL,16.26,,0.0,-19.9,24.6,17.9,24.7,False,False,243633,0,Price lost the 20 EMA — Wedge Drop confirmed
2026-05-10,TPL,Wedge Drop,SELL,430.44,,0.0,-19.9,32.5,15.0,23.7,False,False,449932,0,Price lost the 20 EMA — Wedge Drop confirmed
2026-05-10,CNX,Wedge Drop,SELL,38.02,,0.0,-20.0,15.0,16.4,25.1,False,False,1806895,0,Price lost the 20 EMA — Wedge Drop confirmed
2026-05-10,PCAR,Wedge Drop,SELL,113.42,,0.0,-20.0,21.9,16.0,33.4,False,False,2810867,0,Price lost the 20 EMA — Wedge Drop confirmed
2026-05-10,CNM,Wedge Drop,SELL,49.04,,0.0,-20.1,12.9,19.9,19.3,False,False,2723142,0,Price lost the 20 EMA — Wedge Drop confirmed
2026-05-10,DBVT,Wedge Drop,SELL,19.49,,0.0,-20.1,10.2,25.4,26.7,False,False,217951,0,Price lost the 20 EMA — Wedge Drop confirmed
2026-05-10,FHI,Wedge Drop,SELL,55.07,,0.0,-20.1,11.4,21.8,26.9,False,False,863568,0,Price lost the 20 EMA — Wedge Drop confirmed
2026-05-10,INTU,Wedge Drop,SELL,398.32,,0.0,-20.1,15.3,29.6,29.9,False,False,3219765,0,Price lost the 20 EMA — Wedge Drop confirmed
2026-05-10,PH,Wedge Drop,SELL,872.69,,0.0,-20.1,19.7,15.8,35.0,False,False,601349,0,Price lost the 20 EMA — Wedge Drop confirmed
2026-05-10,CMS,Wedge Drop,SELL,74.93,,0.0,-20.2,19.1,13.8,21.6,False,False,2871821,0,Price lost the 20 EMA — Wedge Drop confirmed
2026-05-10,PCOR,Wedge Drop,SELL,54.69,,0.0,-20.3,12.0,27.1,29.9,False,True,2478546,0,Price lost the 20 EMA — Wedge Drop confirmed
2026-05-10,RIVN,Wedge Drop,SELL,14.6,,0.0,-20.3,18.9,24.0,28.7,False,False,24898240,0,Price lost the 20 EMA — Wedge Drop confirmed
2026-05-10,GEL,Wedge Drop,SELL,16.84,,0.0,-20.4,16.8,17.2,18.6,False,False,246852,0,Price lost the 20 EMA — Wedge Drop confirmed
2026-05-10,GSHD,Wedge Drop,SELL,42.46,,0.0,-20.4,23.8,23.2,25.5,False,False,422719,0,Price lost the 20 EMA — Wedge Drop confirmed
2026-05-10,PSIG,Wedge Drop,SELL,6.22,,0.0,-20.4,13.1,18.0,14.1,False,False,455240,0,Price lost the 20 EMA — Wedge Drop confirmed
2026-05-10,BCRX,Wedge Drop,SELL,9.03,,0.0,-20.5,16.4,18.9,18.4,True,False,3840652,0,Price lost the 20 EMA — Wedge Drop confirmed
2026-05-10,ISSC,Wedge Drop,SELL,20.69,,0.0,-20.5,18.8,19.9,23.5,False,False,450645,0,Price lost the 20 EMA — Wedge Drop confirmed
2026-05-10,ED,Wedge Drop,SELL,109.15,,0.0,-20.6,15.2,19.4,18.3,True,False,1514863,0,Price lost the 20 EMA — Wedge Drop confirmed
2026-05-10,VAL,Wedge Drop,SELL,92.81,,0.0,-20.6,23.4,26.8,26.6,True,True,979672,0,Price lost the 20 EMA — Wedge Drop confirmed
2026-05-10,WCN,Wedge Drop,SELL,157.66,,0.0,-20.6,16.1,21.4,30.9,False,False,1419812,0,Price lost the 20 EMA — Wedge Drop confirmed
2026-05-10,BBIO,Wedge Drop,SELL,68.78,,0.0,-20.7,23.2,26.4,16.0,True,False,2581759,0,Price lost the 20 EMA — Wedge Drop confirmed
2026-05-10,BIOA,Wedge Drop,SELL,16.68,,0.0,-20.7,14.4,23.9,22.6,False,False,387209,0,Price lost the 20 EMA — Wedge Drop confirmed
2026-05-10,HAE,Wedge Drop,SELL,55.62,,0.0,-20.7,14.1,19.3,25.3,False,False,613541,0,Price lost the 20 EMA — Wedge Drop confirmed
2026-05-10,RYAM,Wedge Drop,SELL,9.29,,0.0,-20.7,22.9,16.6,30.7,False,False,1128089,0,Price lost the 20 EMA — Wedge Drop confirmed
2026-05-10,BCPC,Wedge Drop,SELL,161.13,,0.0,-20.8,24.3,9.9,29.2,False,False,224295,0,Price lost the 20 EMA — Wedge Drop confirmed
2026-05-10,FDS,Wedge Drop,SELL,219.42,,0.0,-20.8,17.5,20.9,35.7,False,True,873560,0,Price lost the 20 EMA — Wedge Drop confirmed
2026-05-10,RRR,Wedge Drop,SELL,52.92,,0.0,-20.9,17.7,17.5,28.9,False,False,939455,0,Price lost the 20 EMA — Wedge Drop confirmed
2026-05-10,RIG,Wedge Drop,SELL,6.25,,0.0,-21.0,22.3,26.1,24.0,True,True,32324169,0,Price lost the 20 EMA — Wedge Drop confirmed
2026-05-10,BMRN,Wedge Drop,SELL,53.24,,0.0,-21.1,20.6,21.6,16.9,True,True,1626503,0,Price lost the 20 EMA — Wedge Drop confirmed
2026-05-10,BSM,Wedge Drop,SELL,13.69,,0.0,-21.1,29.5,14.8,33.8,False,True,372162,0,Price lost the 20 EMA — Wedge Drop confirmed
2026-05-10,HLMN,Wedge Drop,SELL,7.75,,0.0,-21.1,20.8,14.2,34.4,False,False,1309099,0,Price lost the 20 EMA — Wedge Drop confirmed
2026-05-10,AVO,Wedge Drop,SELL,13.66,,0.0,-21.2,14.4,22.7,22.4,False,False,1136629,0,Price lost the 20 EMA — Wedge Drop confirmed
2026-05-10,ARVN,Wedge Drop,SELL,10.61,,0.0,-21.3,13.7,23.5,20.3,False,False,677734,0,Price lost the 20 EMA — Wedge Drop confirmed
2026-05-10,BLKB,Wedge Drop,SELL,36.75,,0.0,-21.3,24.1,15.8,21.0,False,False,574853,0,Price lost the 20 EMA — Wedge Drop confirmed
2026-05-10,MLCO,Wedge Drop,SELL,5.36,,0.0,-21.3,13.6,20.1,22.8,False,True,1314175,0,Price lost the 20 EMA — Wedge Drop confirmed
2026-05-10,NIO,Wedge Drop,SELL,5.9,,0.0,-21.3,14.2,21.5,29.7,False,False,32604047,0,Price lost the 20 EMA — Wedge Drop confirmed
2026-05-10,PTCT,Wedge Drop,SELL,65.04,,0.0,-21.4,16.6,14.0,24.1,False,False,950893,0,Price lost the 20 EMA — Wedge Drop confirmed
2026-05-10,ALLE,Wedge Drop,SELL,132.29,,0.0,-21.5,26.8,14.2,33.7,False,False,1076519,0,Price lost the 20 EMA — Wedge Drop confirmed
2026-05-10,KBH,Wedge Drop,SELL,48.42,,0.0,-21.5,26.5,16.7,37.8,False,False,1037889,0,Price lost the 20 EMA — Wedge Drop confirmed
2026-05-10,MORN,Wedge Drop,SELL,166.56,,0.0,-21.5,14.5,21.3,30.8,False,True,497994,0,Price lost the 20 EMA — Wedge Drop confirmed
2026-05-10,NOMD,Wedge Drop,SELL,9.29,,0.0,-21.5,28.7,11.7,26.8,False,True,1031540,0,Price lost the 20 EMA — Wedge Drop confirmed
2026-05-10,CWT,Wedge Drop,SELL,43.04,,0.0,-21.6,18.1,17.1,30.0,False,False,617399,0,Price lost the 20 EMA — Wedge Drop confirmed
2026-05-10,MDGL,Wedge Drop,SELL,502.47,,0.0,-21.7,24.7,18.9,22.3,False,False,256998,0,Price lost the 20 EMA — Wedge Drop confirmed
2026-05-10,GXO,Wedge Drop,SELL,49.85,,0.0,-21.8,19.4,12.4,36.6,False,True,1281626,0,Price lost the 20 EMA — Wedge Drop confirmed
2026-05-10,XYL,Wedge Drop,SELL,116.39,,0.0,-21.8,25.4,14.4,28.3,False,False,2399592,0,Price lost the 20 EMA — Wedge Drop confirmed
2026-05-10,CCOI,Wedge Drop,SELL,18.06,,0.0,-21.9,32.7,17.7,37.7,False,True,1331283,0,Price lost the 20 EMA — Wedge Drop confirmed
2026-05-10,SMMT,Wedge Drop,SELL,17.54,,0.0,-22.0,39.4,27.2,33.0,False,False,4098009,0,Price lost the 20 EMA — Wedge Drop confirmed
2026-05-10,COP,Wedge Drop,SELL,123.32,,0.0,-22.1,13.8,27.9,28.8,False,False,8900337,0,Price lost the 20 EMA — Wedge Drop confirmed
2026-05-10,RKT,Wedge Drop,SELL,14.09,,0.0,-22.1,24.5,16.1,28.7,False,False,23199542,0,Price lost the 20 EMA — Wedge Drop confirmed
2026-05-10,BR,Wedge Drop,SELL,152.14,,0.0,-22.2,23.7,15.3,29.6,False,False,1201474,0,Price lost the 20 EMA — Wedge Drop confirmed
2026-05-10,NOG,Wedge Drop,SELL,26.65,,0.0,-22.2,15.0,26.3,25.3,True,False,2240650,0,Price lost the 20 EMA — Wedge Drop confirmed
2026-05-10,PDYN,Wedge Drop,SELL,6.14,,0.0,-22.4,14.1,23.1,25.9,False,True,1158814,0,Price lost the 20 EMA — Wedge Drop confirmed
2026-05-10,BBT,Wedge Drop,SELL,28.7,,0.0,-22.5,22.6,20.9,37.3,False,False,682888,0,Price lost the 20 EMA — Wedge Drop confirmed
2026-05-10,CBIO,Wedge Drop,SELL,18.08,,0.0,-22.5,38.5,21.3,28.9,False,False,276368,0,Price lost the 20 EMA — Wedge Drop confirmed
2026-05-10,AXIL,Wedge Drop,SELL,6.74,,0.0,-22.6,20.1,25.5,13.1,True,False,353546,0,Price lost the 20 EMA — Wedge Drop confirmed
2026-05-10,WEN,Wedge Drop,SELL,6.61,,0.0,-22.6,15.2,12.2,24.4,False,False,7437852,0,Price lost the 20 EMA — Wedge Drop confirmed
2026-05-10,SFD,Wedge Drop,SELL,26.47,,0.0,-23.0,36.0,16.6,30.2,False,False,1650200,0,Price lost the 20 EMA — Wedge Drop confirmed
2026-05-10,SITE,Wedge Drop,SELL,121.06,,0.0,-23.0,23.9,14.8,33.3,False,False,704093,0,Price lost the 20 EMA — Wedge Drop confirmed
2026-05-10,CRI,Wedge Drop,SELL,33.34,,0.0,-23.1,19.1,17.8,28.7,False,False,1170787,0,Price lost the 20 EMA — Wedge Drop confirmed
2026-05-10,WK,Wedge Drop,SELL,55.41,,0.0,-23.1,21.5,21.6,26.8,False,False,1014810,0,Price lost the 20 EMA — Wedge Drop confirmed
2026-05-10,ETD,Wedge Drop,SELL,20.26,,0.0,-23.2,17.6,13.5,34.0,False,False,374675,0,Price lost the 20 EMA — Wedge Drop confirmed
2026-05-10,FLS,Wedge Drop,SELL,70.22,,0.0,-23.3,21.3,18.4,36.0,False,False,2625515,0,Price lost the 20 EMA — Wedge Drop confirmed
2026-05-10,FPI,Wedge Drop,SELL,10.57,,0.0,-23.3,18.2,16.2,41.7,False,False,286535,0,Price lost the 20 EMA — Wedge Drop confirmed
2026-05-10,POR,Wedge Drop,SELL,49.12,,0.0,-23.4,23.6,10.7,30.5,False,False,1098943,0,Price lost the 20 EMA — Wedge Drop confirmed
2026-05-10,SATS,Wedge Drop,SELL,117.34,,0.0,-23.4,14.9,19.9,22.1,False,False,4811586,0,Price lost the 20 EMA — Wedge Drop confirmed
2026-05-10,LMND,Wedge Drop,SELL,57.17,,0.0,-23.5,14.6,22.5,31.3,False,False,1636588,0,Price lost the 20 EMA — Wedge Drop confirmed
2026-05-10,CGAU,Wedge Drop,SELL,16.83,,0.0,-23.8,16.4,17.5,28.4,False,False,1551321,0,Price lost the 20 EMA — Wedge Drop confirmed
2026-05-10,HRB,Wedge Drop,SELL,30.02,,0.0,-23.9,15.1,15.6,27.2,False,False,2083840,0,Price lost the 20 EMA — Wedge Drop confirmed
2026-05-10,PLTR,Wedge Drop,SELL,135.91,,0.0,-23.9,11.8,26.1,32.5,False,True,52069887,0,Price lost the 20 EMA — Wedge Drop confirmed
2026-05-10,SMG,Wedge Drop,SELL,60.06,,0.0,-24.0,15.3,16.8,27.9,False,False,959764,0,Price lost the 20 EMA — Wedge Drop confirmed
2026-05-10,HCC,Wedge Drop,SELL,86.6,,0.0,-24.3,13.9,18.1,23.1,False,False,789172,0,Price lost the 20 EMA — Wedge Drop confirmed
2026-05-10,IDCC,Wedge Drop,SELL,287.13,,0.0,-24.3,28.9,13.8,40.6,False,True,319315,0,Price lost the 20 EMA — Wedge Drop confirmed
2026-05-10,LOCO,Wedge Drop,SELL,13.09,,0.0,-24.3,22.7,15.7,30.7,False,False,228047,0,Price lost the 20 EMA — Wedge Drop confirmed
2026-05-10,POOL,Wedge Drop,SELL,187.04,,0.0,-24.4,27.4,21.1,38.1,False,True,789650,0,Price lost the 20 EMA — Wedge Drop confirmed
2026-05-10,UFPI,Wedge Drop,SELL,82.54,,0.0,-24.8,24.2,12.2,34.6,False,True,396271,0,Price lost the 20 EMA — Wedge Drop confirmed
2026-05-10,FDP,Wedge Drop,SELL,37.76,,0.0,-24.9,12.4,14.6,41.0,False,True,216362,0,Price lost the 20 EMA — Wedge Drop confirmed
2026-05-10,IMAX,Wedge Drop,SELL,35.74,,0.0,-24.9,12.5,18.5,24.0,False,False,1043143,0,Price lost the 20 EMA — Wedge Drop confirmed
2026-05-10,BLDR,Wedge Drop,SELL,74.56,,0.0,-25.0,22.6,13.7,33.9,False,False,2417702,0,Price lost the 20 EMA — Wedge Drop confirmed
2026-05-10,FCN,Wedge Drop,SELL,166.95,,0.0,-25.1,20.5,10.8,27.8,False,False,300302,0,Price lost the 20 EMA — Wedge Drop confirmed
2026-05-10,ACI,Wedge Drop,SELL,16.13,,0.0,-25.2,18.5,17.8,26.4,False,False,7208485,0,Price lost the 20 EMA — Wedge Drop confirmed
2026-05-10,SHOP,Wedge Drop,SELL,107.63,,0.0,-25.2,13.4,22.3,38.7,False,True,9054601,0,Price lost the 20 EMA — Wedge Drop confirmed
2026-05-10,PNR,Wedge Drop,SELL,77.84,,0.0,-25.5,25.2,16.8,40.0,False,False,1789229,0,Price lost the 20 EMA — Wedge Drop confirmed
2026-05-10,BZH,Wedge Drop,SELL,18.35,,0.0,-25.8,22.2,12.9,37.0,False,True,416606,0,Price lost the 20 EMA — Wedge Drop confirmed
2026-05-10,SMPL,Wedge Drop,SELL,12.78,,0.0,-25.9,23.5,21.8,29.8,False,False,4137421,0,Price lost the 20 EMA — Wedge Drop confirmed
2026-05-10,CNK,Wedge Drop,SELL,27.0,,0.0,-26.2,13.4,16.1,27.0,False,False,2040070,0,Price lost the 20 EMA — Wedge Drop confirmed
2026-05-10,BL,Wedge Drop,SELL,32.34,,0.0,-26.4,30.1,24.3,27.8,False,False,1002424,0,Price lost the 20 EMA — Wedge Drop confirmed
2026-05-10,INSP,Wedge Drop,SELL,48.25,,0.0,-26.7,16.3,17.6,31.2,False,True,1062643,0,Price lost the 20 EMA — Wedge Drop confirmed
2026-05-10,ATMU,Wedge Drop,SELL,53.45,,0.0,-26.9,15.9,18.7,35.4,False,False,1775865,0,Price lost the 20 EMA — Wedge Drop confirmed
2026-05-10,SSRM,Wedge Drop,SELL,28.25,,0.0,-27.2,14.3,19.6,26.0,False,False,3028395,0,Price lost the 20 EMA — Wedge Drop confirmed
2026-05-10,DFIN,Wedge Drop,SELL,42.73,,0.0,-28.2,17.9,18.0,43.3,False,True,230807,0,Price lost the 20 EMA — Wedge Drop confirmed
2026-05-10,WLK,Wedge Drop,SELL,104.78,,0.0,-28.2,16.2,15.3,30.3,False,True,1017708,0,Price lost the 20 EMA — Wedge Drop confirmed
2026-05-10,WAY,Wedge Drop,SELL,20.62,,0.0,-28.6,21.6,20.5,36.1,False,False,2706987,0,Price lost the 20 EMA — Wedge Drop confirmed
2026-05-10,TYRA,Wedge Drop,SELL,33.93,,0.0,-28.7,13.4,13.8,20.5,False,False,1031394,0,Price lost the 20 EMA — Wedge Drop confirmed
2026-05-10,CLB,Wedge Drop,SELL,14.23,,0.0,-30.2,22.5,16.6,32.8,False,False,402067,0,Price lost the 20 EMA — Wedge Drop confirmed
2026-05-10,OSIS,Wedge Drop,SELL,234.74,,0.0,-30.3,15.1,10.9,33.5,False,True,264946,0,Price lost the 20 EMA — Wedge Drop confirmed
2026-05-10,TLRY,Wedge Drop,SELL,5.69,,0.0,-30.4,21.1,25.8,22.3,True,False,7427070,0,Price lost the 20 EMA — Wedge Drop confirmed
2026-05-10,CNR,Wedge Drop,SELL,88.38,,0.0,-30.9,21.5,20.1,26.9,False,False,864152,0,Price lost the 20 EMA — Wedge Drop confirmed
2026-05-10,OIS,Wedge Drop,SELL,9.63,,0.0,-30.9,17.4,20.0,38.6,False,True,722925,0,Price lost the 20 EMA — Wedge Drop confirmed
2026-05-10,TENX,Wedge Drop,SELL,12.49,,0.0,-31.9,11.7,17.3,21.9,False,False,575963,0,Price lost the 20 EMA — Wedge Drop confirmed
2026-05-10,CVRX,Wedge Drop,SELL,7.5,,0.0,-32.9,12.7,22.3,26.9,False,False,270562,0,Price lost the 20 EMA — Wedge Drop confirmed
2026-05-10,IPGP,Wedge Drop,SELL,90.84,,0.0,-33.5,13.6,19.7,42.8,False,True,551884,0,Price lost the 20 EMA — Wedge Drop confirmed
2026-05-10,PLSE,Wedge Drop,SELL,18.65,,0.0,-34.5,18.4,16.0,33.4,False,False,255457,0,Price lost the 20 EMA — Wedge Drop confirmed
2026-05-10,SENS,Wedge Drop,SELL,5.0,,0.0,-41.1,16.8,12.2,42.6,False,True,428987,0,Price lost the 20 EMA — Wedge Drop confirmed
2026-05-10,AVNW,Wedge Drop,SELL,15.09,,0.0,-43.0,19.7,14.6,47.4,False,True,234796,0,Price lost the 20 EMA — Wedge Drop confirmed
2026-05-10,GEOS,Wedge Drop,SELL,8.89,,0.0,-44.5,14.4,18.9,25.3,False,False,202922,0,Price lost the 20 EMA — Wedge Drop confirmed
2026-05-10,BRBR,Wedge Drop,SELL,10.63,,0.0,-48.2,22.8,16.4,48.4,False,True,4255455,0,Price lost the 20 EMA — Wedge Drop confirmed
2026-05-10,ERAS,Wedge Drop,SELL,9.99,,0.0,-57.5,34.5,19.6,38.7,False,False,9488109,0,Price lost the 20 EMA — Wedge Drop confirmed
2026-05-10,WGS,Wedge Drop,SELL,34.51,,0.0,-64.0,19.9,16.3,49.1,False,True,1151871,0,Price lost the 20 EMA — Wedge Drop confirmed
2026-05-10,UPST,Wedge Drop,SELL,31.17,,0.0,0.0,19.8,24.2,23.8,True,False,4273530,0,Price lost the 20 EMA — Wedge Drop confirmed
2026-05-10,JLHL,Extension,REDUCE,21.05,13.46,36.0,242.8,57.8,42.2,1.9,True,False,244750,3,Extension #3: +56.4% above 10 EMA
2026-05-10,AXTI,Extension,REDUCE,107.55,84.57,21.4,140.3,35.1,40.5,11.2,True,False,12836536,2,Extension #2: +27.2% above 10 EMA
2026-05-10,DGXX,Extension,REDUCE,5.11,3.67,28.1,118.6,34.9,57.3,8.1,True,True,7855941,2,Extension #2: +39.1% above 10 EMA
2026-05-10,TRT,Extension,REDUCE,13.45,11.86,11.8,107.6,46.3,33.5,6.0,True,False,2375906,3,Extension #3: +13.4% above 10 EMA
2026-05-10,OGN,Extension,REDUCE,13.35,12.04,9.8,104.8,55.5,50.1,8.8,True,False,18228397,2,Extension #2: +10.9% above 10 EMA
2026-05-10,LWLG,Extension,REDUCE,16.72,13.74,17.8,96.6,48.4,39.1,11.7,True,False,9718975,3,Extension #3: +21.6% above 10 EMA
2026-05-10,STRL,Extension,REDUCE,806.0,548.66,31.9,88.9,19.1,61.0,9.4,True,True,547066,3,Extension #3: +46.9% above 10 EMA
2026-05-10,WOLF,Extension,REDUCE,36.63,30.07,17.9,87.1,42.4,40.8,9.0,True,True,4531046,2,Extension #2: +21.8% above 10 EMA
2026-05-10,MRAM,Extension,REDUCE,19.05,15.43,19.0,84.7,38.7,47.5,13.1,True,True,1510124,2,Extension #2: +23.4% above 10 EMA
2026-05-10,FGI,Extension,REDUCE,7.63,7.26,4.9,82.9,34.7,32.6,20.4,True,False,324155,2,Extension #2: +5.1% above 10 EMA
2026-05-10,NVTS,Extension,REDUCE,17.55,15.87,9.6,82.8,33.5,33.2,14.0,True,False,34354747,2,Extension #2: +10.6% above 10 EMA
2026-05-10,SKIL,Extension,REDUCE,8.62,7.25,15.8,79.2,51.4,33.4,7.4,True,False,307099,2,Extension #2: +18.8% above 10 EMA
2026-05-10,ABSI,Extension,REDUCE,5.61,4.74,15.6,73.7,49.6,40.6,4.3,True,False,4968593,2,Extension #2: +18.4% above 10 EMA
2026-05-10,CRDO,Extension,REDUCE,193.57,177.11,8.5,73.1,33.5,37.7,16.0,True,False,7407587,2,Extension #2: +9.3% above 10 EMA
2026-05-10,QUIK,Extension,REDUCE,18.19,15.08,17.1,67.9,51.2,45.4,8.7,True,False,492540,4,Extension #4: +20.6% above 10 EMA
2026-05-10,ALAB,Extension,REDUCE,215.69,195.02,9.6,67.0,36.8,38.7,13.8,True,False,6008587,2,Extension #2: +10.6% above 10 EMA
2026-05-10,LGN,Extension,REDUCE,99.38,84.63,14.8,64.6,47.6,52.1,6.5,True,False,2349113,3,Extension #3: +17.4% above 10 EMA
2026-05-10,PENG,Extension,REDUCE,36.45,30.23,17.1,64.0,51.9,53.2,8.5,True,True,1769680,2,Extension #2: +20.6% above 10 EMA
2026-05-10,WLAC,Extension,REDUCE,19.02,16.7,12.2,61.5,58.8,42.1,4.6,True,False,790974,2,Extension #2: +13.9% above 10 EMA
2026-05-10,AEHR,Extension,REDUCE,91.19,86.76,4.9,59.0,44.4,34.9,14.4,True,False,4388429,3,Extension #3: +5.1% above 10 EMA
2026-05-10,CEVA,Extension,REDUCE,33.72,28.49,15.5,56.0,35.6,54.1,13.8,True,True,634836,2,Extension #2: +18.4% above 10 EMA
2026-05-10,VICR,Extension,REDUCE,266.0,251.8,5.3,55.0,28.3,28.9,16.9,True,False,849090,2,Extension #2: +5.6% above 10 EMA
2026-05-10,CLYM,Extension,REDUCE,11.45,9.52,16.9,54.1,30.5,42.1,13.6,True,True,815994,2,Extension #2: +20.3% above 10 EMA
2026-05-10,AAOI,Extension,REDUCE,180.57,159.07,11.9,52.2,38.0,35.1,11.0,True,False,10820153,3,Extension #3: +13.5% above 10 EMA
2026-05-10,PACK,Extension,REDUCE,5.91,4.79,19.0,51.1,25.9,50.3,12.5,True,False,569198,2,Extension #2: +23.5% above 10 EMA
2026-05-10,TTMI,Extension,REDUCE,159.58,143.84,9.9,50.9,32.1,40.6,10.0,True,False,2160172,2,Extension #2: +10.9% above 10 EMA
2026-05-10,ANAB,Extension,REDUCE,69.28,62.14,10.3,50.6,49.6,43.3,9.6,True,False,774076,2,Extension #2: +11.5% above 10 EMA
2026-05-10,GLXY,Extension,REDUCE,30.32,26.99,11.0,50.0,22.9,30.8,11.5,True,False,5580082,2,Extension #2: +12.4% above 10 EMA
2026-05-10,CRML,Extension,REDUCE,13.31,12.12,8.9,48.5,30.7,35.2,12.5,True,False,19781833,2,Extension #2: +9.8% above 10 EMA
2026-05-10,IONQ,Extension,REDUCE,48.0,44.23,7.9,48.3,29.8,34.6,18.6,True,False,34099970,2,Extension #2: +8.5% above 10 EMA
2026-05-10,SITM,Extension,REDUCE,596.64,542.22,9.1,48.1,35.1,41.5,16.8,True,False,346893,2,Extension #2: +10.0% above 10 EMA
2026-05-10,AMKR,Extension,REDUCE,76.71,71.25,7.1,47.3,27.6,38.0,22.1,True,False,4757625,2,Extension #2: +7.7% above 10 EMA
2026-05-10,ASST,Extension,REDUCE,16.51,15.43,6.6,47.3,28.7,33.6,16.3,True,False,3817221,2,Extension #2: +7.0% above 10 EMA
2026-05-10,MYRG,Extension,REDUCE,468.54,383.79,18.1,46.8,42.9,57.6,5.0,True,False,282755,2,Extension #2: +22.1% above 10 EMA
2026-05-10,HUT,Extension,REDUCE,80.51,75.68,6.0,46.6,24.1,32.5,18.5,True,False,4801550,2,Extension #2: +6.4% above 10 EMA
2026-05-10,UMC,Extension,REDUCE,14.01,12.5,10.8,45.4,30.7,51.2,17.2,True,False,12394042,2,Extension #2: +12.1% above 10 EMA
2026-05-10,APLD,Extension,REDUCE,39.88,34.43,13.7,42.5,21.6,37.0,18.9,True,False,26375549,2,Extension #2: +15.8% above 10 EMA
2026-05-10,CRWV,Extension,REDUCE,127.89,116.64,8.8,42.2,21.7,30.5,15.2,True,False,33743670,2,Extension #2: +9.6% above 10 EMA
2026-05-10,STRO,Extension,REDUCE,37.32,35.21,5.6,40.0,46.6,29.2,9.0,True,False,270614,2,Extension #2: +6.0% above 10 EMA
2026-05-10,AUR,Extension,REDUCE,6.53,5.58,14.6,39.7,30.0,43.5,11.7,True,False,22105824,2,Extension #2: +17.1% above 10 EMA
2026-05-10,PRCH,Extension,REDUCE,11.23,9.33,16.9,38.2,22.3,43.1,17.0,True,False,2165456,2,Extension #2: +20.3% above 10 EMA
2026-05-10,EXTR,Extension,REDUCE,23.71,20.16,15.0,37.5,35.8,52.6,12.8,True,False,2785348,2,Extension #2: +17.6% above 10 EMA
2026-05-10,CADL,Extension,REDUCE,7.67,6.71,12.6,37.0,28.5,45.3,15.3,True,False,1844492,2,Extension #2: +14.4% above 10 EMA
2026-05-10,DIOD,Extension,REDUCE,112.5,102.73,8.7,37.0,47.2,47.9,11.6,True,False,579847,2,Extension #2: +9.5% above 10 EMA
2026-05-10,LEGN,Extension,REDUCE,28.51,24.63,13.6,36.8,31.0,51.7,15.6,True,True,2726492,2,Extension #2: +15.8% above 10 EMA
2026-05-10,ALGM,Extension,REDUCE,49.68,45.12,9.2,35.6,32.6,44.3,14.1,True,False,2007129,2,Extension #2: +10.1% above 10 EMA
2026-05-10,WULF,Extension,REDUCE,23.49,21.26,9.5,35.2,22.2,30.3,14.2,True,False,34843190,2,Extension #2: +10.5% above 10 EMA
2026-05-10,NOK,Extension,REDUCE,13.42,11.86,11.6,35.1,43.1,48.7,10.3,True,False,102331333,2,Extension #2: +13.1% above 10 EMA
2026-05-10,VIAV,Extension,REDUCE,53.97,48.13,10.8,34.6,36.7,42.5,12.8,True,False,6510927,3,Extension #3: +12.1% above 10 EMA
2026-05-10,POWI,Extension,REDUCE,77.08,70.14,9.0,34.0,39.2,41.8,14.7,True,False,1027175,2,Extension #2: +9.9% above 10 EMA
2026-05-10,KPTI,Extension,REDUCE,9.41,8.8,6.5,33.1,27.7,29.1,15.2,True,False,478905,2,Extension #2: +6.9% above 10 EMA
2026-05-10,TWLO,Extension,REDUCE,195.58,158.91,18.8,32.9,28.3,55.0,10.4,True,False,2719026,2,Extension #2: +23.1% above 10 EMA
2026-05-10,BULL,Extension,REDUCE,7.33,6.93,5.5,32.6,38.0,36.6,14.0,True,False,15493364,2,Extension #2: +5.8% above 10 EMA
2026-05-10,KFRC,Extension,REDUCE,43.91,39.79,9.4,32.4,37.0,43.7,12.0,True,False,323200,2,Extension #2: +10.4% above 10 EMA
2026-05-10,OUST,Extension,REDUCE,28.6,26.79,6.3,32.3,30.0,36.6,14.6,True,True,2279082,2,Extension #2: +6.7% above 10 EMA
2026-05-10,RUM,Extension,REDUCE,7.31,6.87,6.0,32.2,42.4,34.7,10.1,True,False,3107165,2,Extension #2: +6.3% above 10 EMA
2026-05-10,CLSK,Extension,REDUCE,13.41,12.29,8.4,31.5,21.0,34.5,18.0,True,False,20419379,2,Extension #2: +9.2% above 10 EMA
2026-05-10,MSTR,Extension,REDUCE,186.9,170.33,8.9,30.5,28.2,38.9,14.4,True,False,18156720,2,Extension #2: +9.7% above 10 EMA
2026-05-10,NEXA,Extension,REDUCE,15.99,14.85,7.1,30.5,32.0,34.1,11.9,True,False,1737196,2,Extension #2: +7.7% above 10 EMA
2026-05-10,ASYS,Extension,REDUCE,17.93,17.02,5.0,30.3,40.1,28.0,11.8,True,False,238556,2,Extension #2: +5.3% above 10 EMA
2026-05-10,NVT,Extension,REDUCE,169.41,147.63,12.9,28.7,26.2,49.4,12.6,True,False,2091053,2,Extension #2: +14.7% above 10 EMA
2026-05-10,LZM,Extension,REDUCE,5.51,5.07,7.9,28.4,28.4,40.2,17.0,True,False,978262,2,Extension #2: +8.6% above 10 EMA
2026-05-10,TYGO,Extension,REDUCE,5.16,4.79,7.1,27.9,26.5,25.4,10.3,True,False,554541,2,Extension #2: +7.7% above 10 EMA
2026-05-10,LFMD,Extension,REDUCE,5.13,4.67,8.9,27.5,37.5,34.2,11.6,True,False,1219690,2,Extension #2: +9.7% above 10 EMA
2026-05-10,GTX,Extension,REDUCE,26.14,22.68,13.3,26.9,28.2,50.8,10.4,True,False,2116749,2,Extension #2: +15.3% above 10 EMA
2026-05-10,DNA,Extension,REDUCE,9.71,8.53,12.2,25.5,22.9,43.4,13.8,True,False,1045161,2,Extension #2: +13.9% above 10 EMA
2026-05-10,LAR,Extension,REDUCE,10.39,9.69,6.7,24.2,36.0,34.1,8.8,True,False,3041436,2,Extension #2: +7.2% above 10 EMA
2026-05-10,ECG,Extension,REDUCE,168.32,144.73,14.0,23.7,36.8,46.9,8.3,True,True,585698,3,Extension #3: +16.3% above 10 EMA
2026-05-10,GRRR,Extension,REDUCE,15.09,13.86,8.2,23.4,25.3,40.2,15.0,True,False,644408,2,Extension #2: +8.9% above 10 EMA
2026-05-10,VPG,Extension,REDUCE,63.95,58.49,8.5,22.8,37.0,39.2,9.8,True,False,222608,2,Extension #2: +9.3% above 10 EMA
2026-05-10,CTRI,Extension,REDUCE,41.58,36.77,11.6,22.5,32.5,47.0,7.4,True,True,1037615,2,Extension #2: +13.1% above 10 EMA
2026-05-10,PRIM,Extension,REDUCE,202.92,178.26,12.2,22.5,24.3,42.7,11.4,True,True,807661,3,Extension #3: +13.8% above 10 EMA
2026-05-10,HIMX,Extension,REDUCE,12.18,11.42,6.2,21.8,37.3,36.5,13.0,True,False,2649016,2,Extension #2: +6.7% above 10 EMA
2026-05-10,KLIC,Extension,REDUCE,91.39,85.6,6.3,21.4,33.3,40.6,14.4,True,False,615135,2,Extension #2: +6.8% above 10 EMA
2026-05-10,LAC,Extension,REDUCE,5.52,5.16,6.5,21.2,30.5,32.3,9.9,True,False,10513061,2,Extension #2: +7.0% above 10 EMA
2026-05-10,TDUP,Extension,REDUCE,5.01,4.37,12.9,21.1,26.8,36.5,12.1,True,True,2493021,2,Extension #2: +14.8% above 10 EMA
2026-05-10,SOUN,Extension,REDUCE,9.14,8.33,8.8,20.6,28.8,40.3,16.9,True,False,28019314,2,Extension #2: +9.7% above 10 EMA
2026-05-10,CORZ,Extension,REDUCE,22.19,20.57,7.3,20.4,16.5,30.2,17.0,True,False,14344599,2,Extension #2: +7.9% above 10 EMA
2026-05-10,INVE,Extension,REDUCE,5.03,4.56,9.4,20.1,48.3,35.5,5.1,True,False,334479,2,Extension #2: +10.4% above 10 EMA
2026-05-10,REAL,Extension,REDUCE,12.72,12.04,5.3,19.5,26.9,36.6,15.7,True,False,2841384,2,Extension #2: +5.6% above 10 EMA
2026-05-10,QMCO,Extension,REDUCE,8.27,7.26,12.2,18.6,30.9,40.9,14.9,True,False,423032,2,Extension #2: +13.9% above 10 EMA
2026-05-10,CHEF,Extension,REDUCE,79.03,72.06,8.8,17.6,21.2,37.4,14.1,True,False,510127,2,Extension #2: +9.7% above 10 EMA
2026-05-10,MP,Extension,REDUCE,68.06,64.28,5.5,17.2,21.0,26.4,15.3,True,False,5424044,2,Extension #2: +5.9% above 10 EMA
2026-05-10,MTRN,Extension,REDUCE,196.92,182.67,7.2,16.5,23.5,33.5,17.4,True,False,208588,2,Extension #2: +7.8% above 10 EMA
2026-05-10,VRT,Extension,REDUCE,341.02,319.92,6.2,16.0,20.2,33.5,18.9,True,False,5497957,2,Extension #2: +6.6% above 10 EMA
2026-05-10,AXSM,Extension,REDUCE,223.06,199.95,10.4,15.6,32.1,44.7,9.8,True,False,823296,2,Extension #2: +11.6% above 10 EMA
2026-05-10,DY,Extension,REDUCE,457.14,418.63,8.4,15.3,33.6,38.9,9.7,True,True,400052,2,Extension #2: +9.2% above 10 EMA
2026-05-10,ALTO,Extension,REDUCE,5.99,5.41,9.6,15.0,40.6,33.9,10.0,True,True,1409467,3,Extension #3: +10.7% above 10 EMA
2026-05-10,CRNC,Extension,REDUCE,9.86,9.1,7.7,14.6,33.0,44.7,13.4,True,True,692708,3,Extension #3: +8.3% above 10 EMA
2026-05-10,ADUR,Extension,REDUCE,13.76,12.66,8.0,14.4,18.7,28.6,12.8,True,False,285783,2,Extension #2: +8.7% above 10 EMA
2026-05-10,MTSI,Extension,REDUCE,303.57,282.12,7.1,14.4,21.4,32.9,16.2,True,False,976369,2,Extension #2: +7.6% above 10 EMA
2026-05-10,BEN,Extension,REDUCE,30.46,28.78,5.5,14.3,34.5,35.6,10.7,True,True,5614994,2,Extension #2: +5.9% above 10 EMA
2026-05-10,INDV,Extension,REDUCE,39.59,35.74,9.7,14.3,25.7,40.8,9.3,True,False,1805647,2,Extension #2: +10.8% above 10 EMA
2026-05-10,MTZ,Extension,REDUCE,437.51,395.23,9.7,13.9,35.6,39.2,7.4,True,False,756258,4,Extension #4: +10.7% above 10 EMA
2026-05-10,ESI,Extension,REDUCE,43.99,41.16,6.4,13.8,26.0,35.8,13.8,True,False,2730066,3,Extension #3: +6.9% above 10 EMA
2026-05-10,SWKS,Extension,REDUCE,72.56,65.28,10.0,13.8,31.0,45.2,9.1,True,True,3119005,2,Extension #2: +11.2% above 10 EMA
2026-05-10,PLXS,Extension,REDUCE,265.11,250.44,5.5,13.3,23.9,34.9,20.2,True,False,331309,2,Extension #2: +5.9% above 10 EMA
2026-05-10,ETOR,Extension,REDUCE,38.91,36.92,5.1,13.1,33.3,33.8,12.4,True,False,1205072,2,Extension #2: +5.4% above 10 EMA
2026-05-10,CC,Extension,REDUCE,27.94,26.07,6.7,12.9,40.6,34.8,7.9,True,True,2585191,2,Extension #2: +7.2% above 10 EMA
2026-05-10,HLIT,Extension,REDUCE,11.89,10.97,7.7,12.2,23.8,43.2,14.4,True,False,963962,2,Extension #2: +8.4% above 10 EMA
2026-05-10,OMCL,Extension,REDUCE,43.56,40.96,6.0,11.9,23.9,34.2,15.7,True,False,558896,2,Extension #2: +6.4% above 10 EMA
2026-05-10,KN,Extension,REDUCE,33.28,31.13,6.4,11.7,22.7,35.6,17.1,True,True,806814,2,Extension #2: +6.9% above 10 EMA
2026-05-10,ROKU,Extension,REDUCE,124.41,117.14,5.8,10.9,28.8,36.9,11.3,True,False,2621608,2,Extension #2: +6.2% above 10 EMA
2026-05-10,IRM,Extension,REDUCE,131.7,120.89,8.2,10.4,30.9,49.1,15.5,True,False,1556005,2,Extension #2: +8.9% above 10 EMA
2026-05-10,SLP,Extension,REDUCE,15.71,14.73,6.3,10.3,40.4,35.2,14.2,True,False,406733,2,Extension #2: +6.7% above 10 EMA
2026-05-10,AGX,Extension,REDUCE,720.0,661.04,8.2,10.1,40.1,39.9,12.7,True,False,295140,2,Extension #2: +8.9% above 10 EMA
2026-05-10,LTRX,Extension,REDUCE,6.9,6.53,5.4,10.1,24.9,30.6,11.2,True,False,472290,2,Extension #2: +5.7% above 10 EMA
2026-05-10,CAT,Extension,REDUCE,904.59,845.56,6.5,9.8,27.8,40.9,12.8,True,False,2316202,2,Extension #2: +7.0% above 10 EMA
2026-05-10,RNG,Extension,REDUCE,47.75,42.38,11.2,9.6,19.1,39.6,15.2,True,False,1421213,2,Extension #2: +12.7% above 10 EMA
2026-05-10,OPFI,Extension,REDUCE,9.75,9.18,5.9,9.5,30.5,44.9,13.8,True,False,426746,2,Extension #2: +6.2% above 10 EMA
2026-05-10,TPC,Extension,REDUCE,97.31,89.61,7.9,9.5,34.3,37.7,6.7,True,True,449934,2,Extension #2: +8.6% above 10 EMA
2026-05-10,TDOC,Extension,REDUCE,6.66,6.11,8.2,9.4,21.2,33.3,23.4,True,False,4820955,2,Extension #2: +9.0% above 10 EMA
2026-05-10,OMDA,Extension,REDUCE,15.65,14.65,6.4,8.6,24.0,34.8,14.2,True,False,696543,2,Extension #2: +6.8% above 10 EMA
2026-05-10,KRO,Extension,REDUCE,7.8,7.22,7.4,8.2,37.5,33.0,7.9,True,False,313734,2,Extension #2: +8.0% above 10 EMA
2026-05-10,SHLS,Extension,REDUCE,8.13,7.74,4.8,8.1,13.9,34.0,14.8,False,True,5861611,2,Extension #2: +5.0% above 10 EMA
2026-05-10,SEZL,Extension,REDUCE,85.19,80.79,5.2,8.0,20.6,36.9,18.4,True,False,753386,2,Extension #2: +5.4% above 10 EMA
2026-05-10,EME,Extension,REDUCE,933.27,879.28,5.8,7.4,28.7,34.2,9.6,True,False,345751,2,Extension #2: +6.1% above 10 EMA
2026-05-10,RYZ,Extension,REDUCE,27.9,26.43,5.3,7.4,28.2,32.7,10.6,True,False,268458,3,Extension #3: +5.5% above 10 EMA
2026-05-10,KODK,Extension,REDUCE,14.1,13.24,6.1,6.9,59.9,35.9,9.4,True,False,1183783,2,Extension #2: +6.5% above 10 EMA
2026-05-10,ABEO,Extension,REDUCE,5.83,5.54,5.0,6.7,33.7,31.7,10.4,True,False,1038071,2,Extension #2: +5.2% above 10 EMA
2026-05-10,BSTZ,Extension,REDUCE,27.36,25.99,5.0,6.6,40.9,50.9,12.3,True,False,207638,2,Extension #2: +5.3% above 10 EMA
2026-05-10,PII,Extension,REDUCE,66.11,62.77,5.0,6.6,18.6,27.0,18.6,True,False,1870653,2,Extension #2: +5.3% above 10 EMA
2026-05-10,IBKR,Extension,REDUCE,83.91,79.32,5.5,6.5,19.3,41.0,18.9,True,False,4408631,2,Extension #2: +5.8% above 10 EMA
2026-05-10,PUBM,Extension,REDUCE,10.4,9.8,5.7,6.5,25.8,30.7,16.6,True,False,580105,3,Extension #3: +6.1% above 10 EMA
2026-05-10,HPE,Extension,REDUCE,30.04,28.32,5.7,6.4,33.7,41.9,15.6,True,False,13203596,2,Extension #2: +6.1% above 10 EMA
2026-05-10,FLYW,Extension,REDUCE,14.53,13.76,5.3,6.3,22.4,31.9,16.2,True,True,1691565,2,Extension #2: +5.6% above 10 EMA
2026-05-10,UNCY,Extension,REDUCE,8.08,7.52,6.9,6.2,28.6,35.6,10.8,True,True,541038,2,Extension #2: +7.5% above 10 EMA
2026-05-10,KGS,Extension,REDUCE,70.9,66.72,5.9,6.0,56.6,37.6,4.4,True,False,1038064,2,Extension #2: +6.3% above 10 EMA
2026-05-10,INN,Extension,REDUCE,5.27,4.99,5.3,5.3,25.4,32.2,11.8,True,False,778927,2,Extension #2: +5.6% above 10 EMA
2026-05-10,RLJ,Extension,REDUCE,8.77,8.24,6.1,5.0,32.5,38.5,9.1,True,True,2397312,2,Extension #2: +6.5% above 10 EMA
2026-05-10,SHIP,Extension,REDUCE,16.68,15.03,9.9,4.4,30.4,38.5,11.0,True,True,200448,2,Extension #2: +11.0% above 10 EMA
2026-05-10,CRWD,Extension,REDUCE,476.53,453.4,4.9,3.7,14.9,34.4,21.6,False,False,3386648,2,Extension #2: +5.1% above 10 EMA
2026-05-10,HOG,Extension,REDUCE,25.11,23.61,6.0,3.7,28.4,28.2,16.9,True,True,3183947,2,Extension #2: +6.3% above 10 EMA
2026-05-10,HUN,Extension,REDUCE,14.99,14.05,6.3,3.7,30.2,25.0,9.2,True,False,4714498,3,Extension #3: +6.7% above 10 EMA
2026-05-10,MUSA,Extension,REDUCE,604.52,552.22,8.7,3.3,25.8,43.7,14.9,True,False,348766,3,Extension #3: +9.5% above 10 EMA
2026-05-10,OPLN,Extension,REDUCE,35.36,32.22,8.9,3.2,35.4,46.0,10.1,True,True,661987,2,Extension #2: +9.7% above 10 EMA
2026-05-10,CGNX,Extension,REDUCE,58.83,55.43,5.8,3.0,16.2,35.8,16.5,True,True,1783061,2,Extension #2: +6.1% above 10 EMA
2026-05-10,EVLV,Extension,REDUCE,7.23,6.87,5.0,2.9,34.8,35.9,12.9,True,False,2208696,4,Extension #4: +5.2% above 10 EMA
2026-05-10,ROK,Extension,REDUCE,435.93,408.85,6.2,2.9,24.6,40.4,12.4,True,True,708823,2,Extension #2: +6.6% above 10 EMA
2026-05-10,TLN,Extension,REDUCE,384.9,365.62,5.0,2.9,17.5,33.6,16.5,True,False,625408,2,Extension #2: +5.3% above 10 EMA
2026-05-10,CSTM,Extension,REDUCE,32.96,31.22,5.3,2.6,30.2,29.1,11.0,True,False,2228285,2,Extension #2: +5.6% above 10 EMA
2026-05-10,BWLP,Extension,REDUCE,20.7,19.46,6.0,2.4,36.3,47.6,11.9,True,False,371626,2,Extension #2: +6.4% above 10 EMA
2026-05-10,TRMD,Extension,REDUCE,34.87,32.16,7.8,2.1,34.1,46.2,12.9,True,False,694453,2,Extension #2: +8.4% above 10 EMA
2026-05-10,S,Extension,REDUCE,15.86,14.73,7.1,1.6,17.9,34.1,20.1,True,False,6952256,2,Extension #2: +7.7% above 10 EMA
2026-05-10,HAFN,Extension,REDUCE,9.46,8.81,6.9,1.0,38.6,43.7,11.5,True,False,1740194,2,Extension #2: +7.4% above 10 EMA
2026-05-10,INSW,Extension,REDUCE,88.09,81.86,7.1,0.5,29.4,35.2,14.0,True,False,476955,3,Extension #3: +7.6% above 10 EMA
2026-05-10,CRBG,Extension,REDUCE,28.46,27.06,4.9,0.2,27.1,34.2,11.9,True,True,6060319,2,Extension #2: +5.2% above 10 EMA
2026-05-10,VRNS,Extension,REDUCE,27.41,25.91,5.5,-0.1,22.7,35.5,13.2,True,False,2758199,2,Extension #2: +5.8% above 10 EMA
2026-05-10,ESE,Extension,REDUCE,339.35,322.29,5.0,-0.2,21.0,32.0,13.6,True,False,338445,2,Extension #2: +5.3% above 10 EMA
2026-05-10,AHRT,Extension,REDUCE,6.44,6.09,5.4,-0.6,22.8,29.6,13.7,True,True,688219,2,Extension #2: +5.7% above 10 EMA
2026-05-10,ASRT,Extension,REDUCE,22.16,19.37,12.6,-0.8,48.1,60.8,6.6,True,False,457810,2,Extension #2: +14.4% above 10 EMA
2026-05-10,TH,Extension,REDUCE,15.65,14.74,5.8,-0.9,54.5,37.3,8.7,True,False,1400997,3,Extension #3: +6.1% above 10 EMA
2026-05-10,EQH,Extension,REDUCE,44.04,41.88,4.9,-1.3,23.8,35.6,13.5,True,True,3990686,2,Extension #2: +5.2% above 10 EMA
2026-05-10,NTSK,Extension,REDUCE,10.77,10.06,6.6,-2.3,14.0,26.6,16.0,False,False,4106167,2,Extension #2: +7.0% above 10 EMA
2026-05-10,YOU,Extension,REDUCE,58.77,55.04,6.3,-2.3,26.5,36.4,17.8,True,True,1449488,2,Extension #2: +6.8% above 10 EMA
2026-05-10,TROX,Extension,REDUCE,10.48,9.92,5.4,-2.4,25.3,28.7,14.0,True,False,2580494,2,Extension #2: +5.7% above 10 EMA
2026-05-10,TWO,Extension,REDUCE,12.26,11.54,5.8,-4.5,31.5,49.5,10.2,True,False,1828732,2,Extension #2: +6.2% above 10 EMA
2026-05-10,ICLR,Extension,REDUCE,121.32,112.91,6.9,-5.1,21.0,33.8,18.1,True,False,1263012,2,Extension #2: +7.5% above 10 EMA
2026-05-10,SBLK,Extension,REDUCE,26.68,25.09,6.0,-5.1,26.6,32.0,8.5,True,True,888147,2,Extension #2: +6.4% above 10 EMA
2026-05-10,PD,Extension,REDUCE,7.21,6.82,5.4,-6.4,23.5,29.8,18.0,True,False,2499728,2,Extension #2: +5.7% above 10 EMA
2026-05-10,ALKS,Extension,REDUCE,36.25,34.26,5.5,-9.5,17.3,30.6,19.1,True,False,1870705,2,Extension #2: +5.8% above 10 EMA
2026-05-10,VEEE,Extension,HOLD,6.44,2.2,65.8,2648.1,24.1,76.3,11.4,True,False,3553433,1,Extension #1: +192.3% above 10 EMA
2026-05-10,BKYI,Extension,HOLD,5.16,2.64,48.7,821.5,32.8,78.1,9.0,True,False,229729,1,Extension #1: +95.1% above 10 EMA
2026-05-10,AKAN,Extension,HOLD,30.0,24.34,18.9,811.8,48.9,42.7,12.2,True,False,6064776,1,Extension #1: +23.3% above 10 EMA
2026-05-10,CUE,Extension,HOLD,34.94,21.23,39.2,542.2,46.4,52.1,12.1,True,False,1086127,1,Extension #1: +64.6% above 10 EMA
2026-05-10,BBGI,Uptrend,HOLD,18.35,19.3,0.0,463.0,65.1,30.2,8.0,True,False,3886522,2,Uptrend intact — above 10 and 20 EMA
2026-05-10,ONEG,Extension,HOLD,10.96,7.71,29.7,331.5,46.3,73.3,3.3,True,True,1461167,1,Extension #1: +42.2% above 10 EMA
2026-05-10,MXL,Extension,HOLD,81.68,59.56,27.1,326.9,57.5,61.9,4.3,True,False,5585720,1,Extension #1: +37.1% above 10 EMA
2026-05-10,HCAI,Extension,HOLD,15.79,10.55,33.2,242.2,36.3,57.1,9.8,True,False,3655395,1,Extension #1: +49.6% above 10 EMA
2026-05-10,ELPW,Extension,HOLD,5.87,4.35,25.9,239.9,55.6,45.6,9.4,True,False,11953775,1,Extension #1: +34.9% above 10 EMA
2026-05-10,CNSP,Extension,HOLD,7.15,4.05,43.4,192.4,22.6,61.2,20.2,True,False,4248243,1,Extension #1: +76.7% above 10 EMA
2026-05-10,SKLZ,Uptrend,HOLD,6.67,6.4,4.0,152.0,54.5,51.4,6.1,True,False,3084183,2,Uptrend intact — above 10 and 20 EMA
2026-05-10,EDSA,Extension,HOLD,15.46,12.91,16.5,149.7,55.5,44.8,4.6,True,False,928194,1,Extension #1: +19.7% above 10 EMA
2026-05-10,BAND,Extension,HOLD,47.33,32.34,31.7,143.4,53.8,72.0,5.2,True,True,858621,1,Extension #1: +46.3% above 10 EMA
2026-05-10,ATOM,Extension,HOLD,10.56,8.16,22.7,135.6,43.7,52.5,7.9,True,False,2933512,1,Extension #1: +29.4% above 10 EMA
2026-05-10,VNCE,Extension,HOLD,5.57,4.71,15.5,124.3,54.7,42.5,4.0,True,False,316210,1,Extension #1: +18.3% above 10 EMA
2026-05-10,BTM,Uptrend,HOLD,5.88,6.15,0.0,123.2,43.5,26.3,14.6,True,False,771749,2,Uptrend intact — above 10 and 20 EMA
2026-05-10,ALMU,Extension,HOLD,27.38,21.19,22.6,117.5,41.2,37.5,5.6,True,False,2387724,1,Extension #1: +29.2% above 10 EMA
2026-05-10,BE,Extension,HOLD,295.25,257.78,12.7,102.9,37.8,35.8,9.7,True,False,10953581,1,Extension #1: +14.5% above 10 EMA
2026-05-10,SKK,Extension,HOLD,5.56,4.07,26.8,101.4,41.5,59.2,3.6,True,True,1487399,1,Extension #1: +36.6% above 10 EMA
2026-05-10,INTC,Extension,HOLD,108.15,87.35,19.2,97.2,53.4,61.3,6.1,True,False,134456574,1,Extension #1: +23.8% above 10 EMA
2026-05-10,BLZE,Extension,HOLD,7.59,4.84,36.3,89.3,31.8,72.4,4.8,True,True,2338356,1,Extension #1: +56.9% above 10 EMA
2026-05-10,SIMO,Extension,HOLD,238.41,187.84,21.2,88.7,42.0,51.5,5.3,True,True,948419,1,Extension #1: +26.9% above 10 EMA
2026-05-10,EUDA,Extension,HOLD,16.31,12.73,21.9,87.5,43.5,52.2,8.4,True,False,284436,1,Extension #1: +28.1% above 10 EMA
2026-05-10,FCEL,Extension,HOLD,13.55,11.47,15.4,87.3,38.7,40.5,9.7,True,True,5805786,1,Extension #1: +18.2% above 10 EMA
2026-05-10,INBX,Extension,HOLD,128.12,119.85,6.5,85.2,50.7,41.7,8.0,True,False,522192,1,Extension #1: +6.9% above 10 EMA
2026-05-10,IHRT,Extension,HOLD,6.28,5.34,15.0,80.4,50.1,51.4,6.8,True,False,1030866,1,Extension #1: +17.6% above 10 EMA
2026-05-10,SNDK,Extension,HOLD,1406.32,1111.3,21.0,78.3,42.5,49.6,6.7,True,False,15201302,1,Extension #1: +26.5% above 10 EMA
2026-05-10,AOSL,Extension,HOLD,43.75,40.53,7.4,72.8,54.1,39.1,7.4,True,False,1032831,1,Extension #1: +8.0% above 10 EMA
2026-05-10,KZIA,Extension,HOLD,13.45,12.27,8.8,67.4,43.2,27.6,7.0,True,False,302007,1,Extension #1: +9.6% above 10 EMA
2026-05-10,USAR,Extension,HOLD,27.42,23.89,12.9,63.6,28.6,30.7,13.3,True,False,18271293,1,Extension #1: +14.8% above 10 EMA
2026-05-10,RMAX,Extension,HOLD,10.39,9.43,9.3,63.0,49.0,52.7,10.6,True,False,1303882,1,Extension #1: +10.2% above 10 EMA
2026-05-10,GNLN,Extension,HOLD,5.08,4.56,10.3,61.8,32.5,32.3,13.3,True,False,415879,1,Extension #1: +11.5% above 10 EMA
2026-05-10,RLYB,Extension,HOLD,14.28,10.5,26.5,60.0,29.3,59.5,5.4,True,False,606057,1,Extension #1: +36.0% above 10 EMA
2026-05-10,DOCN,Extension,HOLD,152.77,106.39,30.4,59.6,29.2,53.5,8.2,True,True,5272968,1,Extension #1: +43.6% above 10 EMA
2026-05-10,AESI,Extension,HOLD,19.22,16.79,12.6,56.4,30.6,48.3,12.2,True,True,7128075,1,Extension #1: +14.4% above 10 EMA
2026-05-10,SANM,Extension,HOLD,221.89,200.98,9.4,55.8,50.6,41.9,4.1,True,False,889134,1,Extension #1: +10.4% above 10 EMA
2026-05-10,VSH,Extension,HOLD,32.09,28.37,11.6,55.2,47.7,51.6,9.2,True,True,3088851,1,Extension #1: +13.1% above 10 EMA
2026-05-10,STX,Extension,HOLD,771.01,647.36,16.0,54.3,46.6,51.1,7.0,True,True,4165483,1,Extension #1: +19.1% above 10 EMA
2026-05-10,GFS,Extension,HOLD,74.04,63.33,14.5,54.0,36.7,57.5,12.0,True,True,3899177,1,Extension #1: +16.9% above 10 EMA
2026-05-10,MU,Extension,HOLD,640.2,531.34,17.0,53.7,29.5,45.9,13.3,True,True,39478132,1,Extension #1: +20.5% above 10 EMA
2026-05-10,WATT,Uptrend,HOLD,27.36,28.33,0.0,53.7,46.6,31.0,17.3,True,False,571103,2,Uptrend intact — above 10 and 20 EMA
2026-05-10,AMSC,Extension,HOLD,55.01,48.75,11.4,52.8,49.9,36.6,3.9,True,False,1437349,1,Extension #1: +12.8% above 10 EMA
2026-05-10,SVCO,Extension,HOLD,12.05,10.26,14.8,51.5,57.0,42.3,9.7,True,False,327185,1,Extension #1: +17.4% above 10 EMA
2026-05-10,DRCT,Extension,HOLD,5.44,3.48,36.0,51.0,22.1,45.0,13.2,True,False,531966,1,Extension #1: +56.4% above 10 EMA
2026-05-10,TORO,Uptrend,HOLD,6.49,6.32,2.7,51.0,40.2,40.9,19.6,True,False,1323355,2,Uptrend intact — above 10 and 20 EMA
2026-05-10,ANL,Uptrend,HOLD,14.93,14.29,4.3,50.1,17.2,22.7,20.7,True,False,701051,1,Uptrend intact — above 10 and 20 EMA
2026-05-10,CIFR,Extension,HOLD,22.1,18.56,16.0,49.7,13.5,34.8,16.9,False,True,26990236,1,Extension #1: +19.1% above 10 EMA
2026-05-10,GBTG,Extension,HOLD,9.48,7.02,26.0,49.6,21.2,64.8,10.6,True,True,5902903,1,Extension #1: +35.1% above 10 EMA
2026-05-10,AIP,Extension,HOLD,30.13,26.73,11.3,49.4,42.3,47.3,9.0,True,False,651028,1,Extension #1: +12.7% above 10 EMA
2026-05-10,HPP,Extension,HOLD,9.77,8.9,9.0,47.6,36.0,40.6,15.4,True,False,1161131,1,Extension #1: +9.8% above 10 EMA
2026-05-10,WYFI,Extension,HOLD,19.56,16.73,14.5,46.8,20.4,34.3,16.1,True,True,850941,1,Extension #1: +16.9% above 10 EMA
2026-05-10,CMPS,Extension,HOLD,9.32,8.75,6.1,46.3,31.9,38.1,14.9,True,False,5741453,1,Extension #1: +6.5% above 10 EMA
2026-05-10,ON,Extension,HOLD,102.67,95.69,6.8,45.9,43.4,42.3,18.3,True,True,11203263,1,Extension #1: +7.3% above 10 EMA
2026-05-10,AMD,Extension,HOLD,355.26,327.26,7.9,45.5,48.9,45.0,10.7,True,False,40673214,1,Extension #1: +8.6% above 10 EMA
2026-05-10,STM,Extension,HOLD,57.18,51.3,10.3,45.5,48.8,53.1,7.2,True,False,11779404,1,Extension #1: +11.5% above 10 EMA
2026-05-10,FTRE,Extension,HOLD,14.53,11.53,20.6,45.4,26.9,50.3,10.6,True,True,1276541,1,Extension #1: +26.0% above 10 EMA
2026-05-10,FIVN,Extension,HOLD,24.26,18.85,22.3,44.1,26.3,57.3,9.3,True,True,2665251,1,Extension #1: +28.7% above 10 EMA
2026-05-10,NRGV,Extension,HOLD,5.03,4.37,13.1,43.9,30.8,41.3,9.9,True,True,3681049,1,Extension #1: +15.1% above 10 EMA
2026-05-10,POWL,Extension,HOLD,294.69,262.41,11.0,42.0,43.2,38.2,6.0,True,True,699608,1,Extension #1: +12.3% above 10 EMA
2026-05-10,BB,Extension,HOLD,5.6,5.28,5.8,41.9,54.7,41.7,8.2,True,False,20695186,1,Extension #1: +6.1% above 10 EMA
2026-05-10,MEI,Extension,HOLD,8.99,8.13,9.6,41.1,32.0,41.9,14.2,True,False,460777,1,Extension #1: +10.6% above 10 EMA
2026-05-10,NBIS,Extension,HOLD,175.92,154.73,12.0,40.5,24.0,35.2,15.0,True,False,16136570,1,Extension #1: +13.7% above 10 EMA
2026-05-10,JBIO,Uptrend,HOLD,25.26,24.46,3.2,40.4,51.4,28.3,14.3,True,False,668421,1,Uptrend intact — above 10 and 20 EMA
2026-05-10,IREN,Extension,HOLD,54.74,48.21,11.9,40.0,16.1,37.2,20.9,True,False,35674852,1,Extension #1: +13.6% above 10 EMA
2026-05-10,SGML,Extension,HOLD,22.53,21.13,6.2,39.5,40.4,30.1,12.2,True,False,3430167,1,Extension #1: +6.6% above 10 EMA
2026-05-10,ADVB,Extension,HOLD,6.86,5.78,15.8,39.4,32.0,40.1,10.6,True,False,1048520,1,Extension #1: +18.7% above 10 EMA
2026-05-10,EVER,Extension,HOLD,23.82,17.01,28.6,39.4,19.5,51.9,15.7,True,True,1003912,1,Extension #1: +40.0% above 10 EMA
2026-05-10,TZOO,Uptrend,HOLD,9.32,9.08,2.6,39.3,41.3,36.4,12.4,True,False,422344,1,Uptrend intact — above 10 and 20 EMA
2026-05-10,RVMD,Uptrend,HOLD,147.21,141.65,3.8,38.6,40.4,37.7,14.6,True,False,4378275,2,Uptrend intact — above 10 and 20 EMA
2026-05-10,MRVL,Extension,HOLD,168.75,157.6,6.6,38.4,48.4,44.6,11.7,True,False,27774779,1,Extension #1: +7.1% above 10 EMA
2026-05-10,HELE,Extension,HOLD,23.9,22.51,5.8,37.4,34.3,38.0,18.1,True,False,732797,1,Extension #1: +6.2% above 10 EMA
2026-05-10,EOLS,Extension,HOLD,6.37,5.43,14.8,37.3,38.6,44.8,5.9,True,True,902600,1,Extension #1: +17.4% above 10 EMA
2026-05-10,WDC,Extension,HOLD,465.26,416.62,10.5,37.1,41.7,41.5,9.9,True,False,6938594,1,Extension #1: +11.7% above 10 EMA
2026-05-10,TQQQ,Extension,HOLD,67.39,62.69,7.0,36.8,32.2,40.3,14.8,True,False,76901149,1,Extension #1: +7.5% above 10 EMA
2026-05-10,QBTS,Extension,HOLD,21.54,19.73,8.4,36.5,21.9,32.6,20.6,True,False,32221179,1,Extension #1: +9.2% above 10 EMA
2026-05-10,POET,Extension,HOLD,9.21,8.51,7.6,35.7,23.2,37.2,23.6,True,True,44933743,1,Extension #1: +8.2% above 10 EMA
2026-05-10,BHE,Extension,HOLD,84.56,74.76,11.6,35.6,35.7,51.7,10.1,True,False,436192,1,Extension #1: +13.1% above 10 EMA
2026-05-10,NVCR,Extension,HOLD,15.88,13.92,12.3,34.7,23.1,48.5,17.0,True,False,1512577,1,Extension #1: +14.1% above 10 EMA
2026-05-10,RIOT,Extension,HOLD,20.35,17.98,11.6,34.7,14.4,34.2,23.7,False,False,18978778,1,Extension #1: +13.2% above 10 EMA
2026-05-10,SGMT,Uptrend,HOLD,7.72,7.44,3.6,34.4,26.5,35.4,16.1,True,False,3222561,4,Uptrend intact — above 10 and 20 EMA
2026-05-10,TBRG,Uptrend,HOLD,25.75,24.88,3.4,34.4,54.8,47.3,7.7,True,False,492556,1,Uptrend intact — above 10 and 20 EMA
2026-05-10,TBI,Extension,HOLD,6.04,5.14,14.8,34.1,35.8,44.2,7.4,True,True,321698,1,Extension #1: +17.4% above 10 EMA
2026-05-10,CTOS,Extension,HOLD,9.93,9.06,8.8,34.0,44.8,41.1,5.5,True,False,1159972,1,Extension #1: +9.6% above 10 EMA
2026-05-10,QNTM,Extension,HOLD,5.36,4.69,12.6,33.9,42.5,35.3,8.4,True,False,404594,1,Extension #1: +14.4% above 10 EMA
2026-05-10,CNC,Extension,HOLD,52.98,48.18,9.1,33.8,38.7,54.2,7.7,True,False,6724800,1,Extension #1: +10.0% above 10 EMA
2026-05-10,TSHA,Extension,HOLD,6.94,6.4,7.8,33.4,41.3,34.0,9.0,True,False,2736607,1,Extension #1: +8.5% above 10 EMA
2026-05-10,COHU,Extension,HOLD,48.45,45.4,6.3,33.3,44.5,40.5,10.5,True,False,1353339,1,Extension #1: +6.7% above 10 EMA
2026-05-10,QCOM,Extension,HOLD,186.55,159.34,14.6,32.6,36.5,47.7,7.1,True,True,17197786,1,Extension #1: +17.1% above 10 EMA
2026-05-10,ASX,Extension,HOLD,33.44,30.88,7.7,32.5,38.6,48.5,14.3,True,False,7367576,1,Extension #1: +8.3% above 10 EMA
2026-05-10,NXPI,Extension,HOLD,292.35,262.69,10.1,32.5,34.1,49.5,11.5,True,False,3342571,1,Extension #1: +11.3% above 10 EMA
2026-05-10,OBE,Extension,HOLD,13.93,13.17,5.4,32.5,43.2,37.6,9.7,True,False,1396694,1,Extension #1: +5.7% above 10 EMA
2026-05-10,NAVN,Extension,HOLD,18.57,16.69,10.1,31.6,39.4,39.6,10.9,True,False,2501702,1,Extension #1: +11.3% above 10 EMA
2026-05-10,GSIT,Extension,HOLD,8.0,7.3,8.8,31.5,29.1,33.4,12.7,True,False,824942,1,Extension #1: +9.6% above 10 EMA
2026-05-10,PI,Extension,HOLD,149.91,130.93,12.7,31.5,22.6,47.5,14.8,True,False,499139,1,Extension #1: +14.5% above 10 EMA
2026-05-10,MCHP,Extension,HOLD,98.48,89.23,9.4,30.7,41.6,49.5,11.1,True,False,9378187,1,Extension #1: +10.4% above 10 EMA
2026-05-10,RELY,Extension,HOLD,23.74,21.8,8.2,30.6,48.4,48.8,7.4,True,False,3357188,1,Extension #1: +8.9% above 10 EMA
2026-05-10,AMBA,Extension,HOLD,74.36,66.44,10.7,30.0,25.7,43.9,14.3,True,False,731277,1,Extension #1: +11.9% above 10 EMA
2026-05-10,CECO,Extension,HOLD,87.78,73.43,16.3,29.7,25.6,46.7,9.7,True,True,684556,1,Extension #1: +19.5% above 10 EMA
2026-05-10,ACLS,Uptrend,HOLD,139.7,135.35,3.1,27.5,45.4,39.2,10.9,True,False,725855,2,Uptrend intact — above 10 and 20 EMA
2026-05-10,AMBQ,Extension,HOLD,40.49,36.46,10.0,27.4,28.8,41.6,14.4,True,False,306971,1,Extension #1: +11.0% above 10 EMA
2026-05-10,CLS,Uptrend,HOLD,417.66,399.07,4.5,27.1,25.3,33.5,19.6,True,False,2506625,1,Uptrend intact — above 10 and 20 EMA
2026-05-10,FLEX,Extension,HOLD,96.45,89.19,7.5,26.6,35.1,39.8,12.5,True,True,3649731,1,Extension #1: +8.1% above 10 EMA
2026-05-10,SRI,Uptrend,HOLD,6.89,6.64,3.6,26.5,27.0,23.5,14.9,True,False,214261,1,Uptrend intact — above 10 and 20 EMA
2026-05-10,IART,Extension,HOLD,13.22,11.06,16.4,26.2,18.4,43.2,14.6,True,True,881350,1,Extension #1: +19.6% above 10 EMA
2026-05-10,TXN,Extension,HOLD,281.0,266.09,5.3,25.1,44.6,46.4,10.6,True,False,7967289,1,Extension #1: +5.6% above 10 EMA
2026-05-10,TVTX,Extension,HOLD,44.8,41.6,7.1,24.9,39.5,44.4,11.1,True,False,2786558,1,Extension #1: +7.7% above 10 EMA
2026-05-10,OSCR,Uptrend,HOLD,17.94,17.4,3.0,24.8,45.5,36.1,8.6,True,False,6120379,1,Uptrend intact — above 10 and 20 EMA
2026-05-10,PBI,Uptrend,HOLD,15.54,15.04,3.2,24.8,50.9,39.4,12.3,True,False,3406372,1,Uptrend intact — above 10 and 20 EMA
2026-05-10,GHRS,Extension,HOLD,21.28,20.04,5.8,24.7,44.7,41.6,11.2,True,False,247040,1,Extension #1: +6.2% above 10 EMA
2026-05-10,ARM,Uptrend,HOLD,208.84,200.33,4.1,24.6,38.0,37.9,15.4,True,False,8651146,3,Uptrend intact — above 10 and 20 EMA
2026-05-10,XXI,Extension,HOLD,8.97,8.19,8.7,24.6,24.2,38.4,13.5,True,False,1150127,1,Extension #1: +9.6% above 10 EMA
2026-05-10,BOOM,Extension,HOLD,7.64,6.55,14.3,24.1,32.7,46.1,7.8,True,False,308765,1,Extension #1: +16.6% above 10 EMA
2026-05-10,PCT,Extension,HOLD,7.65,7.24,5.4,24.0,35.8,28.4,9.8,True,False,3308983,1,Extension #1: +5.7% above 10 EMA
2026-05-10,ORN,Extension,HOLD,15.46,13.21,14.5,23.6,23.6,43.9,11.2,True,True,249416,1,Extension #1: +17.0% above 10 EMA
2026-05-10,QUBT,Extension,HOLD,9.56,9.05,5.3,23.5,24.8,30.9,18.7,True,False,15031080,1,Extension #1: +5.6% above 10 EMA
2026-05-10,LUMN,Uptrend,HOLD,9.23,8.88,3.8,23.4,33.9,31.8,10.6,True,False,12757444,2,Uptrend intact — above 10 and 20 EMA
2026-05-10,PWR,Extension,HOLD,771.61,680.38,11.8,23.4,33.9,50.8,7.0,True,False,976571,1,Extension #1: +13.4% above 10 EMA
2026-05-10,SYNA,Extension,HOLD,104.29,92.27,11.5,23.3,28.6,42.8,13.3,True,False,777362,1,Extension #1: +13.0% above 10 EMA
2026-05-10,FORM,Uptrend,HOLD,145.0,138.76,4.3,23.0,37.8,31.3,13.9,True,False,1908245,1,Uptrend intact — above 10 and 20 EMA
2026-05-10,AFRM,Uptrend,HOLD,66.81,64.11,4.0,22.1,34.5,37.6,17.2,True,False,4911051,1,Uptrend intact — above 10 and 20 EMA
2026-05-10,ONTO,Uptrend,HOLD,305.0,291.37,4.5,22.1,33.5,34.2,14.7,True,False,880349,1,Uptrend intact — above 10 and 20 EMA
2026-05-10,EFXT,Extension,HOLD,27.79,25.85,7.0,21.9,32.8,43.3,10.6,True,False,543212,1,Extension #1: +7.5% above 10 EMA
2026-05-10,MARA,Extension,HOLD,12.16,11.45,5.8,21.6,24.2,33.5,16.8,True,False,44476763,1,Extension #1: +6.2% above 10 EMA
2026-05-10,FIX,Extension,HOLD,1967.24,1797.32,8.6,21.4,30.5,37.2,9.7,True,False,383579,1,Extension #1: +9.5% above 10 EMA
2026-05-10,SEI,Extension,HOLD,75.68,71.84,5.1,21.4,33.9,27.1,9.4,True,False,2297353,1,Extension #1: +5.4% above 10 EMA
2026-05-10,COCO,Extension,HOLD,67.79,59.23,12.6,21.0,29.9,42.5,10.8,True,False,1584416,1,Extension #1: +14.5% above 10 EMA
2026-05-10,HRI,Extension,HOLD,130.81,123.34,5.7,21.0,35.6,31.9,13.1,True,False,583794,1,Extension #1: +6.1% above 10 EMA
2026-05-10,ILPT,Uptrend,HOLD,7.45,7.26,2.5,21.0,44.4,37.4,6.0,True,False,364995,1,Uptrend intact — above 10 and 20 EMA
2026-05-10,NUE,Extension,HOLD,232.07,218.56,5.8,21.0,51.5,46.0,6.4,True,False,1520159,1,Extension #1: +6.2% above 10 EMA
2026-05-10,THR,Extension,HOLD,69.76,59.91,14.1,21.0,31.5,46.9,8.9,True,True,491358,1,Extension #1: +16.4% above 10 EMA
2026-05-10,SMTC,Extension,HOLD,112.98,103.64,8.3,20.9,19.8,34.3,18.5,True,False,2402527,1,Extension #1: +9.0% above 10 EMA
2026-05-10,DXYZ,Extension,HOLD,38.35,32.71,14.7,20.8,35.3,47.4,8.4,True,True,1674400,1,Extension #1: +17.2% above 10 EMA
2026-05-10,PDFS,Extension,HOLD,46.35,43.07,7.1,20.2,28.2,41.4,19.8,True,False,473159,1,Extension #1: +7.6% above 10 EMA
2026-05-10,AVGO,Uptrend,HOLD,427.36,411.41,3.7,20.1,32.9,39.7,18.3,True,False,22128116,1,Uptrend intact — above 10 and 20 EMA
2026-05-10,OMER,Uptrend,HOLD,14.77,14.19,4.0,19.8,43.3,36.6,8.8,True,False,1102644,1,Uptrend intact — above 10 and 20 EMA
2026-05-10,TEAM,Extension,HOLD,92.35,76.88,16.8,19.8,22.5,43.7,14.7,True,False,8450743,1,Extension #1: +20.1% above 10 EMA
2026-05-10,KALU,Extension,HOLD,175.92,167.44,4.8,19.7,37.6,35.3,15.4,True,False,294271,1,Extension #1: +5.1% above 10 EMA
2026-05-10,ASTH,Uptrend,HOLD,35.19,33.8,4.0,19.5,48.5,32.6,9.1,True,False,463643,2,Uptrend intact — above 10 and 20 EMA
2026-05-10,IESC,Extension,HOLD,661.4,607.67,8.1,19.5,23.2,29.8,9.7,True,False,209000,1,Extension #1: +8.8% above 10 EMA
2026-05-10,VRDN,Extension,HOLD,18.75,14.92,20.4,19.1,49.1,39.6,24.5,True,True,2801500,1,Extension #1: +25.7% above 10 EMA
2026-05-10,GNRC,Extension,HOLD,263.68,239.16,9.3,19.0,27.0,44.1,11.2,True,False,722758,1,Extension #1: +10.3% above 10 EMA
2026-05-10,MPWR,Uptrend,HOLD,1588.12,1543.85,2.8,18.8,39.2,38.6,15.1,True,False,576992,2,Uptrend intact — above 10 and 20 EMA
2026-05-10,UAMY,Uptrend,HOLD,11.15,10.84,2.8,18.8,23.7,27.4,18.7,True,False,12805175,3,Uptrend intact — above 10 and 20 EMA
2026-05-10,STLD,Extension,HOLD,237.46,224.51,5.5,18.7,35.8,37.1,12.1,True,False,1162044,1,Extension #1: +5.8% above 10 EMA
2026-05-10,TIC,Extension,HOLD,9.5,8.88,6.5,18.4,30.1,33.4,13.1,True,True,2624807,1,Extension #1: +6.9% above 10 EMA
2026-05-10,VISN,Extension,HOLD,12.28,10.92,11.1,18.4,22.3,48.2,15.5,True,False,7982797,1,Extension #1: +12.5% above 10 EMA
2026-05-10,AXGN,Extension,HOLD,43.74,40.74,6.9,18.2,31.7,42.0,12.2,True,False,1259468,1,Extension #1: +7.4% above 10 EMA
2026-05-10,MOH,Extension,HOLD,192.17,181.38,5.6,18.2,41.2,39.8,6.6,True,False,1340151,1,Extension #1: +5.9% above 10 EMA
2026-05-10,PSFE,Uptrend,HOLD,9.12,8.88,2.6,18.1,28.8,34.5,20.4,True,False,329848,1,Uptrend intact — above 10 and 20 EMA
2026-05-10,WS,Extension,HOLD,40.27,37.43,7.0,17.7,25.4,39.6,15.9,True,False,220260,1,Extension #1: +7.6% above 10 EMA
2026-05-10,AURA,Extension,HOLD,8.9,7.57,14.9,17.4,26.9,47.4,10.9,True,True,648139,1,Extension #1: +17.5% above 10 EMA
2026-05-10,COHR,Uptrend,HOLD,335.73,313.65,6.6,16.8,22.4,27.3,16.2,True,False,5750467,0,Uptrend intact — above 10 and 20 EMA
2026-05-10,AGH,Extension,HOLD,5.03,4.17,17.2,16.5,19.1,40.1,11.1,True,False,640631,1,Extension #1: +20.7% above 10 EMA
2026-05-10,KALV,Extension,HOLD,26.71,23.49,12.1,16.5,30.0,41.0,10.5,True,False,4137449,1,Extension #1: +13.7% above 10 EMA
2026-05-10,PURR,Extension,HOLD,6.68,6.17,7.7,16.5,17.6,28.9,17.3,True,True,5772471,1,Extension #1: +8.3% above 10 EMA
2026-05-10,CYRX,Extension,HOLD,12.19,10.54,13.6,16.4,30.8,45.6,13.0,True,True,523629,1,Extension #1: +15.7% above 10 EMA
2026-05-10,AVT,Uptrend,HOLD,82.4,78.95,4.2,16.2,42.6,42.3,12.9,True,False,1406602,1,Uptrend intact — above 10 and 20 EMA
2026-05-10,STVN,Extension,HOLD,18.21,16.65,8.6,16.2,38.3,38.2,6.8,True,False,581936,1,Extension #1: +9.4% above 10 EMA
2026-05-10,RSI,Extension,HOLD,29.17,26.06,10.7,16.1,48.1,41.7,5.3,True,False,1430177,1,Extension #1: +11.9% above 10 EMA
2026-05-10,TTGT,Extension,HOLD,5.99,5.55,7.3,16.1,38.4,35.3,10.9,True,False,523828,1,Extension #1: +7.9% above 10 EMA
2026-05-10,ZM,Extension,HOLD,109.1,97.15,11.0,16.1,33.5,45.4,9.3,True,False,4486376,1,Extension #1: +12.3% above 10 EMA
2026-05-10,TE,Extension,HOLD,5.34,5.07,5.0,16.0,15.4,24.5,20.2,True,False,17904797,1,Extension #1: +5.3% above 10 EMA
2026-05-10,LFVN,Extension,HOLD,5.49,5.1,7.1,15.5,39.5,34.1,11.5,True,False,202691,1,Extension #1: +7.7% above 10 EMA
2026-05-10,OEC,Extension,HOLD,8.31,7.57,8.9,15.5,49.4,37.8,5.4,True,False,425016,1,Extension #1: +9.8% above 10 EMA
2026-05-10,UCTT,Extension,HOLD,83.14,77.64,6.6,15.5,21.4,23.7,19.0,True,True,1005025,1,Extension #1: +7.1% above 10 EMA
2026-05-10,CSIQ,Extension,HOLD,16.8,14.94,11.1,15.4,21.3,29.9,14.0,True,False,2701408,1,Extension #1: +12.5% above 10 EMA
2026-05-10,DUOT,Uptrend,HOLD,8.95,8.63,3.5,15.4,27.9,33.7,13.9,True,False,420941,2,Uptrend intact — above 10 and 20 EMA
2026-05-10,HUM,Extension,HOLD,239.53,226.62,5.4,15.3,37.5,46.5,18.1,True,False,1741248,1,Extension #1: +5.7% above 10 EMA
2026-05-10,STAA,Uptrend,HOLD,27.45,26.17,4.7,15.1,32.7,34.6,13.3,True,False,1167227,2,Uptrend intact — above 10 and 20 EMA
2026-05-10,ROG,Extension,HOLD,138.18,130.79,5.3,14.8,38.6,32.5,10.5,True,False,230082,1,Extension #1: +5.6% above 10 EMA
2026-05-10,RFIL,Uptrend,HOLD,14.41,14.04,2.6,14.6,30.1,23.9,12.0,True,False,201886,1,Uptrend intact — above 10 and 20 EMA
2026-05-10,WBTN,Uptrend,HOLD,12.9,12.29,4.7,14.5,33.2,35.0,18.1,True,False,277553,1,Uptrend intact — above 10 and 20 EMA
2026-05-10,CVLT,Extension,HOLD,102.78,97.34,5.3,14.3,24.0,27.5,14.0,True,False,1228663,1,Extension #1: +5.6% above 10 EMA
2026-05-10,BTDR,Extension,HOLD,12.48,11.81,5.4,14.0,26.8,27.3,16.9,True,False,6401109,1,Extension #1: +5.7% above 10 EMA
2026-05-10,SNAP,Uptrend,HOLD,6.11,5.92,3.1,13.9,28.6,33.7,17.3,True,False,54048176,2,Uptrend intact — above 10 and 20 EMA
2026-05-10,LION,Uptrend,HOLD,12.6,12.09,4.1,13.8,36.0,34.7,12.8,True,False,3864094,2,Uptrend intact — above 10 and 20 EMA
2026-05-10,GOOGL,Extension,HOLD,388.43,361.54,6.9,13.7,38.8,48.6,9.7,True,False,25373007,1,Extension #1: +7.4% above 10 EMA
2026-05-10,XMTR,Extension,HOLD,55.44,49.59,10.5,13.7,18.7,36.4,17.6,True,False,608260,1,Extension #1: +11.8% above 10 EMA
2026-05-10,VCTR,Extension,HOLD,81.26,76.64,5.7,13.6,28.9,32.8,10.3,True,False,454705,1,Extension #1: +6.0% above 10 EMA
2026-05-10,GOOG,Extension,HOLD,384.27,358.81,6.6,13.3,39.0,48.7,9.7,True,False,16630819,1,Extension #1: +7.1% above 10 EMA
2026-05-10,ENTG,Uptrend,HOLD,149.29,140.9,5.6,13.2,22.9,27.7,22.8,True,False,2676615,0,Uptrend intact — above 10 and 20 EMA
2026-05-10,LITE,Extension,HOLD,994.56,902.36,9.3,13.0,25.4,29.6,12.2,True,False,5427130,1,Extension #1: +10.2% above 10 EMA
2026-05-10,RGTI,Extension,HOLD,18.27,17.33,5.2,12.8,18.6,27.7,20.9,True,False,30817048,1,Extension #1: +5.4% above 10 EMA
2026-05-10,AMZN,Uptrend,HOLD,273.55,262.04,4.2,12.7,39.1,41.4,11.2,True,False,49795330,1,Uptrend intact — above 10 and 20 EMA
2026-05-10,VMI,Extension,HOLD,518.18,489.76,5.5,12.6,29.6,38.0,15.4,True,False,229825,1,Extension #1: +5.8% above 10 EMA
2026-05-10,AMRC,Extension,HOLD,30.77,28.75,6.6,12.4,22.8,31.8,18.4,True,True,502380,1,Extension #1: +7.0% above 10 EMA
2026-05-10,LYTS,Extension,HOLD,23.91,22.67,5.2,12.3,33.3,37.3,9.9,True,False,440917,1,Extension #1: +5.4% above 10 EMA
2026-05-10,NBR,Extension,HOLD,105.28,95.89,8.9,12.3,27.0,36.8,11.9,True,False,331884,1,Extension #1: +9.8% above 10 EMA
2026-05-10,PN,Extension,HOLD,6.88,3.88,43.6,12.1,32.3,46.5,15.9,True,True,3403438,1,Extension #1: +77.4% above 10 EMA
2026-05-10,ORCL,Extension,HOLD,185.35,172.99,6.7,12.0,24.1,38.8,18.5,True,False,32360843,1,Extension #1: +7.1% above 10 EMA
2026-05-10,AGPU,Uptrend,HOLD,5.43,5.62,0.0,11.9,38.4,36.3,21.2,True,False,5142682,2,Uptrend intact — above 10 and 20 EMA
2026-05-10,AEF,Uptrend,HOLD,9.48,9.06,4.4,11.8,47.1,44.8,13.0,True,True,200741,1,Uptrend intact — above 10 and 20 EMA
2026-05-10,OOMA,Extension,HOLD,18.66,16.75,10.3,11.7,36.6,46.7,12.1,True,True,251754,1,Extension #1: +11.4% above 10 EMA
2026-05-10,OWL,Extension,HOLD,10.75,9.68,10.0,11.4,27.5,35.2,15.5,True,True,30675384,1,Extension #1: +11.1% above 10 EMA
2026-05-10,PDM,Uptrend,HOLD,8.41,8.17,2.8,11.4,37.9,27.6,17.9,True,False,1246479,1,Uptrend intact — above 10 and 20 EMA
2026-05-10,ELVA,Extension,HOLD,10.23,9.48,7.3,11.1,15.6,32.5,18.1,True,False,356014,1,Extension #1: +7.9% above 10 EMA
2026-05-10,HNGE,Extension,HOLD,49.75,45.65,8.2,11.1,23.6,44.6,15.9,True,True,985648,1,Extension #1: +9.0% above 10 EMA
2026-05-10,ACMR,Uptrend,HOLD,52.8,50.27,4.8,10.9,14.5,27.5,23.1,False,False,1025912,0,Uptrend intact — above 10 and 20 EMA
2026-05-10,CDNS,Extension,HOLD,353.63,332.35,6.0,10.8,16.6,33.1,19.2,True,False,2659955,1,Extension #1: +6.4% above 10 EMA
2026-05-10,SNPS,Uptrend,HOLD,502.51,480.88,4.3,10.7,24.7,39.2,18.2,True,False,1701991,1,Uptrend intact — above 10 and 20 EMA
2026-05-10,MOD,Extension,HOLD,271.6,251.87,7.3,10.6,21.6,30.3,15.6,True,False,847237,1,Extension #1: +7.8% above 10 EMA
2026-05-10,WSC,Uptrend,HOLD,22.84,22.02,3.6,10.6,32.0,27.6,12.9,True,False,2367270,1,Uptrend intact — above 10 and 20 EMA
2026-05-10,SNEX,Uptrend,HOLD,108.06,104.82,3.0,10.4,47.9,30.7,9.7,True,False,659029,1,Uptrend intact — above 10 and 20 EMA
2026-05-10,CRSR,Extension,HOLD,7.12,6.72,5.7,10.2,28.8,31.6,13.5,True,False,831367,1,Extension #1: +6.0% above 10 EMA
2026-05-10,PLAB,Uptrend,HOLD,51.0,49.3,3.3,10.1,26.1,29.8,18.2,True,False,813563,1,Uptrend intact — above 10 and 20 EMA
2026-05-10,VSAT,Extension,HOLD,65.57,62.03,5.4,10.0,34.6,31.5,11.8,True,False,1391295,1,Extension #1: +5.7% above 10 EMA
2026-05-10,EZPW,Uptrend,HOLD,33.41,31.98,4.3,9.9,40.2,38.1,8.1,True,False,660094,1,Uptrend intact — above 10 and 20 EMA
2026-05-10,LSCC,Uptrend,HOLD,122.27,118.89,2.8,9.9,20.5,30.0,23.0,True,True,2010469,2,Uptrend intact — above 10 and 20 EMA
2026-05-10,CORT,Extension,HOLD,51.33,47.63,7.2,9.8,51.7,38.5,8.7,True,False,1015554,1,Extension #1: +7.8% above 10 EMA
2026-05-10,WCC,Extension,HOLD,350.59,327.27,6.7,9.8,28.0,35.1,13.4,True,False,546970,1,Extension #1: +7.1% above 10 EMA
2026-05-10,SXT,Uptrend,HOLD,115.73,112.76,2.6,9.7,26.0,37.9,23.8,True,False,480927,2,Uptrend intact — above 10 and 20 EMA
2026-05-10,CIEN,Extension,HOLD,544.75,512.33,6.0,9.6,25.8,32.8,16.6,True,False,2389125,1,Extension #1: +6.3% above 10 EMA
2026-05-10,DELL,Uptrend,HOLD,216.32,208.5,3.6,9.5,37.3,33.2,15.7,True,False,6102803,4,Uptrend intact — above 10 and 20 EMA
2026-05-10,ATEX,Extension,HOLD,50.55,46.57,7.9,9.4,26.5,31.5,15.3,True,False,337330,1,Extension #1: +8.6% above 10 EMA
2026-05-10,DDOG,Extension,HOLD,145.73,134.94,7.4,9.3,19.7,34.4,14.7,True,False,4861694,1,Extension #1: +8.0% above 10 EMA
2026-05-10,GRPN,Uptrend,HOLD,15.08,14.66,2.8,9.2,30.3,35.8,16.1,True,False,2172151,2,Uptrend intact — above 10 and 20 EMA
2026-05-10,LRCX,Extension,HOLD,275.8,260.53,5.5,9.2,16.9,31.9,20.1,True,False,8992824,1,Extension #1: +5.9% above 10 EMA
2026-05-10,CLF,Extension,HOLD,10.65,10.09,5.3,9.0,18.5,25.8,18.2,True,False,17424398,1,Extension #1: +5.6% above 10 EMA
2026-05-10,ENS,Extension,HOLD,220.45,208.7,5.3,9.0,37.6,39.7,10.6,True,False,276317,1,Extension #1: +5.6% above 10 EMA
2026-05-10,LFUS,Uptrend,HOLD,422.8,404.07,4.4,9.0,23.1,36.5,15.6,True,False,222169,2,Uptrend intact — above 10 and 20 EMA
2026-05-10,PRG,Extension,HOLD,35.52,33.32,6.2,8.8,21.0,35.0,18.8,True,False,418343,1,Extension #1: +6.6% above 10 EMA
2026-05-10,ULS,Extension,HOLD,104.74,92.13,12.0,8.8,21.9,44.1,12.0,True,True,602221,1,Extension #1: +13.7% above 10 EMA
2026-05-10,U,Uptrend,HOLD,27.34,26.27,3.9,8.5,26.4,33.9,16.8,True,False,10164440,2,Uptrend intact — above 10 and 20 EMA
2026-05-10,OPRA,Uptrend,HOLD,18.45,17.63,4.4,8.3,29.9,38.8,13.4,True,False,641853,3,Uptrend intact — above 10 and 20 EMA
2026-05-10,CELC,Extension,HOLD,141.69,128.17,9.5,8.2,21.7,38.2,14.9,True,False,947319,1,Extension #1: +10.6% above 10 EMA
2026-05-10,RDDT,Extension,HOLD,171.63,158.21,7.8,8.2,17.7,39.1,19.1,True,True,4100679,1,Extension #1: +8.5% above 10 EMA
2026-05-10,CAMT,Uptrend,HOLD,197.2,188.44,4.4,8.1,15.5,30.4,22.0,True,False,349527,1,Uptrend intact — above 10 and 20 EMA
2026-05-10,CRCL,Extension,HOLD,114.19,103.44,9.4,8.1,17.1,32.7,17.0,True,True,12403179,1,Extension #1: +10.4% above 10 EMA
2026-05-10,WEST,Uptrend,HOLD,5.82,5.62,3.4,8.0,43.4,28.7,9.7,True,False,357457,1,Uptrend intact — above 10 and 20 EMA
2026-05-10,MED,Extension,HOLD,13.02,11.21,13.9,7.9,22.8,46.0,10.7,True,True,220665,1,Extension #1: +16.2% above 10 EMA
2026-05-10,ADI,Uptrend,HOLD,404.77,390.31,3.6,7.8,33.0,36.3,15.1,True,False,3222650,1,Uptrend intact — above 10 and 20 EMA
2026-05-10,SGHC,Extension,HOLD,13.24,12.55,5.2,7.8,33.3,30.9,7.9,True,False,3405063,1,Extension #1: +5.5% above 10 EMA
2026-05-10,ACA,Extension,HOLD,131.25,121.45,7.5,7.7,29.4,34.1,9.6,True,False,260011,1,Extension #1: +8.1% above 10 EMA
2026-05-10,CPRX,Extension,HOLD,30.86,28.39,8.0,7.7,40.0,47.9,9.6,True,False,2025258,1,Extension #1: +8.7% above 10 EMA
2026-05-10,LTBR,Uptrend,HOLD,13.0,12.3,5.4,7.6,18.8,20.3,15.1,True,False,789554,0,Uptrend intact — above 10 and 20 EMA
2026-05-10,XOMA,Uptrend,HOLD,41.66,40.38,3.1,7.6,53.1,34.8,9.3,True,False,387445,2,Uptrend intact — above 10 and 20 EMA
2026-05-10,GRC,Uptrend,HOLD,77.43,74.17,4.2,7.4,27.4,34.7,16.0,True,False,213409,1,Uptrend intact — above 10 and 20 EMA
2026-05-10,Q,Uptrend,HOLD,146.47,140.2,4.3,7.4,27.2,29.7,13.5,True,False,1484312,1,Uptrend intact — above 10 and 20 EMA
2026-05-10,STUB,Uptrend,HOLD,7.6,7.28,4.2,7.4,19.2,26.7,16.0,True,False,3548753,1,Uptrend intact — above 10 and 20 EMA
2026-05-10,IPST,Downtrend,CASH,5.95,,0.0,7.1,14.0,21.6,18.0,False,False,513858,0,Price below 20 EMA — avoid new longs
2026-05-10,ST,Uptrend,HOLD,42.82,40.02,6.5,7.1,17.1,22.0,17.9,True,False,1949394,0,Uptrend intact — above 10 and 20 EMA
2026-05-10,APO,Uptrend,HOLD,130.3,125.66,3.6,7.0,31.2,34.4,13.5,True,False,4312917,1,Uptrend intact — above 10 and 20 EMA
2026-05-10,ARWR,Uptrend,HOLD,74.93,72.72,3.0,6.8,27.4,32.8,14.1,True,False,1746721,2,Uptrend intact — above 10 and 20 EMA
2026-05-10,BEKE,Extension,HOLD,18.13,16.73,7.7,6.5,19.0,42.6,15.1,True,True,3893006,1,Extension #1: +8.4% above 10 EMA
2026-05-10,NVO,Extension,HOLD,44.87,41.81,6.8,6.5,21.8,43.3,20.0,True,False,16511735,1,Extension #1: +7.3% above 10 EMA
2026-05-10,CMI,Uptrend,HOLD,674.88,651.43,3.5,6.4,26.7,36.2,12.9,True,True,798793,1,Uptrend intact — above 10 and 20 EMA
2026-05-10,MNTN,Extension,HOLD,11.36,10.19,10.3,6.3,16.7,35.2,17.1,True,True,490575,1,Extension #1: +11.5% above 10 EMA
2026-05-10,PINS,Extension,HOLD,22.28,20.4,8.5,6.3,23.1,52.3,14.2,True,True,15549494,1,Extension #1: +9.2% above 10 EMA
2026-05-10,WT,Extension,HOLD,18.24,17.08,6.3,6.3,25.0,33.3,15.5,True,False,3254027,1,Extension #1: +6.8% above 10 EMA
2026-05-10,IIPR,Extension,HOLD,60.32,55.1,8.6,6.2,33.3,38.7,10.4,True,True,359788,1,Extension #1: +9.5% above 10 EMA
2026-05-10,LBRX,Extension,HOLD,32.88,31.3,4.8,6.2,41.1,32.0,8.1,True,False,279640,1,Extension #1: +5.0% above 10 EMA
2026-05-10,P,Uptrend,HOLD,74.63,71.09,4.7,6.2,25.6,33.9,13.2,True,False,2331885,1,Uptrend intact — above 10 and 20 EMA
2026-05-10,ELV,Uptrend,HOLD,369.07,356.58,3.4,6.1,39.0,37.8,10.5,True,False,1620304,2,Uptrend intact — above 10 and 20 EMA
2026-05-10,AMPX,Uptrend,HOLD,21.4,20.56,3.9,6.0,23.9,22.8,16.4,True,False,7755937,1,Uptrend intact — above 10 and 20 EMA
2026-05-10,DINO,Extension,HOLD,74.5,65.72,11.8,6.0,20.7,51.6,14.0,True,True,2100006,1,Extension #1: +13.4% above 10 EMA
2026-05-10,SNX,Uptrend,HOLD,234.72,224.24,4.5,6.0,56.3,38.6,7.6,True,False,780558,1,Uptrend intact — above 10 and 20 EMA
2026-05-10,TSSI,Extension,HOLD,15.9,15.09,5.1,6.0,36.0,25.5,10.1,True,False,1574502,1,Extension #1: +5.4% above 10 EMA
2026-05-10,ATKR,Uptrend,HOLD,76.39,74.38,2.6,5.9,38.5,30.9,12.1,True,False,534303,1,Uptrend intact — above 10 and 20 EMA
2026-05-10,FLOC,Uptrend,HOLD,25.18,24.31,3.5,5.9,21.8,26.1,13.9,True,False,674369,1,Uptrend intact — above 10 and 20 EMA
2026-05-10,QURE,Extension,HOLD,21.16,18.93,10.5,5.9,14.7,30.1,15.0,False,False,1539763,1,Extension #1: +11.8% above 10 EMA
2026-05-10,VOYA,Uptrend,HOLD,83.11,80.12,3.6,5.9,35.6,29.9,10.6,True,False,1382742,1,Uptrend intact — above 10 and 20 EMA
2026-05-10,ETON,Extension,HOLD,30.38,26.14,14.0,5.7,27.8,48.5,15.3,True,False,352184,1,Extension #1: +16.2% above 10 EMA
2026-05-10,KEYS,Uptrend,HOLD,355.93,343.22,3.6,5.7,27.3,36.5,18.2,True,False,1020705,1,Uptrend intact — above 10 and 20 EMA
2026-05-10,RS,Uptrend,HOLD,372.04,355.71,4.4,5.7,48.7,37.8,4.6,True,False,309824,1,Uptrend intact — above 10 and 20 EMA
2026-05-10,BLSH,Extension,HOLD,45.34,40.7,10.2,5.6,16.4,37.6,17.4,True,True,1185706,1,Extension #1: +11.4% above 10 EMA
2026-05-10,BTX,Uptrend,HOLD,8.14,7.82,4.0,5.6,37.5,42.6,13.4,True,False,782505,1,Uptrend intact — above 10 and 20 EMA
2026-05-10,KVYO,Extension,HOLD,23.33,20.7,11.3,5.6,17.0,35.0,15.2,True,True,4535144,1,Extension #1: +12.7% above 10 EMA
2026-05-10,MKSI,Uptrend,HOLD,287.65,279.11,3.0,5.6,14.7,25.0,15.3,False,False,1063592,2,Uptrend intact — above 10 and 20 EMA
2026-05-10,TLX,Uptrend,HOLD,11.04,10.7,3.1,5.6,41.7,45.5,18.9,True,False,207923,2,Uptrend intact — above 10 and 20 EMA
2026-05-10,QRVO,Extension,HOLD,96.35,88.92,7.7,5.5,29.7,41.8,8.5,True,True,939713,1,Extension #1: +8.4% above 10 EMA
2026-05-10,KYIV,Uptrend,HOLD,12.47,11.89,4.6,5.4,16.1,28.2,18.9,True,False,503146,1,Uptrend intact — above 10 and 20 EMA
2026-05-10,ASC,Extension,HOLD,19.06,17.47,8.3,5.3,32.2,40.1,8.2,True,True,594654,1,Extension #1: +9.1% above 10 EMA
2026-05-10,MLI,Uptrend,HOLD,136.26,132.74,2.6,5.1,38.1,34.0,15.1,True,False,752099,2,Uptrend intact — above 10 and 20 EMA
2026-05-10,ROAD,Extension,HOLD,131.62,122.58,6.9,5.1,19.5,31.2,16.7,True,True,429439,1,Extension #1: +7.4% above 10 EMA
2026-05-10,PLOW,Extension,HOLD,50.74,46.33,8.7,4.9,30.6,43.4,9.6,True,True,242996,1,Extension #1: +9.5% above 10 EMA
2026-05-10,RILY,Extension,HOLD,8.85,8.1,8.4,4.9,14.0,26.1,10.3,False,False,736671,1,Extension #1: +9.2% above 10 EMA
2026-05-10,WST,Extension,HOLD,309.97,294.92,4.9,4.9,35.7,39.1,12.6,True,False,917050,1,Extension #1: +5.1% above 10 EMA
2026-05-10,DEI,Uptrend,HOLD,11.33,10.84,4.3,4.5,31.0,34.4,13.0,True,False,2129662,1,Uptrend intact — above 10 and 20 EMA
2026-05-10,OCUL,Uptrend,HOLD,9.71,9.47,2.5,4.5,20.1,27.5,18.4,True,False,3073207,1,Uptrend intact — above 10 and 20 EMA
2026-05-10,WEAV,Extension,HOLD,6.11,5.34,12.6,4.5,21.2,38.3,20.7,True,False,1275837,1,Extension #1: +14.4% above 10 EMA
2026-05-10,TEVA,Extension,HOLD,35.86,33.53,6.5,4.4,20.6,34.7,15.6,True,False,6066667,1,Extension #1: +6.9% above 10 EMA
2026-05-10,CTS,Uptrend,HOLD,58.07,55.91,3.7,4.2,27.9,29.3,12.8,True,False,223726,1,Uptrend intact — above 10 and 20 EMA
2026-05-10,PGY,Extension,HOLD,14.57,13.87,4.8,4.2,24.7,32.2,18.6,True,False,3147238,1,Extension #1: +5.0% above 10 EMA
2026-05-10,RRX,Uptrend,HOLD,222.02,207.49,6.5,4.0,15.4,28.0,17.3,True,False,1028123,0,Uptrend intact — above 10 and 20 EMA
2026-05-10,ARES,Extension,HOLD,122.96,116.77,5.0,3.8,19.9,30.5,18.8,True,False,3369325,1,Extension #1: +5.3% above 10 EMA
2026-05-10,ENVX,Uptrend,HOLD,6.88,6.58,4.3,3.8,27.9,26.8,14.0,True,False,5180101,1,Uptrend intact — above 10 and 20 EMA
2026-05-10,ARDX,Extension,HOLD,7.13,6.46,9.4,3.6,14.6,38.4,16.6,False,True,3534295,1,Extension #1: +10.3% above 10 EMA
2026-05-10,XPER,Uptrend,HOLD,6.94,6.68,3.8,3.6,26.5,32.5,17.6,True,False,275005,2,Uptrend intact — above 10 and 20 EMA
2026-05-10,JEF,Uptrend,HOLD,50.06,48.02,4.1,3.4,26.4,30.5,17.5,True,False,1989217,1,Uptrend intact — above 10 and 20 EMA
2026-05-10,ALMS,Extension,HOLD,26.13,24.83,5.0,3.3,15.1,29.0,20.4,True,False,1182587,1,Extension #1: +5.2% above 10 EMA
2026-05-10,SLG,Uptrend,HOLD,43.74,42.54,2.8,3.3,27.5,26.4,12.7,True,False,1262337,1,Uptrend intact — above 10 and 20 EMA
2026-05-10,DORM,Extension,HOLD,119.52,112.19,6.1,3.1,18.7,30.1,11.5,True,True,212057,1,Extension #1: +6.5% above 10 EMA
2026-05-10,HP,Extension,HOLD,41.53,39.09,5.9,3.1,23.4,38.1,14.5,True,False,1027294,1,Extension #1: +6.2% above 10 EMA
2026-05-10,WKC,Extension,HOLD,27.63,26.18,5.2,3.1,39.4,47.2,8.5,True,False,805062,1,Extension #1: +5.5% above 10 EMA
2026-05-10,BTE,Extension,HOLD,5.23,4.87,6.8,3.0,28.2,39.0,14.3,True,False,22001844,1,Extension #1: +7.3% above 10 EMA
2026-05-10,DCTH,Extension,HOLD,11.53,10.8,6.3,3.0,24.6,35.2,18.1,True,False,286127,1,Extension #1: +6.8% above 10 EMA
2026-05-10,KRC,Uptrend,HOLD,33.54,32.57,2.9,3.0,35.9,31.2,11.8,True,False,2265224,1,Uptrend intact — above 10 and 20 EMA
2026-05-10,WBI,Extension,HOLD,30.6,28.95,5.4,3.0,30.2,33.4,9.7,True,False,600863,1,Extension #1: +5.7% above 10 EMA
2026-05-10,CYTK,Extension,HOLD,77.09,66.31,14.0,2.9,18.6,48.0,15.6,True,True,2439794,1,Extension #1: +16.2% above 10 EMA
2026-05-10,TSEM,Extension,HOLD,225.53,210.64,6.6,2.8,28.6,28.8,15.0,True,False,2440237,1,Extension #1: +7.1% above 10 EMA
2026-05-10,BVS,Extension,HOLD,10.68,10.06,5.8,2.6,20.4,34.6,17.2,True,False,444245,1,Extension #1: +6.2% above 10 EMA
2026-05-10,BTSG,Uptrend,HOLD,51.44,49.07,4.6,2.4,19.0,33.5,19.7,True,False,2288997,2,Uptrend intact — above 10 and 20 EMA
2026-05-10,FTDR,Uptrend,HOLD,65.93,63.23,4.1,2.4,22.1,28.7,10.0,True,False,582630,2,Uptrend intact — above 10 and 20 EMA
2026-05-10,NPO,Uptrend,HOLD,300.1,288.44,3.9,2.4,21.0,30.2,16.6,True,False,267117,1,Uptrend intact — above 10 and 20 EMA
2026-05-10,ASAN,Extension,HOLD,7.35,6.6,10.2,2.2,21.5,34.2,14.4,True,False,7418775,1,Extension #1: +11.4% above 10 EMA
2026-05-10,FCFS,Uptrend,HOLD,224.72,215.93,3.9,2.2,40.6,36.3,7.8,True,False,336300,1,Uptrend intact — above 10 and 20 EMA
2026-05-10,UVE,Uptrend,HOLD,39.77,38.52,3.1,2.1,28.6,38.2,17.0,True,False,213350,1,Uptrend intact — above 10 and 20 EMA
2026-05-10,PSTL,Uptrend,HOLD,22.41,21.57,3.7,2.0,37.9,36.6,11.8,True,True,212763,1,Uptrend intact — above 10 and 20 EMA
2026-05-10,ESTA,Extension,HOLD,70.99,67.16,5.4,1.8,19.9,29.8,15.6,True,True,422627,1,Extension #1: +5.7% above 10 EMA
2026-05-10,MOB,Extension,HOLD,6.69,6.27,6.3,1.8,21.0,31.7,15.5,True,False,314638,1,Extension #1: +6.7% above 10 EMA
2026-05-10,CUZ,Uptrend,HOLD,26.05,25.14,3.5,1.7,35.2,26.8,8.2,True,False,2187257,1,Uptrend intact — above 10 and 20 EMA
2026-05-10,APLE,Uptrend,HOLD,13.61,12.93,5.0,1.6,39.0,31.8,10.0,True,False,4152954,0,Uptrend intact — above 10 and 20 EMA
2026-05-10,STEP,Uptrend,HOLD,55.03,52.12,5.3,1.5,22.3,30.2,18.9,True,False,923851,0,Uptrend intact — above 10 and 20 EMA
2026-05-10,CMBT,Extension,HOLD,15.13,13.71,9.4,1.4,17.8,44.6,13.0,True,False,1566790,1,Extension #1: +10.4% above 10 EMA
2026-05-10,CSCO,Uptrend,HOLD,94.3,89.97,4.6,1.4,25.0,40.2,16.6,True,False,17008324,1,Uptrend intact — above 10 and 20 EMA
2026-05-10,IVZ,Uptrend,HOLD,26.83,25.26,5.8,1.4,13.7,23.4,17.8,False,False,6043716,0,Uptrend intact — above 10 and 20 EMA
2026-05-10,PTEN,Extension,HOLD,12.41,11.7,5.8,1.4,19.1,31.2,19.5,True,False,10592588,1,Extension #1: +6.1% above 10 EMA
2026-05-10,RCUS,Uptrend,HOLD,26.06,25.14,3.5,1.4,19.2,29.5,16.7,True,False,1261501,3,Uptrend intact — above 10 and 20 EMA
2026-05-10,LIND,Extension,HOLD,20.47,18.74,8.4,1.3,15.2,32.3,18.4,True,True,632481,1,Extension #1: +9.2% above 10 EMA
2026-05-10,SKYT,Uptrend,HOLD,33.43,31.52,5.7,1.3,19.2,29.8,19.9,True,False,1218303,0,Uptrend intact — above 10 and 20 EMA
2026-05-10,DHC,Extension,HOLD,8.17,7.61,6.9,1.2,23.4,29.4,11.8,True,True,1406342,1,Extension #1: +7.4% above 10 EMA
2026-05-10,TRS,Extension,HOLD,41.46,38.13,8.0,1.1,18.6,36.6,12.6,True,True,434681,1,Extension #1: +8.7% above 10 EMA
2026-05-10,EL,Extension,HOLD,82.85,78.39,5.4,1.0,20.5,27.9,17.6,True,False,3517314,1,Extension #1: +5.7% above 10 EMA
2026-05-10,GVA,Extension,HOLD,141.66,130.93,7.6,1.0,20.9,39.0,12.1,True,False,522257,1,Extension #1: +8.2% above 10 EMA
2026-05-10,GAIN,Uptrend,HOLD,17.0,16.37,3.7,0.9,39.7,42.0,12.3,True,False,338931,1,Uptrend intact — above 10 and 20 EMA
2026-05-10,HRMY,Uptrend,HOLD,32.34,31.37,3.0,0.9,30.9,36.7,14.3,True,False,841689,1,Uptrend intact — above 10 and 20 EMA
2026-05-10,AMAT,Uptrend,HOLD,410.82,389.9,5.1,0.7,16.6,31.7,20.3,True,False,5680174,0,Uptrend intact — above 10 and 20 EMA
2026-05-10,AMPL,Extension,HOLD,7.95,7.32,7.9,0.7,15.6,32.4,18.0,True,False,1634216,1,Extension #1: +8.6% above 10 EMA
2026-05-10,TROW,Uptrend,HOLD,104.11,98.36,5.5,0.7,36.2,31.6,9.0,True,False,2040308,0,Uptrend intact — above 10 and 20 EMA
2026-05-10,ACVA,Uptrend,HOLD,5.4,5.16,4.5,0.6,23.4,24.9,13.4,True,False,2392759,1,Uptrend intact — above 10 and 20 EMA
2026-05-10,GCMG,Uptrend,HOLD,11.26,10.89,3.3,0.6,25.4,27.6,12.7,True,False,363671,1,Uptrend intact — above 10 and 20 EMA
2026-05-10,BUR,Extension,HOLD,5.21,4.94,5.2,0.5,26.2,27.4,24.6,True,False,2976796,1,Extension #1: +5.5% above 10 EMA
2026-05-10,CBOE,Extension,HOLD,343.98,314.62,8.5,0.4,17.1,39.9,12.4,True,False,836223,1,Extension #1: +9.3% above 10 EMA
2026-05-10,GILT,Extension,HOLD,20.07,18.17,9.5,0.4,15.0,36.5,19.7,True,True,605111,1,Extension #1: +10.4% above 10 EMA
2026-05-10,HIW,Uptrend,HOLD,25.1,24.26,3.4,0.4,32.8,32.4,12.2,True,False,1097045,1,Uptrend intact — above 10 and 20 EMA
2026-05-10,LPG,Uptrend,HOLD,40.04,36.99,7.6,0.2,30.7,32.2,11.2,True,False,418235,0,Uptrend intact — above 10 and 20 EMA
2026-05-10,RPC,Uptrend,HOLD,8.24,7.88,4.4,0.2,21.6,25.0,13.9,True,False,585667,1,Uptrend intact — above 10 and 20 EMA
2026-05-10,TDC,Extension,HOLD,30.08,27.46,8.7,0.2,17.5,34.7,17.9,True,True,1681930,1,Extension #1: +9.5% above 10 EMA
2026-05-10,SPT,Extension,HOLD,6.7,6.16,8.0,0.1,19.4,29.7,16.6,True,False,1363152,1,Extension #1: +8.7% above 10 EMA
2026-05-10,ADAM,Uptrend,HOLD,8.61,8.27,4.0,-0.1,26.1,38.8,13.1,True,False,813268,1,Uptrend intact — above 10 and 20 EMA
2026-05-10,VTRS,Uptrend,HOLD,15.52,14.9,4.0,-0.1,25.2,28.3,10.7,True,True,9516183,1,Uptrend intact — above 10 and 20 EMA
2026-05-10,DGII,Uptrend,HOLD,58.44,56.15,3.9,-0.2,12.8,30.6,18.5,False,False,253345,1,Uptrend intact — above 10 and 20 EMA
2026-05-10,IMPP,Extension,HOLD,5.11,4.8,6.0,-0.2,21.4,28.5,10.5,True,False,548174,1,Extension #1: +6.4% above 10 EMA
2026-05-10,VYX,Uptrend,HOLD,7.25,6.92,4.6,-0.2,19.6,27.7,21.8,True,False,2007418,0,Uptrend intact — above 10 and 20 EMA
2026-05-10,FIGR,Extension,HOLD,37.3,34.9,6.4,-0.3,12.5,29.4,15.4,False,False,3499804,1,Extension #1: +6.9% above 10 EMA
2026-05-10,RPD,Extension,HOLD,6.68,6.11,8.6,-0.3,23.7,33.1,16.2,True,False,2126426,1,Extension #1: +9.4% above 10 EMA
2026-05-10,NET,Extension,HOLD,244.43,215.27,11.9,-0.4,14.1,38.4,17.9,False,True,4527775,1,Extension #1: +13.5% above 10 EMA
2026-05-10,CASY,Extension,HOLD,862.35,810.07,6.1,-0.5,42.5,46.9,10.5,True,False,817115,1,Extension #1: +6.5% above 10 EMA
2026-05-10,SLF,Uptrend,HOLD,73.21,69.53,5.0,-0.5,33.0,40.1,13.9,True,False,566691,0,Uptrend intact — above 10 and 20 EMA
2026-05-10,GRND,Uptrend,HOLD,13.79,13.12,4.9,-0.6,18.4,26.5,17.1,True,False,967720,0,Uptrend intact — above 10 and 20 EMA
2026-05-10,HR,Extension,HOLD,19.92,18.88,5.2,-0.6,25.2,39.3,12.1,True,True,3746211,1,Extension #1: +5.5% above 10 EMA
2026-05-10,RHP,Uptrend,HOLD,108.14,103.91,3.9,-0.6,29.4,34.9,12.1,True,False,541671,1,Uptrend intact — above 10 and 20 EMA
2026-05-10,CRUS,Uptrend,HOLD,171.22,162.32,5.2,-0.7,28.7,30.5,20.6,True,False,661026,0,Uptrend intact — above 10 and 20 EMA
2026-05-10,SQM,Uptrend,HOLD,92.64,89.99,2.9,-0.7,28.9,27.3,13.2,True,False,1324903,2,Uptrend intact — above 10 and 20 EMA
2026-05-10,TTI,Uptrend,HOLD,9.72,9.44,2.8,-0.8,21.5,25.5,14.4,True,False,1780497,1,Uptrend intact — above 10 and 20 EMA
2026-05-10,WPP,Uptrend,HOLD,18.63,17.93,3.8,-0.8,19.3,33.7,18.3,True,False,506239,1,Uptrend intact — above 10 and 20 EMA
2026-05-10,BKV,Extension,HOLD,32.16,30.36,5.6,-0.9,20.2,34.2,14.4,True,False,793585,1,Extension #1: +5.9% above 10 EMA
2026-05-10,AMN,Uptrend,HOLD,21.28,20.67,2.9,-1.2,18.7,25.7,18.6,True,False,652546,1,Uptrend intact — above 10 and 20 EMA
2026-05-10,MIAX,Uptrend,HOLD,47.71,46.41,2.7,-1.2,35.4,28.8,9.8,True,False,963358,1,Uptrend intact — above 10 and 20 EMA
2026-05-10,YELP,Uptrend,HOLD,29.22,28.28,3.2,-1.2,30.0,24.0,14.7,True,False,897718,2,Uptrend intact — above 10 and 20 EMA
2026-05-10,CHW,Uptrend,HOLD,8.49,8.25,2.8,-1.3,23.1,26.2,24.0,True,False,210607,1,Uptrend intact — above 10 and 20 EMA
2026-05-10,KNSA,Extension,HOLD,56.74,51.3,9.6,-1.3,26.7,42.7,15.2,True,False,828272,1,Extension #1: +10.6% above 10 EMA
2026-05-10,SSL,Extension,HOLD,14.29,13.46,5.8,-1.3,22.2,38.8,21.9,True,False,2317870,1,Extension #1: +6.2% above 10 EMA
2026-05-10,TRVI,Uptrend,HOLD,14.66,14.22,3.0,-1.4,35.2,24.8,15.7,True,False,1765693,1,Uptrend intact — above 10 and 20 EMA
2026-05-10,GKOS,Uptrend,HOLD,133.42,127.89,4.1,-1.5,30.2,38.8,13.7,True,False,654291,2,Uptrend intact — above 10 and 20 EMA
2026-05-10,QNST,Extension,HOLD,13.83,13.04,5.7,-1.6,11.2,29.5,20.4,False,True,678432,1,Extension #1: +6.1% above 10 EMA
2026-05-10,AROC,Uptrend,HOLD,39.83,37.12,6.8,-1.7,21.9,28.7,11.6,True,False,1385050,0,Uptrend intact — above 10 and 20 EMA
2026-05-10,HASI,Uptrend,HOLD,42.97,40.51,5.7,-1.7,34.7,30.3,11.0,True,False,789500,0,Uptrend intact — above 10 and 20 EMA
2026-05-10,LOGI,Extension,HOLD,105.42,99.25,5.9,-1.8,12.2,40.8,20.8,False,True,982084,1,Extension #1: +6.2% above 10 EMA
2026-05-10,PAYS,Uptrend,HOLD,6.75,6.47,4.2,-1.8,40.4,32.9,13.2,True,False,714715,3,Uptrend intact — above 10 and 20 EMA
2026-05-10,UBS,Uptrend,HOLD,44.1,42.8,3.0,-1.8,23.0,39.6,21.2,True,False,2518997,1,Uptrend intact — above 10 and 20 EMA
2026-05-10,ASLE,Uptrend,HOLD,7.18,6.77,5.7,-1.9,17.5,27.2,18.3,True,False,219797,0,Uptrend intact — above 10 and 20 EMA
2026-05-10,CMC,In Base,WATCH,69.79,64.75,7.2,-1.9,18.4,24.2,16.0,True,False,921324,0,Consolidating above EMAs — base day 11 of potential pattern
2026-05-10,DV,Uptrend,HOLD,11.46,10.99,4.1,-1.9,17.5,32.2,15.8,True,False,1856441,1,Uptrend intact — above 10 and 20 EMA
2026-05-10,UMBF,Uptrend,HOLD,131.06,123.09,6.1,-1.9,25.1,31.3,13.3,True,False,689903,0,Uptrend intact — above 10 and 20 EMA
2026-05-10,KD,Extension,HOLD,14.7,14.0,4.8,-2.0,15.0,31.3,20.0,False,False,3548223,1,Extension #1: +5.0% above 10 EMA
2026-05-10,PONY,Downtrend,CASH,10.2,,0.0,-2.0,17.3,23.2,26.5,False,False,3207090,0,Price below 20 EMA — avoid new longs
2026-05-10,TENB,Uptrend,HOLD,21.02,20.41,2.9,-2.0,19.2,26.1,16.2,True,False,3550347,1,Uptrend intact — above 10 and 20 EMA
2026-05-10,CEPT,Extension,HOLD,12.4,11.57,6.7,-2.1,38.1,39.0,5.9,True,True,621434,1,Extension #1: +7.2% above 10 EMA
2026-05-10,AMPH,Extension,HOLD,23.39,22.1,5.5,-2.2,19.5,30.4,14.6,True,False,421691,1,Extension #1: +5.9% above 10 EMA
2026-05-10,JAZZ,Uptrend,HOLD,212.26,200.04,5.8,-2.2,35.3,36.2,12.7,True,False,914376,0,Uptrend intact — above 10 and 20 EMA
2026-05-10,PANW,Uptrend,HOLD,183.98,179.19,2.6,-2.2,14.7,31.7,22.2,False,False,7284149,1,Uptrend intact — above 10 and 20 EMA
2026-05-10,PSO,Uptrend,HOLD,15.15,14.65,3.3,-2.2,41.8,44.2,12.7,True,False,1077699,1,Uptrend intact — above 10 and 20 EMA
2026-05-10,XHR,Uptrend,HOLD,16.73,16.16,3.4,-2.2,27.5,26.3,11.2,True,False,745459,1,Uptrend intact — above 10 and 20 EMA
2026-05-10,CION,Uptrend,HOLD,7.9,7.64,3.3,-2.3,30.8,31.7,16.2,True,False,554849,1,Uptrend intact — above 10 and 20 EMA
2026-05-10,DRH,Uptrend,HOLD,10.64,10.29,3.3,-2.4,21.0,29.5,13.9,True,False,1683098,1,Uptrend intact — above 10 and 20 EMA
2026-05-10,GPRE,Extension,HOLD,18.25,17.07,6.5,-2.4,22.0,35.2,13.6,True,False,1283021,1,Extension #1: +6.9% above 10 EMA
2026-05-10,TTWO,Uptrend,HOLD,223.11,216.23,3.1,-2.4,20.7,34.3,16.2,True,False,1442816,1,Uptrend intact — above 10 and 20 EMA
2026-05-10,CVE,Extension,HOLD,30.45,28.2,7.4,-2.5,26.9,48.5,16.3,True,True,8155209,1,Extension #1: +8.0% above 10 EMA
2026-05-10,CX,Extension,HOLD,12.87,12.22,5.1,-2.5,21.2,30.0,17.3,True,False,5640815,1,Extension #1: +5.3% above 10 EMA
2026-05-10,DRVN,Extension,HOLD,13.9,13.14,5.5,-2.5,19.5,31.3,19.6,True,False,1561932,1,Extension #1: +5.8% above 10 EMA
2026-05-10,TRIN,Uptrend,HOLD,16.97,16.3,4.0,-2.5,33.4,36.7,11.6,True,False,1163657,1,Uptrend intact — above 10 and 20 EMA
2026-05-10,AKR,Uptrend,HOLD,21.99,21.06,4.2,-2.6,31.4,32.6,12.7,True,False,1085017,0,Uptrend intact — above 10 and 20 EMA
2026-05-10,ARDT,Uptrend,HOLD,10.13,9.82,3.0,-2.6,15.9,28.3,23.1,True,False,350032,1,Uptrend intact — above 10 and 20 EMA
2026-05-10,CBC,Uptrend,HOLD,27.39,25.78,5.9,-2.7,42.8,27.7,5.8,True,False,683768,0,Uptrend intact — above 10 and 20 EMA
2026-05-10,NTAP,Uptrend,HOLD,114.14,109.52,4.0,-2.7,25.1,33.2,13.6,True,False,1982107,1,Uptrend intact — above 10 and 20 EMA
2026-05-10,PGNY,Uptrend,HOLD,18.98,18.41,3.0,-2.7,23.8,28.0,16.7,True,False,1306403,1,Uptrend intact — above 10 and 20 EMA
2026-05-10,STNG,Extension,HOLD,86.62,80.83,6.7,-2.7,23.5,35.4,12.9,True,False,1147535,1,Extension #1: +7.2% above 10 EMA
2026-05-10,UNFI,Uptrend,HOLD,51.32,49.08,4.4,-2.7,35.3,35.3,13.4,True,False,538841,2,Uptrend intact — above 10 and 20 EMA
2026-05-10,FLR,Uptrend,HOLD,52.99,50.95,3.9,-3.0,19.3,29.0,12.1,True,False,1860663,1,Uptrend intact — above 10 and 20 EMA
2026-05-10,NVGS,Extension,HOLD,22.59,21.47,4.9,-3.0,18.9,35.5,15.2,True,True,363876,1,Extension #1: +5.2% above 10 EMA
2026-05-10,PTRN,Uptrend,HOLD,14.01,13.57,3.2,-3.0,7.9,27.3,23.4,False,False,571737,1,Uptrend intact — above 10 and 20 EMA
2026-05-10,CRS,Uptrend,HOLD,444.99,424.35,4.6,-3.1,13.9,20.6,20.0,False,False,703979,0,Uptrend intact — above 10 and 20 EMA
2026-05-10,VERX,Extension,HOLD,13.64,12.71,6.8,-3.1,16.1,35.1,21.9,True,False,1140085,1,Extension #1: +7.3% above 10 EMA
2026-05-10,WAT,Extension,HOLD,342.75,314.6,8.2,-3.1,22.7,34.7,23.3,True,True,925272,1,Extension #1: +8.9% above 10 EMA
2026-05-10,MITK,Extension,HOLD,15.4,14.54,5.6,-3.2,12.5,29.5,23.4,False,False,952825,1,Extension #1: +5.9% above 10 EMA
2026-05-10,INVH,Uptrend,HOLD,28.65,27.21,5.0,-3.3,37.1,37.8,8.2,True,False,4876639,0,Uptrend intact — above 10 and 20 EMA
2026-05-10,CNNE,Uptrend,HOLD,13.67,13.33,2.5,-3.4,45.2,28.8,7.1,True,False,506945,1,Uptrend intact — above 10 and 20 EMA
2026-05-10,RNW,Uptrend,HOLD,5.36,5.11,4.6,-3.5,24.3,32.7,16.5,True,True,709473,0,Uptrend intact — above 10 and 20 EMA
2026-05-10,TRN,Extension,HOLD,35.86,33.02,7.9,-3.5,20.2,39.4,15.9,True,False,586880,1,Extension #1: +8.6% above 10 EMA
2026-05-10,CLDT,Uptrend,HOLD,8.92,8.67,2.8,-3.6,23.0,26.2,16.2,True,True,254476,1,Uptrend intact — above 10 and 20 EMA
2026-05-10,FSLR,Extension,HOLD,219.38,202.21,7.8,-3.6,14.0,27.9,12.1,False,False,2097094,1,Extension #1: +8.5% above 10 EMA
2026-05-10,MNDY,Extension,HOLD,75.95,69.86,8.0,-3.6,20.5,33.5,17.8,True,False,1563190,1,Extension #1: +8.7% above 10 EMA
2026-05-10,RBRK,Extension,HOLD,57.13,54.35,4.9,-3.6,15.9,32.9,17.7,True,False,3255488,1,Extension #1: +5.1% above 10 EMA
2026-05-10,CCRN,Uptrend,HOLD,10.67,10.03,6.0,-3.7,31.2,31.7,12.1,True,True,349736,0,Uptrend intact — above 10 and 20 EMA
2026-05-10,MATX,Extension,HOLD,187.26,175.68,6.2,-3.8,22.0,35.9,17.1,True,True,225949,1,Extension #1: +6.6% above 10 EMA
2026-05-10,FG,Uptrend,HOLD,29.42,28.18,4.2,-4.0,18.2,26.6,16.0,True,False,513298,1,Uptrend intact — above 10 and 20 EMA
2026-05-10,BCSF,Uptrend,HOLD,14.06,13.58,3.4,-4.1,29.3,32.9,14.8,True,False,379266,1,Uptrend intact — above 10 and 20 EMA
2026-05-10,EBS,Extension,HOLD,9.05,8.4,7.2,-4.1,21.4,37.6,20.2,True,True,609751,1,Extension #1: +7.7% above 10 EMA
2026-05-10,GPK,Extension,HOLD,10.73,9.8,8.7,-4.1,15.2,33.9,17.5,True,True,6138075,1,Extension #1: +9.5% above 10 EMA
2026-05-10,HPQ,Uptrend,HOLD,21.15,20.33,3.9,-4.2,29.8,28.7,11.1,True,False,15484059,1,Uptrend intact — above 10 and 20 EMA
2026-05-10,SSYS,Uptrend,HOLD,8.96,8.59,4.2,-4.2,17.8,30.3,17.6,True,False,608331,0,Uptrend intact — above 10 and 20 EMA
2026-05-10,XWIN,Uptrend,HOLD,8.1,7.73,4.5,-4.3,54.1,35.5,6.7,True,False,995295,2,Uptrend intact — above 10 and 20 EMA
2026-05-10,ECVT,Uptrend,HOLD,14.73,14.12,4.1,-4.4,34.2,30.8,10.1,True,False,1871595,2,Uptrend intact — above 10 and 20 EMA
2026-05-10,FRSH,Extension,HOLD,9.19,8.58,6.6,-4.4,14.2,33.5,18.0,False,False,10170436,1,Extension #1: +7.1% above 10 EMA
2026-05-10,AVB,Uptrend,HOLD,185.25,179.53,3.1,-4.5,31.8,31.8,9.6,True,False,855290,1,Uptrend intact — above 10 and 20 EMA
2026-05-10,FSS,Uptrend,HOLD,121.51,117.86,3.0,-4.5,14.5,27.9,20.5,False,False,448419,1,Uptrend intact — above 10 and 20 EMA
2026-05-10,CATY,Uptrend,HOLD,57.11,55.44,2.9,-4.6,34.5,27.8,10.5,True,False,356333,1,Uptrend intact — above 10 and 20 EMA
2026-05-10,PHIN,Uptrend,HOLD,76.05,72.15,5.1,-4.6,16.2,29.0,15.6,True,False,315113,0,Uptrend intact — above 10 and 20 EMA
2026-05-10,CARE,Uptrend,HOLD,26.15,25.07,4.1,-4.8,39.1,31.6,11.2,True,False,352337,1,Uptrend intact — above 10 and 20 EMA
2026-05-10,AMH,Uptrend,HOLD,32.28,30.64,5.1,-4.9,37.2,30.3,8.6,True,False,2627685,0,Uptrend intact — above 10 and 20 EMA
2026-05-10,SHO,Uptrend,HOLD,10.02,9.6,4.2,-4.9,21.2,27.2,14.8,True,False,1512417,0,Uptrend intact — above 10 and 20 EMA
2026-05-10,ATLX,Extension,HOLD,5.21,4.94,5.2,-5.0,20.1,23.1,13.5,True,False,672848,1,Extension #1: +5.4% above 10 EMA
2026-05-10,BUD,Extension,HOLD,80.37,75.02,6.7,-5.0,16.9,47.8,21.6,True,True,1974268,1,Extension #1: +7.1% above 10 EMA
2026-05-10,ECO,Extension,HOLD,56.93,54.22,4.8,-5.0,22.0,32.7,16.5,True,False,353094,1,Extension #1: +5.0% above 10 EMA
2026-05-10,SBUX,Uptrend,HOLD,104.94,102.02,2.8,-5.1,21.4,35.7,16.7,True,False,6690939,1,Uptrend intact — above 10 and 20 EMA
2026-05-10,SXC,Extension,HOLD,7.1,6.73,5.2,-5.2,14.8,21.6,27.8,False,False,1182600,1,Extension #1: +5.4% above 10 EMA
2026-05-10,UFPT,Extension,HOLD,212.43,197.96,6.8,-5.2,21.6,20.1,14.3,True,True,213981,1,Extension #1: +7.3% above 10 EMA
2026-05-10,FFIV,Extension,HOLD,339.9,318.86,6.2,-5.3,19.3,35.0,16.9,True,False,723531,1,Extension #1: +6.6% above 10 EMA
2026-05-10,ADMA,Downtrend,CASH,10.25,,0.0,-5.4,19.8,16.5,25.4,False,False,5953432,0,Price below 20 EMA — avoid new longs
2026-05-10,NTCT,Extension,HOLD,35.77,33.87,5.3,-5.4,16.5,36.5,18.3,True,False,513157,1,Extension #1: +5.6% above 10 EMA
2026-05-10,PFLT,Uptrend,HOLD,9.15,8.87,3.1,-5.4,25.3,34.6,15.2,True,False,904923,1,Uptrend intact — above 10 and 20 EMA
2026-05-10,EQR,Uptrend,HOLD,66.25,63.0,4.9,-5.5,27.1,32.2,10.4,True,False,2316042,0,Uptrend intact — above 10 and 20 EMA
2026-05-10,FROG,Extension,HOLD,54.41,48.23,11.4,-5.5,12.4,36.6,17.0,False,False,2297033,1,Extension #1: +12.8% above 10 EMA
2026-05-10,LZ,Uptrend,HOLD,6.71,6.52,2.8,-5.5,19.5,33.8,22.1,True,False,2302060,1,Uptrend intact — above 10 and 20 EMA
2026-05-10,PERI,Uptrend,HOLD,10.81,10.49,3.0,-5.5,20.4,35.0,18.1,True,False,211796,1,Uptrend intact — above 10 and 20 EMA
2026-05-10,CRL,Extension,HOLD,185.39,173.93,6.2,-5.6,17.1,30.7,23.6,True,False,741478,1,Extension #1: +6.6% above 10 EMA
2026-05-10,NICE,Extension,HOLD,125.01,109.88,12.1,-5.6,20.4,41.4,19.0,True,False,566047,1,Extension #1: +13.8% above 10 EMA
2026-05-10,CNOB,Uptrend,HOLD,30.08,28.67,4.7,-5.7,29.0,26.3,10.5,True,False,375467,0,Uptrend intact — above 10 and 20 EMA
2026-05-10,HSHP,Extension,HOLD,15.42,14.07,8.7,-5.7,18.3,44.4,17.7,True,True,282825,1,Extension #1: +9.6% above 10 EMA
2026-05-10,ICFI,Extension,HOLD,74.53,70.43,5.5,-5.7,16.7,29.3,17.0,True,False,402430,1,Extension #1: +5.8% above 10 EMA
2026-05-10,NMAX,Downtrend,CASH,6.04,,0.0,-5.8,37.3,36.2,13.1,True,False,2831404,0,Price below 20 EMA — avoid new longs
2026-05-10,OSPN,Uptrend,HOLD,11.95,11.37,4.8,-5.8,15.7,29.4,17.5,True,False,433478,0,Uptrend intact — above 10 and 20 EMA
2026-05-10,MIRM,Extension,HOLD,105.81,98.31,7.1,-5.9,18.9,32.5,10.5,True,True,666541,1,Extension #1: +7.6% above 10 EMA
2026-05-10,TK,Extension,HOLD,14.14,13.27,6.2,-5.9,29.1,34.3,12.1,True,True,459051,1,Extension #1: +6.6% above 10 EMA
2026-05-10,AAPL,Uptrend,HOLD,284.18,268.7,5.4,-6.0,14.6,34.0,18.1,False,False,44265364,0,Uptrend intact — above 10 and 20 EMA
2026-05-10,HNRG,Extension,HOLD,17.66,16.07,9.0,-6.0,9.0,33.0,17.6,False,True,907022,1,Extension #1: +9.9% above 10 EMA
2026-05-10,KNTK,In Base,WATCH,50.45,45.74,9.3,-6.0,23.1,28.7,12.7,True,False,982236,1,Consolidating above EMAs — base day 9 of potential pattern
2026-05-10,ALLT,Extension,HOLD,7.85,7.4,5.7,-6.2,14.5,30.1,18.7,False,False,299759,1,Extension #1: +6.1% above 10 EMA
2026-05-10,ANIP,Extension,HOLD,84.63,80.45,4.9,-6.2,20.2,32.5,14.6,True,False,312394,1,Extension #1: +5.2% above 10 EMA
2026-05-10,UVSP,Uptrend,HOLD,38.79,37.84,2.5,-6.2,26.5,27.9,14.8,True,False,208381,1,Uptrend intact — above 10 and 20 EMA
2026-05-10,BBDC,Uptrend,HOLD,9.22,8.83,4.3,-6.3,28.7,31.3,14.9,True,False,616866,0,Uptrend intact — above 10 and 20 EMA
2026-05-10,CGBD,Uptrend,HOLD,12.09,11.73,3.0,-6.3,23.0,27.2,17.2,True,False,785207,1,Uptrend intact — above 10 and 20 EMA
2026-05-10,GSBD,Uptrend,HOLD,10.12,9.79,3.3,-6.4,28.5,32.1,15.1,True,False,1248975,1,Uptrend intact — above 10 and 20 EMA
2026-05-10,GTLB,Extension,HOLD,24.84,22.73,8.5,-6.7,18.0,37.8,20.7,True,False,6076929,1,Extension #1: +9.3% above 10 EMA
2026-05-10,HTGC,Uptrend,HOLD,16.57,15.62,5.7,-6.7,20.1,31.3,14.5,True,False,1720759,0,Uptrend intact — above 10 and 20 EMA
2026-05-10,COKE,Extension,HOLD,215.4,202.12,6.2,-6.9,19.9,34.6,15.3,True,False,388254,1,Extension #1: +6.6% above 10 EMA
2026-05-10,FLNG,Uptrend,HOLD,33.27,31.3,5.9,-7.0,27.8,35.6,13.5,True,False,415866,0,Uptrend intact — above 10 and 20 EMA
2026-05-10,ILMN,Extension,HOLD,139.07,131.47,5.5,-7.0,13.5,30.3,20.6,False,False,1399504,1,Extension #1: +5.8% above 10 EMA
2026-05-10,KRYS,Uptrend,HOLD,284.57,273.55,3.9,-7.1,15.7,37.7,16.8,True,False,256998,1,Uptrend intact — above 10 and 20 EMA
2026-05-10,ALOY,Downtrend,CASH,9.43,,0.0,-7.3,12.7,25.7,24.5,False,False,1824123,0,Price below 20 EMA — avoid new longs
2026-05-10,ERII,In Base,WATCH,11.31,10.46,7.5,-7.3,16.6,23.3,22.5,True,False,819886,0,Consolidating above EMAs — base day 8 of potential pattern
2026-05-10,VAC,Uptrend,HOLD,73.72,70.99,3.7,-7.3,13.0,29.5,19.8,False,True,456973,0,Uptrend intact — above 10 and 20 EMA
2026-05-10,ZIM,Extension,HOLD,28.55,26.62,6.8,-7.3,14.6,42.0,12.3,False,True,1401394,1,Extension #1: +7.3% above 10 EMA
2026-05-10,VVX,Extension,HOLD,76.5,68.16,10.9,-7.4,13.8,43.0,18.0,False,True,424247,1,Extension #1: +12.2% above 10 EMA
2026-05-10,CTO,Uptrend,HOLD,20.58,19.76,4.0,-7.5,22.4,28.3,15.9,True,False,214436,0,Uptrend intact — above 10 and 20 EMA
2026-05-10,CVI,Extension,HOLD,35.24,33.12,6.0,-7.5,16.6,31.0,18.6,True,False,990438,1,Extension #1: +6.4% above 10 EMA
2026-05-10,DK,Extension,HOLD,49.04,44.44,9.4,-7.5,19.9,37.4,14.5,True,False,1287582,1,Extension #1: +10.4% above 10 EMA
2026-05-10,FMX,Uptrend,HOLD,121.29,114.48,5.6,-7.5,27.3,32.7,10.4,True,False,422658,0,Uptrend intact — above 10 and 20 EMA
2026-05-10,YMM,Uptrend,HOLD,8.88,8.6,3.2,-7.5,15.5,23.9,16.3,True,False,5052316,0,Uptrend intact — above 10 and 20 EMA
2026-05-10,CE,In Base,WATCH,69.01,62.85,8.9,-7.6,21.5,29.8,14.9,True,False,2078279,0,Consolidating above EMAs — base day 10 of potential pattern
2026-05-10,SB,Extension,HOLD,7.11,6.71,5.6,-7.6,20.4,32.7,10.6,True,True,397422,1,Extension #1: +6.0% above 10 EMA
2026-05-10,SUN,In Base,WATCH,69.71,63.46,9.0,-7.7,15.9,33.1,15.2,True,True,358620,0,Consolidating above EMAs — base day 9 of potential pattern
2026-05-10,TEN,Extension,HOLD,44.01,40.86,7.2,-7.7,28.8,36.8,12.6,True,False,321589,1,Extension #1: +7.7% above 10 EMA
2026-05-10,DD,Extension,HOLD,49.24,46.47,5.6,-7.8,13.6,33.6,18.6,False,True,3035434,1,Extension #1: +6.0% above 10 EMA
2026-05-10,VCEL,Uptrend,HOLD,36.81,34.88,5.3,-7.8,14.3,28.0,18.8,False,False,505321,0,Uptrend intact — above 10 and 20 EMA
2026-05-10,ADM,Extension,HOLD,79.19,73.66,7.0,-7.9,20.8,41.2,12.7,True,True,3523566,1,Extension #1: +7.5% above 10 EMA
2026-05-10,CRTO,Uptrend,HOLD,20.12,19.05,5.3,-7.9,11.5,19.8,23.4,False,True,212314,0,Uptrend intact — above 10 and 20 EMA
2026-05-10,FRT,Uptrend,HOLD,115.29,110.74,3.9,-7.9,27.0,33.0,14.1,True,False,826460,0,Uptrend intact — above 10 and 20 EMA
2026-05-10,MPC,Extension,HOLD,260.51,240.28,7.8,-7.9,23.7,42.0,15.3,True,False,2020937,1,Extension #1: +8.4% above 10 EMA
2026-05-10,OBDC,Uptrend,HOLD,11.91,11.4,4.3,-7.9,20.4,28.3,16.6,True,False,3973872,0,Uptrend intact — above 10 and 20 EMA
2026-05-10,SFL,Uptrend,HOLD,11.83,11.13,5.9,-8.0,16.1,34.8,15.4,True,False,1058838,0,Uptrend intact — above 10 and 20 EMA
2026-05-10,SPRY,Extension,HOLD,9.03,8.36,7.4,-8.2,11.5,27.8,14.1,False,False,1561143,1,Extension #1: +8.0% above 10 EMA
2026-05-10,FSCO,Uptrend,HOLD,5.3,5.11,3.7,-8.4,15.4,27.4,22.9,True,False,978124,0,Uptrend intact — above 10 and 20 EMA
2026-05-10,ORIC,Downtrend,CASH,9.57,,0.0,-8.4,14.9,17.2,27.2,False,False,1449745,0,Price below 20 EMA — avoid new longs
2026-05-10,XPRO,In Base,WATCH,17.84,16.54,7.3,-8.5,14.4,19.9,18.6,False,False,1010642,1,Consolidating above EMAs — base day 8 of potential pattern
2026-05-10,GDYN,Extension,HOLD,6.1,5.79,5.2,-8.6,13.5,22.1,19.3,False,False,1217575,1,Extension #1: +5.4% above 10 EMA
2026-05-10,KBDC,Uptrend,HOLD,15.11,14.45,4.4,-8.6,27.2,30.0,13.2,True,False,254949,0,Uptrend intact — above 10 and 20 EMA
2026-05-10,ENPH,Extension,HOLD,36.02,34.0,5.6,-8.7,16.9,21.3,22.3,False,False,6740674,1,Extension #1: +5.9% above 10 EMA
2026-05-10,GLAD,Uptrend,HOLD,19.48,18.55,4.8,-8.7,18.4,28.4,17.2,True,False,204694,0,Uptrend intact — above 10 and 20 EMA
2026-05-10,SOLS,Uptrend,HOLD,83.56,80.16,4.1,-8.7,15.6,25.0,13.4,True,True,1747322,0,Uptrend intact — above 10 and 20 EMA
2026-05-10,CTNM,Extension,HOLD,14.39,13.24,8.0,-8.8,15.2,26.3,15.7,True,False,270778,1,Extension #1: +8.7% above 10 EMA
2026-05-10,DBX,Uptrend,HOLD,25.41,24.18,4.9,-8.8,18.8,27.2,16.9,True,False,3292353,0,Uptrend intact — above 10 and 20 EMA
2026-05-10,HLX,In Base,WATCH,10.26,9.41,8.3,-8.9,25.4,26.9,12.5,True,False,1926285,0,Consolidating above EMAs — base day 8 of potential pattern
2026-05-10,NOV,In Base,WATCH,20.12,19.4,3.6,-9.0,12.7,27.4,25.5,False,False,4777146,0,Consolidating above EMAs — base day 9 of potential pattern
2026-05-10,PARR,Extension,HOLD,69.2,65.45,5.4,-9.0,19.3,32.7,21.0,True,False,1349282,1,Extension #1: +5.7% above 10 EMA
2026-05-10,MEOH,Extension,HOLD,65.72,62.5,4.9,-9.1,15.0,33.5,21.2,False,False,1540063,1,Extension #1: +5.2% above 10 EMA
2026-05-10,CART,Uptrend,HOLD,43.74,42.66,2.5,-9.2,22.5,28.3,14.8,True,True,3459961,2,Uptrend intact — above 10 and 20 EMA
2026-05-10,J,Extension,HOLD,136.55,129.44,5.2,-9.2,18.5,32.0,16.3,True,True,840968,1,Extension #1: +5.5% above 10 EMA
2026-05-10,LLY,Extension,HOLD,988.87,925.42,6.4,-9.2,19.8,35.4,24.4,True,False,2976358,1,Extension #1: +6.9% above 10 EMA
2026-05-10,PSIX,Downtrend,CASH,69.09,,0.0,-9.3,16.3,20.1,20.2,False,False,520631,0,Price below 20 EMA — avoid new longs
2026-05-10,ANDE,Uptrend,HOLD,79.29,75.48,4.8,-9.4,24.6,34.2,11.2,True,True,298165,0,Uptrend intact — above 10 and 20 EMA
2026-05-10,CMCT,Downtrend,CASH,5.32,,0.0,-9.4,52.6,14.2,41.9,False,False,959532,0,Price below 20 EMA — avoid new longs
2026-05-10,SOBO,Extension,HOLD,35.31,33.56,5.0,-9.5,27.0,39.2,15.1,True,False,927377,1,Extension #1: +5.2% above 10 EMA
2026-05-10,ASIX,Extension,HOLD,26.17,24.39,6.8,-9.6,25.3,38.7,14.0,True,False,281470,1,Extension #1: +7.3% above 10 EMA
2026-05-10,CBT,Uptrend,HOLD,78.93,75.72,4.1,-9.7,17.3,25.4,11.9,True,False,309133,0,Uptrend intact — above 10 and 20 EMA
2026-05-10,OVV,Extension,HOLD,63.08,59.57,5.6,-9.7,21.8,42.0,19.2,True,False,3345756,1,Extension #1: +5.9% above 10 EMA
2026-05-10,RYTM,Extension,HOLD,92.31,85.87,7.0,-9.7,12.0,36.4,16.4,False,True,656849,1,Extension #1: +7.5% above 10 EMA
2026-05-10,AB,Uptrend,HOLD,40.34,38.88,3.6,-10.1,12.9,28.5,18.1,False,True,240877,0,Uptrend intact — above 10 and 20 EMA
2026-05-10,LINC,Extension,HOLD,45.09,41.21,8.6,-10.1,22.6,34.4,11.8,True,True,388475,1,Extension #1: +9.4% above 10 EMA
2026-05-10,LTH,Extension,HOLD,29.38,27.34,7.0,-10.2,16.2,32.5,19.4,True,True,2106492,1,Extension #1: +7.5% above 10 EMA
2026-05-10,TNK,Extension,HOLD,82.61,78.12,5.4,-10.2,29.9,30.8,9.3,True,False,496553,1,Extension #1: +5.7% above 10 EMA
2026-05-10,APAD,Uptrend,HOLD,10.74,10.46,2.7,-10.5,47.0,26.0,31.3,False,False,511579,1,Uptrend intact — above 10 and 20 EMA
2026-05-10,GNK,Uptrend,HOLD,25.21,23.85,5.4,-10.5,15.9,31.7,16.8,True,True,294185,0,Uptrend intact — above 10 and 20 EMA
2026-05-10,BETR,Uptrend,HOLD,42.43,40.04,5.6,-10.7,29.6,28.8,14.0,True,False,681817,0,Uptrend intact — above 10 and 20 EMA
2026-05-10,VNET,Downtrend,CASH,8.48,,0.0,-11.1,14.3,26.3,30.5,False,False,4957122,0,Price below 20 EMA — avoid new longs
2026-05-10,GRNT,Extension,HOLD,6.11,5.82,4.8,-11.7,17.9,34.0,19.5,True,False,804323,1,Extension #1: +5.1% above 10 EMA
2026-05-10,BETA,Extension,HOLD,17.18,16.22,5.6,-11.9,13.1,24.1,21.9,False,True,1226069,1,Extension #1: +5.9% above 10 EMA
2026-05-10,ABVX,Extension,HOLD,123.78,116.16,6.2,-12.2,11.3,28.8,20.3,False,False,868905,1,Extension #1: +6.6% above 10 EMA
2026-05-10,NVA,Downtrend,CASH,6.02,,0.0,-12.2,13.1,21.5,25.8,False,False,365564,0,Price below 20 EMA — avoid new longs
2026-05-10,IQV,Extension,HOLD,176.42,165.98,5.9,-12.5,19.5,29.2,25.7,True,True,1618912,1,Extension #1: +6.3% above 10 EMA
2026-05-10,LXEO,Downtrend,CASH,5.96,,0.0,-12.5,14.4,18.5,22.1,False,False,689527,0,Price below 20 EMA — avoid new longs
2026-05-10,MICC,Extension,HOLD,15.09,14.18,6.1,-12.5,26.0,38.0,30.2,True,False,1624932,1,Extension #1: +6.4% above 10 EMA
2026-05-10,FBRX,Downtrend,CASH,27.29,,0.0,-12.6,12.1,22.9,21.7,False,False,384008,0,Price below 20 EMA — avoid new longs
2026-05-10,POST,In Base,WATCH,103.71,99.27,4.3,-12.6,18.8,22.4,20.2,True,False,645445,0,Consolidating above EMAs — base day 11 of potential pattern
2026-05-10,CRGY,Extension,HOLD,13.92,13.24,4.9,-12.7,16.0,37.4,19.7,True,False,6529842,1,Extension #1: +5.1% above 10 EMA
2026-05-10,JKS,Extension,HOLD,24.61,23.15,5.9,-12.7,15.0,29.5,25.4,True,False,766406,1,Extension #1: +6.3% above 10 EMA
2026-05-10,TIGR,Downtrend,CASH,6.66,,0.0,-12.7,19.2,21.1,27.6,False,False,2138092,0,Price below 20 EMA — avoid new longs
2026-05-10,WMT,In Base,WATCH,130.79,123.37,5.7,-12.7,12.5,27.2,18.5,False,False,16022857,0,Consolidating above EMAs — base day 11 of potential pattern
2026-05-10,DT,Extension,HOLD,38.62,36.66,5.1,-12.8,19.1,32.9,19.8,True,False,6046100,1,Extension #1: +5.4% above 10 EMA
2026-05-10,AKAM,Extension,HOLD,117.94,103.12,12.6,-12.9,24.8,36.5,17.6,True,True,5071816,1,Extension #1: +14.4% above 10 EMA
2026-05-10,COF,Downtrend,CASH,189.68,,0.0,-12.9,15.7,20.9,23.8,False,False,4237218,0,Price below 20 EMA — avoid new longs
2026-05-10,MBUU,Downtrend,CASH,25.0,,0.0,-12.9,17.6,13.5,24.9,False,False,377762,0,Price below 20 EMA — avoid new longs
2026-05-10,KRP,In Base,WATCH,15.41,14.38,6.7,-13.0,21.0,37.3,18.0,True,False,716693,0,Consolidating above EMAs — base day 8 of potential pattern
2026-05-10,ONON,Downtrend,CASH,34.59,,0.0,-13.1,17.3,17.5,25.6,False,False,5272763,0,Price below 20 EMA — avoid new longs
2026-05-10,RPM,Downtrend,CASH,99.41,,0.0,-13.1,18.7,18.5,27.7,False,False,1015415,0,Price below 20 EMA — avoid new longs
2026-05-10,FSLY,Extension,HOLD,32.36,26.86,17.0,-13.2,21.4,34.5,13.9,True,False,12074419,1,Extension #1: +20.5% above 10 EMA
2026-05-10,HWM,Downtrend,CASH,242.69,,0.0,-13.2,17.8,20.7,23.2,False,False,1822495,0,Price below 20 EMA — avoid new longs
2026-05-10,SE,Downtrend,CASH,84.48,,0.0,-13.2,13.2,22.8,25.4,False,False,3508531,0,Price below 20 EMA — avoid new longs
2026-05-10,GLNG,Uptrend,HOLD,57.09,53.68,6.0,-13.4,22.3,36.8,16.9,True,False,1176156,0,Uptrend intact — above 10 and 20 EMA
2026-05-10,SM,In Base,WATCH,31.21,28.33,9.2,-13.4,16.4,30.7,20.4,True,False,4391565,1,Consolidating above EMAs — base day 8 of potential pattern
2026-05-10,MMS,Downtrend,CASH,65.23,,0.0,-13.5,24.0,14.5,20.6,False,False,625200,0,Price below 20 EMA — avoid new longs
2026-05-10,SHMD,Reversal Extension,WATCH,5.29,,0.0,-13.5,18.5,18.4,13.3,True,False,910336,0,Price 9.3% below 10 EMA — capitulation zone
2026-05-10,WB,Downtrend,CASH,8.38,,0.0,-13.7,18.2,23.7,26.5,False,False,1074946,0,Price below 20 EMA — avoid new longs
2026-05-10,SUPX,Downtrend,CASH,7.47,,0.0,-13.8,17.3,19.3,19.5,False,False,398954,0,Price below 20 EMA — avoid new longs
2026-05-10,DB,Downtrend,CASH,30.64,,0.0,-13.9,21.1,20.1,39.7,False,False,3270920,0,Price below 20 EMA — avoid new longs
2026-05-10,MSA,Downtrend,CASH,168.87,,0.0,-13.9,19.6,24.7,20.2,True,True,233803,0,Price below 20 EMA — avoid new longs
2026-05-10,CPAY,Downtrend,CASH,303.68,,0.0,-14.0,16.6,23.0,27.2,False,False,480259,0,Price below 20 EMA — avoid new longs
2026-05-10,CR,Downtrend,CASH,175.89,,0.0,-14.0,14.7,21.0,26.4,False,False,552580,0,Price below 20 EMA — avoid new longs
2026-05-10,ARE,Downtrend,CASH,43.8,,0.0,-14.1,28.8,21.6,32.7,False,False,2410230,0,Price below 20 EMA — avoid new longs
2026-05-10,BRC,Downtrend,CASH,81.33,,0.0,-14.1,20.7,15.3,23.2,False,False,258988,0,Price below 20 EMA — avoid new longs
2026-05-10,EPD,In Base,WATCH,38.5,37.22,3.3,-14.1,15.0,22.8,20.0,True,False,4966939,0,Consolidating above EMAs — base day 8 of potential pattern
2026-05-10,RUN,Extension,HOLD,13.46,12.8,4.9,-14.1,14.0,19.5,20.9,False,False,8104962,1,Extension #1: +5.2% above 10 EMA
2026-05-10,VOXR,Downtrend,CASH,5.34,,0.0,-14.1,14.0,20.3,24.9,False,False,303602,0,Price below 20 EMA — avoid new longs
2026-05-10,ITUB,Downtrend,CASH,8.57,,0.0,-14.2,16.0,20.8,32.0,False,True,17966818,0,Price below 20 EMA — avoid new longs
2026-05-10,NVAX,Downtrend,CASH,8.1,,0.0,-14.2,17.0,20.7,26.4,False,False,2883111,0,Price below 20 EMA — avoid new longs
2026-05-10,PSX,Extension,HOLD,180.26,171.56,4.8,-14.2,26.1,31.0,17.3,True,False,2619045,1,Extension #1: +5.1% above 10 EMA
2026-05-10,EGBN,Downtrend,CASH,26.21,,0.0,-14.3,17.0,22.3,21.1,True,False,296418,0,Price below 20 EMA — avoid new longs
2026-05-10,MTA,Downtrend,CASH,6.75,,0.0,-14.3,17.8,20.2,23.6,False,False,346854,0,Price below 20 EMA — avoid new longs
2026-05-10,TME,Downtrend,CASH,9.16,,0.0,-14.3,33.0,18.4,34.3,False,False,7746416,0,Price below 20 EMA — avoid new longs
2026-05-10,ALK,Downtrend,CASH,38.51,,0.0,-14.4,14.9,21.1,32.7,False,False,4756106,0,Price below 20 EMA — avoid new longs
2026-05-10,HMC,Downtrend,CASH,24.16,,0.0,-14.5,31.3,19.7,31.7,False,False,1853479,0,Price below 20 EMA — avoid new longs
2026-05-10,TNDM,Downtrend,CASH,19.42,,0.0,-14.5,11.8,24.1,22.9,False,False,1537197,0,Price below 20 EMA — avoid new longs
2026-05-10,GTY,Downtrend,CASH,32.97,,0.0,-14.6,16.1,19.2,19.2,True,False,374427,0,Price below 20 EMA — avoid new longs
2026-05-10,WVE,Downtrend,CASH,7.18,,0.0,-14.6,28.9,18.0,28.8,False,False,3651788,0,Price below 20 EMA — avoid new longs
2026-05-10,IPAR,Downtrend,CASH,91.7,,0.0,-14.7,14.7,19.5,26.3,False,False,237920,0,Price below 20 EMA — avoid new longs
2026-05-10,CPRT,Downtrend,CASH,33.15,,0.0,-14.9,20.1,15.1,20.1,False,False,7379209,0,Price below 20 EMA — avoid new longs
2026-05-10,KT,Downtrend,CASH,21.44,,0.0,-14.9,20.0,19.7,26.9,False,False,1075245,0,Price below 20 EMA — avoid new longs
2026-05-10,SSNC,Downtrend,CASH,69.28,,0.0,-14.9,20.9,16.9,26.7,False,False,2538925,0,Price below 20 EMA — avoid new longs
2026-05-10,USAS,Downtrend,CASH,5.54,,0.0,-14.9,17.6,20.8,26.4,False,False,4611964,0,Price below 20 EMA — avoid new longs
2026-05-10,CLMT,Extension,HOLD,36.02,33.07,8.2,-15.0,20.4,33.2,18.2,True,False,996360,1,Extension #1: +8.9% above 10 EMA
2026-05-10,LTC,Downtrend,CASH,38.2,,0.0,-15.1,14.5,20.6,26.4,False,False,306633,0,Price below 20 EMA — avoid new longs
2026-05-10,SAP,Downtrend,CASH,172.39,,0.0,-15.1,16.7,27.0,31.9,False,False,3925303,0,Price below 20 EMA — avoid new longs
2026-05-10,BBNX,Downtrend,CASH,10.01,,0.0,-15.2,25.3,17.9,28.6,False,False,1160054,0,Price below 20 EMA — avoid new longs
2026-05-10,BCO,Downtrend,CASH,104.3,,0.0,-15.2,22.4,15.3,24.2,False,False,401878,0,Price below 20 EMA — avoid new longs
2026-05-10,CWST,Extension,HOLD,86.76,81.99,5.5,-15.2,22.3,31.7,20.5,True,False,809923,1,Extension #1: +5.8% above 10 EMA
2026-05-10,EMBJ,Downtrend,CASH,63.93,,0.0,-15.2,15.2,27.7,29.3,False,False,1264315,0,Price below 20 EMA — avoid new longs
2026-05-10,EPRT,Downtrend,CASH,31.18,,0.0,-15.2,24.0,16.1,27.2,False,False,2210223,0,Price below 20 EMA — avoid new longs
2026-05-10,ADC,Downtrend,CASH,75.95,,0.0,-15.3,22.7,12.9,24.4,False,False,1001767,0,Price below 20 EMA — avoid new longs
2026-05-10,STOK,Downtrend,CASH,32.96,,0.0,-15.3,11.8,18.3,21.4,False,False,498112,0,Price below 20 EMA — avoid new longs
2026-05-10,TXG,Downtrend,CASH,22.01,,0.0,-15.3,17.1,23.1,27.1,False,False,2490523,0,Price below 20 EMA — avoid new longs
2026-05-10,ARX,Downtrend,CASH,13.22,,0.0,-15.4,20.5,21.5,25.5,False,False,1221131,0,Price below 20 EMA — avoid new longs
2026-05-10,HUBS,Extension,HOLD,246.08,231.44,6.0,-15.4,16.2,31.4,21.0,True,False,1564843,1,Extension #1: +6.3% above 10 EMA
2026-05-10,NATL,Downtrend,CASH,44.03,,0.0,-15.4,12.3,17.4,20.7,False,False,791938,0,Price below 20 EMA — avoid new longs
2026-05-10,NMZ,Downtrend,CASH,10.2,,0.0,-15.5,18.8,21.6,25.4,False,False,498491,0,Price below 20 EMA — avoid new longs
2026-05-10,BLMN,Downtrend,CASH,5.76,,0.0,-15.6,17.5,14.5,28.6,False,False,2016740,0,Price below 20 EMA — avoid new longs
2026-05-10,YPF,In Base,WATCH,43.97,41.08,6.6,-15.6,18.8,27.7,21.7,True,False,1901297,0,Consolidating above EMAs — base day 9 of potential pattern
2026-05-10,ACAD,In Base,WATCH,22.35,21.64,3.2,-15.7,9.2,22.3,24.1,False,False,1694360,0,Consolidating above EMAs — base day 8 of potential pattern
2026-05-10,CGEM,Extension,HOLD,14.94,13.99,6.4,-15.7,15.8,32.4,19.9,True,False,726669,1,Extension #1: +6.8% above 10 EMA
2026-05-10,CPA,Downtrend,CASH,113.61,,0.0,-15.7,14.7,20.6,29.6,False,False,452128,0,Price below 20 EMA — avoid new longs
2026-05-10,NTLA,Downtrend,CASH,13.31,,0.0,-15.7,15.6,22.3,22.5,False,False,6622951,0,Price below 20 EMA — avoid new longs
2026-05-10,MUR,In Base,WATCH,41.67,38.02,8.8,-15.8,17.9,31.5,18.0,True,False,1785047,0,Consolidating above EMAs — base day 8 of potential pattern
2026-05-10,TALO,In Base,WATCH,15.91,14.59,8.3,-15.8,17.4,29.8,22.4,True,False,1705360,1,Consolidating above EMAs — base day 8 of potential pattern
2026-05-10,YUMC,Downtrend,CASH,48.39,,0.0,-15.8,22.3,24.1,27.2,False,False,1220143,0,Price below 20 EMA — avoid new longs
2026-05-10,AVTX,Extension,HOLD,16.26,14.27,12.2,-15.9,13.5,25.8,16.3,False,False,726377,1,Extension #1: +14.0% above 10 EMA
2026-05-10,NU,Downtrend,CASH,14.25,,0.0,-15.9,14.3,20.6,27.6,False,False,34835122,0,Price below 20 EMA — avoid new longs
2026-05-10,IBN,Downtrend,CASH,26.02,,0.0,-16.0,34.8,15.3,49.2,False,False,6780075,0,Price below 20 EMA — avoid new longs
2026-05-10,XP,Downtrend,CASH,18.9,,0.0,-16.0,12.2,20.9,28.1,False,False,4365828,0,Price below 20 EMA — avoid new longs
2026-05-10,ALC,Downtrend,CASH,74.45,,0.0,-16.1,20.6,19.0,32.3,False,False,1471272,0,Price below 20 EMA — avoid new longs
2026-05-10,HMY,Downtrend,CASH,15.58,,0.0,-16.1,14.0,26.3,31.7,False,False,5031256,0,Price below 20 EMA — avoid new longs
2026-05-10,CUK,Downtrend,CASH,25.78,,0.0,-16.2,17.2,22.7,31.8,False,True,3307298,0,Price below 20 EMA — avoid new longs
2026-05-10,LE,Downtrend,CASH,10.86,,0.0,-16.2,20.4,16.5,25.6,False,False,317696,0,Price below 20 EMA — avoid new longs
2026-05-10,PBF,Extension,HOLD,46.19,43.03,6.8,-16.2,15.2,25.7,21.4,True,False,3083517,1,Extension #1: +7.3% above 10 EMA
2026-05-10,ASND,Downtrend,CASH,225.28,,0.0,-16.4,13.9,26.1,25.3,False,False,800804,0,Price below 20 EMA — avoid new longs
2026-05-10,SYY,Downtrend,CASH,72.84,,0.0,-16.4,29.3,18.0,33.9,False,False,5070497,0,Price below 20 EMA — avoid new longs
2026-05-10,GE,Downtrend,CASH,286.68,,0.0,-16.5,27.8,15.3,28.5,False,False,6367028,0,Price below 20 EMA — avoid new longs
2026-05-10,MWA,Downtrend,CASH,27.55,,0.0,-16.5,17.3,18.5,25.8,False,False,1269727,0,Price below 20 EMA — avoid new longs
2026-05-10,SATL,Extension,HOLD,7.0,6.66,4.9,-16.5,38.2,30.1,13.4,True,False,9324726,1,Extension #1: +5.1% above 10 EMA
2026-05-10,SCHW,Downtrend,CASH,92.4,,0.0,-16.5,19.2,20.7,25.6,False,False,10962183,0,Price below 20 EMA — avoid new longs
2026-05-10,CCL,Downtrend,CASH,25.77,,0.0,-16.6,17.5,22.5,31.6,False,True,26817272,0,Price below 20 EMA — avoid new longs
2026-05-10,DPRO,Downtrend,CASH,5.11,,0.0,-16.6,13.7,18.8,26.1,False,False,1499981,0,Price below 20 EMA — avoid new longs
2026-05-10,GPC,Downtrend,CASH,104.29,,0.0,-16.6,16.4,20.6,23.3,False,False,1669576,0,Price below 20 EMA — avoid new longs
2026-05-10,MSI,Downtrend,CASH,438.0,,0.0,-16.6,25.5,14.6,22.0,False,False,758299,0,Price below 20 EMA — avoid new longs
2026-05-10,QXO,Downtrend,CASH,18.87,,0.0,-16.6,23.8,17.9,33.4,False,False,16306698,0,Price below 20 EMA — avoid new longs
2026-05-10,WGO,Downtrend,CASH,30.95,,0.0,-16.6,17.6,19.6,23.3,False,False,590038,0,Price below 20 EMA — avoid new longs
2026-05-10,UMAC,Downtrend,CASH,13.59,,0.0,-16.7,13.0,15.9,22.4,False,False,3887052,0,Price below 20 EMA — avoid new longs
2026-05-10,WW,Extension,HOLD,11.9,10.58,11.1,-16.7,27.4,25.4,22.0,True,False,380315,1,Extension #1: +12.4% above 10 EMA
2026-05-10,AMTB,Downtrend,CASH,23.0,,0.0,-16.8,26.2,14.8,21.8,False,False,277676,0,Price below 20 EMA — avoid new longs
2026-05-10,ARQT,Downtrend,CASH,23.42,,0.0,-16.8,12.5,22.5,23.2,False,False,1008369,0,Price below 20 EMA — avoid new longs
2026-05-10,BCH,Downtrend,CASH,36.51,,0.0,-16.8,15.0,19.6,31.1,False,False,492859,0,Price below 20 EMA — avoid new longs
2026-05-10,EXPO,Downtrend,CASH,65.94,,0.0,-16.8,12.6,15.0,19.8,False,False,440650,0,Price below 20 EMA — avoid new longs
2026-05-10,LYB,Extension,HOLD,77.76,73.81,5.1,-16.9,16.4,31.2,23.2,True,False,6609587,1,Extension #1: +5.3% above 10 EMA
2026-05-10,TRU,Downtrend,CASH,68.24,,0.0,-16.9,15.0,16.3,26.1,False,False,2149076,0,Price below 20 EMA — avoid new longs
2026-05-10,HHH,Downtrend,CASH,63.33,,0.0,-17.0,15.7,21.8,24.4,False,False,403800,0,Price below 20 EMA — avoid new longs
2026-05-10,MMM,Downtrend,CASH,142.82,,0.0,-17.0,17.1,15.0,23.6,False,False,3571596,0,Price below 20 EMA — avoid new longs
2026-05-10,EA,Downtrend,CASH,201.57,,0.0,-17.1,13.7,17.6,19.6,False,False,1486841,0,Price below 20 EMA — avoid new longs
2026-05-10,LOAR,Downtrend,CASH,57.72,,0.0,-17.1,22.3,19.3,28.6,False,False,845540,0,Price below 20 EMA — avoid new longs
2026-05-10,CTAS,Downtrend,CASH,169.25,,0.0,-17.2,14.1,16.0,27.1,False,False,1872478,0,Price below 20 EMA — avoid new longs
2026-05-10,TEL,Downtrend,CASH,206.94,,0.0,-17.2,23.1,20.1,32.0,False,False,2555599,0,Price below 20 EMA — avoid new longs
2026-05-10,BSBR,Downtrend,CASH,5.85,,0.0,-17.3,12.6,23.9,30.2,False,False,820489,0,Price below 20 EMA — avoid new longs
2026-05-10,IFF,Downtrend,CASH,70.77,,0.0,-17.3,13.0,22.1,26.8,False,False,1375821,0,Price below 20 EMA — avoid new longs
2026-05-10,SW,Downtrend,CASH,39.51,,0.0,-17.3,24.3,15.2,32.2,False,False,5004243,0,Price below 20 EMA — avoid new longs
2026-05-10,UNF,Downtrend,CASH,252.3,,0.0,-17.3,16.2,13.8,26.6,False,False,200439,0,Price below 20 EMA — avoid new longs
2026-05-10,VNT,Downtrend,CASH,34.91,,0.0,-17.3,23.1,13.2,26.3,False,False,936861,0,Price below 20 EMA — avoid new longs
2026-05-10,TPR,Downtrend,CASH,141.39,,0.0,-17.4,12.6,19.1,25.7,False,False,1555653,0,Price below 20 EMA — avoid new longs
2026-05-10,BBW,Downtrend,CASH,36.64,,0.0,-17.5,25.8,13.8,27.9,False,False,332240,0,Price below 20 EMA — avoid new longs
2026-05-10,EHAB,Downtrend,CASH,13.74,,0.0,-17.5,29.0,28.4,20.9,True,False,728847,0,Price below 20 EMA — avoid new longs
2026-05-10,ELS,Downtrend,CASH,62.5,,0.0,-17.5,18.1,16.3,21.0,False,False,1251944,0,Price below 20 EMA — avoid new longs
2026-05-10,EVMN,Downtrend,CASH,24.16,,0.0,-17.5,15.2,14.8,21.7,False,True,293492,0,Price below 20 EMA — avoid new longs
2026-05-10,HYMC,Downtrend,CASH,35.37,,0.0,-17.5,14.1,20.2,27.3,False,False,1932607,0,Price below 20 EMA — avoid new longs
2026-05-10,JMIA,Downtrend,CASH,6.72,,0.0,-17.6,17.3,19.5,26.6,False,False,2342839,0,Price below 20 EMA — avoid new longs
2026-05-10,PEN,Downtrend,CASH,323.86,,0.0,-17.6,23.0,15.8,31.7,False,False,480579,0,Price below 20 EMA — avoid new longs
2026-05-10,THC,Downtrend,CASH,186.91,,0.0,-17.6,36.3,14.2,30.6,False,False,1409555,0,Price below 20 EMA — avoid new longs
2026-05-10,AIR,Downtrend,CASH,111.9,,0.0,-17.7,17.6,20.2,25.0,False,False,358432,0,Price below 20 EMA — avoid new longs
2026-05-10,ULTA,Downtrend,CASH,532.53,,0.0,-17.7,25.1,17.2,29.4,False,False,644353,0,Price below 20 EMA — avoid new longs
2026-05-10,SUI,Downtrend,CASH,125.27,,0.0,-17.8,25.8,8.2,26.3,False,False,703101,0,Price below 20 EMA — avoid new longs
2026-05-10,TCMD,Downtrend,CASH,24.05,,0.0,-17.9,17.1,22.4,21.5,True,True,307735,0,Price below 20 EMA — avoid new longs
2026-05-10,VIPS,Downtrend,CASH,14.12,,0.0,-17.9,10.8,21.4,24.8,False,False,1590207,0,Price below 20 EMA — avoid new longs
2026-05-10,FND,Downtrend,CASH,48.3,,0.0,-18.0,15.2,19.9,22.0,False,True,2720213,0,Price below 20 EMA — avoid new longs
2026-05-10,NKE,Downtrend,CASH,43.06,,0.0,-18.0,36.8,13.9,34.3,False,False,22184118,0,Price below 20 EMA — avoid new longs
2026-05-10,NUVL,Downtrend,CASH,101.47,,0.0,-18.0,13.0,18.8,19.4,False,False,538205,0,Price below 20 EMA — avoid new longs
2026-05-10,GGN,Downtrend,CASH,5.26,,0.0,-18.1,18.8,18.3,30.6,False,False,387651,0,Price below 20 EMA — avoid new longs
2026-05-10,VRTX,Downtrend,CASH,424.36,,0.0,-18.1,25.7,11.4,30.7,False,True,1085915,0,Price below 20 EMA — avoid new longs
2026-05-10,XRAY,Downtrend,CASH,11.37,,0.0,-18.1,12.4,14.7,26.6,False,True,3575983,0,Price below 20 EMA — avoid new longs
2026-05-10,NMR,Downtrend,CASH,7.89,,0.0,-18.2,17.7,27.2,38.0,False,False,1722450,0,Price below 20 EMA — avoid new longs
2026-05-10,IDXX,Downtrend,CASH,562.97,,0.0,-18.3,23.2,20.0,22.6,False,False,516455,0,Price below 20 EMA — avoid new longs
2026-05-10,NUS,Downtrend,CASH,7.33,,0.0,-18.3,19.9,15.7,23.9,False,False,376273,0,Price below 20 EMA — avoid new longs
2026-05-10,TAL,Downtrend,CASH,11.0,,0.0,-18.3,14.6,22.0,26.8,False,False,3941182,0,Price below 20 EMA — avoid new longs
2026-05-10,HOMB,Downtrend,CASH,26.7,,0.0,-18.4,19.8,15.1,23.7,False,False,1589472,0,Price below 20 EMA — avoid new longs
2026-05-10,RWT,Downtrend,CASH,5.57,,0.0,-18.4,12.0,18.0,21.4,False,False,1257193,0,Price below 20 EMA — avoid new longs
2026-05-10,ORI,Downtrend,CASH,39.25,,0.0,-18.5,19.3,15.6,26.3,False,False,1421363,0,Price below 20 EMA — avoid new longs
2026-05-10,RACE,Downtrend,CASH,325.44,,0.0,-18.5,12.7,25.5,39.4,False,True,555319,0,Price below 20 EMA — avoid new longs
2026-05-10,SR,Downtrend,CASH,89.81,,0.0,-18.5,10.6,15.9,18.2,False,False,300845,0,Price below 20 EMA — avoid new longs
2026-05-10,SUPN,Downtrend,CASH,49.19,,0.0,-18.5,11.2,21.5,22.4,False,True,587151,0,Price below 20 EMA — avoid new longs
2026-05-10,TGLS,Downtrend,CASH,42.53,,0.0,-18.5,19.0,14.7,25.5,False,False,303195,0,Price below 20 EMA — avoid new longs
2026-05-10,THO,Downtrend,CASH,75.24,,0.0,-18.5,14.5,21.7,26.1,False,False,637636,0,Price below 20 EMA — avoid new longs
2026-05-10,PHG,Downtrend,CASH,26.45,,0.0,-18.6,23.5,21.5,42.3,False,False,1003799,0,Price below 20 EMA — avoid new longs
2026-05-10,WSBC,Downtrend,CASH,34.13,,0.0,-18.6,18.7,18.4,26.4,False,False,668804,0,Price below 20 EMA — avoid new longs
2026-05-10,CBAN,Downtrend,CASH,19.68,,0.0,-18.7,24.5,17.6,25.4,False,False,333923,0,Price below 20 EMA — avoid new longs
2026-05-10,FAST,Downtrend,CASH,44.33,,0.0,-18.7,13.8,20.9,27.0,False,False,6879782,0,Price below 20 EMA — avoid new longs
2026-05-10,FOUR,Reversal Extension,WATCH,40.97,,0.0,-18.8,12.3,20.0,29.6,False,True,1548002,0,Price 8.5% below 10 EMA — capitulation zone
2026-05-10,CAAP,Downtrend,CASH,24.78,,0.0,-18.9,19.3,13.2,21.1,False,False,260972,0,Price below 20 EMA — avoid new longs
2026-05-10,DECK,Downtrend,CASH,98.54,,0.0,-18.9,22.6,16.9,30.9,False,False,1564264,0,Price below 20 EMA — avoid new longs
2026-05-10,HLNE,Downtrend,CASH,92.41,,0.0,-18.9,18.7,21.5,25.0,False,False,901361,0,Price below 20 EMA — avoid new longs
2026-05-10,ISPC,Extension,HOLD,5.93,5.31,10.4,-18.9,19.3,37.6,20.1,True,False,1754596,1,Extension #1: +11.6% above 10 EMA
2026-05-10,NEOG,Downtrend,CASH,9.27,,0.0,-18.9,12.6,18.8,20.4,False,False,2694111,0,Price below 20 EMA — avoid new longs
2026-05-10,ATR,Downtrend,CASH,122.03,,0.0,-19.0,26.9,16.6,32.3,False,False,423925,0,Price below 20 EMA — avoid new longs
2026-05-10,OTIS,Downtrend,CASH,75.62,,0.0,-19.0,23.2,13.7,24.5,False,False,3353239,0,Price below 20 EMA — avoid new longs
2026-05-10,SCCO,Downtrend,CASH,171.03,,0.0,-19.0,18.8,19.1,30.0,False,False,1326820,0,Price below 20 EMA — avoid new longs
2026-05-10,SONY,Downtrend,CASH,20.12,,0.0,-19.0,19.8,21.4,31.6,False,True,4834896,0,Price below 20 EMA — avoid new longs
2026-05-10,STE,Downtrend,CASH,212.97,,0.0,-19.0,29.8,10.3,27.0,False,False,586197,0,Price below 20 EMA — avoid new longs
2026-05-10,TXRH,Downtrend,CASH,158.03,,0.0,-19.0,25.4,16.1,32.6,False,False,988858,0,Price below 20 EMA — avoid new longs
2026-05-10,HDB,Downtrend,CASH,24.83,,0.0,-19.1,22.1,24.7,39.7,False,False,7402442,0,Price below 20 EMA — avoid new longs
2026-05-10,BFAM,Downtrend,CASH,81.57,,0.0,-19.2,13.9,17.5,24.0,False,True,624433,0,Price below 20 EMA — avoid new longs
2026-05-10,XPOF,Downtrend,CASH,6.52,,0.0,-19.2,15.0,19.9,21.9,False,False,375217,0,Price below 20 EMA — avoid new longs
2026-05-10,ECL,Downtrend,CASH,257.65,,0.0,-19.3,29.0,9.8,26.5,False,False,1276948,0,Price below 20 EMA — avoid new longs
2026-05-10,HD,Downtrend,CASH,315.42,,0.0,-19.3,24.3,14.4,32.7,False,False,3550388,0,Price below 20 EMA — avoid new longs
2026-05-10,OLMA,Downtrend,CASH,14.64,,0.0,-19.3,15.2,20.9,23.1,False,False,796769,0,Price below 20 EMA — avoid new longs
2026-05-10,SRRK,Downtrend,CASH,47.13,,0.0,-19.3,13.3,20.1,16.6,False,False,1278067,0,Price below 20 EMA — avoid new longs
2026-05-10,STZ,Downtrend,CASH,149.8,,0.0,-19.3,14.7,16.2,22.9,False,False,2066369,0,Price below 20 EMA — avoid new longs
2026-05-10,WWD,Downtrend,CASH,365.58,,0.0,-19.3,22.3,14.1,26.0,False,False,818634,0,Price below 20 EMA — avoid new longs
2026-05-10,AON,Downtrend,CASH,314.55,,0.0,-19.4,15.3,17.0,26.8,False,False,1320496,0,Price below 20 EMA — avoid new longs
2026-05-10,CMG,Downtrend,CASH,32.31,,0.0,-19.4,13.0,26.2,29.6,False,False,15972428,0,Price below 20 EMA — avoid new longs
2026-05-10,IMUX,Extension,HOLD,11.28,10.31,8.6,-19.4,16.7,23.5,21.1,True,False,328613,1,Extension #1: +9.4% above 10 EMA
2026-05-10,PTGX,Downtrend,CASH,99.21,,0.0,-19.4,11.8,15.3,18.4,False,False,650883,0,Price below 20 EMA — avoid new longs
2026-05-10,IR,Downtrend,CASH,75.82,,0.0,-19.5,20.4,15.0,31.1,False,False,3589879,0,Price below 20 EMA — avoid new longs
2026-05-10,LI,Downtrend,CASH,17.78,,0.0,-19.5,12.8,27.4,34.6,False,False,2653739,0,Price below 20 EMA — avoid new longs
2026-05-10,MKC,Downtrend,CASH,48.49,,0.0,-19.5,33.8,10.4,31.6,False,False,3876793,0,Price below 20 EMA — avoid new longs
2026-05-10,AMGN,Downtrend,CASH,329.59,,0.0,-19.6,16.3,20.1,32.7,False,False,2595669,0,Price below 20 EMA — avoid new longs
2026-05-10,LOW,Downtrend,CASH,225.23,,0.0,-19.6,22.0,13.4,32.7,False,False,2349028,0,Price below 20 EMA — avoid new longs
2026-05-10,LTM,Downtrend,CASH,46.26,,0.0,-19.6,20.0,20.4,39.4,False,False,949868,0,Price below 20 EMA — avoid new longs
2026-05-10,MRSH,Downtrend,CASH,167.27,,0.0,-19.6,15.4,15.0,27.4,False,False,2758005,0,Price below 20 EMA — avoid new longs
2026-05-10,FLNC,Downtrend,CASH,12.69,,0.0,-19.7,17.6,18.0,26.1,False,False,4349431,0,Price below 20 EMA — avoid new longs
2026-05-10,LVS,Downtrend,CASH,52.26,,0.0,-19.7,18.4,19.8,33.6,False,False,4133075,0,Price below 20 EMA — avoid new longs
2026-05-10,VVV,Downtrend,CASH,32.43,,0.0,-19.7,11.6,22.4,24.6,False,False,1913508,0,Price below 20 EMA — avoid new longs
2026-05-10,AEO,Downtrend,CASH,16.66,,0.0,-19.9,18.4,17.9,29.3,False,False,4665810,0,Price below 20 EMA — avoid new longs
2026-05-10,DGX,Downtrend,CASH,190.84,,0.0,-19.9,12.7,16.8,23.2,False,False,982910,0,Price below 20 EMA — avoid new longs
2026-05-10,INTR,Downtrend,CASH,7.59,,0.0,-19.9,12.7,17.3,30.2,False,False,3161608,0,Price below 20 EMA — avoid new longs
2026-05-10,IT,Downtrend,CASH,149.49,,0.0,-19.9,16.5,15.2,24.2,False,True,1385852,0,Price below 20 EMA — avoid new longs
2026-05-10,PDD,Downtrend,CASH,96.75,,0.0,-19.9,9.1,27.6,23.8,False,False,6358679,0,Price below 20 EMA — avoid new longs
2026-05-10,SNN,Downtrend,CASH,31.31,,0.0,-19.9,22.4,25.1,33.3,False,True,1136560,0,Price below 20 EMA — avoid new longs
2026-05-10,MRNA,Downtrend,CASH,46.71,,0.0,-20.0,23.1,13.7,27.6,False,False,5502156,0,Price below 20 EMA — avoid new longs
2026-05-10,SNCY,Downtrend,CASH,15.88,,0.0,-20.0,17.6,18.8,32.0,False,False,636302,0,Price below 20 EMA — avoid new longs
2026-05-10,RCL,Downtrend,CASH,263.98,,0.0,-20.1,14.6,26.1,26.5,False,False,2552090,0,Price below 20 EMA — avoid new longs
2026-05-10,TJX,Downtrend,CASH,154.96,,0.0,-20.1,17.0,12.5,21.9,False,False,3960619,0,Price below 20 EMA — avoid new longs
2026-05-10,AVY,Downtrend,CASH,161.97,,0.0,-20.2,18.8,19.3,30.4,False,False,588586,0,Price below 20 EMA — avoid new longs
2026-05-10,BALL,Downtrend,CASH,57.11,,0.0,-20.2,18.8,13.9,29.7,False,True,2453541,0,Price below 20 EMA — avoid new longs
2026-05-10,CCK,Downtrend,CASH,98.66,,0.0,-20.2,21.2,11.9,24.1,False,False,1164067,0,Price below 20 EMA — avoid new longs
2026-05-10,CMCSA,Downtrend,CASH,26.46,,0.0,-20.2,16.6,22.4,32.6,False,False,29908026,0,Price below 20 EMA — avoid new longs
2026-05-10,LILA,Downtrend,CASH,8.11,,0.0,-20.2,16.1,12.4,24.3,False,True,203223,0,Price below 20 EMA — avoid new longs
2026-05-10,LILAK,Downtrend,CASH,8.28,,0.0,-20.2,12.7,13.0,21.5,False,False,574078,0,Price below 20 EMA — avoid new longs
2026-05-10,TMO,Downtrend,CASH,466.76,,0.0,-20.2,25.5,17.8,26.9,False,False,1948988,0,Price below 20 EMA — avoid new longs
2026-05-10,ZTS,Downtrend,CASH,112.54,,0.0,-20.2,20.4,13.3,27.8,False,False,3222051,0,Price below 20 EMA — avoid new longs
2026-05-10,BWXT,Downtrend,CASH,206.15,,0.0,-20.4,18.2,14.9,30.1,False,True,1028961,0,Price below 20 EMA — avoid new longs
2026-05-10,SCZM,Downtrend,CASH,7.78,,0.0,-20.4,10.9,24.2,25.1,False,False,427430,0,Price below 20 EMA — avoid new longs
2026-05-10,COR,Downtrend,CASH,305.9,,0.0,-20.5,44.1,8.8,27.5,False,False,1317561,0,Price below 20 EMA — avoid new longs
2026-05-10,PAGS,Downtrend,CASH,9.9,,0.0,-20.5,14.5,19.7,26.8,False,False,3285144,0,Price below 20 EMA — avoid new longs
2026-05-10,PTC,Downtrend,CASH,137.55,,0.0,-20.5,24.6,18.9,24.4,False,False,1138037,0,Price below 20 EMA — avoid new longs
2026-05-10,DYN,Downtrend,CASH,17.47,,0.0,-20.6,15.9,20.9,20.0,True,False,1634130,0,Price below 20 EMA — avoid new longs
2026-05-10,EDU,Downtrend,CASH,53.77,,0.0,-20.6,17.4,24.5,34.8,False,False,865182,0,Price below 20 EMA — avoid new longs
2026-05-10,GILD,Downtrend,CASH,133.48,,0.0,-20.6,20.5,19.3,25.3,False,False,5206634,0,Price below 20 EMA — avoid new longs
2026-05-10,NVS,Downtrend,CASH,145.5,,0.0,-20.6,19.0,24.4,31.1,False,False,1412865,0,Price below 20 EMA — avoid new longs
2026-05-10,SARO,Downtrend,CASH,25.1,,0.0,-20.6,35.1,16.5,29.0,False,False,3630442,0,Price below 20 EMA — avoid new longs
2026-05-10,BKNG,Downtrend,CASH,167.63,,0.0,-20.7,17.8,16.1,29.5,False,False,6957773,0,Price below 20 EMA — avoid new longs
2026-05-10,ICUI,Downtrend,CASH,117.01,,0.0,-20.7,22.8,13.6,24.9,False,False,235142,0,Price below 20 EMA — avoid new longs
2026-05-10,TASK,Downtrend,CASH,6.39,,0.0,-20.7,15.7,19.5,23.1,False,True,510395,0,Price below 20 EMA — avoid new longs
2026-05-10,PFE,Downtrend,CASH,26.45,,0.0,-20.8,14.0,20.1,23.3,False,False,34172748,0,Price below 20 EMA — avoid new longs
2026-05-10,CALX,Downtrend,CASH,45.82,,0.0,-20.9,20.0,24.3,28.5,False,False,1113170,0,Price below 20 EMA — avoid new longs
2026-05-10,TAP,Downtrend,CASH,42.19,,0.0,-20.9,26.1,18.8,27.6,False,False,2996032,0,Price below 20 EMA — avoid new longs
2026-05-10,TKO,Downtrend,CASH,186.94,,0.0,-20.9,22.9,16.5,26.2,False,False,1219979,0,Price below 20 EMA — avoid new longs
2026-05-10,VOYG,Downtrend,CASH,26.4,,0.0,-20.9,20.7,26.9,18.9,True,True,1421479,0,Price below 20 EMA — avoid new longs
2026-05-10,MTN,Downtrend,CASH,122.9,,0.0,-21.0,10.4,16.3,17.9,False,False,785650,0,Price below 20 EMA — avoid new longs
2026-05-10,SNOW,Downtrend,CASH,141.71,,0.0,-21.0,20.9,21.7,29.9,False,False,8077900,0,Price below 20 EMA — avoid new longs
2026-05-10,EIX,Downtrend,CASH,68.87,,0.0,-21.1,24.2,16.3,25.4,False,False,2453092,0,Price below 20 EMA — avoid new longs
2026-05-10,FCX,Downtrend,CASH,57.68,,0.0,-21.1,26.4,18.4,34.3,False,False,15463920,0,Price below 20 EMA — avoid new longs
2026-05-10,SKE,Downtrend,CASH,29.31,,0.0,-21.2,17.9,19.8,29.3,False,False,581190,0,Price below 20 EMA — avoid new longs
2026-05-10,AMCR,Downtrend,CASH,37.64,,0.0,-21.3,25.1,15.7,34.3,False,False,3967901,0,Price below 20 EMA — avoid new longs
2026-05-10,LLYVK,Downtrend,CASH,93.34,,0.0,-21.3,16.0,18.2,24.5,False,False,268056,0,Price below 20 EMA — avoid new longs
2026-05-10,MBX,Downtrend,CASH,29.6,,0.0,-21.3,16.2,14.9,20.1,False,False,428478,0,Price below 20 EMA — avoid new longs
2026-05-10,AAUC,Downtrend,CASH,29.46,,0.0,-21.4,35.7,6.6,46.8,False,False,697145,0,Price below 20 EMA — avoid new longs
2026-05-10,BSY,Downtrend,CASH,33.15,,0.0,-21.4,25.1,20.2,29.0,False,False,1969196,0,Price below 20 EMA — avoid new longs
2026-05-10,JKHY,Downtrend,CASH,149.34,,0.0,-21.4,25.0,16.4,29.1,False,False,813433,0,Price below 20 EMA — avoid new longs
2026-05-10,LAUR,Downtrend,CASH,32.3,,0.0,-21.4,22.4,20.2,34.5,False,False,1306281,0,Price below 20 EMA — avoid new longs
2026-05-10,LENZ,Downtrend,CASH,9.07,,0.0,-21.4,15.9,17.8,20.6,False,False,702558,0,Price below 20 EMA — avoid new longs
2026-05-10,EXC,Downtrend,CASH,46.18,,0.0,-21.5,27.7,10.1,25.6,False,False,7795510,0,Price below 20 EMA — avoid new longs
2026-05-10,B,Downtrend,CASH,38.72,,0.0,-21.6,27.3,17.2,32.8,False,False,10194057,0,Price below 20 EMA — avoid new longs
2026-05-10,HTHT,Downtrend,CASH,48.87,,0.0,-21.6,18.1,17.7,33.2,False,False,1915867,0,Price below 20 EMA — avoid new longs
2026-05-10,DXCM,Downtrend,CASH,59.48,,0.0,-21.7,31.3,14.2,26.9,False,False,4190712,0,Price below 20 EMA — avoid new longs
2026-05-10,STRA,Downtrend,CASH,78.94,,0.0,-21.7,18.6,19.2,27.6,False,False,308078,0,Price below 20 EMA — avoid new longs
2026-05-10,DG,Downtrend,CASH,117.01,,0.0,-21.8,31.7,14.2,27.7,False,False,2613335,0,Price below 20 EMA — avoid new longs
2026-05-10,ELF,Downtrend,CASH,59.42,,0.0,-21.8,20.8,16.6,26.1,False,False,2158774,0,Price below 20 EMA — avoid new longs
2026-05-10,SBSW,Downtrend,CASH,11.72,,0.0,-21.8,21.0,22.0,32.0,False,False,4485693,0,Price below 20 EMA — avoid new longs
2026-05-10,STNE,Downtrend,CASH,11.08,,0.0,-21.8,16.5,17.1,26.8,False,False,5640880,0,Price below 20 EMA — avoid new longs
2026-05-10,BAP,Downtrend,CASH,318.4,,0.0,-21.9,12.7,17.8,21.5,False,False,419591,0,Price below 20 EMA — avoid new longs
2026-05-10,GAP,Downtrend,CASH,23.64,,0.0,-21.9,12.4,18.3,25.2,False,False,5705628,0,Price below 20 EMA — avoid new longs
2026-05-10,AJG,Downtrend,CASH,205.8,,0.0,-22.0,22.0,14.9,31.4,False,False,1654693,0,Price below 20 EMA — avoid new longs
2026-05-10,PPTA,Downtrend,CASH,27.35,,0.0,-22.0,17.0,20.7,28.4,False,False,1160783,0,Price below 20 EMA — avoid new longs
2026-05-10,UPB,Downtrend,CASH,9.12,,0.0,-22.0,12.9,18.9,25.5,False,False,524025,0,Price below 20 EMA — avoid new longs
2026-05-10,BIPC,Downtrend,CASH,38.0,,0.0,-22.1,29.1,15.5,40.6,False,False,1141840,0,Price below 20 EMA — avoid new longs
2026-05-10,INGR,Downtrend,CASH,107.13,,0.0,-22.1,19.1,10.2,42.9,False,True,587348,0,Price below 20 EMA — avoid new longs
2026-05-10,LH,Downtrend,CASH,257.14,,0.0,-22.1,18.2,15.4,28.2,False,False,628841,0,Price below 20 EMA — avoid new longs
2026-05-10,SVRA,Downtrend,CASH,5.25,,0.0,-22.1,16.0,21.1,24.1,False,False,1237995,0,Price below 20 EMA — avoid new longs
2026-05-10,WEX,Downtrend,CASH,147.23,,0.0,-22.1,20.9,17.2,31.6,False,False,603181,0,Price below 20 EMA — avoid new longs
2026-05-10,HLN,Downtrend,CASH,9.17,,0.0,-22.2,25.8,17.7,45.8,False,False,6507832,0,Price below 20 EMA — avoid new longs
2026-05-10,JNJ,Downtrend,CASH,225.55,,0.0,-22.2,19.8,21.8,30.1,False,False,7487456,0,Price below 20 EMA — avoid new longs
2026-05-10,MAMA,Downtrend,CASH,14.44,,0.0,-22.2,16.0,20.3,17.7,True,False,383347,0,Price below 20 EMA — avoid new longs
2026-05-10,MRK,Downtrend,CASH,113.15,,0.0,-22.2,21.8,19.9,27.2,False,False,8935044,0,Price below 20 EMA — avoid new longs
2026-05-10,ALGT,Downtrend,CASH,75.75,,0.0,-22.3,17.3,19.9,32.7,False,False,491569,0,Price below 20 EMA — avoid new longs
2026-05-10,MCK,Downtrend,CASH,801.01,,0.0,-22.3,31.8,11.4,33.1,False,False,725363,0,Price below 20 EMA — avoid new longs
2026-05-10,EFX,Downtrend,CASH,170.02,,0.0,-22.4,17.6,18.7,27.2,False,False,1727430,0,Price below 20 EMA — avoid new longs
2026-05-10,GGG,Downtrend,CASH,78.68,,0.0,-22.4,27.8,12.1,32.6,False,False,1245363,0,Price below 20 EMA — avoid new longs
2026-05-10,WPM,Downtrend,CASH,125.24,,0.0,-22.4,21.9,17.6,34.2,False,False,2075044,0,Price below 20 EMA — avoid new longs
2026-05-10,ICE,Downtrend,CASH,155.28,,0.0,-22.5,18.6,17.7,22.8,False,True,2895414,0,Price below 20 EMA — avoid new longs
2026-05-10,ATEC,Downtrend,CASH,10.23,,0.0,-22.6,29.0,20.5,25.8,False,True,2846214,0,Price below 20 EMA — avoid new longs
2026-05-10,BILI,Downtrend,CASH,21.55,,0.0,-22.6,22.2,22.7,38.6,False,False,2045461,0,Price below 20 EMA — avoid new longs
2026-05-10,CASH,Downtrend,CASH,85.84,,0.0,-22.6,28.6,17.0,33.6,False,False,205477,0,Price below 20 EMA — avoid new longs
2026-05-10,GIS,Downtrend,CASH,34.55,,0.0,-22.6,39.6,12.7,26.6,False,False,7618914,0,Price below 20 EMA — avoid new longs
2026-05-10,DCH,Downtrend,CASH,5.38,,0.0,-22.7,15.1,19.0,30.3,False,False,3432627,0,Price below 20 EMA — avoid new longs
2026-05-10,EQX,Downtrend,CASH,13.6,,0.0,-22.7,14.8,21.2,26.3,False,False,7737154,0,Price below 20 EMA — avoid new longs
2026-05-10,SON,Downtrend,CASH,50.48,,0.0,-22.7,25.4,19.5,30.1,False,False,1470006,0,Price below 20 EMA — avoid new longs
2026-05-10,IFS,Downtrend,CASH,44.61,,0.0,-22.8,22.1,17.7,28.2,False,False,338032,0,Price below 20 EMA — avoid new longs
2026-05-10,OGC,Downtrend,CASH,29.57,,0.0,-22.8,16.3,19.6,31.7,False,False,229457,0,Price below 20 EMA — avoid new longs
2026-05-10,PCVX,Downtrend,CASH,55.64,,0.0,-22.8,16.0,13.6,25.3,False,True,1104880,0,Price below 20 EMA — avoid new longs
2026-05-10,SIG,Downtrend,CASH,81.99,,0.0,-22.8,14.0,17.3,28.2,False,False,702451,0,Price below 20 EMA — avoid new longs
2026-05-10,VSEC,Downtrend,CASH,177.43,,0.0,-22.8,26.8,19.6,32.2,False,False,487211,0,Price below 20 EMA — avoid new longs
2026-05-10,WASH,Downtrend,CASH,31.76,,0.0,-22.8,22.1,21.0,27.3,False,False,235304,0,Price below 20 EMA — avoid new longs
2026-05-10,CME,Downtrend,CASH,286.82,,0.0,-22.9,33.2,12.3,23.8,False,False,2343582,0,Price below 20 EMA — avoid new longs
2026-05-10,DXC,Downtrend,CASH,11.86,,0.0,-22.9,15.8,18.2,24.8,False,False,3152584,0,Price below 20 EMA — avoid new longs
2026-05-10,TM,Downtrend,CASH,189.99,,0.0,-22.9,31.9,17.3,44.7,False,False,395029,0,Price below 20 EMA — avoid new longs
2026-05-10,BBOT,Downtrend,CASH,8.27,,0.0,-23.0,13.7,12.7,19.4,False,False,498430,0,Price below 20 EMA — avoid new longs
2026-05-10,BDX,Downtrend,CASH,144.17,,0.0,-23.0,24.5,14.3,32.8,False,False,2746300,0,Price below 20 EMA — avoid new longs
2026-05-10,CELH,Downtrend,CASH,33.52,,0.0,-23.0,17.3,21.9,27.5,False,False,6561838,0,Price below 20 EMA — avoid new longs
2026-05-10,IBM,Downtrend,CASH,229.03,,0.0,-23.0,22.1,17.4,30.8,False,False,6146972,0,Price below 20 EMA — avoid new longs
2026-05-10,RYAAY,Downtrend,CASH,54.43,,0.0,-23.0,21.1,21.4,41.1,False,False,1487397,0,Price below 20 EMA — avoid new longs
2026-05-10,CAH,Downtrend,CASH,197.0,,0.0,-23.2,25.5,13.1,34.5,False,False,1685320,0,Price below 20 EMA — avoid new longs
2026-05-10,ITRI,Downtrend,CASH,84.42,,0.0,-23.2,26.0,11.9,34.5,False,False,921183,0,Price below 20 EMA — avoid new longs
2026-05-10,TARS,Downtrend,CASH,65.04,,0.0,-23.2,25.3,15.1,20.6,False,False,492439,0,Price below 20 EMA — avoid new longs
2026-05-10,BURL,Downtrend,CASH,312.71,,0.0,-23.3,16.7,15.4,28.3,False,False,557725,0,Price below 20 EMA — avoid new longs
2026-05-10,GCT,Downtrend,CASH,42.14,,0.0,-23.3,12.2,25.2,25.1,False,False,720249,0,Price below 20 EMA — avoid new longs
2026-05-10,CHWY,Downtrend,CASH,24.54,,0.0,-23.4,11.8,15.3,21.6,False,False,7094199,0,Price below 20 EMA — avoid new longs
2026-05-10,EH,Downtrend,CASH,10.12,,0.0,-23.4,18.0,23.6,32.5,False,False,495400,0,Price below 20 EMA — avoid new longs
2026-05-10,PCG,Downtrend,CASH,16.33,,0.0,-23.4,27.3,15.2,29.1,False,False,22036281,0,Price below 20 EMA — avoid new longs
2026-05-10,RMD,Downtrend,CASH,207.88,,0.0,-23.4,34.6,11.3,32.1,False,False,1106233,0,Price below 20 EMA — avoid new longs
2026-05-10,T,Downtrend,CASH,25.9,,0.0,-23.4,26.1,17.0,26.9,False,False,35000357,0,Price below 20 EMA — avoid new longs
2026-05-10,TAC,Downtrend,CASH,12.6,,0.0,-23.4,18.2,16.3,23.5,False,False,1065955,0,Price below 20 EMA — avoid new longs
2026-05-10,BW,Downtrend,CASH,15.46,,0.0,-23.5,21.2,18.6,23.4,False,False,2903487,0,Price below 20 EMA — avoid new longs
2026-05-10,LAND,Downtrend,CASH,9.63,,0.0,-23.5,29.2,13.0,26.2,False,False,507191,0,Price below 20 EMA — avoid new longs
2026-05-10,MNSO,Downtrend,CASH,14.63,,0.0,-23.5,32.3,16.0,38.3,False,False,407630,0,Price below 20 EMA — avoid new longs
2026-05-10,NBBK,Downtrend,CASH,20.15,,0.0,-23.5,28.3,17.1,33.5,False,False,373336,0,Price below 20 EMA — avoid new longs
2026-05-10,RSG,Downtrend,CASH,203.88,,0.0,-23.5,20.0,17.3,30.7,False,False,1606260,0,Price below 20 EMA — avoid new longs
2026-05-10,VKTX,Downtrend,CASH,31.31,,0.0,-23.5,15.3,15.7,26.0,False,False,2192950,0,Price below 20 EMA — avoid new longs
2026-05-10,BIO,Downtrend,CASH,257.12,,0.0,-23.6,18.5,17.1,35.8,False,False,298829,0,Price below 20 EMA — avoid new longs
2026-05-10,CCS,Downtrend,CASH,53.25,,0.0,-23.6,26.6,16.8,40.6,False,False,237725,0,Price below 20 EMA — avoid new longs
2026-05-10,AXON,Downtrend,CASH,380.6,,0.0,-23.7,30.1,18.0,33.6,False,False,1203073,0,Price below 20 EMA — avoid new longs
2026-05-10,CDE,Downtrend,CASH,17.13,,0.0,-23.7,18.0,19.2,32.6,False,False,16738536,0,Price below 20 EMA — avoid new longs
2026-05-10,MCD,Downtrend,CASH,285.17,,0.0,-23.8,25.7,14.6,35.8,False,False,3095111,0,Price below 20 EMA — avoid new longs
2026-05-10,REGN,Downtrend,CASH,702.27,,0.0,-23.8,27.9,11.9,31.9,False,False,674243,0,Price below 20 EMA — avoid new longs
2026-05-10,ASM,Downtrend,CASH,6.22,,0.0,-23.9,13.7,22.1,27.4,False,False,4292169,0,Price below 20 EMA — avoid new longs
2026-05-10,KGC,Downtrend,CASH,28.81,,0.0,-24.0,17.5,22.3,34.0,False,False,7345374,0,Price below 20 EMA — avoid new longs
2026-05-10,NIQ,Downtrend,CASH,10.54,,0.0,-24.0,12.3,19.4,25.6,False,False,1203105,0,Price below 20 EMA — avoid new longs
2026-05-10,CDRE,Downtrend,CASH,29.85,,0.0,-24.1,33.7,11.9,28.3,False,False,381939,0,Price below 20 EMA — avoid new longs
2026-05-10,PLMR,Reversal Extension,WATCH,111.73,,0.0,-24.1,23.2,14.7,33.5,False,True,234823,0,Price 8.4% below 10 EMA — capitulation zone
2026-05-10,WTRG,Downtrend,CASH,37.49,,0.0,-24.1,13.7,16.1,25.1,False,False,2408544,0,Price below 20 EMA — avoid new longs
2026-05-10,HON,Downtrend,CASH,209.06,,0.0,-24.2,30.3,11.9,28.8,False,False,3576116,0,Price below 20 EMA — avoid new longs
2026-05-10,KR,Downtrend,CASH,66.92,,0.0,-24.2,25.3,17.2,26.9,False,False,4295588,0,Price below 20 EMA — avoid new longs
2026-05-10,MAZE,Downtrend,CASH,26.56,,0.0,-24.2,31.9,20.5,23.2,False,False,873536,0,Price below 20 EMA — avoid new longs
2026-05-10,SA,Downtrend,CASH,28.04,,0.0,-24.2,15.8,21.6,29.1,False,False,722115,0,Price below 20 EMA — avoid new longs
2026-05-10,AWK,Downtrend,CASH,126.05,,0.0,-24.4,16.4,14.4,27.1,False,False,1889905,0,Price below 20 EMA — avoid new longs
2026-05-10,LCII,Downtrend,CASH,112.03,,0.0,-24.4,18.7,13.8,29.8,False,False,476358,0,Price below 20 EMA — avoid new longs
2026-05-10,AZ,Downtrend,CASH,7.13,,0.0,-24.5,22.2,19.1,19.8,False,False,367362,0,Price below 20 EMA — avoid new longs
2026-05-10,BSAC,Downtrend,CASH,30.36,,0.0,-24.5,18.3,19.5,39.8,False,False,474200,0,Price below 20 EMA — avoid new longs
2026-05-10,IP,Downtrend,CASH,31.86,,0.0,-24.6,28.7,17.3,38.0,False,False,7048635,0,Price below 20 EMA — avoid new longs
2026-05-10,UHS,Downtrend,CASH,165.4,,0.0,-24.6,36.3,11.2,34.4,False,False,702296,0,Price below 20 EMA — avoid new longs
2026-05-10,ZBH,Downtrend,CASH,83.01,,0.0,-24.6,26.2,16.1,35.5,False,False,2466659,0,Price below 20 EMA — avoid new longs
2026-05-10,ALNY,Downtrend,CASH,301.11,,0.0,-24.7,11.8,21.2,21.7,False,False,1129925,0,Price below 20 EMA — avoid new longs
2026-05-10,BAH,Downtrend,CASH,76.26,,0.0,-24.7,16.2,17.4,25.8,False,False,1258259,0,Price below 20 EMA — avoid new longs
2026-05-10,BMA,Downtrend,CASH,69.62,,0.0,-24.7,22.7,13.3,25.6,False,False,313140,0,Price below 20 EMA — avoid new longs
2026-05-10,QTTB,Reversal Extension,WATCH,5.14,,0.0,-24.7,19.3,17.2,23.6,False,False,313965,0,Price 8.5% below 10 EMA — capitulation zone
2026-05-10,SNY,Downtrend,CASH,43.36,,0.0,-24.7,15.0,21.9,41.9,False,False,2774232,0,Price below 20 EMA — avoid new longs
2026-05-10,AOS,Downtrend,CASH,58.88,,0.0,-24.8,29.3,10.9,34.4,False,False,1680060,0,Price below 20 EMA — avoid new longs
2026-05-10,BBAR,Downtrend,CASH,14.44,,0.0,-24.8,21.3,17.9,24.5,False,True,546684,0,Price below 20 EMA — avoid new longs
2026-05-10,ERO,Downtrend,CASH,25.82,,0.0,-24.8,18.0,19.4,28.4,False,True,1086214,0,Price below 20 EMA — avoid new longs
2026-05-10,GIB,Downtrend,CASH,66.96,,0.0,-24.8,19.2,24.4,39.8,False,False,466029,0,Price below 20 EMA — avoid new longs
2026-05-10,UPWK,Downtrend,CASH,10.31,,0.0,-24.8,16.4,17.8,24.9,False,False,3241209,0,Price below 20 EMA — avoid new longs
2026-05-10,DHR,Downtrend,CASH,174.63,,0.0,-24.9,20.6,21.3,29.5,False,False,4490399,0,Price below 20 EMA — avoid new longs
2026-05-10,INFY,Downtrend,CASH,12.46,,0.0,-24.9,24.1,15.8,30.5,False,False,16615322,0,Price below 20 EMA — avoid new longs
2026-05-10,XPEV,Downtrend,CASH,15.82,,0.0,-24.9,19.7,21.6,33.3,False,False,5808298,0,Price below 20 EMA — avoid new longs
2026-05-10,APTV,Downtrend,CASH,54.83,,0.0,-25.0,29.5,16.4,42.3,False,True,2920968,0,Price below 20 EMA — avoid new longs
2026-05-10,JBS,Downtrend,CASH,16.24,,0.0,-25.0,27.9,15.9,32.1,False,False,4062747,0,Price below 20 EMA — avoid new longs
2026-05-10,TAK,Downtrend,CASH,16.55,,0.0,-25.0,26.3,21.2,41.6,False,False,2648621,0,Price below 20 EMA — avoid new longs
2026-05-10,ACN,Downtrend,CASH,179.01,,0.0,-25.1,29.5,14.2,31.2,False,False,5048786,0,Price below 20 EMA — avoid new longs
2026-05-10,BVN,Downtrend,CASH,31.98,,0.0,-25.1,10.3,28.2,27.4,False,False,1434099,0,Price below 20 EMA — avoid new longs
2026-05-10,FLGT,Downtrend,CASH,14.9,,0.0,-25.1,23.5,13.3,33.2,False,True,461538,0,Price below 20 EMA — avoid new longs
2026-05-10,LIVN,Downtrend,CASH,57.59,,0.0,-25.1,19.0,15.3,34.8,False,True,734705,0,Price below 20 EMA — avoid new longs
2026-05-10,NYT,Downtrend,CASH,77.26,,0.0,-25.1,16.7,20.0,30.6,False,False,1992756,0,Price below 20 EMA — avoid new longs
2026-05-10,OR,Downtrend,CASH,36.09,,0.0,-25.1,17.6,18.6,33.0,False,False,822341,0,Price below 20 EMA — avoid new longs
2026-05-10,AMR,Downtrend,CASH,188.52,,0.0,-25.2,17.1,21.9,28.1,False,False,231570,0,Price below 20 EMA — avoid new longs
2026-05-10,AUGO,Downtrend,CASH,80.7,,0.0,-25.2,23.0,22.8,34.4,False,False,827188,0,Price below 20 EMA — avoid new longs
2026-05-10,G,Downtrend,CASH,34.08,,0.0,-25.2,23.7,18.2,28.1,False,False,2471694,0,Price below 20 EMA — avoid new longs
2026-05-10,TMDX,Downtrend,CASH,94.93,,0.0,-25.2,21.5,15.3,32.0,False,True,920027,0,Price below 20 EMA — avoid new longs
2026-05-10,EYE,Downtrend,CASH,22.44,,0.0,-25.3,19.7,14.9,27.5,False,False,1229563,0,Price below 20 EMA — avoid new longs
2026-05-10,CIB,Downtrend,CASH,65.82,,0.0,-25.4,20.2,13.2,33.0,False,False,300308,0,Price below 20 EMA — avoid new longs
2026-05-10,FLY,Reversal Extension,WATCH,31.52,,0.0,-25.4,25.6,28.0,18.9,True,False,6395216,0,Price 9.5% below 10 EMA — capitulation zone
2026-05-10,TATT,Downtrend,CASH,35.86,,0.0,-25.4,33.1,16.7,34.2,False,False,207085,0,Price below 20 EMA — avoid new longs
2026-05-10,GLIBK,Downtrend,CASH,33.1,,0.0,-25.5,25.7,8.0,26.4,False,False,351129,0,Price below 20 EMA — avoid new longs
2026-05-10,IMCR,Downtrend,CASH,28.84,,0.0,-25.5,10.9,15.4,18.1,False,False,392365,0,Price below 20 EMA — avoid new longs
2026-05-10,PAAS,Downtrend,CASH,50.52,,0.0,-25.5,16.0,20.8,34.2,False,False,4220778,0,Price below 20 EMA — avoid new longs
2026-05-10,MDT,Downtrend,CASH,77.79,,0.0,-25.7,47.0,5.8,34.4,False,False,8445561,0,Price below 20 EMA — avoid new longs
2026-05-10,TLK,Downtrend,CASH,16.76,,0.0,-25.8,31.4,15.6,36.4,False,False,892121,0,Price below 20 EMA — avoid new longs
2026-05-10,AMTM,Downtrend,CASH,24.32,,0.0,-25.9,22.9,11.7,30.7,False,True,1595740,0,Price below 20 EMA — avoid new longs
2026-05-10,FE,Downtrend,CASH,45.88,,0.0,-25.9,25.0,10.9,34.9,False,True,5096380,0,Price below 20 EMA — avoid new longs
2026-05-10,FSM,Downtrend,CASH,9.24,,0.0,-25.9,17.2,19.7,32.8,False,False,4702870,0,Price below 20 EMA — avoid new longs
2026-05-10,EXK,Downtrend,CASH,8.59,,0.0,-26.0,17.1,19.5,29.8,False,False,6646023,0,Price below 20 EMA — avoid new longs
2026-05-10,FMS,Reversal Extension,WATCH,20.19,,0.0,-26.0,11.3,18.8,48.0,False,True,618326,0,Price 9.2% below 10 EMA — capitulation zone
2026-05-10,NOW,Downtrend,CASH,92.01,,0.0,-26.0,25.9,23.8,33.4,False,False,28962947,0,Price below 20 EMA — avoid new longs
2026-05-10,SKYW,Downtrend,CASH,83.22,,0.0,-26.1,19.2,20.0,32.4,False,False,392119,0,Price below 20 EMA — avoid new longs
2026-05-10,ARIS,Downtrend,CASH,17.29,,0.0,-26.2,17.7,19.9,34.8,False,False,1144051,0,Price below 20 EMA — avoid new longs
2026-05-10,FULC,Downtrend,CASH,7.02,,0.0,-26.2,12.1,20.1,24.3,False,False,761303,0,Price below 20 EMA — avoid new longs
2026-05-10,AU,Downtrend,CASH,90.9,,0.0,-26.3,15.4,24.1,33.1,False,False,2226111,0,Price below 20 EMA — avoid new longs
2026-05-10,CRK,Downtrend,CASH,17.33,,0.0,-26.3,20.8,15.7,23.3,False,False,1989138,0,Price below 20 EMA — avoid new longs
2026-05-10,BSX,Downtrend,CASH,55.98,,0.0,-26.4,32.7,17.5,40.1,False,False,17496309,0,Price below 20 EMA — avoid new longs
2026-05-10,GFI,Downtrend,CASH,41.75,,0.0,-26.4,14.2,25.9,33.3,False,False,2653293,0,Price below 20 EMA — avoid new longs
2026-05-10,GSK,Downtrend,CASH,50.38,,0.0,-26.4,23.5,18.7,42.7,False,False,3869835,0,Price below 20 EMA — avoid new longs
2026-05-10,RYAN,Reversal Extension,WATCH,30.55,,0.0,-26.4,27.0,11.3,34.2,False,True,2074507,0,Price 9.2% below 10 EMA — capitulation zone
2026-05-10,AZN,Downtrend,CASH,181.24,,0.0,-26.5,21.9,19.5,45.6,False,False,1971203,0,Price below 20 EMA — avoid new longs
2026-05-10,AG,Downtrend,CASH,19.1,,0.0,-26.6,14.6,19.2,27.3,False,False,12600208,0,Price below 20 EMA — avoid new longs
2026-05-10,BBY,Downtrend,CASH,57.27,,0.0,-26.6,15.2,19.5,30.2,False,False,3210660,0,Price below 20 EMA — avoid new longs
2026-05-10,HL,Downtrend,CASH,17.05,,0.0,-26.6,18.0,19.1,31.1,False,False,10786209,0,Price below 20 EMA — avoid new longs
2026-05-10,TW,Downtrend,CASH,110.21,,0.0,-26.6,19.4,14.9,22.3,False,False,1393665,0,Price below 20 EMA — avoid new longs
2026-05-10,MMSI,Downtrend,CASH,60.44,,0.0,-26.7,25.1,13.8,30.2,False,False,635792,0,Price below 20 EMA — avoid new longs
2026-05-10,SLDB,Downtrend,CASH,6.9,,0.0,-26.7,16.0,19.2,26.7,False,True,919813,0,Price below 20 EMA — avoid new longs
2026-05-10,SUZ,Downtrend,CASH,8.6,,0.0,-26.7,24.3,14.6,39.5,False,False,3216238,0,Price below 20 EMA — avoid new longs
2026-05-10,WTW,Downtrend,CASH,259.47,,0.0,-26.7,21.8,12.5,42.3,False,False,719564,0,Price below 20 EMA — avoid new longs
2026-05-10,IDYA,Downtrend,CASH,28.8,,0.0,-26.8,14.4,19.3,23.4,False,False,1726132,0,Price below 20 EMA — avoid new longs
2026-05-10,PAM,Downtrend,CASH,78.77,,0.0,-26.8,15.2,14.5,22.8,False,True,221709,0,Price below 20 EMA — avoid new longs
2026-05-10,WING,Reversal Extension,WATCH,146.74,,0.0,-26.8,21.9,13.4,36.3,False,False,1364833,0,Price 12.5% below 10 EMA — capitulation zone
2026-05-10,BEPC,Downtrend,CASH,36.69,,0.0,-26.9,24.1,18.9,41.5,False,True,1517900,0,Price below 20 EMA — avoid new longs
2026-05-10,ENSG,Downtrend,CASH,175.95,,0.0,-26.9,26.4,11.7,33.8,False,True,363056,0,Price below 20 EMA — avoid new longs
2026-05-10,HSY,Downtrend,CASH,184.91,,0.0,-26.9,36.3,14.5,30.3,False,False,1818470,0,Price below 20 EMA — avoid new longs
2026-05-10,AA,Downtrend,CASH,63.06,,0.0,-27.0,17.9,20.9,29.7,False,False,4447382,0,Price below 20 EMA — avoid new longs
2026-05-10,NFLX,Downtrend,CASH,87.89,,0.0,-27.0,22.2,20.3,30.4,False,False,41401052,0,Price below 20 EMA — avoid new longs
2026-05-10,SYK,Downtrend,CASH,295.25,,0.0,-27.0,29.9,10.2,40.8,False,False,2004236,0,Price below 20 EMA — avoid new longs
2026-05-10,CAG,Downtrend,CASH,14.0,,0.0,-27.1,43.3,9.6,29.6,False,False,14064273,0,Price below 20 EMA — avoid new longs
2026-05-10,CRESY,Downtrend,CASH,11.12,,0.0,-27.2,19.5,13.5,21.8,False,False,279797,0,Price below 20 EMA — avoid new longs
2026-05-10,HCA,Downtrend,CASH,428.79,,0.0,-27.2,34.3,9.5,34.6,False,False,1046036,0,Price below 20 EMA — avoid new longs
2026-05-10,WNC,Reversal Extension,WATCH,7.58,,0.0,-27.3,14.9,18.6,32.8,False,True,658146,0,Price 9.4% below 10 EMA — capitulation zone
2026-05-10,AMSF,Downtrend,CASH,29.73,,0.0,-27.4,21.0,15.9,30.9,False,False,212493,0,Price below 20 EMA — avoid new longs
2026-05-10,PSN,Downtrend,CASH,49.8,,0.0,-27.5,16.2,20.4,23.0,False,False,1099100,0,Price below 20 EMA — avoid new longs
2026-05-10,KNSL,Downtrend,CASH,305.01,,0.0,-27.6,27.4,8.7,33.4,False,False,263939,0,Price below 20 EMA — avoid new longs
2026-05-10,AVAV,Reversal Extension,WATCH,166.69,,0.0,-27.7,12.4,19.3,30.1,False,True,1160061,0,Price 11.1% below 10 EMA — capitulation zone
2026-05-10,TFPM,Downtrend,CASH,31.12,,0.0,-27.7,20.4,16.9,32.0,False,False,436633,0,Price below 20 EMA — avoid new longs
2026-05-10,ASO,Downtrend,CASH,52.01,,0.0,-27.8,16.6,14.2,28.0,False,False,1191238,0,Price below 20 EMA — avoid new longs
2026-05-10,CNXC,Downtrend,CASH,23.85,,0.0,-27.8,26.1,13.8,28.5,False,False,1417303,0,Price below 20 EMA — avoid new longs
2026-05-10,GGAL,Downtrend,CASH,40.67,,0.0,-27.8,24.8,11.9,30.9,False,False,975875,0,Price below 20 EMA — avoid new longs
2026-05-10,NHI,Downtrend,CASH,73.09,,0.0,-27.8,35.2,9.9,42.8,False,True,337263,0,Price below 20 EMA — avoid new longs
2026-05-10,TNL,Downtrend,CASH,63.0,,0.0,-27.8,27.1,15.0,37.3,False,False,963246,0,Price below 20 EMA — avoid new longs
2026-05-10,BRCB,Downtrend,CASH,12.05,,0.0,-28.0,19.5,14.3,31.1,False,False,308876,0,Price below 20 EMA — avoid new longs
2026-05-10,W,Reversal Extension,WATCH,63.2,,0.0,-28.0,15.6,18.7,31.2,False,False,3490432,0,Price 10.4% below 10 EMA — capitulation zone
2026-05-10,FNV,Downtrend,CASH,225.07,,0.0,-28.1,19.9,16.7,32.1,False,False,599505,0,Price below 20 EMA — avoid new longs
2026-05-10,MOS,Downtrend,CASH,23.26,,0.0,-28.1,11.5,17.0,23.3,False,False,8139495,0,Price below 20 EMA — avoid new longs
2026-05-10,RDW,Downtrend,CASH,8.69,,0.0,-28.1,17.3,23.1,21.5,True,False,23520363,0,Price below 20 EMA — avoid new longs
2026-05-10,ERIE,Downtrend,CASH,221.24,,0.0,-28.3,25.4,15.0,33.3,False,True,233854,0,Price below 20 EMA — avoid new longs
2026-05-10,NAMS,Downtrend,CASH,29.85,,0.0,-28.3,21.3,19.6,21.3,False,False,888925,0,Price below 20 EMA — avoid new longs
2026-05-10,PLNT,Downtrend,CASH,64.31,,0.0,-28.3,41.8,12.9,33.2,False,True,1364315,0,Price below 20 EMA — avoid new longs
2026-05-10,KMX,Downtrend,CASH,37.25,,0.0,-28.4,16.3,16.2,27.2,False,False,3666688,0,Price below 20 EMA — avoid new longs
2026-05-10,NCLH,Downtrend,CASH,16.94,,0.0,-28.4,20.6,20.3,35.4,False,False,20814175,0,Price below 20 EMA — avoid new longs
2026-05-10,NG,Downtrend,CASH,7.93,,0.0,-28.4,15.1,22.2,31.8,False,False,2736130,0,Price below 20 EMA — avoid new longs
2026-05-10,COO,Downtrend,CASH,61.25,,0.0,-28.7,45.7,9.1,40.6,False,False,2017895,0,Price below 20 EMA — avoid new longs
2026-05-10,DPZ,Downtrend,CASH,331.73,,0.0,-28.7,23.1,12.2,34.1,False,False,932453,0,Price below 20 EMA — avoid new longs
2026-05-10,RTX,Downtrend,CASH,172.87,,0.0,-28.7,40.0,8.3,36.4,False,False,4927145,0,Price below 20 EMA — avoid new longs
2026-05-10,PEGA,Downtrend,CASH,36.95,,0.0,-28.8,21.4,18.9,30.1,False,False,2515604,0,Price below 20 EMA — avoid new longs
2026-05-10,NFG,Downtrend,CASH,82.04,,0.0,-28.9,33.3,12.8,42.0,False,False,698816,0,Price below 20 EMA — avoid new longs
2026-05-10,SUPV,Downtrend,CASH,8.14,,0.0,-28.9,21.9,12.4,29.4,False,False,707934,0,Price below 20 EMA — avoid new longs
2026-05-10,GEHC,Downtrend,CASH,61.04,,0.0,-29.1,25.8,16.5,44.1,False,True,4122364,0,Price below 20 EMA — avoid new longs
2026-05-10,MEDP,Downtrend,CASH,430.32,,0.0,-29.1,28.7,19.9,35.4,False,False,491148,0,Price below 20 EMA — avoid new longs
2026-05-10,RGLD,Downtrend,CASH,225.9,,0.0,-29.1,23.2,17.0,38.5,False,False,703140,0,Price below 20 EMA — avoid new longs
2026-05-10,PSQ,Downtrend,CASH,27.35,,0.0,-29.2,29.3,16.3,39.5,False,False,8720701,0,Price below 20 EMA — avoid new longs
2026-05-10,SPOT,Reversal Extension,WATCH,419.53,,0.0,-29.2,24.9,10.5,38.0,False,True,2129965,0,Price 9.5% below 10 EMA — capitulation zone
2026-05-10,BRO,Downtrend,CASH,57.51,,0.0,-29.4,24.0,9.5,36.8,False,False,2708990,0,Price below 20 EMA — avoid new longs
2026-05-10,CACI,Downtrend,CASH,494.04,,0.0,-29.4,30.2,10.3,24.4,False,False,317697,0,Price below 20 EMA — avoid new longs
2026-05-10,FMC,Downtrend,CASH,14.87,,0.0,-29.4,21.2,23.1,23.7,False,False,2385383,0,Price below 20 EMA — avoid new longs
2026-05-10,MKTX,Downtrend,CASH,151.29,,0.0,-29.4,27.2,12.0,33.7,False,True,404486,0,Price below 20 EMA — avoid new longs
2026-05-10,RLI,Downtrend,CASH,50.09,,0.0,-29.5,36.1,10.0,37.2,False,False,719590,0,Price below 20 EMA — avoid new longs
2026-05-10,PLAY,Reversal Extension,WATCH,10.46,,0.0,-29.6,16.4,22.3,30.6,False,False,1609698,0,Price 10.0% below 10 EMA — capitulation zone
2026-05-10,AUNA,Downtrend,CASH,5.03,,0.0,-29.7,24.0,13.6,29.6,False,False,225861,0,Price below 20 EMA — avoid new longs
2026-05-10,IAG,Downtrend,CASH,16.31,,0.0,-29.8,28.2,16.5,34.8,False,False,6648358,0,Price below 20 EMA — avoid new longs
2026-05-10,LDOS,Downtrend,CASH,137.19,,0.0,-29.8,39.7,13.1,34.5,False,True,909569,0,Price below 20 EMA — avoid new longs
2026-05-10,TGS,Downtrend,CASH,29.77,,0.0,-29.8,18.3,15.3,22.3,False,False,281620,0,Price below 20 EMA — avoid new longs
2026-05-10,GLOB,Downtrend,CASH,40.09,,0.0,-29.9,21.8,17.8,31.8,False,False,1280636,0,Price below 20 EMA — avoid new longs
2026-05-10,ABT,Downtrend,CASH,87.17,,0.0,-30.1,48.0,10.8,45.1,False,False,13413018,0,Price below 20 EMA — avoid new longs
2026-05-10,JTAI,Downtrend,CASH,7.19,,0.0,-30.2,23.0,20.7,29.4,False,False,834855,0,Price below 20 EMA — avoid new longs
2026-05-10,ZURA,Downtrend,CASH,5.18,,0.0,-30.3,12.6,17.8,24.8,False,False,563345,0,Price below 20 EMA — avoid new longs
2026-05-10,AEM,Downtrend,CASH,178.14,,0.0,-30.4,22.1,16.6,39.7,False,False,2068431,0,Price below 20 EMA — avoid new longs
2026-05-10,VERA,Downtrend,CASH,34.52,,0.0,-30.5,17.0,17.7,27.3,False,False,1198943,0,Price below 20 EMA — avoid new longs
2026-05-10,INSM,Downtrend,CASH,139.44,,0.0,-30.7,31.5,16.8,28.0,False,False,1649521,0,Price below 20 EMA — avoid new longs
2026-05-10,OI,Reversal Extension,WATCH,8.75,,0.0,-30.7,32.3,17.4,41.2,False,False,2022110,0,Price 9.4% below 10 EMA — capitulation zone
2026-05-10,CEPU,Downtrend,CASH,14.27,,0.0,-30.8,27.8,10.4,23.2,False,False,359101,0,Price below 20 EMA — avoid new longs
2026-05-10,DRS,Downtrend,CASH,39.7,,0.0,-30.9,30.5,11.0,31.5,False,False,976877,0,Price below 20 EMA — avoid new longs
2026-05-10,CSGP,Downtrend,CASH,34.9,,0.0,-31.1,29.3,16.5,31.2,False,False,6210903,0,Price below 20 EMA — avoid new longs
2026-05-10,PPC,Downtrend,CASH,31.32,,0.0,-31.1,41.2,7.3,30.7,False,False,1154080,0,Price below 20 EMA — avoid new longs
2026-05-10,PSNL,Downtrend,CASH,5.56,,0.0,-31.3,23.9,18.9,31.6,False,False,1889190,0,Price below 20 EMA — avoid new longs
2026-05-10,DLTR,Downtrend,CASH,93.69,,0.0,-31.5,27.5,12.0,30.5,False,False,3513539,0,Price below 20 EMA — avoid new longs
2026-05-10,LHX,Downtrend,CASH,302.65,,0.0,-31.5,38.9,7.2,40.2,False,False,1352443,0,Price below 20 EMA — avoid new longs
2026-05-10,OPTX,Reversal Extension,WATCH,7.68,,0.0,-31.5,22.1,23.1,23.9,False,False,1359584,0,Price 9.8% below 10 EMA — capitulation zone
2026-05-10,OLLI,Downtrend,CASH,81.78,,0.0,-31.7,19.3,16.9,33.6,False,False,1296239,0,Price below 20 EMA — avoid new longs
2026-05-10,AGI,Downtrend,CASH,38.88,,0.0,-31.9,22.6,16.2,37.9,False,False,2974052,0,Price below 20 EMA — avoid new longs
2026-05-10,SAM,Reversal Extension,WATCH,206.25,,0.0,-32.3,19.7,15.9,36.8,False,False,230222,0,Price 9.6% below 10 EMA — capitulation zone
2026-05-10,LULU,Reversal Extension,WATCH,130.21,,0.0,-32.4,23.9,15.3,40.8,False,False,2827704,0,Price 8.2% below 10 EMA — capitulation zone
2026-05-10,QGEN,Downtrend,CASH,34.0,,0.0,-32.4,36.5,13.3,47.9,False,False,1872326,0,Price below 20 EMA — avoid new longs
2026-05-10,MH,Downtrend,CASH,11.68,,0.0,-32.5,21.9,12.7,36.5,False,False,344520,0,Price below 20 EMA — avoid new longs
2026-05-10,MLEC,Extension,HOLD,9.53,8.98,5.8,-32.5,22.2,33.6,12.4,True,False,215970,1,Extension #1: +6.1% above 10 EMA
2026-05-10,CTSH,Downtrend,CASH,51.87,,0.0,-32.6,34.9,11.0,37.0,False,False,6367795,0,Price below 20 EMA — avoid new longs
2026-05-10,CLX,Reversal Extension,WATCH,86.12,,0.0,-32.7,26.7,12.2,41.5,False,False,2722493,0,Price 8.4% below 10 EMA — capitulation zone
2026-05-10,MZTI,Downtrend,CASH,118.71,,0.0,-32.8,38.9,9.0,37.7,False,False,347550,0,Price below 20 EMA — avoid new longs
2026-05-10,SNDX,Downtrend,CASH,20.1,,0.0,-33.1,27.5,12.9,28.4,False,False,1395852,0,Price below 20 EMA — avoid new longs
2026-05-10,GFL,Downtrend,CASH,36.99,,0.0,-33.4,23.3,17.6,32.4,False,False,2964157,0,Price below 20 EMA — avoid new longs
2026-05-10,PODD,Downtrend,CASH,167.53,,0.0,-33.5,50.0,9.7,46.7,False,True,924706,0,Price below 20 EMA — avoid new longs
2026-05-10,TBN,Downtrend,CASH,35.36,,0.0,-33.5,23.9,29.4,19.6,True,False,261830,0,Price below 20 EMA — avoid new longs
2026-05-10,AIRO,Downtrend,CASH,7.15,,0.0,-34.1,21.6,12.6,28.8,False,False,469582,0,Price below 20 EMA — avoid new longs
2026-05-10,ANF,Downtrend,CASH,78.51,,0.0,-35.2,17.5,16.0,33.5,False,False,1124953,0,Price below 20 EMA — avoid new longs
2026-05-10,NOC,Downtrend,CASH,558.6,,0.0,-35.5,48.8,7.3,44.0,False,False,807962,0,Price below 20 EMA — avoid new longs
2026-05-10,EPAM,Downtrend,CASH,109.64,,0.0,-35.8,31.5,11.3,33.7,False,False,1340616,0,Price below 20 EMA — avoid new longs
2026-05-10,HII,Reversal Extension,WATCH,326.13,,0.0,-35.8,39.8,6.8,45.0,False,True,457782,0,Price 9.9% below 10 EMA — capitulation zone
2026-05-10,KTOS,Downtrend,CASH,59.31,,0.0,-35.8,23.1,15.8,31.3,False,False,3520088,0,Price below 20 EMA — avoid new longs
2026-05-10,LMT,Downtrend,CASH,508.93,,0.0,-36.0,43.2,10.3,40.8,False,False,1410078,0,Price below 20 EMA — avoid new longs
2026-05-10,RCAT,Reversal Extension,WATCH,10.43,,0.0,-36.0,12.9,17.0,28.4,False,False,10205717,0,Price 9.7% below 10 EMA — capitulation zone
2026-05-10,CHKP,Reversal Extension,WATCH,117.64,,0.0,-36.4,35.4,10.8,40.2,False,False,1666079,0,Price 8.3% below 10 EMA — capitulation zone
2026-05-10,GPCR,Downtrend,CASH,41.1,,0.0,-36.4,27.2,15.9,26.8,False,False,812071,0,Price below 20 EMA — avoid new longs
2026-05-10,PATK,Downtrend,CASH,90.06,,0.0,-36.7,28.7,12.8,34.1,False,False,632879,0,Price below 20 EMA — avoid new longs
2026-05-10,SRAD,Downtrend,CASH,13.43,,0.0,-36.8,26.7,19.8,33.4,False,False,5245169,0,Price below 20 EMA — avoid new longs
2026-05-10,IIIN,Downtrend,CASH,26.49,,0.0,-37.0,36.8,18.9,35.7,False,False,288286,0,Price below 20 EMA — avoid new longs
2026-05-10,ALGS,Downtrend,CASH,6.35,,0.0,-37.3,14.9,21.3,23.0,False,False,440745,0,Price below 20 EMA — avoid new longs
2026-05-10,AGIO,Downtrend,CASH,27.21,,0.0,-37.6,25.1,25.6,31.6,False,False,1355550,0,Price below 20 EMA — avoid new longs
2026-05-10,BMI,Downtrend,CASH,121.09,,0.0,-37.9,29.9,18.1,34.0,False,False,870525,0,Price below 20 EMA — avoid new longs
2026-05-10,RBLX,Reversal Extension,WATCH,44.04,,0.0,-38.8,16.7,19.8,39.5,False,True,8751043,0,Price 17.2% below 10 EMA — capitulation zone
2026-05-10,ORLA,Downtrend,CASH,13.43,,0.0,-38.9,24.2,17.6,35.5,False,False,2536598,0,Price below 20 EMA — avoid new longs
2026-05-10,OPCH,Reversal Extension,WATCH,21.3,,0.0,-39.0,33.4,13.7,53.1,False,True,2893088,0,Price 14.1% below 10 EMA — capitulation zone
2026-05-10,KRUS,Downtrend,CASH,55.52,,0.0,-39.3,16.0,19.7,24.0,False,False,410792,0,Price below 20 EMA — avoid new longs
2026-05-10,BTU,Downtrend,CASH,25.0,,0.0,-40.1,27.0,14.2,33.6,False,True,3148025,0,Price below 20 EMA — avoid new longs
2026-05-10,CAR,Reversal Extension,WATCH,160.1,,0.0,-40.5,40.3,28.2,27.9,True,False,6339807,0,Price 31.8% below 10 EMA — capitulation zone
2026-05-10,DOO,Downtrend,CASH,53.97,,0.0,-41.9,33.2,19.4,36.1,False,False,795698,0,Price below 20 EMA — avoid new longs
2026-05-10,QDEL,Downtrend,CASH,11.66,,0.0,-42.4,28.2,20.8,32.9,False,False,2833922,0,Price below 20 EMA — avoid new longs
2026-05-10,KRMN,Reversal Extension,WATCH,62.89,,0.0,-42.8,25.1,12.4,35.1,False,False,1614934,0,Price 11.5% below 10 EMA — capitulation zone
2026-05-10,MIND,Downtrend,CASH,6.43,,0.0,-43.6,25.5,16.8,27.1,False,False,214364,0,Price below 20 EMA — avoid new longs
2026-05-10,LBRDK,Reversal Extension,WATCH,36.96,,0.0,-43.8,28.7,17.8,43.9,False,False,2033917,0,Price 13.5% below 10 EMA — capitulation zone
2026-05-10,TSCO,Reversal Extension,WATCH,32.68,,0.0,-43.8,48.6,5.9,47.0,False,True,10408695,0,Price 9.5% below 10 EMA — capitulation zone
2026-05-10,CHTR,Reversal Extension,WATCH,158.23,,0.0,-43.9,29.0,16.7,41.5,False,False,3310633,0,Price 13.3% below 10 EMA — capitulation zone
2026-05-10,EGO,Reversal Extension,WATCH,29.33,,0.0,-44.5,28.2,14.3,41.9,False,False,2489093,0,Price 14.3% below 10 EMA — capitulation zone
2026-05-10,ASTS,Reversal Extension,WATCH,63.87,,0.0,-48.5,16.3,18.1,34.2,False,False,17201918,0,Price 13.4% below 10 EMA — capitulation zone
2026-05-10,LCID,Downtrend,CASH,6.25,,0.0,-48.8,26.2,22.2,34.5,False,False,21716965,0,Price below 20 EMA — avoid new longs
2026-05-10,SQQQ,Downtrend,CASH,48.59,,0.0,-51.8,28.0,17.2,39.4,False,False,53384158,0,Price below 20 EMA — avoid new longs
2026-05-10,BYRN,Reversal Extension,WATCH,5.41,,0.0,-57.6,38.8,11.5,32.8,False,False,846323,0,Price 8.5% below 10 EMA — capitulation zone
2026-05-10,EFOR,Reversal Extension,WATCH,21.02,,0.0,-61.1,32.0,15.0,48.2,False,False,1526219,0,Price 14.8% below 10 EMA — capitulation zone
2026-05-10,BNAI,Reversal Extension,WATCH,22.62,,0.0,-64.4,23.0,21.8,37.8,False,False,725064,0,Price 21.7% below 10 EMA — capitulation zone
2026-05-10,UGRO,Reversal Extension,WATCH,5.55,,0.0,-88.3,21.1,21.6,23.5,False,False,346285,0,Price 28.4% below 10 EMA — capitulation zone
2026-05-10,APP,Uptrend,HOLD,478.11,451.42,5.6,0.0,14.6,28.5,19.6,False,False,3958906,0,Uptrend intact — above 10 and 20 EMA
2026-05-10,EWTX,Extension,HOLD,38.01,32.73,13.9,-0.0,21.0,43.9,10.5,True,True,1103320,1,Extension #1: +16.1% above 10 EMA
2026-05-10,NDX,Uptrend,HOLD,28563.95,27009.57,5.4,-0.0,34.8,46.9,12.8,True,False,8277624000,0,Uptrend intact — above 10 and 20 EMA
2026-05-10,QQQ,Uptrend,HOLD,681.61,648.57,4.8,0.0,31.6,39.6,14.8,True,False,40422427,0,Uptrend intact — above 10 and 20 EMA
