Ticker,Date,Open,High,Low,Close,Volume
QQQ,2010-01-04,40.29077911376953,40.35153947677199,40.16058684993541,40.212665742075664,62822800
QQQ,2010-01-05,40.29077911376953,40.3602176366232,40.065110536517125,40.26474132320491,62935600
QQQ,2010-01-06,40.047767639160156,40.40363193995022,39.98701056178227,40.27343962171721,96033000
QQQ,2010-01-07,40.073795318603516,40.16059348651409,39.85680486534443,40.10851458576774,77094100
QQQ,2010-01-08,40.403629302978516,40.403629302978516,39.86549380517659,39.987007952001655,88886600
QQQ,2010-01-11,40.23870849609375,40.481736734037156,40.03039621284839,40.45569894026077,104673400
QQQ,2010-01-12,39.73527526855469,40.0477419293366,39.51828489979061,39.99566635987979,90673900
QQQ,2010-01-13,40.230037689208984,40.35155515140658,39.587747658368876,39.85681376141853,100661000
QQQ,2010-01-14,40.26475143432617,40.37758740679279,40.117199502725995,40.15191546185955,75209000
QQQ,2010-01-15,39.79604721069336,40.40362113297349,39.622457499480326,40.33418591069058,126849300
QQQ,2010-01-19,40.43834686279297,40.481744297532344,39.88285175170009,39.891529914243144,84388200
QQQ,2010-01-20,39.856807708740234,40.44702204859195,39.431508244177905,40.15191487866609,145680000
QQQ,2010-01-21,39.48356628417969,40.230010320946384,39.3186514960369,39.969622558259395,204939600
QQQ,2010-01-22,38.32919692993164,39.47490635984986,38.225042430215034,39.353392225011845,171098700
QQQ,2010-01-25,38.459388732910156,38.711095139738745,38.29447387107832,38.56354322232239,154218700
QQQ,2010-01-26,38.49410629272461,38.96280648112727,38.23371840283813,38.4159895946575,140816500
QQQ,2010-01-27,38.79789352416992,38.92808580891188,38.19899775691766,38.424669681422195,161632700
QQQ,2010-01-28,37.79973220825195,38.56353944821683,37.600101410161024,38.53750165616489,221439800
QQQ,2010-01-29,37.140079498291016,38.20767192185046,37.00120576785265,38.11219561135954,212099600
QQQ,2010-02-01,37.54802703857422,37.56538667237061,37.21820392947762,37.235563563274006,136827100
QQQ,2010-02-02,37.886539459228516,37.99937212587324,37.34840068025771,37.60879190731352,110727700
QQQ,2010-02-03,38.094844818115234,38.16428335494766,37.686901691753896,37.70426132596201,93581600
QQQ,2010-02-04,36.99252700805664,37.8952079775596,36.99252700805664,37.81709129152548,151652500
QQQ,2010-02-05,37.304996490478516,37.33971575593353,36.55854883825257,37.088006047901736,213618600
QQQ,2010-02-08,37.03593063354492,37.478593032207456,37.00989283751008,37.24424293485877,94354400
QQQ,2010-02-09,37.4178352355957,37.76501798297929,37.11404660674697,37.47859229916312,118956000
QQQ,2010-02-10,37.33970642089844,37.5914160660021,37.10535640418234,37.41782309313714,94102900
QQQ,2010-02-11,37.903892517089844,38.00805032333943,37.11404736359485,37.34839746113886,93050800
QQQ,2010-02-12,37.98198318481445,38.08614091967815,37.461207754533696,37.56536217838796,93938500
QQQ,2010-02-16,38.46806335449219,38.494101146696515,38.0601202845646,38.25975439483515,83861400
QQQ,2010-02-17,38.68507385253906,38.68507385253906,38.41600438647972,38.6416764060167,82691700
QQQ,2010-02-18,38.928096771240234,38.99753532479939,38.58091393648187,38.65903065372969,65752600
QQQ,2010-02-19,38.910728454589844,39.10167779601678,38.72845396316618,38.82393028938537,80416500
QQQ,2010-02-22,38.83260726928711,39.08431364173426,38.676373901003466,39.066954010701515,72055000
QQQ,2010-02-23,38.32919692993164,38.83261641541696,38.14692572767461,38.806575307228925,95814400
QQQ,2010-02-24,38.71976852416992,38.876001881160036,38.46805885890687,38.52881590762404,86591000
QQQ,2010-02-25,38.711082458496094,38.79788059708195,38.04275500194238,38.31182095403245,97961300
QQQ,2010-02-26,38.84996795654297,38.936766121463926,38.537504495861846,38.7024160426945,66222400
QQQ,2010-03-01,39.41413497924805,39.483573494517195,39.014873449482394,39.023551608385716,77290100
QQQ,2010-03-02,39.53567123413086,39.79605919034549,39.44887635239682,39.55303087268017,76368500
QQQ,2010-03-03,39.57905578613281,39.77000843697924,39.431503873032526,39.63113468482132,65735500
QQQ,2010-03-04,39.70924758911133,39.76132648283154,39.405462319937875,39.60509311268202,54470900
QQQ,2010-03-05,40.308162689208984,40.394960894337814,39.91758235467466,40.00437724879051,68136300
QQQ,2010-03-08,40.386260986328125,40.48173731288867,40.308144292870544,40.32550392597351,58712400
QQQ,2010-03-09,40.611942291259766,40.83761095172835,40.27343764505078,40.299475445216935,98002800
QQQ,2010-03-10,40.941741943359375,41.037218237136095,40.620597118755214,40.63795674589737,102578900
QQQ,2010-03-11,41.09799575805664,41.09799575805664,40.77685077340798,40.84628931658173,67510300
QQQ,2010-03-12,41.1066780090332,41.25422994955055,40.88100605046168,41.22819215087385,64068300
QQQ,2010-03-15,41.00252914428711,41.124043302845216,40.716100075389434,41.019885471784704,60150500
QQQ,2010-03-16,41.26291275024414,41.32366982311858,40.9938433482201,41.13271713064912,74950600
QQQ,2010-03-17,41.375755310058594,41.57538952408246,41.25424113527046,41.32367969858536,75643500
QQQ,2010-03-18,41.514610290527344,41.55800771394213,41.314976182999224,41.410452501118456,77829400
QQQ,2010-03-19,41.26350784301758,41.663195675383456,41.11579510481094,41.6371267718494,86337100
QQQ,2010-03-22,41.63713455200195,41.802225485230906,41.05498085884823,41.098424620128185,71902800
QQQ,2010-03-23,41.923866271972656,41.96731003007063,41.506800228048846,41.69795674113545,59182600
QQQ,2010-03-24,41.72401428222656,41.8543455313724,41.628436044125564,41.8543455313724,62995700
QQQ,2010-03-25,41.66319274902344,42.227968129555144,41.61974899891264,42.071567977519734,76294800
QQQ,2010-03-26,41.70663070678711,41.99336538387797,41.48072124885857,41.8369652535639,78067900
QQQ,2010-03-29,41.906490325927734,42.05420308874183,41.793533897251834,41.915181066735514,57993300
QQQ,2010-03-30,42.0455207824707,42.18454283236552,41.758789254677005,42.036833354466644,49437300
QQQ,2010-03-31,41.845664978027344,42.09764340811304,41.76746488988165,41.91517764062182,59947400
QQQ,2010-04-01,41.845664978027344,42.314865506901505,41.52417719989335,42.01944331996735,83728600
QQQ,2010-04-05,42.236663818359375,42.33224206853212,41.82828522745623,41.94124164261911,56220300
QQQ,2010-04-06,42.35830307006836,42.48863763610223,42.04550276322362,42.141081003042366,54097100
QQQ,2010-04-07,42.25403594970703,42.462567270719475,42.028123151640365,42.29747969870583,77211500
QQQ,2010-04-08,42.3496208190918,42.41913016546741,41.915176631969395,42.1323987255306,68314300
QQQ,2010-04-09,42.60159683227539,42.61897499787446,42.25404346393248,42.35830914298074,54227300
QQQ,2010-04-12,42.6363525390625,42.74930895652913,42.52339612159587,42.61897437371793,44280600
QQQ,2010-04-13,42.85356521606445,42.87963080107978,42.4538774446177,42.59289942227507,59376000
QQQ,2010-04-14,43.36621856689453,43.37490599222486,43.00997446652135,43.079487127348365,69004800
QQQ,2010-04-15,43.557369232177734,43.60950040626541,43.3314564293123,43.3314564293123,72254200
QQQ,2010-04-16,43.036048889160156,43.548693267055796,42.74931739076933,43.40098380430378,127388000
QQQ,2010-04-19,43.009944915771484,43.148966827361924,42.4886135759433,42.87961042354252,98251700
QQQ,2010-04-20,43.227195739746094,43.3401521541741,42.94915173080488,43.244573904623174,69543700
QQQ,2010-04-21,43.47048568725586,43.60950769898074,43.201132403971144,43.52262018460752,74748700
QQQ,2010-04-22,43.71377182006836,43.75721557241146,42.80143644813406,43.05341485208822,110477200
QQQ,2010-04-23,43.89623260498047,43.93967635241108,43.522610410895396,43.70507613883123,77205200
QQQ,2010-04-26,43.800655364990234,44.00918999774888,43.70507712974859,43.93967734864748,67361000
QQQ,2010-04-27,42.87095642089844,43.8180449676324,42.75799999388987,43.626888447240425,112608000
QQQ,2010-04-28,42.89701843261719,43.12293126777415,42.55815249442787,43.09686236245842,130082100
QQQ,2010-04-29,43.64426803588867,43.73115887278229,43.10555810533432,43.140314440091764,84180200
QQQ,2010-04-30,42.784053802490234,43.696385693628606,42.7492974811309,43.62687305090994,110897000
QQQ,2010-05-03,43.383575439453125,43.59210669049487,42.949131466147605,42.966509622825164,74169700
QQQ,2010-05-04,42.08025360107422,42.85356352849962,41.77614407271994,42.85356352849962,141136500
QQQ,2010-05-05,41.863037109375,42.14108109058219,41.39383664813322,41.637124303053085,128560200
QQQ,2010-05-06,40.46413040161133,41.984685021900276,37.049398903455895,41.57630643465365,274356800
QQQ,2010-05-07,39.456207275390625,40.66396116693266,38.47436282450348,40.16000780798945,288200400
QQQ,2010-05-10,41.50678634643555,41.53285192966764,41.107098602332556,41.211364249806124,136041600
QQQ,2010-05-11,41.46335983276367,42.04551353049283,41.011537419898715,41.08973751663585,113016100
QQQ,2010-05-12,42.245357513427734,42.28011384856638,41.61976005366492,41.68926940939565,85462400
QQQ,2010-05-13,41.576297760009766,42.39305476409157,41.47203210730295,42.062876330217115,102844300
QQQ,2010-05-14,40.77692413330078,41.2895683119555,40.299036278684305,41.26350272619957,147386100
QQQ,2010-05-17,40.90727233886719,41.07235996130794,40.02969309411948,40.85513783541645,120969600
QQQ,2010-05-18,40.342491149902344,41.341714196966855,40.16002537020944,41.25482336291328,153072100
QQQ,2010-05-19,40.020999908447266,40.51626601904715,39.577864979249824,40.194774932516886,159000300
QQQ,2010-05-20,38.535194396972656,39.343260773121564,38.44830689365277,39.23899510622854,189289800
QQQ,2010-05-21,38.9609489440918,39.65605887550043,37.78795114199883,37.935660552309464,190631100
QQQ,2010-05-24,38.8045539855957,39.386710909768226,38.787175820667834,38.943575990472624,113038000
QQQ,2010-05-25,38.83930206298828,38.89143323214917,37.5620353858211,37.95303572725445,155643000
QQQ,2010-05-26,38.404850006103516,39.595225630071205,38.33533737558689,39.10864716008877,140203200
QQQ,2010-05-27,39.855899810791016,39.873277972102564,39.17816809236741,39.27374632230824,110671600
QQQ,2010-05-28,39.62129592895508,39.960165071272954,39.27374267860515,39.92540875187444,128535300
QQQ,2010-06-01,39.256378173828125,40.186088496585434,39.21293441674106,39.473600273809666,104242700
QQQ,2010-06-02,40.18608856201172,40.21215415339716,39.212934480582966,39.482287763689044,97249300
QQQ,2010-06-03,40.568397521972656,40.63791018378832,40.038378391085885,40.29904424380233,98928400
QQQ,2010-06-04,39.17817306518555,40.22083967440485,39.04783849607847,39.70819545155386,112849900
QQQ,2010-06-07,38.46567916870117,39.49965488392291,38.42223542369182,39.378011072078614,88436600
QQQ,2010-06-08,38.39617919921875,38.648157643811764,37.87484745792997,38.53520121786552,133030100
QQQ,2010-06-09,38.07467269897461,39.021760771558924,37.96171632851646,38.66551681661683,101949200
QQQ,2010-06-10,39.160789489746094,39.20423323526271,38.43961403344334,38.54387968559229,76892300
QQQ,2010-06-11,39.5344123840332,39.56916870689467,38.76110243036509,38.76110243036509,74346800
QQQ,2010-06-14,39.52573013305664,40.17739635653416,39.45621747823705,39.8993490518016,68085000
QQQ,2010-06-15,40.585758209228516,40.63789268313863,39.490960773473915,39.734248355965,76332600
QQQ,2010-06-16,40.7508659362793,40.959397289227525,40.40330926197079,40.47282192265093,78399700
QQQ,2010-06-17,40.881187438964844,40.994143828317945,40.52494342443149,40.9767656672986,77111900
QQQ,2010-06-18,40.91513442993164,41.21111638630038,40.79326009274921,40.95866050452156,75921400
QQQ,2010-06-21,40.56692886352539,41.507108238793045,40.3318873405359,41.437463846183256,95488100
QQQ,2010-06-22,40.25352478027344,41.03700399424826,40.17517652679333,40.741022072304105,94493400
QQQ,2010-06-23,40.0881462097168,40.45377272888261,39.77475299923991,40.29707612364417,92397600
QQQ,2010-06-24,39.47875213623047,40.035897201740795,39.348173907785295,39.91401953936786,114145900
QQQ,2010-06-25,39.48661422729492,39.82678995718686,39.20749550905755,39.69595160229415,88740300
QQQ,2010-06-28,39.3470573425293,39.730844772400886,39.08538394364604,39.48661671042422,71350000
QQQ,2010-06-29,37.829345703125,38.780094921575916,37.56767230840666,38.74520424831807,136384200
QQQ,2010-06-30,37.2536735534668,38.09102998688272,37.19261652149014,37.70724245340676,101313200
QQQ,2010-07-01,37.14898681640625,37.47171716140336,36.43374479378721,37.367048489823205,158695000
QQQ,2010-07-02,37.0443115234375,37.34959648071104,36.712856907428744,37.21003716776364,78565300
QQQ,2010-07-06,37.157711029052734,37.829341440476384,36.852425990840786,37.593834413559726,88591900
QQQ,2010-07-07,38.343971252441406,38.387582930067005,37.244941670430826,37.27983234347439,72448400
QQQ,2010-07-08,38.55330276489258,38.71030742877108,38.099734105616555,38.64925042919132,78264600
QQQ,2010-07-09,38.919654846191406,38.92837917831003,38.4486440598771,38.535867416916616,47851200
QQQ,2010-07-12,39.033042907714844,39.27727093824898,38.78009054617171,38.884762554135506,60927500
QQQ,2010-07-13,39.53895568847656,39.687236072274075,39.0766625441521,39.37322663910517,93310500
QQQ,2010-07-14,39.73956298828125,39.9576246750154,39.46044429545011,39.617445648730005,87687100
QQQ,2010-07-15,39.77445983886719,39.89657720761493,39.24239199100621,39.661070130352826,95992500
QQQ,2010-07-16,38.67543411254883,39.80063359928572,38.64054343217906,39.63490453120853,98831900
QQQ,2010-07-19,39.006893157958984,39.08539553363805,38.46609753556597,38.78883137300145,81800800
QQQ,2010-07-20,39.47788619995117,39.47788619995117,38.2567427538206,38.37885676569793,89061200
QQQ,2010-07-21,38.93710708618164,39.914022833123134,38.86732905365072,39.896580820509186,83577000
QQQ,2010-07-22,39.922733306884766,40.10590432196545,39.46044360386479,39.48660994105997,82890300
QQQ,2010-07-23,40.175689697265625,40.210577041248015,39.582561593916715,39.65233960923906,81056100
QQQ,2010-07-26,40.50714874267578,40.524594081640295,40.04485890586972,40.22802997395987,64850900
QQQ,2010-07-27,40.48970031738281,40.751377054546076,40.30652926325487,40.68159570400709,67655600
QQQ,2010-07-28,40.166969299316406,40.629262421449354,40.01868892263681,40.44608804265507,51988200
QQQ,2010-07-29,39.87040710449219,40.48098063218521,39.469174307884046,40.402478273948134,85669500
QQQ,2010-07-30,39.957618713378906,40.20184670132826,39.31215475291117,39.53894073659853,98958100
QQQ,2010-08-02,40.7077522277832,40.81242422834406,40.30651954103799,40.46352421452214,68706800
QQQ,2010-08-03,40.53331756591797,40.73393396877116,40.341422168685305,40.681597952973675,60856600
QQQ,2010-08-04,40.943275451660156,40.98689046617741,40.55948794636083,40.71649268201929,43820600
QQQ,2010-08-05,40.84732437133789,40.925823398933765,40.57692663152868,40.74265234649425,39150200
QQQ,2010-08-06,40.7862663269043,40.86476868628572,40.1669717847609,40.40247886290517,71339200
QQQ,2010-08-09,41.065391540527344,41.16133591831128,40.812439104671945,40.99561018138447,26927600
QQQ,2010-08-10,40.7077522277832,40.951983568401396,40.367576544353255,40.73392189160198,86694500
QQQ,2010-08-11,39.599998474121094,40.05356379526409,39.43426948432188,40.03612179067592,92219700
QQQ,2010-08-12,39.2859992980957,39.460449335234784,38.77137351858215,38.84115153702316,66000200
QQQ,2010-08-13,39.006893157958984,39.303457318595584,38.998168823239766,39.137728232518235,46387300
QQQ,2010-08-16,39.07666015625,39.34705789103484,38.640536709578996,38.81498675371897,55472900
QQQ,2010-08-17,39.573848724365234,39.931469890785344,39.277284586795496,39.35578695636862,56927100
QQQ,2010-08-18,39.73085021972656,39.96635730921819,39.347062737235525,39.49534313023493,61835400
QQQ,2010-08-19,39.129005432128906,39.65235236110188,38.86733196764242,39.49534761693827,82969500
QQQ,2010-08-20,39.181339263916016,39.27728698005822,38.84988775206313,39.06794953334679,65806700
QQQ,2010-08-23,38.79753494262695,39.547667678107594,38.78008960838818,39.425553665793494,69612200
QQQ,2010-08-24,38.07355880737305,38.48351237555947,37.916554180457005,38.352677404700195,79095800
QQQ,2010-08-25,38.43992233276367,38.60564805331281,37.7421254470857,37.803182466622644,87247900
QQQ,2010-08-26,37.97764587402344,38.65799766087292,37.94275518563137,38.57077426725193,91199000
QQQ,2010-08-27,38.43992233276367,38.51842469036232,37.48045203087621,38.25675127415283,109568800
QQQ,2010-08-30,38.038700103759766,38.596937767339334,38.02997576862693,38.25676189905547,49373200
QQQ,2010-08-31,37.9078483581543,38.24802410675085,37.66362029810709,37.838070338437,72066900
QQQ,2010-09-01,39.04176330566406,39.17260164991028,38.43991424231757,38.46608058022389,83523100
QQQ,2010-09-02,39.47788619995117,39.495331534127544,39.015596490027775,39.111544164319184,41816800
QQQ,2010-09-03,40.13206100463867,40.14078533317641,39.73082840316964,39.913999374185096,64041100
QQQ,2010-09-07,39.861690521240234,40.14953031513648,39.8006334944332,39.96635923471538,51195200
QQQ,2010-09-08,40.341426849365234,40.51587692823959,39.96636034436084,39.97508467835173,66879800
QQQ,2010-09-09,40.49842834472656,40.73393543324507,40.4024806426607,40.69904475479235,61476400
QQQ,2010-09-10,40.64670944213867,40.70776646681087,40.341424318777726,40.54204073232325,66995700
QQQ,2010-09-13,41.21366500854492,41.31833370230327,40.94326727836493,40.960712615217616,64523400
QQQ,2010-09-14,41.38811492919922,41.60617664818619,41.06538451675867,41.16132887813241,91405800
QQQ,2010-09-15,41.64978790283203,41.693399580714235,41.161328459421235,41.283445815792234,67108200
QQQ,2010-09-16,41.81551742553711,41.85040810196986,41.46662064328371,41.57128934522393,66885800
QQQ,2010-09-17,41.957149505615234,42.08829091368841,41.74731858348905,42.08829091368841,76372600
QQQ,2010-09-20,42.69154739379883,42.77897498825231,42.06205804125713,42.11451326386964,84475000
QQQ,2010-09-21,42.68281555175781,42.98881556010871,42.49921554674727,42.71778793418362,82272000
QQQ,2010-09-22,42.569149017333984,42.857666115678164,42.33309048282039,42.507949027106314,88315900
QQQ,2010-09-23,42.551673889160156,42.98007726725118,42.24567385848813,42.28938767213411,85040000
QQQ,2010-09-24,43.417213439941406,43.443441055883255,42.971327293182334,43.03252728714633,79495900
QQQ,2010-09-27,43.18115997314453,43.49590474208815,43.14618759100637,43.39099093082359,43859800
QQQ,2010-09-28,43.16367721557617,43.31230818391141,42.481732385385584,43.28607722764625,104922900
QQQ,2010-09-29,43.09373092651367,43.30355854209735,42.93635854725101,43.1024723541839,81679200
QQQ,2010-09-30,42.90138626098633,43.57458958817404,42.62161388282388,43.31230340054047,122458600
QQQ,2010-10-01,42.84892654418945,43.3035574803401,42.64784036120643,43.25984367276114,77675400
QQQ,2010-10-04,42.38554382324219,42.8838884451962,42.14074389249956,42.72651610824768,71359900
QQQ,2010-10-05,43.417213439941406,43.50464104984726,42.84018254317402,42.86641015911587,99301300
QQQ,2010-10-06,43.0412712097168,43.46092976486687,42.76149883961675,43.36475738730441,81831200
QQQ,2010-10-07,43.198646545410156,43.31230512078718,42.84018796320566,43.28607416637713,75693300
QQQ,2010-10-08,43.49589538574219,43.600809174438886,42.91012311910733,43.216123059118196,83223900
QQQ,2010-10-11,43.513397216796875,43.7319696339989,43.3822524324155,43.522138646018774,46880000
QQQ,2010-10-12,43.81065368652344,43.89808131505144,43.0675055034344,43.443450309375265,88571700
QQQ,2010-10-13,44.16909408569336,44.370180216505965,43.95926319454389,44.090407918405916,71122900
QQQ,2010-10-14,44.08167266845703,44.274017415579,43.86310030496373,44.195331231315436,68464000
QQQ,2010-10-15,45.017154693603516,45.02589611858826,44.26526540926154,44.62372386631425,104654000
QQQ,2010-10-18,44.851043701171875,45.21824696828856,44.851043701171875,45.02590224098224,72399400
QQQ,2010-10-19,44.43136978149414,44.85102813025683,44.08165282328452,44.43136978149414,105739800
QQQ,2010-10-20,44.75486755371094,45.08709841774719,44.47509524772745,44.55378141723212,80861400
QQQ,2010-10-21,44.842308044433594,45.20950802364518,44.40516330623903,45.034649461337416,85885400
QQQ,2010-10-22,45.1483039855957,45.19201778847212,44.77235927758963,44.85104545682693,47406900
QQQ,2010-10-25,45.36687088012695,45.66412937315278,45.33189850797121,45.33189850797121,51413900
QQQ,2010-10-26,45.489280700683594,45.59419783987629,44.95596358281136,45.13956690882372,60498300
QQQ,2010-10-27,45.62916946411133,45.664141845819394,45.16579707950404,45.25322469862432,57483400
QQQ,2010-10-28,45.725341796875,45.856486560563745,45.32316941311601,45.82151417889342,61220000
QQQ,2010-10-29,45.62043380737305,45.89146479717193,45.61168904326485,45.72534763061926,46668700
QQQ,2010-11-01,45.655391693115234,46.11876398917099,45.4455607781159,45.786533096734225,60555600
QQQ,2010-11-02,46.14500427246094,46.27614904723636,45.970149019627264,46.03134902514908,48137500
QQQ,2010-11-03,46.354835510253906,46.372321702667335,45.77780450121133,46.18872168505156,126225800
QQQ,2010-11-04,46.92311096191406,47.0892280840551,46.77448336331357,46.861910970119816,84201000
QQQ,2010-11-05,46.92311096191406,47.045514280651986,46.78322478993443,46.94934191207547,77937100
QQQ,2010-11-08,46.98429489135742,47.06298103905717,46.73075026708622,46.84440877712987,39623500
QQQ,2010-11-09,46.73077392578125,47.2466048584887,46.520942980633414,47.167918670951984,66828700
QQQ,2010-11-10,46.96684646606445,47.01056028656113,46.424784419423354,46.79198784892702,83553700
QQQ,2010-11-11,46.66956329345703,46.75699088850875,46.04007393660795,46.25864625938622,85163600
QQQ,2010-11-12,45.908939361572266,46.660828851832534,45.55922556887776,46.424770290810145,99164300
QQQ,2010-11-15,45.73408889770508,46.2324336889569,45.71660270597606,46.145002730311816,56723400
QQQ,2010-11-16,44.98219299316406,45.68162388805654,44.457617320632515,45.41059295715777,101097000
QQQ,2010-11-17,45.11333084106445,45.34938937475686,44.89475849525474,45.0084170489176,77836200
QQQ,2010-11-18,45.8389892578125,46.153733946247726,45.57670312916617,45.602930741486084,71488300
QQQ,2010-11-19,45.87397384643555,45.978887658800964,45.58545669349321,45.77780146212143,54506100
QQQ,2010-11-22,46.25865173339844,46.25865173339844,45.611676113949436,45.690362292866894,69918900
QQQ,2010-11-23,45.52424240112305,45.85647326033089,45.261956284969024,45.78652851727706,76818300
QQQ,2010-11-24,46.44226837158203,46.55592696750448,45.95266826942483,45.97015446380909,53444200
QQQ,2010-11-26,46.13625717163086,46.45100192427526,46.048826220813105,46.14499859913776,23640300
QQQ,2010-11-29,46.10128402709961,46.24991497345111,45.550480719102374,46.075056409863926,89269100
QQQ,2010-11-30,45.54174041748047,46.11002992939886,45.35814042199291,45.62042660628225,118862100
QQQ,2010-12-01,46.50345993041992,46.73951850896824,46.19745992219985,46.214946113405276,81758800
QQQ,2010-12-02,46.97557067871094,47.04551543399019,46.52093977484433,46.573398341303765,56844600
QQQ,2010-12-03,47.09798049926758,47.159180505340615,46.77449427643151,46.77449427643151,38014200
QQQ,2010-12-06,47.08047103881836,47.16790195796297,46.93184347899534,47.106701982136016,39312000
QQQ,2010-12-07,47.106712341308594,47.66625700628862,47.054253778285734,47.64877081861433,59067300
QQQ,2010-12-08,47.28157043457031,47.34277042327537,46.940594780878854,47.22911187204488,48066900
QQQ,2010-12-09,47.32529067993164,47.596318285345085,47.16791830607558,47.57009066808564,51679800
QQQ,2010-12-10,47.64002990722656,47.692485135667056,47.2903128202598,47.46517136374318,44696200
QQQ,2010-12-13,47.47393035888672,47.858619963942985,47.44770273496035,47.82364757527414,53110200
QQQ,2010-12-14,47.56135559082031,47.75369703498599,47.41272462448986,47.596324640118524,69884800
QQQ,2010-12-15,47.351505279541016,47.823622271317035,47.23784674408039,47.535105220182096,76951900
QQQ,2010-12-16,47.71870422363281,47.78864562255129,47.264073457642986,47.39521483129582,65519400
QQQ,2010-12-17,47.760780334472656,47.90094389833247,47.66441725773848,47.7783011976755,36844200
QQQ,2010-12-20,47.79581832885742,47.97102026367975,47.445407775687364,47.84837757259904,48159600
QQQ,2010-12-21,48.08489227294922,48.08489227294922,47.8483657094663,47.97977046976632,35775400
QQQ,2010-12-22,48.07612609863281,48.146206176023234,47.997283922967746,48.06736400035816,35766500
QQQ,2010-12-23,47.9535026550293,48.06738324410092,47.83961872419499,47.988541036871425,21664800
QQQ,2010-12-27,47.97977828979492,48.058620490472734,47.48920422538162,47.81333512914729,29263700
QQQ,2010-12-28,47.892181396484375,48.11118717204927,47.78705955990685,48.07614878769871,24160500
QQQ,2010-12-29,47.99729919433594,48.09366225544892,47.944736613248196,48.0235788139986,24132700
QQQ,2010-12-30,47.883399963378906,48.006042604942735,47.78703693307551,47.99728384844304,27553300
QQQ,2010-12-31,47.70820999145508,47.848373532535895,47.489204249656154,47.822093912884,38540100
QQQ,2011-01-03,48.45282745361328,48.78571374715076,48.137458677199135,48.154979536084596,90994300
QQQ,2011-01-04,48.417789459228516,48.66307481896353,48.11117941779735,48.628033098497845,43851500
QQQ,2011-01-05,48.82951736450195,48.84703488155326,48.24258029041921,48.26885990775831,43787400
QQQ,2011-01-06,48.98719787597656,49.02223959322122,48.77695425603276,48.88207606600466,46139600
QQQ,2011-01-07,48.94339370727539,49.1010780812162,48.46158182768373,49.07479846614668,72261700
QQQ,2011-01-10,49.12736511230469,49.21496606430929,48.68935366875744,48.83827595551769,55551800
QQQ,2011-01-11,49.197444915771484,49.3726501605108,49.013480912588136,49.328849684766496,56663800
QQQ,2011-01-12,49.5478515625,49.5478515625,49.23248281478049,49.43396766098755,51979300
QQQ,2011-01-13,49.56538391113281,49.696785358639104,49.41645826051055,49.58290143072357,47364500
QQQ,2011-01-14,49.93330001831055,49.95082087546874,49.460246900324776,49.58288955867032,43867400
QQQ,2011-01-18,50.07345962524414,50.13478094963037,49.48652599418694,49.55660607558768,65805600
QQQ,2011-01-19,49.504066467285156,50.16108382621712,49.33762327272377,50.16108382621712,67767200
QQQ,2011-01-20,49.15363693237305,49.36388052053826,48.77694688333532,49.293800438403714,92357800
QQQ,2011-01-21,48.77695083618164,49.48653052270659,48.750671220971704,49.398926235737044,59673300
QQQ,2011-01-24,49.45149230957031,49.46025106800655,48.77695429006926,48.87331734167829,64103300
QQQ,2011-01-25,49.52157974243164,49.539100603663144,49.10108909816345,49.20621092378985,55305100
QQQ,2011-01-26,49.784385681152344,49.91578711814255,49.45149602560493,49.59165956345189,60547700
QQQ,2011-01-27,50.09099197387695,50.23991426962312,49.86322413810217,49.94206633636847,53656100
QQQ,2011-01-28,48.82075881958008,50.12603449125969,48.59299432194271,50.08223067015503,123359900
QQQ,2011-01-31,49.057289123535156,49.19745267307476,48.52291454661463,48.89084595275771,70571300
QQQ,2011-02-01,49.977108001708984,50.090991919472685,49.37265337683207,49.425212614444305,76952900
QQQ,2011-02-02,49.898250579833984,50.082214538875,49.7931287949193,49.871970969045634,48661000
QQQ,2011-02-03,49.98586654663086,50.05594663904931,49.40769158168981,49.801899202788015,45341900
QQQ,2011-02-04,50.266204833984375,50.30124321714341,49.845714160210626,49.97711561602334,47647800
QQQ,2011-02-07,50.50271224975586,50.78303925894878,50.283706564963786,50.362548745159394,45627100
QQQ,2011-02-08,50.83560562133789,50.87064733784687,50.42387714852445,50.520236856281116,38099900
QQQ,2011-02-09,50.748008728027344,50.91445188210548,50.59032433289552,50.75676748697365,62540800
QQQ,2011-02-10,50.82685089111328,50.896930987923064,50.362559806741366,50.41511904390813,70194700
QQQ,2011-02-11,51.19477462768555,51.229816344034724,50.60784091676584,50.67792100770219,47853500
QQQ,2011-02-14,51.31741714477539,51.38749723094555,51.14221191670733,51.19477114589451,48506100
QQQ,2011-02-15,51.247344970703125,51.308666312728775,51.01081836213453,51.19478238821149,39723800
QQQ,2011-02-16,51.58022689819336,51.72039042202967,51.36122118333899,51.378742041538786,53061700
QQQ,2011-02-17,51.56269454956055,51.65905757730447,51.29112632062414,51.32616802921489,38361900
QQQ,2011-02-18,51.448829650878906,51.65907663823812,51.25610352427984,51.562713574938584,44334300
QQQ,2011-02-22,49.9595832824707,50.92321044598871,49.8807410903807,50.7480052033707,92598100
QQQ,2011-02-23,49.5478515625,50.13478524382989,49.1711614851419,49.95958001267885,97842900
QQQ,2011-02-24,49.8106575012207,49.959579774844954,49.17992000878432,49.65297312811161,98716100
QQQ,2011-02-25,50.50271224975586,50.56403357415672,50.03841792559882,50.09098049298307,54094600
QQQ,2011-02-28,50.60783767700195,50.85312299221975,50.309989790625295,50.704200719912315,51402800
QQQ,2011-03-01,49.79313659667969,50.8268437786292,49.670493938102936,50.8268437786292,91993900
QQQ,2011-03-02,50.055946350097656,50.38007387690636,49.74933968173295,49.76686054017694,61552900
QQQ,2011-03-03,51.04585266113281,51.13345361078483,50.520236937934655,50.520236937934655,64146600
QQQ,2011-03-04,50.783042907714844,51.03708698058796,50.450153307219516,51.02832822294204,62328400
QQQ,2011-03-07,50.09975051879883,51.03709479320223,49.644218190958306,50.993294314744205,98470000
QQQ,2011-03-08,50.301231384277344,50.528999200926435,49.7318185261787,50.03842519271166,62399100
QQQ,2011-03-09,49.9595832824707,50.16983024196472,49.68801833108674,50.117267666650704,84764200
QQQ,2011-03-10,49.17992401123047,49.51281364174834,48.97843914958499,49.39892973150973,102894400
QQQ,2011-03-11,49.48652648925781,49.635448752325196,48.89958951056725,48.89958951056725,81679400
QQQ,2011-03-14,49.31134033203125,49.574146589580295,48.93465013756455,49.21497725785193,73565800
QQQ,2011-03-15,48.61051940917969,48.899605271387514,47.71697551749273,47.86589782855923,101276500
QQQ,2011-03-16,47.4366340637207,48.479099951086305,47.10374447731154,48.20753169088914,176507700
QQQ,2011-03-17,47.874637603759766,48.39149108413767,47.41910543954864,48.19000294043414,94434500
QQQ,2011-03-18,47.76675033569336,48.44224012649242,47.73165917465715,48.44224012649242,94887200
QQQ,2011-03-21,48.687889099121094,48.933520621901195,47.810629836073865,48.49489099037758,57423000
QQQ,2011-03-22,48.600154876708984,48.7843784822728,48.49488137654865,48.758061780471635,36162100
QQQ,2011-03-23,48.872074127197266,49.01243536452574,48.09131453540287,48.424673728986456,60365100
QQQ,2011-03-24,49.740570068359375,49.8458401776932,48.96858145813298,49.24053286592817,69502400
QQQ,2011-03-25,49.8634033203125,50.196762688199776,49.76690429172847,49.89849448461171,74131100
QQQ,2011-03-28,49.59144592285156,50.09148324201509,49.56512922599365,50.082712125221526,37824000
QQQ,2011-03-29,50.073951721191406,50.073951721191406,49.328279468076026,49.477415257290275,47994800
QQQ,2011-03-30,50.3108024597168,50.38098478623289,50.07394547391879,50.31957692377007,44935900
QQQ,2011-03-31,50.380977630615234,50.424839905219265,50.13534621565102,50.22307076485909,50004300
QQQ,2011-04-01,50.40728759765625,50.79328359419342,50.2581552146135,50.63537674951486,68031800
QQQ,2011-04-04,50.24061965942383,50.600295689275534,50.02130492545383,50.54765894839092,48659100
QQQ,2011-04-05,50.10902404785156,50.43361222840037,50.003753923972525,50.144115204636876,55349400
QQQ,2011-04-06,50.23184585571289,50.644158631863945,49.942352143238864,50.49502621711494,49532100
QQQ,2011-04-07,50.19673538208008,50.53009122215017,49.837059509864396,50.21428095468521,60697000
QQQ,2011-04-08,49.95991516113281,50.5038149613434,49.6967380543521,50.42486149466134,42782200
QQQ,2011-04-11,49.79319381713867,50.25814312416367,49.61774478434894,50.15286968871888,42451700
QQQ,2011-04-12,49.451080322265625,49.687940612790975,49.25808565131962,49.56512490951344,50422800
QQQ,2011-04-13,49.87217330932617,50.00376349923095,49.47740943256691,49.81953991054629,49979800
QQQ,2011-04-14,49.78445053100586,49.85463286053065,49.3282754285277,49.53004460619498,53544100
QQQ,2011-04-15,49.696720123291016,49.88971481384065,49.37213190711354,49.59144664137965,68530000
QQQ,2011-04-18,49.34581756591797,49.36336314707425,48.529966447776594,49.196685145805695,69065000
QQQ,2011-04-19,49.65284729003906,49.65284729003906,49.21421788519251,49.477398205281865,38608400
QQQ,2011-04-20,50.77574920654297,50.82838260204993,50.46870656468395,50.53011442376029,67397500
QQQ,2011-04-21,51.17928695678711,51.29333155658753,51.02138007905646,51.26701151264756,43666800
QQQ,2011-04-25,51.31087875366211,51.337195451953924,51.126651826187214,51.223150848560394,25376800
QQQ,2011-04-26,51.60038375854492,51.784607379829396,51.32843221297394,51.44247684130734,49400000
QQQ,2011-04-27,51.95126724243164,52.01267509075553,51.46000110936375,51.696861387103084,56465500
QQQ,2011-04-28,51.87232971191406,51.96005428026512,51.653014944558656,51.793376261807005,48100000
QQQ,2011-04-29,51.828453063964844,52.012676614332875,51.740725173448986,51.77581632965533,44831200
QQQ,2011-05-02,51.7319450378418,52.056529809964935,51.60035489825002,51.90739409532916,48149400
QQQ,2011-05-03,51.486331939697266,51.75828344728786,51.1705214958059,51.70564670006713,38100000
QQQ,2011-05-04,51.407379150390625,51.644239496200456,50.97752408858877,51.512652646180136,53097200
QQQ,2011-05-05,51.12664031982422,51.73195101612625,50.95119124206149,51.15296035866995,72200000
QQQ,2011-05-06,51.293338775634766,51.93373749368248,51.15297745861716,51.63546927671033,72507000
QQQ,2011-05-09,51.486331939697266,51.688101117660224,51.17929261377052,51.38106179173348,40022000
QQQ,2011-05-10,51.924964904785156,52.00391835761465,51.56528880777923,51.635471142062286,38053600
QQQ,2011-05-11,51.5477180480957,52.030212994444504,51.19681658749578,51.845986130167574,61900000
QQQ,2011-05-12,51.85477828979492,51.92495726727764,51.09156392235432,51.389832106230024,66100000
QQQ,2011-05-13,51.24070739746094,51.81969830915345,51.22316181268503,51.73197373175203,63506600
QQQ,2011-05-16,50.35466003417969,51.161736581179824,50.24061544506811,51.003829718249015,73115300
QQQ,2011-05-17,50.49502182006836,50.50379293632857,49.986210068573584,50.09148019608122,63136000
QQQ,2011-05-18,50.91612243652344,51.00384701390974,50.36344822885101,50.42485610231705,42351100
QQQ,2011-05-19,51.06523895263672,51.17928354483416,50.74942521822968,51.07401341552418,35015800
QQQ,2011-05-20,50.679256439208984,51.0652492219542,50.60907410790381,51.01261581995306,44703300
QQQ,2011-05-23,49.93356704711914,50.13533950695685,49.696710126656185,49.98620377748679,43700000
QQQ,2011-05-24,49.62654113769531,50.06517063571028,49.61777002018511,50.05639951820008,39314800
QQQ,2011-05-25,49.819522857666016,50.05638311053246,49.5388003386709,49.56511702905282,41369000
QQQ,2011-05-26,50.1265754699707,50.26693676699829,49.66162930103129,49.6704004180117,40564100
QQQ,2011-05-27,50.380977630615234,50.4336143680263,50.170434027448024,50.21429964852909,30127200
QQQ,2011-05-31,51.196834564208984,51.196834564208984,50.591523726783976,50.85470409773959,47590100
QQQ,2011-06-01,50.082706451416016,51.19682556070557,50.03884417946286,51.074009860646015,51795000
QQQ,2011-06-02,50.18798065185547,50.3634331004028,49.907258072770574,50.1792095353428,50198100
QQQ,2011-06-03,49.43354034423828,49.99498888157932,49.36336136861897,49.60899280300252,57773700
QQQ,2011-06-06,49.029998779296875,49.59144393291814,49.003682083494965,49.3194958190262,50175600
QQQ,2011-06-07,48.94227600097656,49.35458541820189,48.90718484098545,49.1615907312052,46311100
QQQ,2011-06-08,48.59136962890625,48.924728945816035,48.451008339651146,48.83700104848341,46426400
QQQ,2011-06-09,48.679115295410156,48.91597233847461,48.45102602556377,48.60893295192563,45307500
QQQ,2011-06-10,47.933433532714844,48.5475155315804,47.88957124989823,48.45101650149726,53740600
QQQ,2011-06-13,47.933433532714844,48.187839458119925,47.766755519420656,47.959750233109276,37736800
QQQ,2011-06-14,48.54749298095703,48.66153754048792,48.27554159945294,48.30186163409922,40565300
QQQ,2011-06-15,47.626407623291016,48.380851147589574,47.52990856602325,48.082582855343134,59022400
QQQ,2011-06-16,47.442169189453125,47.8106163698473,47.038627498788344,47.6527094792562,66316200
QQQ,2011-06-17,47.2935791015625,48.0057501920517,47.15290304075139,47.82990763152419,70337000
QQQ,2011-06-20,47.53974533081055,47.680421344161225,47.16167791605921,47.16167791605921,37402900
QQQ,2011-06-21,48.55964279174805,48.61239754963643,47.50457111184331,47.706792652778155,55892800
QQQ,2011-06-22,48.207969665527344,48.63878858516845,48.19917552611669,48.35743649569384,36833300
QQQ,2011-06-23,48.65636444091797,48.68274014627082,47.530956292785056,47.689217232863854,80743300
QQQ,2011-06-24,47.81232452392578,48.47174421294027,47.71560909956654,48.427783571135706,56298300
QQQ,2011-06-27,48.57724380493164,48.823426048678016,47.75956323365227,47.865069430403366,49968900
QQQ,2011-06-28,49.29820251464844,49.30699665304959,48.61240729452638,48.682743631830164,47028800
QQQ,2011-06-29,49.50044250488281,49.59715793937655,49.14875397961197,49.41252121206068,65407300
QQQ,2011-06-30,50.159854888916016,50.195024742467425,49.64990542834796,49.67628114152059,50347200
QQQ,2011-07-01,50.915977478027344,50.98631716787218,50.0455422630931,50.18622164278276,53203900
QQQ,2011-07-05,51.17095184326172,51.22370325462371,50.84563917526619,50.968730273752016,43128800
QQQ,2011-07-06,51.338008880615234,51.425933498616665,50.94235648456186,51.10941158177397,49282700
QQQ,2011-07-07,52.04140090942383,52.190871117084015,51.64575177722531,51.72488227446141,54799800
QQQ,2011-07-08,51.900726318359375,51.909520459403446,51.32043710678804,51.592998461458706,69519500
QQQ,2011-07-11,50.959938049316406,51.61935754794829,50.78409217888503,51.35559041929174,52080800
QQQ,2011-07-12,50.573097229003906,51.0566710236906,50.52034244351763,50.9511648067002,84000700
QQQ,2011-07-13,50.78409194946289,51.294044636012,50.59945529563552,50.942352896738065,82378100
QQQ,2011-07-14,50.195011138916016,51.15336758758191,50.00158035078756,50.91597617141906,98774200
QQQ,2011-07-15,50.86323547363281,50.86323547363281,50.388455863968936,50.75772926637216,68281500
QQQ,2011-07-18,50.590675354003906,50.81048189966366,50.09830748429265,50.58188121394776,59512200
QQQ,2011-07-19,51.74245071411133,51.78641469895785,51.074240404606705,51.074240404606705,73904600
QQQ,2011-07-20,51.52265930175781,52.04140294751397,51.43473801426645,52.03261216035769,57085500
QQQ,2011-07-21,51.86553955078125,52.15568236620879,51.29404134957257,51.57539338137294,70148800
QQQ,2011-07-22,52.40187072753906,52.48979534407061,51.80399675104927,51.83916659766189,43620400
QQQ,2011-07-25,52.296356201171875,52.586502358480104,51.891913091573116,51.98862847734252,48916100
QQQ,2011-07-26,52.428253173828125,52.60409906426121,52.15569187595778,52.26119806862507,40918900
QQQ,2011-07-27,51.07425308227539,52.12932525484041,50.94236780296152,52.08536461306311,83969500
QQQ,2011-07-28,51.16215896606445,51.812787672068495,50.898391840812366,51.100613415305,61031900
QQQ,2011-07-29,50.99510955810547,51.53143797112942,50.502741775628486,50.74892734385754,82860500
QQQ,2011-08-01,50.75774002075195,51.71609693754282,50.142280865696634,51.61059070792786,85421100
QQQ,2011-08-02,49.474056243896484,50.74893484200855,49.421301467056935,50.52033416301879,90853300
QQQ,2011-08-03,49.94883728027344,50.01038284059598,48.66516459101962,49.535599928980794,103612300
QQQ,2011-08-04,47.627662658691406,49.31577803384331,47.627662658691406,49.23664757322712,132830000
QQQ,2011-08-05,47.328765869140625,48.383835025283084,46.00113192642126,48.11127694667227,214111800
QQQ,2011-08-08,44.48005676269531,46.70449813397921,44.48005676269531,45.8780266545018,204804500
QQQ,2011-08-09,46.6253547668457,46.669318751030126,43.89975544646622,45.14825478494243,193707100
QQQ,2011-08-10,44.71745681762695,46.634170705539695,44.664702024332804,45.57030752897769,205917900
QQQ,2011-08-11,46.68689727783203,47.20564072998487,45.139461059229816,45.35926754990507,143825300
QQQ,2011-08-12,47.100135803222656,47.390281988522894,46.49347108029621,46.977044701815636,90483300
QQQ,2011-08-15,47.794742584228516,47.794742584228516,47.064983139521246,47.29358385756683,73554300
QQQ,2011-08-16,47.39028549194336,47.7859345317205,46.75724166192999,47.32873993668997,89219200
QQQ,2011-08-17,47.10893630981445,47.84748301809828,46.61656848364382,47.451833954083774,84416600
QQQ,2011-08-18,44.79657745361328,45.84285546838886,44.383340048878345,45.834064681769405,130019400
QQQ,2011-08-19,43.98768615722656,45.429616603160355,43.952519657897355,44.3305838420545,96674600
QQQ,2011-08-22,44.145957946777344,45.051563444260786,44.01407599555888,45.042769301789974,77107700
QQQ,2011-08-23,45.9659423828125,45.9659423828125,44.260244846848636,44.44488153473502,75688400
QQQ,2011-08-24,46.3264274597168,46.41435209246487,45.46478618267654,45.834062932254824,80197700
QQQ,2011-08-25,45.57030487060547,46.51107682858327,45.412043853937945,46.300061021699086,93623700
QQQ,2011-08-26,46.713287353515625,46.871548332441954,44.97241993930768,45.42082381027783,91573300
QQQ,2011-08-29,48.01454162597656,48.067293049568576,47.161691168768,47.17927609462589,45985800
QQQ,2011-08-30,48.331058502197266,48.621201363394306,47.57492353971209,47.838690691886114,61617900
QQQ,2011-08-31,48.410186767578125,49.00806074059873,48.00574024184219,48.62119913806707,60900400
QQQ,2011-09-01,47.970577239990234,48.920139684247644,47.88265261757105,48.53328140754743,57158400
QQQ,2011-09-02,46.845176696777344,48.01454929832109,46.5902036160494,47.10894727281249,58185700
QQQ,2011-09-06,46.85395431518555,46.92429065107073,45.64062149684178,45.75492181588384,52992200
QQQ,2011-09-07,48.04092025756836,48.049714398022616,47.39029473119147,47.522176652168575,48952200
QQQ,2011-09-08,47.821109771728516,48.50690509559589,47.66284879637734,47.794734060497184,61422800
QQQ,2011-09-09,46.75725173950195,47.68923276189322,46.46710547021698,47.48700777506809,63663500
QQQ,2011-09-12,47.3551139831543,47.39028382891668,46.22091161217568,46.23849653505687,65973000
QQQ,2011-09-13,47.98816680908203,48.08487887213146,47.30236810376191,47.53096879019586,59020000
QQQ,2011-09-14,48.673954010009766,49.21907321456359,47.7595581253522,48.23434099092223,90757300
QQQ,2011-09-15,49.39493179321289,49.48285307804388,48.70034223950913,49.201500941806266,83536100
QQQ,2011-09-16,49.84770202636719,49.900554660559074,49.40727348871072,49.50416830462764,91902100
QQQ,2011-09-19,49.865291595458984,50.12954789775805,48.82588056090829,49.231073781780275,73042900
QQQ,2011-09-20,49.64509963989258,50.51714616327555,49.53058729230598,50.12076321275749,66570100
QQQ,2011-09-21,48.78184127807617,50.14716838723291,48.773030830033086,49.900529605248856,79938000
QQQ,2011-09-22,47.19630432128906,47.97145580980844,46.46519163620177,47.539837901914964,151885500
QQQ,2011-09-23,47.69839096069336,47.90098759554527,46.76468166249614,46.79991673643602,85940600
QQQ,2011-09-26,48.25333023071289,48.34141791917051,46.870385443844754,47.93622127266894,96261400
QQQ,2011-09-27,48.75542449951172,49.50415482578755,48.42950841124223,49.072533497915394,81148600
QQQ,2011-09-28,48.033119201660156,49.30155511706693,47.91861023945412,48.96682859936771,76757100
QQQ,2011-09-29,47.460548400878906,48.825875281975996,46.65896913312249,48.76421559677941,116900200
QQQ,2011-09-30,46.23617935180664,47.22273812171614,46.209751360330664,46.82635185159999,104870100
QQQ,2011-10-03,45.04700469970703,46.55326863623587,45.02058007772619,45.82215942642293,99149500
QQQ,2011-10-04,45.97190856933594,46.05999625278587,44.13091798775164,44.58896386108666,137013700
QQQ,2011-10-05,47.15226364135742,47.284393506034036,45.50506235878632,45.857406424455945,108825700
QQQ,2011-10-06,47.945030212402344,47.953837300870006,46.87038396845924,47.09059814236878,71939200
QQQ,2011-10-07,47.62791442871094,48.14761993895662,47.31961597356568,47.91859870944888,72525200
QQQ,2011-10-10,49.27511978149414,49.27511978149414,48.35022097121901,48.4383086523223,48230200
QQQ,2011-10-11,49.609867095947266,49.73318654111074,49.06373668442209,49.143013950627584,66449100
QQQ,2011-10-12,49.85648727416992,50.411427929328454,49.82125556034841,50.0855118951186,85627600
QQQ,2011-10-13,50.31453323364258,50.37619293317755,49.70674332671144,49.759595937827825,63443700
QQQ,2011-10-14,51.248252868652344,51.2570599588467,50.65807701956148,50.93114385841872,65643600
QQQ,2011-10-17,50.455482482910156,51.16897778619549,50.18241899267445,51.0104232743543,65161300
QQQ,2011-10-18,51.08089065551758,51.34514704078199,49.909349421902306,50.376202481209496,91434600
QQQ,2011-10-19,50.09432601928711,50.95756529288615,49.9269644344737,50.799010797714686,67639400
QQQ,2011-10-20,49.84770202636719,50.13838311391486,49.14301703815746,50.08553383992605,80378300
QQQ,2011-10-21,50.47308349609375,50.79019241593413,50.015037651902226,50.37618873056459,60455800
QQQ,2011-10-24,51.52131271362305,51.662249659017014,50.48190148126683,50.65807014285792,61449500
QQQ,2011-10-25,50.508323669433594,51.37156283831133,50.402621805542886,51.3539453009626,65299200
QQQ,2011-10-26,50.4466667175293,50.8959021836938,49.51295734838111,50.79020031404366,98193800
QQQ,2011-10-27,51.83841323852539,52.14671508648847,51.11611104416841,51.653434145868445,104455500
QQQ,2011-10-28,51.91770553588867,51.97936525133086,51.5301297016517,51.54774724323554,42950000
QQQ,2011-10-31,51.045650482177734,51.65344044366975,51.01041540493712,51.46846132845939,60520200
QQQ,2011-11-01,49.71554946899414,51.01040985498933,49.433675602141,49.7860196158082,99933000
QQQ,2011-11-02,50.13835906982422,50.3497661450074,49.662699031014625,50.23525383927478,65003800
QQQ,2011-11-03,51.17777633666992,51.248246490263206,49.95338597970251,50.534751306039624,78994200
QQQ,2011-11-04,50.913516998291016,51.133731175065805,50.40262185547837,50.9311345356572,61527800
QQQ,2011-11-07,51.27467727661133,51.30991235764023,50.358585331073584,50.8782910155419,65559000
QQQ,2011-11-08,51.864845275878906,51.952929604921536,51.06326578486458,51.64463109307056,62906900
QQQ,2011-11-09,50.041473388671875,50.93994768069348,49.8829189041856,50.86067043845034,69539000
QQQ,2011-11-10,50.01504898071289,50.578796805810846,49.53057840353197,50.53475463701296,66052400
QQQ,2011-11-11,50.95756912231445,51.107316539097404,50.38501416690332,50.44667387963679,54471000
QQQ,2011-11-14,50.64045715332031,51.09849971644895,50.455474677985464,50.81662581904583,44617600
QQQ,2011-11-15,51.20420837402344,51.40680504132436,50.43786051399572,50.49071313337071,52203900
QQQ,2011-11-16,50.35857009887695,51.23061960945674,50.26167869565809,50.83423346828411,68342800
QQQ,2011-11-17,49.17824172973633,50.244077759063785,48.86993980244003,50.22646021805808,101706900
QQQ,2011-11-18,48.799476623535156,49.23990510078655,48.71138891196331,49.18705247384344,60417000
QQQ,2011-11-21,47.86577224731445,48.20930595929613,47.37249108947746,48.13883914257827,52283700
QQQ,2011-11-22,48.024322509765625,48.16525949085727,47.4517641339668,47.74244854758233,51940100
QQQ,2011-11-23,46.940853118896484,47.71600457523074,46.91442513365217,47.66315532514524,48437300
QQQ,2011-11-25,46.579708099365234,47.275582411255094,46.57089764973258,46.73826259073305,25448100
QQQ,2011-11-28,48.20048141479492,48.26214111717336,47.68958289771446,47.71600752439042,46710700
QQQ,2011-11-29,47.900997161865234,48.53521181843424,47.76006019816076,48.17406063892888,52056700
QQQ,2011-11-30,49.67152404785156,49.71556622435286,49.03730595358425,49.204670928572945,66918600
QQQ,2011-12-01,50.01504898071289,50.14717884730864,49.636280280687316,49.662708270127716,45362200
QQQ,2011-12-02,49.87409591674805,50.50831369525283,49.83005376217432,50.50831369525283,36938900
QQQ,2011-12-05,50.420257568359375,50.75498081837302,50.13838022909085,50.62285428080012,40492200
QQQ,2011-12-06,50.27931594848633,50.605232076728555,50.111950978689656,50.46429510017495,38670000
QQQ,2011-12-07,50.27931594848633,50.50833727530997,49.636287422745276,50.138375611730154,44576200
QQQ,2011-12-08,49.43368148803711,50.34096625518684,49.33678670473162,49.953387121964916,51692600
QQQ,2011-12-09,50.22645568847656,50.37619973321712,49.539388452227776,49.557002631442614,55757900
QQQ,2011-12-12,49.6627082824707,50.21764565782574,49.23989741354215,49.69794000139651,55411700
QQQ,2011-12-13,49.116573333740234,50.19121969722079,48.913976674431964,49.98862303791252,68557700
QQQ,2011-12-14,48.3502197265625,48.966820037606894,48.077156322675265,48.93158496607262,63682800
QQQ,2011-12-15,48.21808624267578,48.817065570721866,48.14761610984631,48.764216331300645,58732900
QQQ,2011-12-16,48.46632766723633,49.12891872348886,48.38681660568153,48.47516073180358,60978900
QQQ,2011-12-19,47.989288330078125,48.76672988430889,47.85676869613489,48.65187975956571,46733900
QQQ,2011-12-20,49.411651611328125,49.47349320822927,48.74022374480959,48.766729693563136,81758800
QQQ,2011-12-21,48.70488357543945,49.15544422105334,48.13947281619302,49.12010520607195,78552300
QQQ,2011-12-22,49.12009811401367,49.14660405647971,48.7402121830973,48.81089020285545,40334100
QQQ,2011-12-23,49.544166564941406,49.544166564941406,49.102438988735216,49.21728573206678,26594600
QQQ,2011-12-27,49.72895812988281,49.888115983214796,49.4548463793048,49.507901245789036,21443500
QQQ,2011-12-28,49.15421676635742,49.746647691685766,49.02158126540226,49.66706706572485,38180100
QQQ,2011-12-29,49.50790023803711,49.54326677524634,49.07462726988618,49.23378849303874,28077900
QQQ,2011-12-30,49.36643981933594,49.62286331846516,49.35759565239895,49.40180636789975,21832400
QQQ,2012-01-03,50.31256103515625,50.5689845227531,50.1799255215576,50.32140182863426,39514100
QQQ,2012-01-04,50.52477264404297,50.595512482480515,50.01192230761536,50.23297924314097,29403400
QQQ,2012-01-05,50.940364837646484,50.98457555367641,50.22413909494053,50.41867029314592,41260600
QQQ,2012-01-06,51.11722183227539,51.23216904353117,50.75468848763778,50.949216353719486,46325200
QQQ,2012-01-09,50.949188232421875,51.26751067602815,50.78118621965646,51.24982572104333,39195500
QQQ,2012-01-10,51.32057189941406,51.63889438245933,50.966879502016944,51.48857393299431,35949900
QQQ,2012-01-11,51.42669677734375,51.54164735382644,51.11721834803871,51.311746200861066,37144100
QQQ,2012-01-12,51.63006591796875,51.70080576818434,51.161426216006504,51.541644478260984,26188300
QQQ,2012-01-13,51.444366455078125,51.4620514133639,51.00225261711634,51.355945036710125,35980400
QQQ,2012-01-17,51.91302490234375,52.13408190162786,51.71849703665599,51.89533993763357,41790800
QQQ,2012-01-18,52.60271453857422,52.60271453857422,51.88648878949169,52.01028014470218,48692700
QQQ,2012-01-19,52.92987823486328,53.02714383546974,52.74419120082993,52.84145342837492,47774500
QQQ,2012-01-20,52.85029220581055,52.87681795852119,52.664605190713814,52.699971736640954,41041700
QQQ,2012-01-23,52.867977142333984,53.2393511723661,52.55849541091277,52.859132976060195,40958300
QQQ,2012-01-24,52.770721435546875,52.912197764875614,52.53197949735554,52.62924510621813,38440200
QQQ,2012-01-25,53.43388748168945,53.56652300403627,52.90335213842509,53.28356699815897,61591800
QQQ,2012-01-26,53.2481803894043,53.76103057828604,52.99175360843333,53.663765014948076,37852700
QQQ,2012-01-27,53.4073600769043,53.504622300818276,53.106722492190265,53.13324824661578,45532300
QQQ,2012-01-30,53.451560974121094,53.5311415958418,52.75302033602387,52.956392286407734,42797800
QQQ,2012-01-31,53.52230453491211,53.81410131097332,53.17745625270245,53.716835718952915,51449600
QQQ,2012-02-01,53.955570220947266,54.15010137832668,53.63724773543938,53.8317788928188,46146700
QQQ,2012-02-02,54.12358093261719,54.30042716103487,53.911368156964976,54.13242509922176,46373600
QQQ,2012-02-03,54.8663444519043,54.92824013949457,54.539181049918284,54.627602497029535,36453800
QQQ,2012-02-06,54.82212829589844,54.83981325818064,54.52149068322427,54.66296700842025,28541300
QQQ,2012-02-07,54.93708038330078,55.043186786866364,54.530332985686165,54.77791909142153,37935700
QQQ,2012-02-08,55.2288818359375,55.2288818359375,54.742557095003846,54.945929136737476,41171100
QQQ,2012-02-09,55.626773834228516,55.68866951380087,55.10507926850334,55.441086795511474,46856400
QQQ,2012-02-10,55.23771667480469,55.38803379514956,55.04318546206504,55.228872507101066,58090500
QQQ,2012-02-13,55.75056076049805,55.821300601848336,55.39687167293047,55.65329516517205,36810200
QQQ,2012-02-14,55.892032623291016,55.90087678928679,55.43223381028023,55.62676498545507,51648200
QQQ,2012-02-15,55.50297927856445,56.4667877131912,55.41455447493825,56.15730596009154,105709100
QQQ,2012-02-16,56.2634162902832,56.32531196691335,55.37918848349669,55.520664797660075,83642300
QQQ,2012-02-17,56.0865592956543,56.31645699717224,55.838976636625624,56.272246289925796,76112300
QQQ,2012-02-21,56.24571228027344,56.493294902943575,55.89201992812159,56.148446714778665,38141300
QQQ,2012-02-22,55.98929977416992,56.30762229768543,55.90971914329104,56.13962024274607,43174700
QQQ,2012-02-23,56.36067199707031,56.42256766283738,55.785922674306605,56.0600344606042,54250000
QQQ,2012-02-24,56.55520248413086,56.65246807013555,56.41372618804976,56.51983256684534,41364900
QQQ,2012-02-27,56.634796142578125,56.820483180401155,55.99815101511455,56.245733732211924,42678500
QQQ,2012-02-28,57.20953369140625,57.20953369140625,56.6171027079841,56.687842548246515,43717500
QQQ,2012-02-29,56.9531135559082,57.439434778763726,56.76741978875481,57.2537477577328,59784400
QQQ,2012-03-01,57.40403747558594,57.4570957035151,56.99729370743169,57.16529906132208,67558900
QQQ,2012-03-02,57.359859466552734,57.54554649389128,57.17417243921418,57.32448954523262,33358200
QQQ,2012-03-05,56.767417907714844,57.39522553636436,56.58173426589795,57.324485698471136,45788800
QQQ,2012-03-06,56.21036911010742,56.34300464852507,55.909731479681035,56.21036911010742,54638600
QQQ,2012-03-07,56.64362716674805,56.77626267767757,56.387203684311416,56.475625109556994,42741800
QQQ,2012-03-08,57.25374984741211,57.421755287576914,56.85585003726915,56.9796413891413,43711100
QQQ,2012-03-09,57.492496490478516,57.59860626966829,57.31565360461924,57.351023531015834,43117200
QQQ,2012-03-12,57.519012451171875,57.57206395244618,57.22721570191975,57.474798369362134,32687300
QQQ,2012-03-13,58.588932037353516,58.588932037353516,57.71354171611053,57.82849564001722,61559100
QQQ,2012-03-14,58.79230880737305,59.013365773444214,58.42977889100041,58.65083585707158,59926900
QQQ,2012-03-15,58.96031951904297,59.08411089139397,58.66852267873397,58.969163687389134,65531200
QQQ,2012-03-16,58.918678283691406,59.05153895854598,58.77696518606792,59.05153895854598,53023100
QQQ,2012-03-19,59.33498001098633,59.47669988553015,58.856685570764256,59.01611705083828,60966200
QQQ,2012-03-20,59.441253662109375,59.50325440087371,58.86552865496988,59.024960091445834,47290600
QQQ,2012-03-21,59.450103759765625,59.77781900421298,59.37038467491851,59.450103759765625,39648100
QQQ,2012-03-22,59.32612228393555,59.467835388236296,59.0604009217061,59.09583088717502,56953900
QQQ,2012-03-23,59.29068374633789,59.41468522876376,58.95410250183283,59.39696686980351,45541700
QQQ,2012-03-26,60.326988220214844,60.326988220214844,59.63612084760065,59.68926241239425,40855300
QQQ,2012-03-27,60.415557861328125,60.663560832721835,60.344697938765876,60.37127547790733,37278200
QQQ,2012-03-28,60.176422119140625,60.681287309175104,59.82212921651159,60.450995908829974,44421900
QQQ,2012-03-29,59.94613265991211,60.167564886528574,59.52097981147538,59.87527272557677,53975300
QQQ,2012-03-30,59.83098220825195,60.24726906138549,59.59183165174665,60.21184585660445,39480900
QQQ,2012-04-02,60.45100021362305,60.53071257466409,59.66270199686463,59.768991902494896,40031600
QQQ,2012-04-03,60.43328094482422,60.716713899655,60.09669966513007,60.5041341153509,45539900
QQQ,2012-04-04,59.60956954956055,60.017004113828236,59.2641357503428,59.981574139860186,54088100
QQQ,2012-04-05,59.98155975341797,60.034701322835865,59.458976209700474,59.50326535593202,42979900
QQQ,2012-04-09,59.52983474731445,59.76898531924746,59.13125947085917,59.23754260720735,36908200
QQQ,2012-04-10,58.57325744628906,59.73356705340985,58.38725516367645,59.50327561692827,69254200
QQQ,2012-04-11,58.85668182373047,59.246404696339226,58.70610953479531,59.086973226415196,62950000
QQQ,2012-04-12,59.52983474731445,59.59183549604249,58.88325647594701,58.971828008762095,57407400
QQQ,2012-04-13,58.62640380859375,59.52098521995783,58.599833020197416,59.326130519192745,55227500
QQQ,2012-04-16,57.970943450927734,58.954102894985034,57.78494122604852,58.918672934402224,57588000
QQQ,2012-04-17,59.148983001708984,59.33498528540022,58.13039327500119,58.21897158325277,47362400
QQQ,2012-04-18,58.99840545654297,59.34383920383987,58.82126237090501,58.980687093433836,42536100
QQQ,2012-04-19,58.334102630615234,59.494405262268295,58.12152959863048,58.78582623646083,81110900
QQQ,2012-04-20,58.1746711730957,58.90982774085334,58.086099639557695,58.652965563290735,59906900
QQQ,2012-04-23,57.64324188232422,57.73181342610796,57.12065828612154,57.62552351902209,70514400
QQQ,2012-04-24,57.33322525024414,57.77608962747967,57.08521552262999,57.53693907953098,49661500
QQQ,2012-04-25,58.85668182373047,58.89211179011082,58.43153574231648,58.520107279479795,57526900
QQQ,2012-04-26,59.20209884643555,59.33495949348446,58.76809370647743,58.84781279773607,41799500
QQQ,2012-04-27,59.55642318725586,59.74242548858147,59.140129426279934,59.4501400193994,46003800
QQQ,2012-04-30,59.131263732910156,59.49440907089917,59.086974584522956,59.37926674569783,37787700
QQQ,2012-05-01,59.228694915771484,59.90184402500116,58.98068514347202,59.069263440938066,37643800
QQQ,2012-05-02,59.396949768066406,59.44123889514121,58.79465413073798,58.93637393131974,38299300
QQQ,2012-05-03,58.76811981201172,59.476705739319854,58.617547498671016,59.43241658477201,51297600
QQQ,2012-05-04,57.306640625,58.76809424067614,57.2977882040033,58.227799226653005,107554000
QQQ,2012-05-07,57.35979080200195,57.63436452843055,56.94349724414343,56.96120884428542,50267800
QQQ,2012-05-08,57.147216796875,57.3420782058836,56.22606145153223,56.996644529031684,72659700
QQQ,2012-05-09,56.97008514404297,57.28894810301289,56.252643486360654,56.48293490285571,85715300
QQQ,2012-05-10,56.85492706298828,57.244643093422376,56.6423506896398,57.226931492864594,49448900
QQQ,2012-05-11,56.8460693359375,57.44836513389131,56.606922176857,56.66006711624831,47099900
QQQ,2012-05-14,56.314632415771484,56.7574967661486,56.22605751842395,56.358918175051826,46360000
QQQ,2012-05-15,56.128639221191406,56.925793200712704,56.031208501977254,56.46521714789823,66908600
QQQ,2012-05-16,55.74776840209961,56.491780715190544,55.63262609300241,56.323493462734284,52825900
QQQ,2012-05-17,54.56974792480469,55.85405526680277,54.560888745330594,55.76548036599673,62253900
QQQ,2012-05-18,53.86117935180664,54.879765630006055,53.81689020071236,54.73804913135275,79496500
QQQ,2012-05-21,55.36689376831055,55.420038701123836,53.89658441500798,53.967444325425696,61473000
QQQ,2012-05-22,55.30491638183594,55.75664005446777,54.90634104323927,55.52634862718427,62954800
QQQ,2012-05-23,55.411190032958984,55.54404731391076,54.3571706919588,54.835465012473826,56951100
QQQ,2012-05-24,55.04805374145508,55.54405977433854,54.64061587028806,55.49091820155114,83131200
QQQ,2012-05-25,54.9771728515625,55.19860499721203,54.81774143639193,55.10117431252041,32078900
QQQ,2012-05-29,55.67691421508789,55.933776384024206,55.16318987721527,55.49091197363221,44216700
QQQ,2012-05-30,55.207489013671875,55.4023470919377,54.63176382444284,55.17205904351884,56431800
QQQ,2012-05-31,54.968326568603516,55.278330274666615,54.55203298150136,55.1366138120682,55260100
QQQ,2012-06-01,53.506874084472656,54.31288711833058,53.489159103875146,53.976309244551985,71430800
QQQ,2012-06-04,53.914302825927734,53.99401854083079,53.17914979185444,53.65744408127276,74119500
QQQ,2012-06-05,54.1357421875,54.242032074023015,53.70173697661943,53.7283077588566,47916900
QQQ,2012-06-06,55.37577819824219,55.420063973054624,54.49004918684123,54.54319414388898,58781800
QQQ,2012-06-07,55.15434646606445,55.96035973889679,55.11006069083394,55.96035973889679,38414800
QQQ,2012-06-08,55.68577575683594,55.75663569162096,54.879762581988466,55.065764842617654,39730800
QQQ,2012-06-11,54.74689483642578,56.13748869301973,54.711464875787044,56.11091453314717,51008900
QQQ,2012-06-12,55.411190032958984,55.437760813391954,54.631747811984894,55.00375225319418,48802600
QQQ,2012-06-13,55.03034210205078,55.66806466577089,54.84433644962735,55.2517743455563,50840100
QQQ,2012-06-14,55.23405075073242,55.45548295972106,54.738041386234414,55.021474343436886,65170600
QQQ,2012-06-15,55.9202880859375,56.000187027458146,55.36099549529298,55.38762734694891,41536100
QQQ,2012-06-18,56.44407272338867,56.58611491846532,55.60069570850412,55.68947081046963,32191200
QQQ,2012-06-19,57.02999496459961,57.26969519515569,56.68376731877973,56.72815825721048,36476500
QQQ,2012-06-20,57.07440185546875,57.32297492470277,56.6482751425444,57.15429743924762,51389700
QQQ,2012-06-21,55.653961181640625,57.092138875761705,55.59181793098159,57.02999562510267,42492700
QQQ,2012-06-22,56.239891052246094,56.31091385210194,55.68947789957724,55.84039965599417,29504200
QQQ,2012-06-25,55.15681457519531,55.796002773086194,54.99701667908431,55.77825046156553,33136400
QQQ,2012-06-26,55.5030403137207,55.662838204339764,55.094669431717776,55.34324242310164,30611100
QQQ,2012-06-27,55.84040069580078,56.088973726817954,55.65396753598434,55.716110793738636,35705800
QQQ,2012-06-28,55.21895217895508,55.45864899861222,54.63302774864411,55.42313760609573,49793400
QQQ,2012-06-29,56.958980560302734,56.958980560302734,56.11560011795147,56.28427756104301,44761300
QQQ,2012-07-02,57.127662658691406,57.154294518590106,56.70153596754267,57.0388875346598,33425600
QQQ,2012-07-03,57.607032775878906,57.607032775878906,57.07437547753896,57.16315056507811,15895100
QQQ,2012-07-05,57.642547607421875,57.9266319683732,57.243056303089055,57.55377251458185,37016200
QQQ,2012-07-06,56.9234619140625,57.42948740578915,56.506211517302596,57.37621693032463,40684100
QQQ,2012-07-09,56.816932678222656,57.047753363697666,56.53284828575579,56.86132361611999,35628300
QQQ,2012-07-10,56.25764465332031,57.26969919418694,56.03570349188133,57.12765359977475,47365700
QQQ,2012-07-11,55.94691848754883,56.33753364344079,55.485280547011364,56.18661530589825,43432000
QQQ,2012-07-12,55.42314147949219,55.653958773875104,54.917115953701966,55.50304042496185,57680400
QQQ,2012-07-13,56.26652526855469,56.39081177948059,55.53855851608574,55.574066528812125,32357200
QQQ,2012-07-16,56.1067008972168,56.39078518436813,55.88475983622033,56.14221227974868,27621400
QQQ,2012-07-17,56.39967727661133,56.58611039431817,55.60069126314276,56.46182052032935,42467800
QQQ,2012-07-18,57.16315460205078,57.33183202146102,56.275390117753545,56.293145813825824,44489700
QQQ,2012-07-19,57.793460845947266,57.97989055640233,57.456112813662614,57.562640206434175,53017800
QQQ,2012-07-20,57.02999496459961,57.793473048486085,57.00336311078366,57.77572073697754,40573100
QQQ,2012-07-23,56.33754348754883,56.53285279289845,55.49416639855669,55.92029640778375,48657800
QQQ,2012-07-24,55.89366912841797,56.515105144973234,55.529685708036915,56.43520618017964,57269700
QQQ,2012-07-25,55.52080535888672,55.884788751788925,55.17457766643749,55.45866210057807,46264400
QQQ,2012-07-26,56.25764465332031,56.577240467641,55.90254082694995,56.319787907598965,41928200
QQQ,2012-07-27,57.58928298950195,57.69581038997187,56.49732972294812,56.66600713783258,42621000
QQQ,2012-07-30,57.54490661621094,57.979909415432054,57.34959730179536,57.7313363873057,37821300
QQQ,2012-07-31,57.52715301513672,57.86450114959972,57.47388252951118,57.63368044017405,34588300
QQQ,2012-08-01,57.35847091674805,57.95327156873205,57.12765022601308,57.93551925703228,30920200
QQQ,2012-08-02,57.15427780151367,57.72244655686142,56.737030776741186,56.923463901163906,40534900
QQQ,2012-08-03,58.23734664916992,58.485919611830724,57.87336674616096,58.0775487770158,42117400
QQQ,2012-08-06,58.681236267089844,58.938688803165086,58.41491096201987,58.53919745900708,23523600
QQQ,2012-08-07,59.169517517089844,59.4092110014969,58.84104214583638,58.92981725957577,28223300
QQQ,2012-08-08,59.14286804199219,59.26715451882458,58.92092693720506,59.0185815651598,20723500
QQQ,2012-08-09,59.32042694091797,59.400329272407284,59.02746301396714,59.133997198250896,20726200
QQQ,2012-08-10,59.35593795776367,59.37369026847827,58.956446622178625,59.10736496912356,20312000
QQQ,2012-08-13,59.49797821044922,59.50685775257555,59.036343616472074,59.338180317705955,19890300
QQQ,2012-08-14,59.52461242675781,59.84420818856608,59.35593500438522,59.71991492732454,24218700
QQQ,2012-08-15,59.67552947998047,59.76430457343477,59.47134066924064,59.480220210517714,29100400
QQQ,2012-08-16,60.3857536315918,60.51891969500133,59.82646429300059,59.89748709656665,35699900
QQQ,2012-08-17,60.65208053588867,60.66096007884668,60.376875662151214,60.51891448394557,22584800
QQQ,2012-08-20,60.740840911865234,60.74972045266928,60.367981475356785,60.60767489222504,26924000
QQQ,2012-08-21,60.501163482666016,61.14922789740733,60.261463229350916,60.90065487404864,41391000
QQQ,2012-08-22,60.74973678588867,60.86514375494918,60.19932025083953,60.36799770594153,44555700
QQQ,2012-08-23,60.252593994140625,60.669837723195734,60.092796073591344,60.47453517417533,28800400
QQQ,2012-08-24,60.62542724609375,60.76746601767051,60.012867687589036,60.11052230628122,38384800
QQQ,2012-08-27,60.72310256958008,60.962796041577455,60.589936519311905,60.88290047528055,20671400
QQQ,2012-08-28,60.72310256958008,60.891773245020204,60.465650011890055,60.6698320856088,27337900
QQQ,2012-08-29,60.72310256958008,60.87402093243423,60.465650011890055,60.72310256958008,26672400
QQQ,2012-08-30,60.11054229736328,60.48340181649731,60.0128876461939,60.456769961288686,24425400
QQQ,2012-08-31,60.510040283203125,60.7674860649367,59.897480522614224,60.54554490798206,42128000
QQQ,2012-09-04,60.44789505004883,60.67871576805351,59.85309432779363,60.39463133555049,32017200
QQQ,2012-09-05,60.3857536315918,60.678717616471296,60.22595571012183,60.42126503337483,26129300
QQQ,2012-09-06,61.72628402709961,61.7440431156277,60.74086458013112,60.758623668659204,43100000
QQQ,2012-09-07,61.63748550415039,61.744019675551755,61.45993532491997,61.5842218050023,32958600
QQQ,2012-09-10,60.8474006652832,61.610878940910055,60.80300971570408,61.47771286528064,25490000
QQQ,2012-09-11,60.74973678588867,61.09596446617713,60.652082130104034,60.85627098486471,29810100
QQQ,2012-09-12,60.92729568481445,61.087093619474224,60.55443609497763,60.97168663398413,42203400
QQQ,2012-09-13,61.752906799316406,62.01923890318265,60.91841263520859,60.980555889696475,45417800
QQQ,2012-09-14,62.303306579589844,62.525247682142805,61.95707900145563,61.974831309493695,38880300
QQQ,2012-09-17,62.3299446105957,62.356576461846835,62.10800348602881,62.338824152047955,31798400
QQQ,2012-09-18,62.383216857910156,62.409855485915664,62.16127570294332,62.170155245611824,27169800
QQQ,2012-09-19,62.49861145019531,62.658409303750226,62.19676804987851,62.37432498333089,36484600
QQQ,2012-09-20,62.43648147583008,62.49862472245909,62.0281106018243,62.196781258042535,42520200
QQQ,2012-09-21,62.45427703857422,62.801491997892406,62.39195657901508,62.74807640181904,23678500
QQQ,2012-09-24,62.089263916015625,62.19610192048091,61.804369363196784,61.937915170672916,32341600
QQQ,2012-09-25,61.216773986816406,62.39196480226496,61.19006618525964,62.24951413740014,41299600
QQQ,2012-09-26,60.71818161010742,61.17223445050102,60.40657938333499,61.13662179709573,32770400
QQQ,2012-09-27,61.55508041381836,61.69753107008959,60.76271731746778,60.869555309671206,25339500
QQQ,2012-09-28,61.04763412475586,61.537299943928154,60.99421850536384,61.35033848363245,30112600
QQQ,2012-10-01,60.958587646484375,61.72424299404547,60.7627213772355,61.34141532026492,37715300
QQQ,2012-10-02,61.13667297363281,61.41266957045143,60.6559119388526,61.22570128546067,33254300
QQQ,2012-10-03,61.52838134765625,61.64411742798919,61.0654234414803,61.305807259954534,38236000
QQQ,2012-10-04,61.742042541503906,61.9112009997362,61.43044021772433,61.626306476220414,26128600
QQQ,2012-10-05,61.41265869140625,62.14270158694976,61.25240504153457,62.05366649846937,25207900
QQQ,2012-10-08,60.851783752441406,61.181196007385985,60.70933979923929,61.05655500117461,30911500
QQQ,2012-10-09,59.8813362121582,60.842851136969024,59.73888553149153,60.69150238307741,67974000
QQQ,2012-10-10,59.57862091064453,60.03267388089991,59.47178971229342,59.86351542694924,45134300
QQQ,2012-10-11,59.391666412353516,60.06829351424449,59.35605374463064,60.02377598148543,30469400
QQQ,2012-10-12,59.36495590209961,59.70326604140424,59.249219831595234,59.38275883893816,24891200
QQQ,2012-10-15,59.80120849609375,59.881338705410684,59.23141933454762,59.5875392586196,22220100
QQQ,2012-10-16,60.6469841003418,60.71820263939927,59.87242390345658,59.89022684011558,33960600
QQQ,2012-10-17,60.61137771606445,60.807244001719425,60.2552578141847,60.33538122608601,33439400
QQQ,2012-10-18,59.90804672241211,60.611381707019596,59.685472618134646,60.41551540846781,61707600
QQQ,2012-10-19,58.47466278076172,59.8902306743184,58.40343744472289,59.836815068500236,75362600
QQQ,2012-10-22,58.7773551940918,58.92871071820823,58.31440413466518,58.44794993009906,38621500
QQQ,2012-10-23,58.21646499633789,58.7150286692574,58.038408482415385,58.296595182297445,52591200
QQQ,2012-10-24,58.011695861816406,58.64380526383823,57.922660819836395,58.54587215159626,39872400
QQQ,2012-10-25,58.011695861816406,58.51025949328826,57.84253743295844,58.412326381046284,52688700
QQQ,2012-10-26,58.18085861206055,58.42124240345303,57.55765395367512,58.01170694331098,54213100
QQQ,2012-10-31,57.824737548828125,58.21647006446527,57.62887808343075,58.10963207135845,38524500
QQQ,2012-11-01,58.643829345703125,58.75956543841566,58.0206177580238,58.189776256346065,26945000
QQQ,2012-11-02,58.02060317993164,58.94651206625921,57.967187580165806,58.91089940227494,44083000
QQQ,2012-11-05,58.403438568115234,58.51918143951011,57.904874791097356,58.02951573535183,28094700
QQQ,2012-11-06,58.51026916503906,58.91089975049319,58.278790243983636,58.50136430088508,29608400
QQQ,2012-11-07,57.130332946777344,57.9583090819085,56.889955846059884,57.88708372153881,70737800
QQQ,2012-11-08,56.23112106323242,57.424118387281766,56.23112106323242,57.29057256743148,58585800
QQQ,2012-11-09,56.47148132324219,57.07688293681272,56.231100971129464,56.26671362985951,51542100
QQQ,2012-11-12,56.46259689331055,56.86323095848108,56.3112481332524,56.80091048125581,32663700
QQQ,2012-11-13,56.070865631103516,56.60504549708028,55.89280567577793,56.02635149132491,43288300
QQQ,2012-11-14,55.41203689575195,56.409167687255014,55.323005238164775,56.346847225049224,82655300
QQQ,2012-11-15,55.22508239746094,55.63462130620921,55.02031464119236,55.44765648856302,55124200
QQQ,2012-11-16,55.465450286865234,55.62570386793444,54.58405898719493,55.26958744038869,70873100
QQQ,2012-11-19,56.783103942871094,56.82762148034001,56.05306115836981,56.07086749411512,55306400
QQQ,2012-11-20,56.800899505615234,56.881026303166436,56.25781825512493,56.76528684087901,52012700
QQQ,2012-11-21,56.91664505004883,56.996768459951426,56.6228456288953,56.8632260472361,19611700
QQQ,2012-11-23,57.780242919921875,57.79804586085862,57.20154884934274,57.23716152363933,16462900
QQQ,2012-11-26,58.0295295715332,58.065142248728876,57.459740321249654,57.6377969148044,26430900
QQQ,2012-11-27,57.83364486694336,58.22537739920197,57.73571173387871,58.02060626849729,25828600
QQQ,2012-11-28,58.33220291137695,58.37672043748756,57.20152974782824,57.55764957945063,37295800
QQQ,2012-11-29,58.67941665649414,58.88418094682351,58.38561732610514,58.64380399895427,41136100
QQQ,2012-11-30,58.58150100708008,58.73284975242038,58.41234253145155,58.68833221912174,33497400
QQQ,2012-12-03,58.465763092041016,59.08897464892524,58.43905528676729,59.0355522459553,28240000
QQQ,2012-12-04,58.43014144897461,58.554782382728455,58.04731378318167,58.492461915851536,49584500
QQQ,2012-12-05,57.780242919921875,58.350032123821094,57.468640510355605,58.341127257141174,54076200
QQQ,2012-12-06,58.154170989990234,58.296621699861724,57.45083589295309,57.602184677873765,47512300
QQQ,2012-12-07,57.80693054199219,58.5013604672306,57.61106429796685,58.439040007078965,30089400
QQQ,2012-12-10,57.97610092163086,58.27879842112638,57.64668882592504,57.64668882592504,33219600
QQQ,2012-12-11,58.73284149169922,59.06224673905969,58.3322041256265,58.37672165266379,40750800
QQQ,2012-12-12,58.60821533203125,59.044458678731154,58.44796170371376,59.044458678731154,45917700
QQQ,2012-12-13,58.1452751159668,58.90203274246687,57.895993127558434,58.49249028445341,45467700
QQQ,2012-12-14,57.593265533447266,57.94048052120753,57.39739927523968,57.75351912721518,39630300
QQQ,2012-12-17,58.35894775390625,58.37675069812647,57.566584283831496,57.64670772145902,42302900
QQQ,2012-12-18,59.24921417236328,59.33824243289548,58.49245697678742,58.65271056271372,55596000
QQQ,2012-12-19,58.99104309082031,59.43619130383677,58.95543041868827,59.418381571559415,34832500
QQQ,2012-12-20,58.99104309082031,59.124588913209784,58.697243640048,59.09787431479374,40754300
QQQ,2012-12-21,58.37061309814453,58.44223512492688,57.83346155778171,58.08413182126753,51152900
QQQ,2012-12-24,58.25423812866211,58.31690570066685,58.119948522865364,58.218427111766104,11418300
QQQ,2012-12-26,57.74393844604492,58.35271202380247,57.555935745153214,58.298998917905564,21751300
QQQ,2012-12-27,57.654422760009766,57.86928204528024,56.93821603543681,57.79766000677224,52933200
QQQ,2012-12-28,57.09935760498047,57.68127466801419,57.07250105026788,57.21574170061251,33082100
QQQ,2012-12-31,58.307960510253906,58.41539357802453,56.9203192437177,57.03669994444525,57544000
QQQ,2013-01-02,60.161136627197266,60.1880000161103,59.51655872861813,59.740372491115515,70695900
QQQ,2013-01-03,59.847774505615234,60.28644739010998,59.668726300178946,60.161112280254336,47366500
QQQ,2013-01-04,59.650821685791016,59.87463537386201,59.50758447715647,59.87463537386201,33972500
QQQ,2013-01-07,59.66875457763672,59.76723318637177,59.310651166805116,59.498653920684454,26766200
QQQ,2013-01-08,59.55236053466797,59.82093977100868,59.239022645772934,59.659793595254996,28734900
QQQ,2013-01-09,59.77617263793945,59.93731880924433,59.579222277681076,59.64188985373,25600300
QQQ,2013-01-10,60.134273529052734,60.22379765826532,59.579219829782765,60.18799347078288,37528000
QQQ,2013-01-11,60.2148551940918,60.241711752135046,59.982086973960584,60.10742213166497,21158600
QQQ,2013-01-14,59.946258544921875,60.11635913680416,59.68663384214172,59.91044753451236,36768500
QQQ,2013-01-15,59.650821685791016,59.74035262522078,59.38224935825685,59.650821685791016,31675300
QQQ,2013-01-16,59.89256286621094,60.09846769814528,59.62398362514008,59.73141668761919,33822300
QQQ,2013-01-17,60.179046630859375,60.41181486049632,60.03580254177384,60.13428114545662,32024200
QQQ,2013-01-18,60.04474639892578,60.10741396926792,59.776167194457834,59.99998092143016,31992000
QQQ,2013-01-22,60.14324188232422,60.18800737239661,59.74037979269198,60.10743085631727,32123100
QQQ,2013-01-23,60.51027297973633,60.68932805068934,60.39389230630629,60.48341642665652,31975700
QQQ,2013-01-24,59.67770767211914,60.23276145743251,59.58817669877439,59.67770767211914,42596300
QQQ,2013-01-25,59.982093811035156,60.15219447170315,59.74932556437179,59.865713102830775,39240100
QQQ,2013-01-28,60.11635971069336,60.32226448469895,59.91940256668669,59.99102458818946,32926100
QQQ,2013-01-29,60.12531661987305,60.259599377845255,59.65082583077991,60.04474013483754,35554700
QQQ,2013-01-30,59.999996185302734,60.41181955832136,59.8657133791604,60.232764433040515,34445000
QQQ,2013-01-31,59.86568832397461,60.295406784292176,59.81196839374608,59.97311452392811,34870500
QQQ,2013-02-01,60.572940826416016,60.68036702711733,60.04473696204454,60.286452743874314,53120800
QQQ,2013-02-04,59.51656723022461,60.39391347959613,59.4986583017244,60.22381281011891,48483700
QQQ,2013-02-05,60.39390563964844,60.5819083829656,59.632940203292094,59.77617746142485,35120300
QQQ,2013-02-06,60.196929931640625,60.47446356002628,60.017881706441855,60.196929931640625,43593200
QQQ,2013-02-07,60.25065612792969,60.313323696290276,59.588162599257515,60.26855822021013,46017900
QQQ,2013-02-08,60.86838912963867,60.993724290614956,60.5460967641985,60.55505122719795,39837200
QQQ,2013-02-11,60.886314392089844,60.93107305858832,60.68040266937818,60.904216492638064,17650400
QQQ,2013-02-12,60.63564682006836,60.92212825394097,60.57297921985423,60.80574068907462,22057900
QQQ,2013-02-13,60.850467681884766,61.0832358340662,60.67141263010988,60.81465667152979,23494700
QQQ,2013-02-14,60.83255386352539,60.92208479732999,60.53712500482458,60.57293601229617,24478800
QQQ,2013-02-15,60.65353775024414,60.97583015777284,60.483437082310964,60.82363841817731,25333600
QQQ,2013-02-19,61.09219741821289,61.110106342606926,60.75200298751355,60.769905081654194,23436500
QQQ,2013-02-20,60.152183532714844,61.10115161385705,60.14322907055689,61.07429505763655,38200300
QQQ,2013-02-21,59.5075798034668,59.99101815136139,59.29272059226403,59.928350596833454,45855600
QQQ,2013-02-22,60.10741424560547,60.11636870719634,59.615021311901465,59.84778950149362,21968000
QQQ,2013-02-25,59.36436462402344,60.707247299555895,59.31065150268358,60.49238798394196,40927600
QQQ,2013-02-26,59.58816909790039,59.6956021540577,59.05101747762072,59.44493185327741,42088800
QQQ,2013-02-27,60.196929931640625,60.563987672625665,59.50758675134819,59.58815640361205,36339500
QQQ,2013-02-28,60.07159423828125,60.64455674978617,60.062639778030636,60.20588382103282,28557300
QQQ,2013-03-01,60.322288513183594,60.42972158823211,59.570277478607814,59.86571331230028,31617200
QQQ,2013-03-04,60.5908317565918,60.59978621508491,60.0447259027713,60.12530236870821,19380500
QQQ,2013-03-05,61.4860954284668,61.566665076037665,60.948943953906245,60.948943953906245,35581900
QQQ,2013-03-06,61.333892822265625,61.691996018178756,61.25331635881625,61.67408710174541,29071100
QQQ,2013-03-07,61.49507141113281,61.593550012798424,61.280205281905666,61.40554044216118,21775900
QQQ,2013-03-08,61.56666946411133,61.79048316365118,61.3249536739192,61.700959049885654,26159900
QQQ,2013-03-11,61.7457275390625,61.763629630589556,61.29810011810975,61.48610281527962,23187900
QQQ,2013-03-12,61.521907806396484,61.70991048516335,61.22647209822638,61.56666644595904,27575400
QQQ,2013-03-13,61.441368103027344,61.674136390933896,61.22650874586673,61.60251432846176,34297300
QQQ,2013-03-14,61.647254943847656,61.78154454921883,61.51296533847648,61.656209405606546,31530800
QQQ,2013-03-15,61.47584915161133,61.72709951187933,61.32329842196958,61.69120562526121,30752600
QQQ,2013-03-18,61.34126281738281,61.59251323511314,60.77594937748959,60.91054292551624,36163000
QQQ,2013-03-19,61.224613189697266,61.64635105300899,60.677243270647445,61.52970102861134,33125100
QQQ,2013-03-20,61.65533447265625,61.78993488559036,61.36819011989211,61.65533447265625,28035400
QQQ,2013-03-21,60.955406188964844,61.242550474122,60.81183062335638,61.090006570207834,30050800
QQQ,2013-03-22,61.54762649536133,61.59249556253633,61.13485709237346,61.20664486143008,28837200
QQQ,2013-03-25,61.32331085205078,61.87965593831317,61.02719820803297,61.74505554772676,24909800
QQQ,2013-03-26,61.65533447265625,61.67328484561354,61.4220275466412,61.55662795957532,19725200
QQQ,2013-03-27,61.73609924316406,61.78096148473114,61.14386014756136,61.23359147675709,22539500
QQQ,2013-03-28,61.88862991333008,61.96938603846693,61.59251042904139,61.736086001809284,23662800
QQQ,2013-04-01,61.46686553955078,61.99628489093691,61.29637131300911,61.93347230948334,28112800
QQQ,2013-04-02,61.95144271850586,62.15782404746284,61.70916065017881,61.76300491317379,29431900
QQQ,2013-04-03,61.38611602783203,62.07705449796831,61.233565302738675,61.98732320712782,35131200
QQQ,2013-04-04,61.404075622558594,61.55661954152779,61.07206222886643,61.359206542362735,32287400
QQQ,2013-04-05,60.8925895690918,60.98232086864121,60.29138233144543,60.43495104151264,55610800
QQQ,2013-04-08,61.21564483642578,61.23358836292784,60.7400626544171,60.919525303682605,17891600
QQQ,2013-04-09,61.62839889526367,61.87964927942237,61.09897257487827,61.37714851110498,30931400
QQQ,2013-04-10,62.83082962036133,62.965430031203034,61.80787745166239,61.8437713509576,55271300
QQQ,2013-04-11,62.80392074584961,62.94749636552204,62.60650769183119,62.67829550166741,37233600
QQQ,2013-04-12,62.75905990600586,62.803922153612326,62.28347763578978,62.65137818883783,32783700
QQQ,2013-04-15,61.52072525024414,62.624440262983434,61.448944306877834,62.525733764036815,48795800
QQQ,2013-04-16,62.33730697631836,62.409094778441464,61.74506787789518,61.87069310857981,27682600
QQQ,2013-04-17,61.1169319152832,61.816845758494146,60.75799980833744,61.798902233874095,60204800
QQQ,2013-04-18,60.27344512939453,61.31434760049763,60.01321951161876,61.278453703625715,56798200
QQQ,2013-04-19,61.0990104675293,61.22464258358323,60.300389745707285,60.3901279494692,43062800
QQQ,2013-04-22,61.72712707519531,61.951458832186404,61.090025706868055,61.31435746385914,34412100
QQQ,2013-04-23,62.31934356689453,62.543675267057665,61.754030147065095,62.07706834298482,53078300
QQQ,2013-04-24,62.29243850708008,62.51677025639632,62.02324451553759,62.166813275147916,44500700
QQQ,2013-04-25,62.62443161010742,62.85773847047779,62.44496216133812,62.45393734529145,26437100
QQQ,2013-04-26,62.42700958251953,62.606472159192776,62.1578088714512,62.47187864971708,24079800
QQQ,2013-04-29,63.001319885253906,63.24360197842458,62.59752552471725,62.624444235944914,31664000
QQQ,2013-04-30,63.45895767211914,63.46793285776286,62.848775123500275,63.08208202781181,30135800
QQQ,2013-05-01,63.162811279296875,63.57558064445002,63.03718611799191,63.476874182559285,28537200
QQQ,2013-05-02,63.96147918701172,64.09607963089263,63.216695997458615,63.27054028264876,31744200
QQQ,2013-05-03,64.71522521972656,64.91263140755574,64.52678737266578,64.58062480152267,34061700
QQQ,2013-05-06,64.96649932861328,65.06520588148535,64.77806141296593,64.83189886141827,19244300
QQQ,2013-05-07,64.93058013916016,65.11901798145547,64.68829802330798,65.07414889450166,25838100
QQQ,2013-05-08,65.24459075927734,65.29842814349264,64.78695245527935,64.89463406976593,24252100
QQQ,2013-05-09,65.15491485595703,65.59460317471671,65.0292896220257,65.11902095396782,29337200
QQQ,2013-05-10,65.54972076416016,65.57663947085457,65.17283833225939,65.28949518934807,20663700
QQQ,2013-05-13,65.6304931640625,65.79201229035388,65.37924271117843,65.44205532439945,29730100
QQQ,2013-05-14,65.97148132324219,66.16889436847354,65.62152432344553,65.64844988548239,36009800
QQQ,2013-05-15,66.1060791015625,66.16889171834204,65.68433431201629,65.8458534474582,27214400
QQQ,2013-05-16,66.0343017578125,66.4919405217328,65.99841469630682,66.15993385733381,27253400
QQQ,2013-05-17,66.67140197753906,66.69832069343661,66.15992583729951,66.37528241054194,31114500
QQQ,2013-05-20,66.57269287109375,66.78804943597682,66.30349203044359,66.5457741562411,25132400
QQQ,2013-05-21,66.64446258544922,66.8867446703726,66.30348084473775,66.5367877442038,25900000
QQQ,2013-05-22,66.06122589111328,67.2546657731,65.72023719963475,66.72524605158101,59843200
QQQ,2013-05-23,65.90867614746094,66.13300793400242,65.35233769831828,65.47796295109649,48222100
QQQ,2013-05-24,65.87278747558594,65.8907310058029,65.28952347562611,65.46898616204636,26430300
QQQ,2013-05-28,66.3034896850586,66.88675358846068,66.09710831444742,66.64447147123356,27057100
QQQ,2013-05-29,65.98942565917969,66.22273258638134,65.61254997789646,66.0432630862026,32090300
QQQ,2013-05-30,66.33938598632812,66.65344906996806,65.99840418781359,66.0163477157094,32390500
QQQ,2013-05-31,65.72917938232422,66.59061217454497,65.657391604791,66.08811142393101,38347600
QQQ,2013-06-03,65.84584045410156,65.86379082453172,64.99338270230021,65.73816561576227,47613100
QQQ,2013-06-04,65.5048599243164,66.2406676660622,65.2356591314087,65.98044205853422,35251900
QQQ,2013-06-05,64.65241241455078,65.54076421839419,64.59856813979005,65.28951375638286,48654200
QQQ,2013-06-06,64.96649932861328,64.97547451871006,64.13198464728119,64.74216749864297,62524100
QQQ,2013-06-07,65.85482025146484,65.92660804609231,65.0741433885281,65.23566250340946,31969800
QQQ,2013-06-10,65.8817367553711,66.1868314492843,65.73816801698774,65.98044325816119,25390000
QQQ,2013-06-11,65.2266845703125,65.80994148920985,65.00235287964125,65.2266845703125,40278900
QQQ,2013-06-12,64.47296905517578,65.63052216407249,64.37426249849017,65.60360343880632,42081900
QQQ,2013-06-13,65.28950500488281,65.43307374419014,64.20374031326466,64.38320294891399,28221500
QQQ,2013-06-14,64.85880279541016,65.36130378921408,64.76009626504687,65.28952282300108,27690700
QQQ,2013-06-17,65.48690032958984,65.86377587032958,65.14591182944153,65.37024348646169,32441900
QQQ,2013-06-18,66.02529907226562,66.15092426037987,65.55868536264761,65.57663573012638,24853100
QQQ,2013-06-19,65.28950500488281,66.11504408256692,65.21771721219879,66.0432562898829,43145100
QQQ,2013-06-20,63.73714828491211,64.75113237637021,63.521791679336616,64.53576892473166,60908400
QQQ,2013-06-21,63.39864730834961,63.88473743246377,62.867546168631314,63.71370381442821,51558900
QQQ,2013-06-24,62.76854705810547,63.254630413331896,62.24644938890002,62.876562529169945,41492300
QQQ,2013-06-25,63.22763442993164,63.47967971746918,62.84056291900785,63.37166423293538,28897400
QQQ,2013-06-26,63.79476547241211,63.911784577427696,63.542713229136275,63.767754724127215,23742300
QQQ,2013-06-27,64.06478118896484,64.4698598111659,64.02877374247687,64.12779250338924,23545000
QQQ,2013-06-28,64.15480041503906,64.53287519313396,63.72272476538578,63.86674769269733,28301100
QQQ,2013-07-01,64.55087280273438,65.08197406520225,64.48786148695531,64.58688024999647,24942800
QQQ,2013-07-02,64.577880859375,64.97395593722662,64.22681681044972,64.52387311883844,23067900
QQQ,2013-07-03,64.83894348144531,65.14500343412999,64.28984177703711,64.34385639675808,18847500
QQQ,2013-07-05,65.33404541015625,65.36104928945338,64.6859248361408,65.20802272828892,28795900
QQQ,2013-07-08,65.39701080322266,65.70306371051915,65.15396232487191,65.67605985019489,20558500
QQQ,2013-07-09,65.79309844970703,65.93712823792606,65.39703026754131,65.7030832659293,26108600
QQQ,2013-07-10,66.17118835449219,66.27020713962557,65.69410159033306,65.73010217790895,25598900
QQQ,2013-07-11,67.4854507446289,67.53945851065997,66.837330081368,66.88234113154189,47768900
QQQ,2013-07-12,67.78250885009766,67.8275130336496,67.35042610812134,67.53045657777352,31412600
QQQ,2013-07-15,67.93550872802734,67.98051289388643,67.66545626199483,67.8544902411298,19783600
QQQ,2013-07-16,67.84547424316406,68.04350487854792,67.67444060544604,67.9894971477812,31747100
QQQ,2013-07-17,68.0165023803711,68.1785324436458,67.8274684511702,68.05250982417856,24631500
QQQ,2013-07-18,67.84547424316406,68.17853107318228,67.73745191391306,68.00750430318179,36278800
QQQ,2013-07-19,67.14337921142578,67.2784054861122,66.94534845863684,67.26040518775744,37732400
QQQ,2013-07-22,67.3414077758789,67.49444119606183,67.13437346789371,67.39542239912258,21135900
QQQ,2013-07-23,66.84629821777344,67.47641137974034,66.79228361266314,67.46740780093555,24739500
QQQ,2013-07-24,67.06233215332031,67.53041520829925,66.90930566108854,67.50341134116634,24426900
QQQ,2013-07-25,67.4854507446289,67.56646239367551,67.02636413019876,67.37742834484474,23162200
QQQ,2013-07-26,67.84547424316406,67.85447095314682,67.10733882924275,67.2153542907762,20885600
QQQ,2013-07-29,67.7194595336914,67.99850866552688,67.5394222972505,67.71045595493977,20958400
QQQ,2013-07-30,68.07951354980469,68.36756623195302,67.8274683113896,67.96249450845987,24104600
QQQ,2013-07-31,68.2055435180664,68.60161857409105,68.0795208852801,68.21454709689927,25007600
QQQ,2013-08-01,68.898681640625,68.99770041436726,68.60162531939822,68.67364022170516,16880000
QQQ,2013-08-02,69.28575897216797,69.30375926539622,68.75465760771915,68.90769100489776,18105300
QQQ,2013-08-05,69.33074951171875,69.38476411622592,69.11471169684498,69.24973790653544,15462800
QQQ,2013-08-06,68.91668701171875,69.30375855549804,68.63763782936145,69.2407472282651,23675400
QQQ,2013-08-07,68.79066467285156,68.92569090831861,68.29557763309852,68.71864976490652,20281200
QQQ,2013-08-08,69.13272094726562,69.29475103025604,68.68263814648321,69.16872152773593,19994000
QQQ,2013-08-09,68.8536605834961,69.25873919919697,68.6556230648492,69.01569065623282,18558500
QQQ,2013-08-12,69.01568603515625,69.14170865354473,68.58361044860081,68.59260715868739,20515900
QQQ,2013-08-13,69.40278625488281,69.55581280243837,68.61064277248896,69.10572987358995,23917000
QQQ,2013-08-14,69.14173126220703,69.47479507269522,69.04271247713541,69.3757762876236,29921000
QQQ,2013-08-15,67.9714584350586,68.4035337723704,67.77342104390999,68.36752634964213,39406600
QQQ,2013-08-16,67.94452667236328,68.29559083179193,67.82750070740643,67.9805272655736,23825000
QQQ,2013-08-19,67.82747650146484,68.52960456975008,67.80947621128354,67.95349913588946,29586900
QQQ,2013-08-20,68.12451934814453,68.43957587200731,67.89947799285437,67.95348572045452,18842800
QQQ,2013-08-21,67.8905029296875,68.49361236691891,67.63845760473825,67.90851009159532,30705100
QQQ,2013-08-22,68.55664825439453,68.6016524353357,68.15156941959326,68.18757688497926,17269500
QQQ,2013-08-23,69.01568603515625,69.10570121004551,68.77264437618352,69.04268990085127,20697300
QQQ,2013-08-26,69.05170440673828,69.56479853929838,68.90768147766602,69.06971156519651,27525500
QQQ,2013-08-27,67.6384506225586,68.57462378124514,67.4764205207144,68.23256328522709,40068900
QQQ,2013-08-28,67.89949798583984,68.1875507307196,67.55743749745737,67.55743749745737,20490400
QQQ,2013-08-29,68.37657928466797,68.71863974595621,67.78247355003904,67.88149231709697,27287900
QQQ,2013-08-30,67.93550872802734,68.44860291931353,67.69246013505419,68.44860291931353,26228500
QQQ,2013-09-03,68.32258605957031,68.80867641901233,67.99852581994232,68.49361289268727,27241500
QQQ,2013-09-04,69.05170440673828,69.16872346584191,68.34957631667908,68.55661743263641,27142900
QQQ,2013-09-05,69.16873931884766,69.36677690096475,69.06972739550939,69.09673127166712,17809700
QQQ,2013-09-06,69.2497329711914,69.61879725914307,68.45758979463047,69.40275945966606,27715100
QQQ,2013-09-09,70.05992126464844,70.17694037199541,69.519823039454,69.54682692055547,25161900
QQQ,2013-09-10,70.40196990966797,70.50098870203045,70.14092099050508,70.46498124410589,27619400
QQQ,2013-09-11,70.26690673828125,70.31191775396644,69.84382791462083,69.93384994599121,28132900
QQQ,2013-09-12,70.221923828125,70.43796165977518,70.07789402854566,70.28493514851125,18332700
QQQ,2013-09-13,70.26690673828125,70.33892161629085,69.88883893030602,70.29391060060566,16932500
QQQ,2013-09-16,70.07787322998047,70.86101958039404,69.91584318740237,70.86101958039404,25704300
QQQ,2013-09-17,70.54595947265625,70.63597463222547,70.19489554293476,70.23089611258928,27174300
QQQ,2013-09-18,71.39212036132812,71.536150131284,70.50996205735936,70.6539849595978,31714700
QQQ,2013-09-19,71.56317138671875,71.73420506317473,71.43714874124143,71.61717912971785,26435700
QQQ,2013-09-20,71.31755065917969,71.81413087904613,71.28143510788603,71.73286916655114,26328900
QQQ,2013-09-23,71.17313385009766,71.69679929467583,70.83906998614107,71.61553753821468,30319400
QQQ,2013-09-24,71.17313385009766,71.55233701134082,70.93838608384868,71.3266198598855,21871300
QQQ,2013-09-25,70.92936706542969,71.32663152120963,70.7849116468182,71.22731540726465,22746400
QQQ,2013-09-26,71.48011016845703,71.65165741814891,71.19119247275245,71.21827743042144,22421700
QQQ,2013-09-27,71.38980865478516,71.51620968776054,70.95642876434123,71.06477545903714,25151600
QQQ,2013-09-30,71.21827697753906,71.40787856835752,70.42375504148919,70.64947220508371,28031900
QQQ,2013-10-01,71.94056701660156,71.9766825855423,71.19118445984707,71.22730002878781,33129700
QQQ,2013-10-02,71.91350555419922,72.01282167914509,71.38080934873116,71.45304051020865,25503800
QQQ,2013-10-03,71.07381439208984,71.97668295522443,70.69461124877503,71.82319695269328,42998200
QQQ,2013-10-04,71.68775939941406,71.78707548426453,71.01060803270991,71.07380855140204,22852700
QQQ,2013-10-07,71.09186553955078,71.6426158893944,71.02866501850349,71.05574997204658,20227100
QQQ,2013-10-08,69.71952056884766,71.15507846358436,69.6924356105834,71.09187793152063,43660700
QQQ,2013-10-09,69.50281524658203,69.91813390061559,68.934003723263,69.88201833656838,64526700
QQQ,2013-10-10,70.97451782226562,71.13703448386745,70.23416567237784,70.25222001773699,48062700
QQQ,2013-10-11,71.53428649902344,71.58845641400315,70.78490386287864,70.79393447815565,25214100
QQQ,2013-10-14,72.03987884521484,72.03987884521484,71.03769425353276,71.09186415956745,31471900
QQQ,2013-10-15,71.76000213623047,72.32880689644252,71.66970976206323,71.9857192949665,38684000
QQQ,2013-10-16,72.57257080078125,72.6086863689997,72.03988166832488,72.09405157648239,46735900
QQQ,2013-10-17,72.98788452148438,73.01497636205445,72.18433212640089,72.24753264438476,32193500
QQQ,2013-10-18,74.17066192626953,74.19774688398226,73.44836424167094,73.65602706470393,39628200
QQQ,2013-10-21,74.33316040039062,74.522761946399,74.09841267699663,74.34218412519611,31176900
QQQ,2013-10-22,74.44151306152344,74.84780806314627,73.97202442198989,74.62209091391384,43944800
QQQ,2013-10-23,73.99005889892578,74.2157759875599,73.62891706778231,74.08035124505054,38021300
QQQ,2013-10-24,74.31512451171875,74.46861743415926,73.92689067418927,74.03523740385164,23155100
QQQ,2013-10-25,74.84779357910156,75.19088109974021,74.48664483254859,75.01031017063342,35824500
QQQ,2013-10-28,74.8658447265625,74.98322202498579,74.53178783311553,74.85682100232926,28618400
QQQ,2013-10-29,74.99224853515625,75.17282635161622,74.66721535386766,75.11864956250855,36878100
QQQ,2013-10-30,74.92005920410156,75.38051735185027,74.55891029125237,75.25411626560444,33535500
QQQ,2013-10-31,74.74850463867188,75.20896962990497,74.4686175304429,74.73044340620051,31309900
QQQ,2013-11-01,74.76656341552734,75.09159673586326,74.39639078802062,75.00131123317935,30867800
QQQ,2013-11-04,74.87489318847656,75.00129424126571,74.6130604681731,74.99226362654055,16834000
QQQ,2013-11-05,74.95613861083984,75.13671644088475,74.36927960612857,74.58596611384257,27975600
QQQ,2013-11-06,74.93809509277344,75.29924391667186,74.69432359743801,75.27215896033913,25576800
QQQ,2013-11-07,73.52961730957031,75.05546048316042,73.46641678626588,74.94712066511876,52173200
QQQ,2013-11-08,74.52279663085938,74.54085097721276,73.5928428059481,73.80049878655441,31470500
QQQ,2013-11-11,74.40541076660156,74.6130667042505,74.16163236703294,74.41443449374016,24822900
QQQ,2013-11-12,74.52279663085938,74.63114337400793,74.14359336235351,74.17970894340303,20108500
QQQ,2013-11-13,75.42564392089844,75.43467453566382,74.0352254456835,74.0352254456835,31345900
QQQ,2013-11-14,75.660400390625,75.71457030876759,75.06450373769013,75.22702038045949,31101200
QQQ,2013-11-15,75.80486297607422,75.80486297607422,75.4888602764328,75.67846189621766,20511300
QQQ,2013-11-18,75.06451416015625,75.94029802954974,74.9200587289383,75.78681198127362,31679600
QQQ,2013-11-19,74.84779357910156,75.38048264180415,74.72139255105893,75.01933389525118,25545300
QQQ,2013-11-20,74.66722869873047,75.32632579201228,74.45054216859067,75.04643873690087,32177400
QQQ,2013-11-21,75.42564392089844,75.48884444757454,74.92003970748965,74.98324023416575,28125000
QQQ,2013-11-22,75.83191680908203,75.85900175959846,75.49785990159363,75.55202980262646,25361300
QQQ,2013-11-25,76.01252746582031,76.18406785598071,75.82292584195311,76.10281296932722,21695100
QQQ,2013-11-26,76.40975189208984,76.59935343365758,75.86803221784783,76.03054880895436,26621000
QQQ,2013-11-27,76.94245910644531,76.96051344661622,76.50005544468412,76.56325596779286,21638100
QQQ,2013-11-29,77.40290832519531,77.50221750853905,77.16816062045987,77.2494154672881,16708900
QQQ,2013-12-02,77.17723083496094,77.61060401710029,77.05985347819369,77.49323354867558,26354600
QQQ,2013-12-03,77.114013671875,77.32166960112757,76.81606536815676,77.12303739864873,37147000
QQQ,2013-12-04,77.18618774414062,77.43898969626348,76.5451522545901,76.78893048580612,37193200
QQQ,2013-12-05,77.0869140625,77.33972304186408,76.89731249423222,77.24943067649244,39829300
QQQ,2013-12-06,77.64668273925781,77.80919932750146,77.27650338723757,77.73696820198444,36842900
QQQ,2013-12-09,77.96269226074219,78.1252088634896,77.82726061039602,77.96269226074219,22590000
QQQ,2013-12-10,77.90850830078125,78.0529636503073,77.75502233930399,77.8362771818489,26965900
QQQ,2013-12-11,76.9063491821289,78.00784999858661,76.79800246813046,77.89950328458816,36830600
QQQ,2013-12-12,76.70771789550781,77.12303663825918,76.65354798203532,76.9334350527645,33662600
QQQ,2013-12-13,76.60841369628906,77.10499427473344,76.48201261965633,77.06887869736094,34072000
QQQ,2013-12-16,77.0327377319336,77.47514135434307,76.9334216489768,76.9875915530115,24902500
QQQ,2013-12-17,76.87926483154297,77.22235242939698,76.73480254507332,77.03275084466127,24454900
QQQ,2013-12-18,77.77310180664062,77.8453329489139,75.88610971105203,76.96954929178776,68387200
QQQ,2013-12-19,77.55640411376953,77.65572019802615,77.21330968148675,77.64668958445557,44964100
QQQ,2013-12-20,78.34624481201172,78.50927773658442,77.64883041314341,77.70317241792618,40475400
QQQ,2013-12-23,79.17042541503906,79.17042541503906,78.75378057228835,78.98927398118644,28181800
QQQ,2013-12-24,79.20668029785156,79.26102920473618,79.04364739764446,79.18856860237227,13852500
QQQ,2013-12-26,79.46930694580078,79.53270821511396,79.19759018169579,79.35156370571063,15241100
QQQ,2013-12-27,79.27005004882812,79.61423431796375,79.1704253980064,79.56894473195517,15827400
QQQ,2013-12-30,79.15229797363281,79.26098882180142,78.92586388927977,79.15229797363281,18983700
QQQ,2013-12-31,79.66858673095703,79.66858673095703,79.27006043457381,79.2972383358721,24890500
QQQ,2014-01-02,79.04362487792969,79.32440790453823,78.81719074272164,79.2972369139487,29177500
QQQ,2014-01-03,78.47303771972656,79.11611003423828,78.4549260237816,79.04364943001126,35723700
QQQ,2014-01-06,78.18318176269531,78.58170807147792,77.89334633182298,78.4911357949969,32073100
QQQ,2014-01-07,78.90778350830078,79.02552679119779,78.40056625917094,78.54548744755736,25860600
QQQ,2014-01-08,79.07986450195312,79.2972462727681,78.75379875595289,78.92589093029252,27197400
QQQ,2014-01-09,78.81719970703125,79.37875891389612,78.5454828600106,79.36969961259544,23674700
QQQ,2014-01-10,79.07078552246094,79.16135777473353,78.41865424974638,79.00738425484812,38008900
QQQ,2014-01-13,77.90241241455078,79.233846416421,77.6035176569427,78.96212265310051,48842300
QQQ,2014-01-14,79.38782501220703,79.45122630629568,78.16508182037002,78.16508182037002,37178900
QQQ,2014-01-15,80.03993225097656,80.19390578840184,79.6504653026404,79.73197826590531,39835600
QQQ,2014-01-16,80.04900360107422,80.16675378953117,79.84974734026693,79.97654991997263,31630100
QQQ,2014-01-17,79.59610748291016,80.03992326716231,79.40590367975348,79.8044298826836,36895800
QQQ,2014-01-21,80.20296478271484,80.23918815943658,79.53271483961137,80.1033332211784,26412700
QQQ,2014-01-22,80.41128540039062,80.61054853611527,80.17579197542321,80.41128540039062,29376900
QQQ,2014-01-23,80.13957214355469,80.17579552417968,79.57801300076765,80.16674313413412,35011900
QQQ,2014-01-24,78.56360626220703,79.86786943501617,78.53643526447739,79.7501261414466,63974600
QQQ,2014-01-27,77.80278015136719,78.69945750616303,77.21404994277954,78.56359562568552,63519300
QQQ,2014-01-28,77.75750732421875,77.83902723417535,77.26840859515052,77.44050080821818,44378800
QQQ,2014-01-29,76.92422485351562,77.65786943262988,76.77025125966603,77.08725775001027,51939300
QQQ,2014-01-30,78.34624481201172,78.61796865637436,77.78468542510032,77.86620534249889,65833600
QQQ,2014-01-31,78.13789367675781,78.50924900078238,77.39518993893057,77.47670982649139,45187000
QQQ,2014-02-03,76.34452819824219,78.34620497591477,76.14526506839064,77.99296830398555,65596900
QQQ,2014-02-04,76.90609741210938,77.21404453675713,76.49851179921335,76.73400524820516,37675500
QQQ,2014-02-05,76.70682525634766,76.97854205617708,75.84637144800202,76.65247636820497,41721800
QQQ,2014-02-06,77.68499755859375,77.78462910203622,76.91512310399047,76.93324169928151,32308600
QQQ,2014-02-07,79.07078552246094,79.12512749178052,77.89332551225745,78.1197595980489,38359400
QQQ,2014-02-10,79.5236587524414,79.55988212747864,78.98927068266751,79.04361265544371,30205400
QQQ,2014-02-11,80.42943572998047,80.58340933733983,79.60521187254419,79.69578417627183,38635500
QQQ,2014-02-12,80.5833740234375,80.76451855151014,80.33882130929656,80.59243332290737,32507200
QQQ,2014-02-13,81.18114471435547,81.24454598100304,79.97652064805149,79.99463233414231,40454500
QQQ,2014-02-14,81.34419250488281,81.52534395023861,80.90944285647106,81.15398866992504,33212400
QQQ,2014-02-18,81.74272918701172,81.89670275251183,81.28080158028945,81.48006474045286,29546600
QQQ,2014-02-19,81.18114471435547,81.7789340086496,81.01811189865887,81.58873020870686,41749900
QQQ,2014-02-20,81.56159210205078,81.71556568165903,80.89134197277501,81.23552633922002,41814800
QQQ,2014-02-21,81.45289611816406,81.94199473182914,81.3532645351829,81.8242445463666,31192200
QQQ,2014-02-24,81.88763427734375,82.25898262179898,81.55250930923782,81.64308157055221,31500400
QQQ,2014-02-25,81.79705810546875,82.1684133737629,81.53439370087014,82.00538053333,26771700
QQQ,2014-02-26,81.724609375,82.27710229570845,81.39854367444406,82.01444478546958,42953700
QQQ,2014-02-27,82.25483703613281,82.33668836195335,81.60909557867389,81.73642448922043,28742400
QQQ,2014-02-28,82.16392517089844,82.72781559973335,81.43633200414347,82.23668656924659,48609800
QQQ,2014-03-03,81.55451965332031,81.77280372947558,80.82692688285132,81.3908100656564,38885700
QQQ,2014-03-04,82.59134674072266,82.74596636649194,82.36397269336781,82.4458309586463,33189000
QQQ,2014-03-05,82.8187255859375,82.96424831534955,82.5549708430574,82.7277773495078,27203300
QQQ,2014-03-06,82.74600219726562,83.07341458344027,82.44586665945492,83.00975010016906,24063900
QQQ,2014-03-07,82.33670806884766,83.09159174698361,81.91834055707405,83.00973346266548,31167800
QQQ,2014-03-10,82.40946197509766,82.45493956658554,81.88195244502568,82.2912299516979,18131700
QQQ,2014-03-11,82.05476379394531,82.81873741576763,81.80919588771197,82.60955713599056,27484300
QQQ,2014-03-12,82.36397552490234,82.40945311149885,81.3817248801293,81.68185335938762,27977200
QQQ,2014-03-13,81.1998291015625,82.70049939446749,80.82693922427809,82.67321561550841,48542000
QQQ,2014-03-14,80.64502716064453,81.29076863615731,80.60864647962764,80.93606566987431,38732300
QQQ,2014-03-17,81.35445404052734,81.77282851049291,81.11798996139034,81.16346062019029,28467200
QQQ,2014-03-18,82.33670806884766,82.43675322806601,81.42721166788584,81.4544954496896,31250200
QQQ,2014-03-19,81.89103698730469,82.45492711765034,81.35443063217,82.36397194840687,40869400
QQQ,2014-03-20,82.11841583251953,82.36397676267674,81.47267433879665,81.63638393853664,31634500
QQQ,2014-03-21,81.1302719116211,82.63437384925194,80.97530564565469,82.58879226289775,62754000
QQQ,2014-03-24,80.41924285888672,81.48578520292361,79.68086845990327,81.42197515553953,77735300
QQQ,2014-03-25,80.68360900878906,81.35817342938216,80.0090376334217,80.83857528903253,41723300
QQQ,2014-03-26,79.6443862915039,81.26699022786777,79.6352685854648,81.08467088094534,40930400
QQQ,2014-03-27,79.19773864746094,79.89053851462857,78.76018596118895,79.53502434899212,64784500
QQQ,2014-03-28,79.35273742675781,80.22785003571192,79.1339540584367,79.45301139854413,39895100
QQQ,2014-03-31,79.9178466796875,80.45568000445886,79.87227206371209,79.97254595553774,33924300
QQQ,2014-04-01,81.32170104980469,81.37639338893429,79.95433693337641,80.30985104726588,38683800
QQQ,2014-04-02,81.5313720703125,81.75014839626232,81.16674022388013,81.66810292729738,34631600
QQQ,2014-04-03,80.88414764404297,81.75014212748628,80.41924190162231,81.61340432621274,30319100
QQQ,2014-04-04,78.73286437988281,81.50405775936208,78.52319872592302,81.42201225832504,131213200
QQQ,2014-04-07,77.98531341552734,78.96981000581343,77.43836236509212,78.2405535298523,83995800
QQQ,2014-04-08,78.70545959472656,78.81485120606513,77.80300140419287,78.07647695515323,51495700
QQQ,2014-04-09,80.05463409423828,80.10021569325875,78.78754353495559,78.99720915376395,45685200
QQQ,2014-04-10,77.57513427734375,80.10931503482507,77.35635793372421,80.10931503482507,73659600
QQQ,2014-04-11,76.67267608642578,77.8850741228878,76.49036362513019,76.88233472143826,93657400
QQQ,2014-04-14,77.27430725097656,77.68452069174222,76.563278966045,77.34723501219368,46500700
QQQ,2014-04-15,77.5295181274414,77.97618828497696,75.91602520088739,77.55686428640489,84631500
QQQ,2014-04-16,78.55965423583984,78.55965423583984,77.56603234581448,78.20413999710144,46970900
QQQ,2014-04-17,78.57782745361328,78.96980530722495,78.05822955043234,78.25877732969009,53719500
QQQ,2014-04-21,79.16127014160156,79.16127014160156,78.39554950795498,78.76018136173751,25947900
QQQ,2014-04-22,79.79025268554688,79.99080053469392,79.29800077076055,79.43473857288568,38593400
QQQ,2014-04-23,79.08833312988281,79.8175897332529,79.04275154945911,79.79024356690776,34376700
QQQ,2014-04-24,79.8449478149414,80.41012750458306,78.98807100423964,80.39189904255696,48926300
QQQ,2014-04-25,78.56877136230469,79.46211233077021,78.37734115477636,79.37095608262948,44334000
QQQ,2014-04-28,78.82398223876953,79.40739035499833,77.58423825309,78.94248462167516,58623800
QQQ,2014-04-29,79.45301818847656,79.59886682504451,78.67817253031487,79.0610399802077,36742700
QQQ,2014-04-30,79.66263580322266,79.74468126971492,78.88779749963955,79.08834535687198,38689400
QQQ,2014-05-01,79.899658203125,80.35544631956635,79.58971866746202,79.79026655146016,37127200
QQQ,2014-05-02,79.75382232666016,80.31900223408157,79.56239210514076,80.17314666257549,40074200
QQQ,2014-05-05,80.17311096191406,80.19134637762042,79.08834018968012,79.2797703259567,27924400
QQQ,2014-05-06,79.1339340209961,80.09109188940363,79.0974701355089,80.04551029385088,33698500
QQQ,2014-05-07,78.90605163574219,79.38007526248542,77.96712904844733,79.29802976929767,67489100
QQQ,2014-05-08,78.83309936523438,79.7902500388134,78.44112138802393,78.62343381496089,46556900
QQQ,2014-05-09,79.12483215332031,79.17952451030685,78.2588304239705,78.78754639075976,35081500
QQQ,2014-05-12,80.42833709716797,80.4556832588136,79.52587203423323,79.59879976846925,38951100
QQQ,2014-05-13,80.4830551147461,80.77475919004542,80.32808884610009,80.50128357673879,30311900
QQQ,2014-05-14,80.06373596191406,80.53775250596051,79.87230580250448,80.23693070341368,26483600
QQQ,2014-05-15,79.43473052978516,80.18222255697245,78.92425020529807,80.0454847686926,59680300
QQQ,2014-05-16,79.954345703125,79.99992729391495,78.97895947127907,79.52590378688696,66804100
QQQ,2014-05-19,80.51041412353516,80.6380342421559,79.58060940861616,79.7173402822992,32017000
QQQ,2014-05-20,80.21869659423828,80.76564086188063,79.89052864269814,80.4739367888198,33716000
QQQ,2014-05-21,80.98443603515625,81.03001763256246,80.31898922358754,80.36457082099376,36837700
QQQ,2014-05-22,81.3399429321289,81.56783696965,80.94796490940166,81.07558501403155,30617100
QQQ,2014-05-23,81.93245697021484,81.95069238680041,81.239664144984,81.42197658219766,22687300
QQQ,2014-05-27,82.95341491699219,82.9716433766541,82.224151344604,82.29707909279738,29725200
QQQ,2014-05-28,82.69820404052734,83.04460053496244,82.6343939769531,82.92609811826038,30468100
QQQ,2014-05-29,83.2269058227539,83.23601657687631,82.8258100885956,82.98989407486272,33036100
QQQ,2014-05-30,83.23602294921875,83.3636430644441,82.7984702555246,83.24514065881333,29906400
QQQ,2014-06-02,83.15400695800781,83.35455489477944,82.62529093466014,83.33631947064936,30409900
QQQ,2014-06-03,83.11751556396484,83.25425338059271,82.77111912264525,82.88050381212814,21774500
QQQ,2014-06-04,83.42743682861328,83.5641746267282,82.78021866929419,82.90783875959522,20118300
QQQ,2014-06-05,84.12937927246094,84.28434557746634,83.21780295392277,83.50038938714148,35583100
QQQ,2014-06-06,84.61248779296875,84.61248779296875,84.27520215429747,84.43928611976278,22680600
QQQ,2014-06-09,84.54866027832031,84.75832578439311,84.32076631530597,84.630698766715,23399500
QQQ,2014-06-10,84.69454956054688,84.74012419847872,84.37549232115094,84.47576626128544,20626000
QQQ,2014-06-11,84.67630767822266,84.7948100735297,84.32079353752744,84.40283205240753,22878200
QQQ,2014-06-12,83.91058349609375,84.58514786845831,83.61887941981932,84.49399164864263,35275900
QQQ,2014-06-13,84.15670776367188,84.36637333297547,83.79207592192913,84.27521015645935,39447100
QQQ,2014-06-16,84.22959899902344,84.47572138648029,83.82850345155356,84.01082277075392,25212300
QQQ,2014-06-17,84.27517700195312,84.50307094404037,84.02905460459823,84.16579236080482,19977900
QQQ,2014-06-18,84.749267578125,84.86777001837115,83.8468087983386,84.35728940835487,34514000
QQQ,2014-06-19,84.69454956054688,84.93155436925151,84.31168226422668,84.87686202182346,38422200
QQQ,2014-06-20,84.79415893554688,84.88556708196145,84.57479472576941,84.73017741713417,25897500
QQQ,2014-06-23,84.81245422363281,84.83987388168624,84.55652811718296,84.78503456557938,20837900
QQQ,2014-06-24,84.73017883300781,85.52538369525027,84.48339496456711,84.8033025619764,31945800
QQQ,2014-06-25,85.26944732666016,85.41568779348582,84.5290888372249,84.53822407214653,32818600
QQQ,2014-06-26,85.3151626586914,85.33344707936672,84.65706995710886,85.32430486902906,22563900
QQQ,2014-06-27,85.6899185180664,85.70819596569302,85.17806630296012,85.20548596113174,22877800
QQQ,2014-06-30,85.83613586425781,86.04635781876091,85.61676472895766,85.67161099951319,19751900
QQQ,2014-07-01,86.77758026123047,87.006086628488,86.1011963932563,86.13775824883281,31862500
QQQ,2014-07-02,86.92383575439453,87.05179878432905,86.75017562717605,86.83243458636447,18777300
QQQ,2014-07-03,87.47223663330078,87.47223663330078,86.96952679770682,87.20717537775657,15291700
QQQ,2014-07-07,87.20720672607422,87.4814102876584,87.04268179973828,87.37172467894658,23266400
QQQ,2014-07-08,86.15605163574219,87.10663905934413,85.79958222357416,87.04265754878735,40612400
QQQ,2014-07-09,86.79589080810547,86.89643420592508,86.13779110363664,86.38458197954425,29919000
QQQ,2014-07-10,86.52169036865234,86.87815989252404,85.58023788478563,85.68078128623291,44245300
QQQ,2014-07-11,87.07921600341797,87.07921600341797,86.47596273251153,86.74103099381321,19566300
QQQ,2014-07-14,87.6002197265625,87.80130649628398,87.32601620068448,87.47225668646023,19579000
QQQ,2014-07-15,87.2986068725586,87.86529841048838,86.67706904419494,87.73733535524852,39467500
QQQ,2014-07-16,87.64594268798828,88.02069665294641,87.55454149299932,87.92928848449328,22052600
QQQ,2014-07-17,86.485107421875,87.71904062484089,86.21089694412164,87.40826828515627,43111500
QQQ,2014-07-18,87.85614013671875,87.90183723105741,86.83242898976167,86.93297236015306,36682200
QQQ,2014-07-21,87.74646759033203,87.89271505024468,87.33515881288743,87.6733438603757,29750700
QQQ,2014-07-22,88.30404663085938,88.44115191656715,88.06639793386353,88.15779913318053,25770400
QQQ,2014-07-23,88.87071990966797,88.9712563188541,88.45026196033949,88.61478686163161,28947500
QQQ,2014-07-24,88.77018737792969,89.12665687872558,88.64222432500108,89.02611348378692,24707200
QQQ,2014-07-25,88.42283630371094,88.54166409702762,87.95668825957671,88.31315769260267,29898900
QQQ,2014-07-28,88.45028686523438,88.67879334951039,87.76476741240634,88.51426840189308,25603400
QQQ,2014-07-29,88.2948989868164,88.84331312244353,88.2217752424757,88.64223328570272,27022200
QQQ,2014-07-30,88.64222717285156,88.95299260467276,88.29489289791776,88.78846767798402,35348500
QQQ,2014-07-31,86.85070037841797,88.05721376554665,86.72273736565138,87.91097331101106,50047900
QQQ,2014-08-01,86.53081512451172,87.14321069662641,85.95498141880935,86.66792038019219,60708000
QQQ,2014-08-04,87.12492370605469,87.4631157032242,86.39370040483604,86.71361495753308,33230500
QQQ,2014-08-05,86.45769500732422,87.02439350021993,86.05552840689614,86.77760960844503,50331100
QQQ,2014-08-06,86.39371490478516,86.93299374897315,85.84530082355882,85.9184245606459,34431900
QQQ,2014-08-07,86.1195068359375,86.96040884796302,85.81787666636433,86.79588393487428,33274700
QQQ,2014-08-08,86.7410659790039,86.84160939361738,85.89102154765848,86.2566333304834,40236900
QQQ,2014-08-11,87.25289154052734,87.52710203694363,87.01524290853074,87.07922442789953,28277500
QQQ,2014-08-12,87.21633911132812,87.4448455585744,86.76846842729516,87.16149979549729,28152300
QQQ,2014-08-13,88.13951110839844,88.17607297843173,87.52711547563402,87.57281258307788,27996500
QQQ,2014-08-14,88.59650421142578,88.61478165562333,88.13949139840356,88.25831221934297,25006600
QQQ,2014-08-15,89.02610778808594,89.2363298015348,88.18520578736467,89.10836675679299,55205500
QQQ,2014-08-18,89.71160888671875,89.79386783873672,89.36427471563441,89.492244707876,38938300
QQQ,2014-08-19,90.2143325805664,90.2691788637793,89.8670053297102,89.92184463946049,21363400
QQQ,2014-08-20,90.2143325805664,90.39714190217173,90.05894988729884,90.14121582538687,23435600
QQQ,2014-08-21,90.39715576171875,90.44285286902934,90.12294522400055,90.26005049285965,19339500
QQQ,2014-08-22,90.53424072265625,90.71704305782119,90.23261059351823,90.43369734627692,24692000
QQQ,2014-08-25,90.85416412353516,91.11009022673552,90.63479988842961,90.96384275435628,24124700
QQQ,2014-08-26,90.945556640625,91.04610002493888,90.73532766247888,90.99126071475408,20100400
QQQ,2014-08-27,90.96385955810547,91.07354518265213,90.77191494524729,90.97300177018384,15589100
QQQ,2014-08-28,90.86331939697266,90.97299804356183,90.56168917192382,90.65309036856956,23563900
QQQ,2014-08-29,91.20146942138672,91.32029720741106,90.73531443239793,91.06436419245335,17906300
QQQ,2014-09-02,91.46656036376953,91.49398002166664,91.09181341673663,91.42085628496542,18326800
QQQ,2014-09-03,90.92726135253906,91.71331688030438,90.7627364808065,91.71331688030438,25950700
QQQ,2014-09-04,90.84502410888672,91.60366719989811,90.6165176578686,91.13751208725138,24663500
QQQ,2014-09-05,91.30201721191406,91.3568565167581,90.51595463299375,90.98210964455393,30798200
QQQ,2014-09-08,91.47573852539062,91.70424506229051,91.05528733431079,91.32949099451099,25571300
QQQ,2014-09-09,90.717041015625,91.82301115743834,90.5433739197044,91.4848191741882,36449200
QQQ,2014-09-10,91.46656036376953,91.50312223212013,90.57995423329143,90.83588033828235,31080100
QQQ,2014-09-11,91.39342498779297,91.4391290607765,90.70790573381485,91.07351739729567,28691900
QQQ,2014-09-12,90.92726135253906,91.33857004513985,90.64390870077331,91.31115039542797,30444400
QQQ,2014-09-15,90.0498275756836,91.03697721008974,89.7756239928802,91.02783499862372,32972200
QQQ,2014-09-16,90.83585357666016,91.00952065679476,89.62020493610183,89.71160609331851,38166900
QQQ,2014-09-17,90.97297668457031,91.40256987875448,90.42456265999031,90.81759398940747,37196500
QQQ,2014-09-18,91.65849304199219,91.6676352512587,91.1557831077334,91.25631951581519,30196700
QQQ,2014-09-19,91.60169219970703,92.13308296340222,91.23521074918975,92.04146434828597,46918000
QQQ,2014-09-22,90.74961853027344,91.39095577477751,90.35565222577759,91.3817918169841,48658000
QQQ,2014-09-23,90.50226593017578,90.905396305294,90.31902866333314,90.38316240573343,33989600
QQQ,2014-09-24,91.47342681884766,91.51923962597365,90.28237072415453,90.59387544444178,35959000
QQQ,2014-09-25,89.54938507080078,91.29933040703118,89.51273623239243,91.18021993469121,68642500
QQQ,2014-09-26,90.50226593017578,90.66718226635564,89.68684820963479,89.8426005854564,56106200
QQQ,2014-09-29,90.38313293457031,90.63050386315318,89.55855152254175,89.60436431934109,33342700
QQQ,2014-09-30,90.51139831542969,90.97866226994212,90.08078319951149,90.63050179832253,41834300
QQQ,2014-10-01,89.06380462646484,90.34648607438132,88.77978485223068,90.2548674688269,58164900
QQQ,2014-10-02,89.06380462646484,89.33866743317964,87.92771853947666,89.02715578623277,54501300
QQQ,2014-10-03,89.94338989257812,90.30987144367113,89.27456752763351,89.58607230252734,41627800
QQQ,2014-10-06,89.7509765625,90.44729071678508,89.4761206787411,90.2274046117673,36038700
QQQ,2014-10-07,88.4774398803711,89.58604111874794,88.46827592251873,89.32950621929568,45154000
QQQ,2014-10-08,90.19989776611328,90.48392455260681,88.0101800689081,88.5232568822227,64931600
QQQ,2014-10-09,88.74314880371094,90.30985025169078,88.60571738054374,90.08080020976298,62497100
QQQ,2014-10-10,86.52593231201172,88.71564980532473,86.50760439714344,88.22090095465276,77579400
QQQ,2014-10-13,85.16996765136719,87.02985289306045,85.09666995956336,86.37018764693124,80835900
QQQ,2014-10-14,85.17913055419922,86.27856795741397,84.94091655381675,85.7013643692341,71814500
QQQ,2014-10-15,84.62940216064453,84.98671962527116,82.67789155685877,83.89643931574021,108847800
QQQ,2014-10-16,84.09799194335938,84.82179072281909,82.81531065052,82.84279552985824,93165800
QQQ,2014-10-17,85.20661926269531,86.022036887833,84.71187031204106,85.20661926269531,69546700
QQQ,2014-10-20,86.48013305664062,86.5534307474884,85.02337814881686,85.19745142701467,41479300
QQQ,2014-10-21,88.75231170654297,88.75231170654297,87.33219866746745,87.55208474788702,53609800
QQQ,2014-10-22,88.29423522949219,89.14630188268737,88.23925845215247,89.02719135682992,39178000
QQQ,2014-10-23,89.62269592285156,90.11744482901956,89.02716444375754,89.18291678735149,48123800
QQQ,2014-10-24,90.35566711425781,90.41980084927594,89.4577878339511,89.81510535620254,43157600
QQQ,2014-10-27,90.4198226928711,90.58473904990856,89.80596309219824,90.18160862380483,29545700
QQQ,2014-10-28,91.78491973876953,91.80324066383746,90.77710109879737,90.84123482161237,34495100
QQQ,2014-10-29,91.44593048095703,91.7299572674808,90.79542924352224,91.48257932405856,40552800
QQQ,2014-10-30,91.63833618164062,91.85822925108849,90.83208256382242,91.03364771579008,35935800
QQQ,2014-10-31,92.90267181396484,93.22334038287372,92.60032416754339,93.15920666909193,54254100
QQQ,2014-11-03,93.17757415771484,93.42495217025237,92.93020313523135,93.0676345877462,33481000
QQQ,2014-11-04,92.8660659790039,93.10428002194458,92.23388551468412,92.88438690997452,22773300
QQQ,2014-11-05,92.8752212524414,93.47990977866513,92.55454557499289,93.47990977866513,25818600
QQQ,2014-11-06,93.16839599609375,93.19588088233456,92.46291796233461,92.86604826733983,24671900
QQQ,2014-11-07,93.08596801757812,93.36999492159143,92.60038287820875,93.33334606332987,20931700
QQQ,2014-11-10,93.415771484375,93.53487499386824,92.8843736911538,93.13175165940113,20360000
QQQ,2014-11-11,93.70895385742188,93.70895385742188,93.17755607220285,93.43409799579501,15454000
QQQ,2014-11-12,93.87383270263672,93.97461524202379,93.3332781641514,93.3332781641514,22050300
QQQ,2014-11-13,94.27699279785156,94.62514632353134,93.83721366905152,94.04794277015515,28027800
QQQ,2014-11-14,94.5701904296875,94.5701904296875,93.9380100236709,94.24952174187224,19251300
QQQ,2014-11-17,94.2861557006836,94.56101153681114,93.83721261858683,94.35028942811856,23361600
QQQ,2014-11-18,94.99164581298828,95.11991329366319,94.35946537962376,94.36862933968725,26336800
QQQ,2014-11-19,94.56101989746094,94.89085252201788,94.12124772475343,94.89085252201788,23760200
QQQ,2014-11-20,94.98247528076172,95.06493693552034,94.08460297816421,94.15789368344046,22874000
QQQ,2014-11-21,95.16572570800781,95.91700965885819,94.8633779376519,95.82538403871149,34049100
QQQ,2014-11-24,95.9078140258789,95.95362682082286,95.33976752280888,95.42222915569779,17928300
QQQ,2014-11-25,96.05441284179688,96.3384396192698,95.80704189630947,96.05441284179688,17526000
QQQ,2014-11-26,96.67742156982422,96.73239832342612,96.0452483188385,96.14603087871546,18973800
QQQ,2014-11-28,97.12639617919922,97.34628229493278,96.86986121250115,96.93399495417567,17360400
QQQ,2014-12-01,96.02693939208984,97.04392215917582,95.66962187825453,96.86068491774073,35969500
QQQ,2014-12-02,96.4117202758789,96.58579350675593,95.92612844855704,96.12769354856789,26031300
QQQ,2014-12-03,96.5858154296875,96.72324684634806,95.98112698245414,96.55833054436583,32974300
QQQ,2014-12-04,96.5400390625,96.91567759322069,96.13690864802032,96.49422624628937,31008800
QQQ,2014-12-05,96.54917907714844,96.84236287526448,96.33845693571824,96.69577447123302,25622200
QQQ,2014-12-08,95.86202239990234,96.72325280666416,95.35811649449805,96.30180156230591,32685800
QQQ,2014-12-09,96.16437530517578,96.23767300119093,94.4052725411303,94.7442691426606,46035100
QQQ,2014-12-10,94.65263366699219,96.22849901688396,94.47856039465691,95.99028502467765,39330100
QQQ,2014-12-11,95.1015853881836,96.23767170085588,94.90917719123033,94.92750511001299,47576000
QQQ,2014-12-12,94.06626892089844,95.27565285469885,94.05711195211956,94.19453638432785,46889400
QQQ,2014-12-15,93.0950927734375,94.9000080898779,92.82939390547932,94.55184757804551,52968400
QQQ,2014-12-16,91.60169219970703,93.88302856934746,91.58336428265243,92.50872837244683,65348600
QQQ,2014-12-17,93.26918029785156,93.53487219646316,91.54671950100139,91.66582999698512,79715300
QQQ,2014-12-18,95.51387786865234,95.52304182854051,94.3503066047728,94.60684156121532,49840900
QQQ,2014-12-19,95.93414306640625,96.32037930629407,95.37317790157444,95.61227953316639,51419900
QQQ,2014-12-22,96.17325592041016,96.2008432241786,95.73183801181605,95.7778215288299,33869200
QQQ,2014-12-23,95.83299255371094,96.53190129281514,95.7226363266631,96.5227031865363,30156900
QQQ,2014-12-24,95.91575622558594,96.28359626340337,95.88816190826053,95.95253461648848,14291300
QQQ,2014-12-26,96.59626770019531,96.79858392852911,96.16404794259108,96.1916352435277,13924300
QQQ,2014-12-29,96.57784271240234,96.78935698339166,96.44909733565993,96.50427893719012,17073800
QQQ,2014-12-30,95.93414306640625,96.52269553178736,95.8053976531103,96.30199011129415,18604000
QQQ,2014-12-31,94.95012664794922,96.4766889525821,94.81218317211786,96.09964391971616,24367100
QQQ,2015-01-02,94.6650390625,95.82374730399293,94.20523220016588,95.41912203608413,31314600
QQQ,2015-01-05,93.27643585205078,94.36158050787223,93.00974698571109,94.25122431680498,36521300
QQQ,2015-01-06,92.02578735351562,93.57073940017726,91.61196379405769,93.41440667914641,66205500
QQQ,2015-01-07,93.21207427978516,93.43277967214868,92.41200758533272,92.63271999379417,37577400
QQQ,2015-01-08,94.99613189697266,95.18005189612975,93.90178895852273,94.0029470628886,40212600
QQQ,2015-01-09,94.37079620361328,95.31799755120079,93.81902216151326,95.29041025231547,41410100
QQQ,2015-01-12,93.38682556152344,94.65589064185279,93.1477239031079,94.55473251775774,34129800
QQQ,2015-01-13,93.35923767089844,95.29043325217648,92.60515424959657,94.2972481559935,56162300
QQQ,2015-01-14,92.84420776367188,93.3224108653772,92.02575204862255,92.42118626053038,51354200
QQQ,2015-01-15,91.63953399658203,93.42358033683594,91.52917779380533,93.27644574923151,51005400
QQQ,2015-01-16,92.71549987792969,92.83504719363975,91.37286403833495,91.519998656432,35362200
QQQ,2015-01-20,93.45117950439453,93.69027409868492,92.22809117044696,93.2764505949454,30964100
QQQ,2015-01-21,93.92938995361328,94.3708078384956,92.84424496171434,93.17530662135125,40128800
QQQ,2015-01-22,95.66744232177734,95.76860042203354,93.46956544547983,94.29721944025876,40887200
QQQ,2015-01-23,95.87896728515625,96.17324351422464,95.38237483308485,95.65825485128092,34783000
QQQ,2015-01-26,95.76856231689453,95.94329115074149,95.28116821836896,95.76856231689453,19960900
QQQ,2015-01-27,93.28564453125,94.3156077002576,92.97297212915993,94.2604331065173,45253200
QQQ,2015-01-28,92.80743408203125,94.88576348243745,92.78904489092028,94.78460539108379,43591700
QQQ,2015-01-29,93.6994857788086,93.87421471357285,91.9246301773639,92.73388810872085,46539700
QQQ,2015-01-30,92.97296142578125,94.33399304883747,92.84421604447694,93.61669534839994,42927600
QQQ,2015-02-02,93.7822494506836,93.86501135234941,91.73150691085615,93.18449887962366,43624700
QQQ,2015-02-03,94.68345642089844,94.74782912013407,93.5063516256767,94.12249132066026,30750400
QQQ,2015-02-04,94.60070037841797,95.22603821655956,94.08571173659061,94.29722605635695,34073200
QQQ,2015-02-05,95.41914367675781,95.48351637144022,94.60068783746829,94.83978240851864,23605500
QQQ,2015-02-06,94.83979034423828,95.79618975675898,94.49953765077386,95.56628625421357,34169300
QQQ,2015-02-09,94.53634643554688,94.98695544748117,94.30644287613757,94.47197371955626,22604700
QQQ,2015-02-10,96.00768280029297,96.1364281719132,94.91334012542447,95.06048170218847,23686500
QQQ,2015-02-11,96.35717010498047,96.57787553782536,95.93414843531974,96.1180684600073,20303600
QQQ,2015-02-12,97.47908782958984,97.51587323296677,96.83536081073942,96.98249540814881,22520300
QQQ,2015-02-13,98.31596374511719,98.33435294320341,97.57107142477545,97.75499848613761,29030200
QQQ,2015-02-17,98.40789794921875,98.47227064978152,98.0676382370451,98.31593795071451,17675300
QQQ,2015-02-18,98.54582214355469,98.60099672862535,98.15957899976974,98.2883243756658,15149600
QQQ,2015-02-19,99.03323364257812,99.09760634176352,98.45387233381149,98.48145963116265,19828100
QQQ,2015-02-20,99.69535827636719,99.75053287186259,98.65618995388321,98.96886236591936,28336700
QQQ,2015-02-23,99.79650115966797,99.82409547124558,99.41946309461105,99.64016847454918,17868000
QQQ,2015-02-24,99.87007141113281,99.98962571235478,99.3642879592085,99.66775522392409,19745000
QQQ,2015-02-25,99.62177276611328,100.10916699730487,99.40106038451563,99.7229308536546,19472300
QQQ,2015-02-26,100.1275634765625,100.18274508402742,99.4470511240075,99.72293811303936,22255500
QQQ,2015-02-27,99.68614196777344,100.15514699213223,99.52980929835277,100.09076728768002,27757600
QQQ,2015-03-02,100.58739471435547,100.62418012284074,99.86089868299479,99.87929489528706,22988600
QQQ,2015-03-03,100.1183853149414,100.38507423447818,99.48384936790222,100.28391612651257,20788900
QQQ,2015-03-04,99.73213958740234,99.93445579828278,99.18957067285783,99.78732120061412,21007400
QQQ,2015-03-05,99.9068603515625,100.21033464313251,99.49303687476538,99.98962925658057,15381000
QQQ,2015-03-06,98.7757339477539,99.9712278272309,98.5274342617651,99.77810974707148,30990400
QQQ,2015-03-09,99.06082153320312,99.3091142269487,98.57342723415206,98.9780526245559,26237100
QQQ,2015-03-10,97.22161865234375,98.38033456016903,97.22161865234375,98.35274023942331,34234500
QQQ,2015-03-11,96.66061401367188,97.48826789626665,96.62382861710132,97.36871360338813,25459700
QQQ,2015-03-12,97.29518127441406,97.40553048369614,96.52270172894322,96.58707443972418,21473200
QQQ,2015-03-13,96.87215423583984,97.5894591888923,96.26521252614855,97.20321590152578,42021100
QQQ,2015-03-16,98.12278747558594,98.15957286870102,97.12960992586427,97.23076800290664,25674100
QQQ,2015-03-17,98.27913665771484,98.43546933150502,97.62621165297611,97.85611512011356,19603800
QQQ,2015-03-18,99.2447280883789,99.69534394045435,97.50665841922248,98.01244885885936,40622200
QQQ,2015-03-19,99.39188385009766,99.66776384334285,99.19876574999658,99.3459003431744,31314000
QQQ,2015-03-20,100.03524017333984,100.53297464202304,100.01680868882582,100.21037092127477,31761400
QQQ,2015-03-23,99.84169006347656,100.2564653216236,99.80482005773811,99.97995082693708,17268500
QQQ,2015-03-24,99.48220825195312,100.29332721589401,99.46377676669188,99.83246272978883,22445300
QQQ,2015-03-25,97.2055435180664,99.7310791135363,97.16867351267278,99.63890761616949,41581400
QQQ,2015-03-26,96.87370300292969,97.42673891946711,96.08101561074052,96.40361930936793,47846300
QQQ,2015-03-27,97.26081848144531,97.49125067812751,96.70778261585451,96.85526259720277,33878400
QQQ,2015-03-30,98.37614440917969,98.45909664804562,97.85075913299181,97.85075913299181,30570200
QQQ,2015-03-31,97.33457946777344,98.30239771549597,97.30692872336435,98.09961621351722,30488100
QQQ,2015-04-01,96.82762145996094,97.35300663920306,96.20084554154637,97.33456812358992,32970500
QQQ,2015-04-02,96.89216613769531,97.20555065820874,96.5787745849469,96.91981688571298,19164200
QQQ,2015-04-06,97.68485260009766,97.95214784932968,96.17321041436587,96.32069044506552,24451100
QQQ,2015-04-07,97.5189437866211,98.34849436949419,97.5189437866211,97.62954678047878,19379400
QQQ,2015-04-08,98.29316711425781,98.43142785258298,97.54656897242845,97.5557811980124,25866900
QQQ,2015-04-09,98.91073608398438,98.94760608760805,97.91527411508149,98.24709008322635,23114700
QQQ,2015-04-10,99.31629180908203,99.32551106737047,98.65264585698694,98.87385883027409,17164300
QQQ,2015-04-13,99.06742858886719,99.89697900090326,98.95681858555334,99.3900323082405,17783500
QQQ,2015-04-14,98.78169250488281,99.2517762508817,98.21943726788497,98.96604251911472,23755700
QQQ,2015-04-15,99.39925384521484,99.6112546133664,98.91995785042579,99.03978009106447,21128600
QQQ,2015-04-16,99.2610092163086,99.43613296371873,98.99370693293685,99.1319677046443,16195300
QQQ,2015-04-17,97.71249389648438,98.5789143802175,97.2884993975864,98.3116191568398,46514000
QQQ,2015-04-20,99.17804718017578,99.35317795494684,98.1641466029305,98.20101660984203,28945900
QQQ,2015-04-21,99.60204315185547,99.92465395893858,99.4822209018361,99.74952318163459,22759800
QQQ,2015-04-22,100.1458740234375,100.31178555250472,99.21492560854726,99.8601332036779,21429200
QQQ,2015-04-23,100.52377319335938,100.9754255146595,99.78639413418449,99.80482562196401,29473200
QQQ,2015-04-24,101.88792419433594,102.02618495036275,101.41784043673846,101.5837519375238,32508100
QQQ,2015-04-27,101.62982177734375,102.45937912272998,101.40860179708555,102.26580988194584,31121300
QQQ,2015-04-28,101.42706298828125,101.89714676113867,100.56985471176918,101.70357747707696,36849200
QQQ,2015-04-29,100.79106140136719,101.45470738451846,100.23802542615245,100.8648014066582,34043900
QQQ,2015-04-30,99.20569610595703,100.62515970093403,98.68031082352431,100.21960369682249,44080500
QQQ,2015-05-01,100.51453399658203,100.57905473485124,99.57436663067858,99.59280514574583,32874300
QQQ,2015-05-04,100.68045043945312,101.30722637024154,100.62514192375508,100.83714266409187,23507300
QQQ,2015-05-05,99.03978729248047,100.46847018600101,98.9937050576076,100.28412718203991,47843300
QQQ,2015-05-06,98.35771179199219,99.50065391132237,97.70328497236623,99.21492013954857,42687200
QQQ,2015-05-07,98.94761657714844,99.22413811752334,98.2563197584461,98.33005977351073,29335800
QQQ,2015-05-08,100.18270874023438,100.39470243299343,99.82323505926651,99.97070801524242,33023300
QQQ,2015-05-11,99.79562377929688,100.45005774156488,99.72189078307521,100.24727617942393,19679300
QQQ,2015-05-12,99.34396362304688,99.85091745293398,98.44067302172908,99.20570284832901,33665000
QQQ,2015-05-13,99.54672241210938,100.29332057988547,99.39924241084157,99.77715463991518,20738400
QQQ,2015-05-14,101.00308990478516,101.08604215934966,99.98918916632675,100.35787522959461,23904200
QQQ,2015-05-15,101.00308990478516,101.3994337518104,100.75421907661988,101.26117296196702,23937400
QQQ,2015-05-18,101.44549560546875,101.64827711885334,100.76341808682149,100.83715809754943,17631100
QQQ,2015-05-19,101.33490753173828,101.71281283591254,101.1689959993059,101.55612056423628,14212900
QQQ,2015-05-20,101.3993911743164,102.00772854905689,100.86478676192758,101.40860339946478,21131900
QQQ,2015-05-21,101.92479705810547,102.06305781801188,101.07680804462323,101.22428103155154,16771800
QQQ,2015-05-22,101.82342529296875,102.19211837740198,101.74046600865933,101.80498677101747,13543800
QQQ,2015-05-26,100.6528091430664,101.74044970007037,100.24725314421097,101.60219596877566,25488400
QQQ,2015-05-27,102.27503967285156,102.38564967437279,100.73575407090736,100.95696704171625,30572700
QQQ,2015-05-28,102.04460144042969,102.32112291184782,101.73121700290673,102.08147143876765,17302400
QQQ,2015-05-29,101.43629455566406,102.11837214947009,101.19664301050807,101.98011137217873,30383000
QQQ,2015-06-01,101.7773208618164,102.0538423920157,100.94776330345319,101.9801023796646,24570200
QQQ,2015-06-02,101.45471954345703,101.95245409047196,100.90168350196315,101.39941804897808,19449600
QQQ,2015-06-03,101.75888061523438,102.13678583959226,101.51000985303139,101.91557285381609,20507200
QQQ,2015-06-04,100.98462677001953,101.83262279267292,100.66202302716812,101.1874082747359,31374600
QQQ,2015-06-05,100.7449951171875,101.10446890958285,100.12743126542557,100.86481737057426,22641700
QQQ,2015-06-08,99.72189331054688,100.7726641298763,99.5191117432664,100.69892409954953,24549200
QQQ,2015-06-09,99.55594635009766,99.9154200797939,98.8093411149922,99.48220634599744,27554600
QQQ,2015-06-10,100.92010498046875,101.21505797549538,99.78638226268025,99.89698524066893,30297900
QQQ,2015-06-11,101.06757354736328,101.52843798941032,100.89244280907074,101.26113576915505,17593500
QQQ,2015-06-12,100.23802947998047,100.74498324656602,100.09976872252675,100.53298248083908,27201800
QQQ,2015-06-15,99.74028015136719,99.89697237148806,98.91072276214898,99.49141645071832,31238800
QQQ,2015-06-16,100.28411102294922,100.45002251267432,99.59281432113357,99.63889654858107,16456900
QQQ,2015-06-17,100.5606460571289,100.88324984419472,99.94308923156932,100.4500430628407,23296700
QQQ,2015-06-18,102.02620697021484,102.20133073555974,100.8740454750493,100.92934697650182,43032400
QQQ,2015-06-19,101.52176666259766,102.15922473195921,101.44785705053081,102.07607465628188,27877600
QQQ,2015-06-22,102.27011108398438,102.57498303385137,102.03914876712948,102.27011108398438,19120900
QQQ,2015-06-23,102.35323333740234,102.4456168293287,101.9282636358142,102.38094768013939,18127900
QQQ,2015-06-24,101.82662963867188,102.6673284952285,101.79891529866784,102.23312542115214,15815900
QQQ,2015-06-25,101.62337493896484,102.32550204846088,101.45708186167388,102.22387810964932,18326700
QQQ,2015-06-26,100.9489517211914,101.8358527405697,100.57017739169629,101.60489054869981,32311700
QQQ,2015-06-29,98.56544494628906,100.38542847258034,98.51924968026226,99.8311134738907,50874900
QQQ,2015-06-30,98.9164810180664,99.51698408876383,98.61160925239453,99.30449578433627,34809900
QQQ,2015-07-01,99.70177459716797,100.09902991806072,99.23985013326514,99.8957820261982,21293000
QQQ,2015-07-02,99.72947692871094,100.07130352826614,99.42461217603424,99.9881605180108,20499400
QQQ,2015-07-06,99.4985580444336,100.07134709751172,98.88882122520478,99.10130259841702,24311000
QQQ,2015-07-07,99.7480239868164,99.84040752004326,97.77098677243232,99.60944516277024,44230800
QQQ,2015-07-08,98.0111312866211,99.15670905438304,97.82636431680561,99.03660418043569,39691500
QQQ,2015-07-09,97.95571899414062,99.40616179992811,97.94647852958141,99.31377829956386,28381000
QQQ,2015-07-10,99.4523696899414,99.82191078668433,98.89806156903212,99.25836220004366,26415800
QQQ,2015-07-13,101.19843292236328,101.28157595949276,100.3022981528955,100.31153861760191,25780700
QQQ,2015-07-14,101.86357879638672,102.14072922947578,101.28154949492534,101.3369852202692,21977200
QQQ,2015-07-15,101.97444152832031,102.3716968469324,101.68805061783529,102.05759159651758,28631500
QQQ,2015-07-16,103.41566467285156,103.43413855250884,102.61191346378685,102.81516138206129,29838900
QQQ,2015-07-17,104.94001770019531,104.94001770019531,104.0716043240986,104.24713086321518,35926800
QQQ,2015-07-20,105.3003158569336,105.67909029519858,104.83839134054637,105.16173709233567,26539000
QQQ,2015-07-21,105.23564147949219,105.50355148308991,104.93076962220158,105.33725838351398,35468900
QQQ,2015-07-22,104.04389190673828,104.55200470089557,103.62815556779921,103.62815556779921,35575000
QQQ,2015-07-23,103.65585327148438,104.48731876745627,103.38794326850135,104.14549915407389,25698300
QQQ,2015-07-24,102.63963317871094,104.39494787118258,102.48258052397428,104.21018087130524,30844700
QQQ,2015-07-27,101.78968811035156,102.50104877405329,101.56796631299643,102.05760517934306,35994800
QQQ,2015-07-28,102.66732025146484,102.87056812638501,101.42936617463457,102.24235062590785,33553500
QQQ,2015-07-29,103.05535125732422,103.27707302760781,102.49180284453041,102.88905816750952,26714100
QQQ,2015-07-30,103.5450210571289,103.72054761395529,102.1962020575273,102.81517933606315,25438100
QQQ,2015-07-31,103.42489624023438,103.92377556297225,103.21241491013284,103.86834687658207,22081700
QQQ,2015-08-03,103.10153198242188,103.7297494929122,102.41788579549069,103.4433586000912,25001800
QQQ,2015-08-04,102.90754699707031,103.24013322502364,102.48257727210972,103.05536623100913,22132300
QQQ,2015-08-05,103.70205688476562,104.3949436790959,103.36023019546879,103.48033508413444,28989900
QQQ,2015-08-06,102.03913879394531,103.93303242641278,101.57721420538347,103.79445364016225,42125400
QQQ,2015-08-07,101.90979766845703,102.15000042145356,101.0690986055837,101.7896998161636,30006800
QQQ,2015-08-10,103.07382202148438,103.29554378507119,102.54722842771082,102.55646889031253,21500800
QQQ,2015-08-11,101.75273895263672,102.92603125262376,101.18919043974391,102.52877585908307,36123300
QQQ,2015-08-12,102.10379028320312,102.30703819473959,99.97894177261425,101.05060296743112,41889000
QQQ,2015-08-13,101.9375228881836,102.69508603985393,101.71580104168105,102.20544001656228,22510500
QQQ,2015-08-14,102.09455108642578,102.24236325564007,101.4940478495487,101.69729574957556,17924900
QQQ,2015-08-17,102.94448852539062,102.97220286607666,101.58642944450992,101.84510602212374,21224900
QQQ,2015-08-18,102.41788482666016,102.88904971717275,102.27930608846145,102.80589965489057,13984400
QQQ,2015-08-19,101.74348449707031,102.64885958868874,101.15222172032662,102.10378503138573,42511400
QQQ,2015-08-20,98.92574310302734,101.12450097425905,98.91650264036114,100.80115526502024,57747300
QQQ,2015-08-21,94.60212707519531,98.36219174890981,94.60212707519531,97.53072634412122,97763400
QQQ,2015-08-24,90.96216583251953,94.72223073828174,78.2869572415743,87.05428876145488,150829900
QQQ,2015-08-25,90.62033081054688,94.91622939630224,90.54642825893093,94.29725235502335,75088300
QQQ,2015-08-26,95.18414306640625,95.36891705997378,91.39636430336108,93.27177628552691,104103800
QQQ,2015-08-27,97.59540557861328,97.66007472520756,95.41512142427993,96.56069218469646,69377700
QQQ,2015-08-28,97.57691955566406,97.92797958656658,96.86555198325723,97.0780403232821,49919600
QQQ,2015-08-31,96.36668395996094,97.56769044225291,96.12648830222918,97.03185634717444,39549400
QQQ,2015-09-01,93.35492706298828,95.42434646801635,92.96690519771465,93.96466362543447,73155500
QQQ,2015-09-02,95.9878921508789,96.0063660256609,93.95542055291617,95.04556242363603,43963600
QQQ,2015-09-03,95.51673889160156,97.0226100877314,95.24882186006782,96.36667820297271,45131800
QQQ,2015-09-04,94.38038635253906,95.01783716111873,93.85378582831163,94.20485284446326,49379600
QQQ,2015-09-08,97.04108428955078,97.16118210292083,95.79388974865104,96.19114503706875,37343500
QQQ,2015-09-09,95.95095825195312,98.21438549551861,95.70151507341951,98.18667115310568,47146700
QQQ,2015-09-10,96.99493408203125,97.63239234169785,95.72926507747779,95.84012248026457,47686700
QQQ,2015-09-11,97.5307388305664,97.5307388305664,96.27430362434265,96.55146114422467,29106100
QQQ,2015-09-14,97.2350845336914,97.90949724743312,96.8655436103428,97.89101632464192,19718800
QQQ,2015-09-15,98.38066101074219,98.68553281959929,97.10575214880429,97.4660526325782,30020200
QQQ,2015-09-16,98.93498229980469,99.02737283505107,98.05732860223,98.39915525678018,31329100
QQQ,2015-09-17,98.97193908691406,100.45010309956913,98.51925505845286,98.83336737808499,56139800
QQQ,2015-09-18,97.56426239013672,98.72188298580885,97.39756474173771,97.45313533490764,48384000
QQQ,2015-09-21,97.86988830566406,98.67559488579013,96.99009936786416,98.10141245409102,35772600
QQQ,2015-09-22,96.40664672851562,96.70299733355257,95.50833196980982,96.36960201969153,47359700
QQQ,2015-09-23,96.48075866699219,96.92528821108891,95.9806655794674,96.66597518879067,21775100
QQQ,2015-09-24,96.12882232666016,96.48999940693757,94.71188870531518,95.54537699270759,38284300
QQQ,2015-09-25,95.3138656616211,97.24941133704047,94.72116436999906,97.15680308501642,44700000
QQQ,2015-09-28,92.60040283203125,94.97121508050016,92.32257807403442,94.90638859707856,44077500
QQQ,2015-09-29,92.11883544921875,93.77654931036119,91.45204472679758,92.83192676507893,49315500
QQQ,2015-09-30,94.2396011352539,94.34147233637955,93.07271732771466,93.43389447150302,41411400
QQQ,2015-10-01,94.66558837890625,94.67485132255716,93.15604651381886,94.40628248112716,39339100
QQQ,2015-10-02,96.32331085205078,96.32331085205078,93.05419093337008,93.35054156738644,59370900
QQQ,2015-10-05,97.70320129394531,97.96250723798039,96.82341226017526,97.03641054325105,32853500
QQQ,2015-10-06,97.24016571044922,97.79582238711161,96.48076660371375,97.47168991452172,33051500
QQQ,2015-10-07,97.82355499267578,98.03656026220649,96.58258927405377,97.85134381826586,37389300
QQQ,2015-10-08,98.21256256103516,98.3792602576345,96.50854087740211,97.45316351331756,50188900
QQQ,2015-10-09,98.65705871582031,98.84228225459287,97.99026810735018,98.25883693940374,23916200
QQQ,2015-10-12,98.8978271484375,99.08304358675475,98.49034250547447,98.84226363005317,16162000
QQQ,2015-10-13,98.25885772705078,99.33313328253878,98.16624947085006,98.33294715823416,26999600
QQQ,2015-10-14,98.10140228271484,98.74966700487424,97.69391756275434,98.25883699158848,30902600
QQQ,2015-10-15,99.71283721923828,99.72210016526553,98.33295501459722,98.46260799674832,38393800
QQQ,2015-10-16,100.12957763671875,100.18514117767894,99.44426099227654,99.92583523245523,27091100
QQQ,2015-10-19,100.70374298095703,100.7685694607695,99.77764637474668,99.99991464743776,23776300
QQQ,2015-10-20,100.18513488769531,100.74079145908244,99.84247658698754,100.5277931884031,23404700
QQQ,2015-10-21,99.57392120361328,100.79636865250554,99.53688355065202,100.69450450852565,30195200
QQQ,2015-10-22,101.60204315185547,101.68539550847069,100.17585373631431,100.46294844737189,42778700
QQQ,2015-10-23,104.44518280029297,104.87118642669604,103.78765500309105,104.33405572026598,53170900
QQQ,2015-10-26,104.50997161865234,104.7137139460129,103.97283404025714,104.37105575312884,25918000
QQQ,2015-10-27,104.72300720214844,104.87117898685838,104.20438829177243,104.23217712536474,31390500
QQQ,2015-10-28,105.59351348876953,105.59351348876953,104.03767117945034,104.88042233537767,42221900
QQQ,2015-10-29,105.42683410644531,105.60279472234784,105.00083051607386,105.11196465225804,24913300
QQQ,2015-10-30,104.95455169677734,105.6491242945077,104.92676992335738,105.47316364210417,27199200
QQQ,2015-11-02,106.13992309570312,106.26957604371462,105.01008420684094,105.23234539406697,22176900
QQQ,2015-11-03,106.51036071777344,106.8900566096628,105.76948068964238,105.92691539931467,20418400
QQQ,2015-11-04,106.51962280273438,106.93637049242626,106.07510041239689,106.86228107218469,28633000
QQQ,2015-11-05,106.2325439453125,106.87155288319144,105.67688737851006,106.61224695638741,25004100
QQQ,2015-11-06,106.3066177368164,106.42700773782451,105.35273947541037,106.02878596149858,29924900
QQQ,2015-11-09,105.17679595947266,106.04732906898094,104.52853113253458,105.90841315876374,33479800
QQQ,2015-11-10,104.9082260131836,105.01009720859942,104.30626178542371,104.62113831640625,35452100
QQQ,2015-11-11,104.77855682373047,105.70465331824147,104.6025962287956,105.19529742003822,22748800
QQQ,2015-11-12,103.75987243652344,104.86192974204378,103.6857830067029,104.35257374397382,31196900
QQQ,2015-11-13,101.72244262695312,103.43572691317505,101.66687909440314,103.32459278251906,52836000
QQQ,2015-11-16,103.1856918334961,103.20421772406716,101.38906905373898,101.62059322697814,33980600
QQQ,2015-11-17,103.25050354003906,103.99138361457716,102.99119763361755,103.3616376708866,30579500
QQQ,2015-11-18,105.23233032226562,105.33420149047792,103.56536105848699,103.66723222669928,32966500
QQQ,2015-11-19,105.30644226074219,105.78801644361214,105.10269988072461,105.28792343781161,26188100
QQQ,2015-11-20,106.01953887939453,106.1028841795711,105.70466237020761,105.80653355857196,22727600
QQQ,2015-11-23,105.71392822265625,106.4455453839662,105.26014286735739,106.05657944243941,20696200
QQQ,2015-11-24,105.62130737304688,105.87135031617653,104.5007244039187,105.02860618546389,26374400
QQQ,2015-11-25,105.71392822265625,105.90840766064147,105.49166701718117,105.77875470198465,14159900
QQQ,2015-11-27,105.8620834350586,106.07508872840197,105.50090638310894,105.94543579003825,8828000
QQQ,2015-11-30,105.59351348876953,106.1769587707362,105.2508623262737,106.1769587707362,25041600
QQQ,2015-12-01,106.64926147460938,106.64926147460938,105.88985566746564,106.01951565971439,28639400
QQQ,2015-12-02,105.99176788330078,107.19569645808099,105.83433313499243,106.73264809325127,22395500
QQQ,2015-12-03,104.19512176513672,106.46405541991713,103.57463172499934,106.27883894156777,42754300
QQQ,2015-12-04,106.63076782226562,106.80672844691954,104.29700737077947,104.51000564378046,40037300
QQQ,2015-12-07,106.14918518066406,106.7696681504937,105.63982927077065,106.70484167701234,25892100
QQQ,2015-12-08,106.1584243774414,106.50108257803124,105.00080391463672,105.03784861731302,30792600
QQQ,2015-12-09,104.54705810546875,106.27886151463969,103.90804910799656,105.69541605936256,48509200
QQQ,2015-12-10,105.01934814453125,105.72318348722443,104.4729475165486,104.78782401152547,30154600
QQQ,2015-12-11,102.60225677490234,104.08401011838676,102.53743028692357,103.80617827530213,56022200
QQQ,2015-12-14,103.38015747070312,103.4264651253831,101.29644019011383,102.74115564256722,53098500
QQQ,2015-12-15,104.00992584228516,104.90824083850464,103.8802728598986,104.33406536380919,48428000
QQQ,2015-12-16,105.55648803710938,105.73244157729681,103.62094257059991,104.71373678387097,44944100
QQQ,2015-12-17,104.01917266845703,106.01954477052185,104.00065384479637,106.01954477052185,45668800
QQQ,2015-12-18,102.02384948730469,103.9281417656803,102.02384948730469,103.69591048145378,53746100
QQQ,2015-12-21,103.15714263916016,103.17571802416167,102.2282174720795,102.98993582560017,26432800
QQQ,2015-12-22,103.83523559570312,103.9838669978568,103.15712431299917,103.70518666238632,26540300
QQQ,2015-12-23,104.60626220703125,104.6805779202982,104.18824872239355,104.37403091842442,25656900
QQQ,2015-12-24,104.5876693725586,104.87564096115153,104.54122737172061,104.60625184260242,11468600
QQQ,2015-12-28,104.53191375732422,104.5504962233897,103.5844135148787,104.33684038644233,19183600
QQQ,2015-12-29,106.1761474609375,106.40837874839613,105.08929964940744,105.15432412641039,27725700
QQQ,2015-12-30,105.21932220458984,106.12038050780164,105.20074682459362,106.08322266067454,19520100
QQQ,2015-12-31,103.90956115722656,105.0428509012176,103.89097868662631,104.84777748273102,29886800
QQQ,2016-01-04,101.71726989746094,101.81016096395874,100.43535617066942,101.67082082064499,50807600
QQQ,2016-01-05,101.54082489013672,102.34899247331931,101.0670780776752,102.21894349494112,38795200
QQQ,2016-01-06,100.5654296875,101.15064992804828,99.77584479837223,99.77584479837223,41891100
QQQ,2016-01-07,97.41635131835938,99.66434774862023,97.36061100825262,98.41958476753696,61386300
QQQ,2016-01-08,96.61750030517578,98.73544837007427,96.51531797861173,98.12235441068998,69344000
QQQ,2016-01-11,96.91476440429688,97.5928758076222,95.4284855540599,97.30491127364597,50024100
QQQ,2016-01-12,98.03873443603516,98.5403547306472,96.68250493747722,97.84366105820845,46734200
QQQ,2016-01-13,94.65746307373047,98.67971020125532,94.50883166537928,98.43818770625245,69870700
QQQ,2016-01-14,96.6732177734375,97.51854286673719,93.5148715746755,95.02902375561123,78445700
QQQ,2016-01-15,93.67280578613281,94.69462908879255,92.4373407616068,93.4684482127371,91443900
QQQ,2016-01-19,93.87718963623047,95.09408661256296,92.78105748606323,94.94545516101732,56563800
QQQ,2016-01-20,93.58919525146484,94.59243596847244,90.33795769930477,92.40017236633082,86675000
QQQ,2016-01-21,93.68209075927734,95.07547834742863,92.72529908268852,93.98863772958322,61660100
QQQ,2016-01-22,96.3945541381836,96.43171199249711,95.2426890030087,95.56781136933193,42229800
QQQ,2016-01-25,94.9640121459961,96.59891515133498,94.88040520515884,96.0508527669299,38881500
QQQ,2016-01-26,95.81863403320312,96.22735629442462,94.5274285959479,95.36346267798211,36143900
QQQ,2016-01-27,93.43128967285156,95.66999551242017,93.03185159032124,95.26127328148733,54524700
QQQ,2016-01-28,94.75037384033203,95.01976300856981,93.1340459180424,94.98260514876421,47641500
QQQ,2016-01-29,96.72896575927734,96.76612361283003,94.69462465900305,94.7224912773836,54245100
QQQ,2016-02-01,96.98905944824219,97.35133961930512,95.89292770096239,96.26449201898124,32750300
QQQ,2016-02-02,94.88967895507812,96.58032197182305,94.6017074198534,96.54316412575746,44928100
QQQ,2016-02-03,94.43451690673828,95.52135743286449,92.78102448847741,95.52135743286449,61572900
QQQ,2016-02-04,94.42523956298828,95.17766663989471,93.30124102184473,94.18371704816373,49321600
QQQ,2016-02-05,91.14612579345703,94.12797426635079,90.77455436688975,94.09081641498051,70749900
QQQ,2016-02-08,89.75273895263672,90.15217699903401,88.09924644599371,89.44619199181507,91673100
QQQ,2016-02-09,89.47405242919922,90.83028202891451,88.4150785350772,88.55441869738485,73778400
QQQ,2016-02-10,89.8177490234375,91.67559878567877,89.75272456524443,90.50515145106914,59421700
QQQ,2016-02-11,89.6877212524414,90.40299046120191,88.42438254929323,88.67518920798855,76839200
QQQ,2016-02-12,91.0532455444336,91.14614373471316,89.85493826576027,90.70025651763665,49186500
QQQ,2016-02-16,93.10618591308594,93.10618591308594,91.82426446365182,92.40020070087132,40565900
QQQ,2016-02-17,95.2148208618164,95.34486980626656,93.54275288012037,93.7842753857289,41766500
QQQ,2016-02-18,94.12796783447266,95.53063942039306,94.00720305398738,95.51206403954495,38991500
QQQ,2016-02-19,94.40665435791016,94.694625955101,93.46844511962307,93.67280268625605,28257900
QQQ,2016-02-22,95.93936920166016,96.03226028068512,95.19623348232537,95.28912456135033,23979100
QQQ,2016-02-23,94.36019897460938,95.64211286582497,94.29517451100718,95.38201501141614,29869700
QQQ,2016-02-24,95.2612533569336,95.38201104513477,92.67883612678888,93.25477212841277,40739100
QQQ,2016-02-25,96.199462890625,96.199462890625,94.60171088692066,95.4563272034813,29389300
QQQ,2016-02-26,96.07872772216797,96.95191962354636,95.84649643666405,96.93333715190967,30925000
QQQ,2016-02-29,95.2148208618164,96.70109957491513,95.2148208618164,95.98583038043935,27553900
QQQ,2016-03-01,98.27098083496094,98.27098083496094,95.82791053105755,96.12516626038091,37699800
QQQ,2016-03-02,98.30815124511719,98.32672662995093,97.54643289847652,98.15023566905259,29209800
QQQ,2016-03-03,98.12234497070312,98.23381852181289,97.41636707508046,98.20595190581928,25474600
QQQ,2016-03-04,98.1595230102539,98.79119242219204,97.50927821287792,98.2338387262788,31655400
QQQ,2016-03-07,97.55569458007812,98.22452167424501,96.8590008715101,97.65787689097223,25861200
QQQ,2016-03-08,96.74752044677734,97.73217847818506,96.58031369737472,96.88686058580184,28898500
QQQ,2016-03-09,97.36992645263672,97.3885018358684,96.57105031809223,97.10982856457775,31047400
QQQ,2016-03-10,97.22127532958984,98.33598228179261,95.96722114944427,97.77862880569123,44236100
QQQ,2016-03-11,98.92123413085938,98.92123413085938,97.96444239036494,98.27098938114555,31454000
QQQ,2016-03-14,99.08843994140625,99.320671219278,98.52179505642827,98.5496616758311,25374900
QQQ,2016-03-15,99.05128479003906,99.16275835782913,98.41961541350139,98.73545364533841,26524600
QQQ,2016-03-16,99.93375396728516,100.19385183533815,98.78188185571425,98.80975555912167,31693100
QQQ,2016-03-17,99.8780288696289,100.11026015680332,99.27423319268462,99.6457975824545,29623700
QQQ,2016-03-18,100.03453063964844,100.28608122894269,99.50347307722048,100.11837846669398,37682300
QQQ,2016-03-21,100.42586517333984,100.51903182325475,99.80164079993422,99.85753936825121,17288600
QQQ,2016-03-22,100.7332763671875,100.96619644166088,99.83886413418847,99.85749461255745,18840300
QQQ,2016-03-23,99.90410614013672,100.61217822350804,99.68049769555367,100.53764918347203,20912900
QQQ,2016-03-24,99.93206024169922,99.96000952158144,99.2519302958777,99.41963308332967,19017300
QQQ,2016-03-28,99.79230499267578,100.23019599161209,99.61528341229935,100.21155839991007,13892300
QQQ,2016-03-29,101.39478302001953,101.46000036586858,99.43825553639027,99.60595829831036,29963900
QQQ,2016-03-30,101.88858032226562,102.52212334829328,101.6742906791006,102.00038454150278,23807200
QQQ,2016-03-31,101.7395248413086,102.19605348084482,101.58114083566996,101.814060999783,21447200
QQQ,2016-04-01,102.82025909423828,102.85752716669009,100.98484739789528,101.12460089255005,26389000
QQQ,2016-04-04,102.42893981933594,102.89477999372527,102.18670093836954,102.8202438598653,17163000
QQQ,2016-04-05,101.44136047363281,102.01900488672261,101.31092578489599,101.63701250673805,20107900
QQQ,2016-04-06,103.10908508300781,103.14635315810267,101.54386146981672,101.54386146981672,25056000
QQQ,2016-04-07,101.62773895263672,102.69917324769814,101.1898478583643,102.51283283090133,28567200
QQQ,2016-04-08,101.55319213867188,102.5035032861409,101.19915604611661,102.26127143194172,22898000
QQQ,2016-04-11,101.18050384521484,102.50348848804987,101.17118504965732,101.9910684629194,25772100
QQQ,2016-04-12,102.02835083007812,102.22400291524491,100.64014153202542,101.2550541781147,28564100
QQQ,2016-04-13,103.33268737792969,103.49107135652879,102.68050676485875,102.81094146584131,25356700
QQQ,2016-04-14,103.34199523925781,103.72398764096386,102.48485091934481,103.35131403417104,17199700
QQQ,2016-04-15,103.08113861083984,103.47244274775402,102.82026918623039,103.25816019532141,21353300
QQQ,2016-04-18,103.63082885742188,103.66808982357843,102.71777880710239,102.7829961601139,17126100
QQQ,2016-04-19,102.9972915649414,103.82648671734066,102.37306017048815,103.82648671734066,42481400
QQQ,2016-04-20,103.08113861083984,103.55629769604059,102.64324760174883,102.99729077071197,18078300
QQQ,2016-04-21,103.09044647216797,103.46312008557737,102.6246062324457,103.02522912293317,20216000
QQQ,2016-04-22,101.53453826904297,102.22397980972482,100.73329251575419,101.74882079134247,39074000
QQQ,2016-04-25,101.53453826904297,101.54384995564193,101.04074166114727,101.22708201549217,14351900
QQQ,2016-04-26,101.04077911376953,101.91656133342106,100.73332985441472,101.74885850642737,19118300
QQQ,2016-04-27,100.2302017211914,100.4631218736715,99.40100654701499,100.00659325693607,33059800
QQQ,2016-04-28,99.01901245117188,100.92896051325718,98.82336037929602,100.34199718947079,29818200
QQQ,2016-04-29,98.49725341796875,99.22396299556064,97.714638182607,99.01899216943833,67502800
QQQ,2016-05-02,99.42893981933594,99.56869330995461,98.33887538719434,98.74880995600923,24813800
QQQ,2016-05-03,98.50659942626953,99.16809184267528,98.24572287030615,98.72088199775455,38569400
QQQ,2016-05-04,97.87305450439453,98.27367746567745,97.63081554664784,97.91031547497782,27474500
QQQ,2016-05-05,97.84510040283203,98.44138256850006,97.64944831597694,98.22709288775818,20788100
QQQ,2016-05-06,98.36682891845703,98.38545940087172,97.26744564387926,97.36061227226894,30758500
QQQ,2016-05-09,98.64632415771484,99.10285269919214,98.329556214477,98.37613597239903,19289600
QQQ,2016-05-10,99.99728393554688,100.04386370225002,98.82336434897721,99.00038594366286,21178900
QQQ,2016-05-11,99.09355926513672,100.1463558912973,99.06560998159894,99.84821835329504,20966300
QQQ,2016-05-12,98.6556625366211,99.44758966007834,97.95690205566014,99.32647373564907,29196300
QQQ,2016-05-13,98.29229736328125,99.17739103655926,98.09664530207742,98.57180436966296,21059300
QQQ,2016-05-16,99.5221176147461,99.88547246624542,98.34819811320133,98.44137185617745,18311900
QQQ,2016-05-17,98.27366638183594,99.72708574807302,98.01278986006147,99.43826705559216,29932700
QQQ,2016-05-18,98.627685546875,99.15874307888716,97.86370791997757,98.05004115262292,27524400
QQQ,2016-05-19,98.11526489257812,98.48793849032661,97.39787408114238,98.24569958556644,27334600
QQQ,2016-05-20,99.19603729248047,99.59666024560298,98.450689949131,98.5065956201856,29549600
QQQ,2016-05-23,99.06558990478516,99.66186485994751,98.97242327582069,99.30782171846113,15729800
QQQ,2016-05-24,101.050048828125,101.17116471339415,99.58731097858318,99.61526025147938,29931300
QQQ,2016-05-25,101.77680206298828,102.08425841319401,101.25506312311911,101.43208473835756,37951700
QQQ,2016-05-26,102.07491302490234,102.20534772589129,101.63702205380031,101.87926097341895,21885900
QQQ,2016-05-27,102.60599517822266,102.61531397571135,102.12152433120728,102.14015481802488,19870000
QQQ,2016-05-31,102.80162811279297,102.96001920793523,102.27988928124239,102.74572955460069,24366100
QQQ,2016-06-01,102.81094360351562,103.04386373270717,102.4010090096861,102.48485684427911,19571500
QQQ,2016-06-02,103.02521514892578,103.03452683458349,102.04694793493485,102.6059547251481,15696600
QQQ,2016-06-03,102.54076385498047,102.87616943732255,101.8699526902963,102.82958967253877,20269900
QQQ,2016-06-06,102.91342163085938,103.18360981427749,102.55006682409376,102.7270883841644,12502400
QQQ,2016-06-07,102.6525650024414,103.07181841369922,102.60597813089782,102.96933298283022,12184300
QQQ,2016-06-08,102.82958984375,103.04387240006162,102.44759738782929,102.82958984375,14568700
QQQ,2016-06-09,102.6618881225586,102.77368524591839,102.21467830464275,102.41033037868127,17571600
QQQ,2016-06-10,101.49727630615234,101.92584848469998,101.14323316567003,101.73019643198202,32965000
QQQ,2016-06-13,100.64945220947266,101.48796615551522,100.51901749655035,100.91964043142852,25154700
QQQ,2016-06-14,100.64945220947266,101.01280706806465,99.91342369617745,100.3792639875168,24588500
QQQ,2016-06-15,100.36061096191406,101.03142196808031,100.19290821037251,100.89166849043616,24605700
QQQ,2016-06-16,100.65877532958984,100.75194197022813,99.2239863176513,99.86684822192585,32079900
QQQ,2016-06-17,99.47892761230469,100.59058287666632,99.24538706951219,100.45045712557247,29208800
QQQ,2016-06-20,100.10478973388672,101.11367914016093,100.0300550735436,100.63726171642486,20562800
QQQ,2016-06-21,100.42245483398438,100.62797169584002,100.04878846034624,100.23562521071196,22804100
QQQ,2016-06-22,100.17951202392578,101.06697003310106,100.09544088075701,100.47844352256325,22724200
QQQ,2016-06-23,101.60877990722656,101.62746713514252,100.53449949600267,100.9548694719521,18714200
QQQ,2016-06-24,97.42377471923828,99.48827228415614,97.20891428167134,97.99361421985948,68012700
QQQ,2016-06-27,95.49005889892578,96.77920013777903,95.05100153528315,96.77920013777903,48222600
QQQ,2016-06-28,97.58255767822266,97.62926862715057,96.49893350857883,96.54563733041658,28260600
QQQ,2016-06-29,99.3107681274414,99.51628492472061,98.30187850084783,98.34858232844427,31356700
QQQ,2016-06-30,100.45975494384766,100.52514598093448,99.14258346198483,99.47888226045667,36300800
QQQ,2016-07-01,100.96424102783203,101.33790729158235,100.37571434612063,100.41308168520479,19902800
QQQ,2016-07-05,100.34770202636719,100.57190608634902,99.80588623871574,100.43178033063337,21167900
QQQ,2016-07-06,101.16974639892578,101.2164502221859,99.55364301980939,99.87126180259398,24579300
QQQ,2016-07-07,101.46867370605469,101.69287057875958,100.99224911535296,101.26315693645432,19161700
QQQ,2016-07-08,103.03809356689453,103.0941410182556,101.84235996348673,102.01050944466189,29457900
QQQ,2016-07-11,103.62659454345703,104.00959727066954,103.37437393061862,103.38371041943769,20218500
QQQ,2016-07-12,104.14969635009766,104.42994773895191,104.00957065567053,104.26179833105712,21906100
QQQ,2016-07-13,103.89751434326172,104.45801020180095,103.8881707262768,104.39261913708955,21107800
QQQ,2016-07-14,104.60746765136719,104.80364082315903,104.3458962952207,104.58878041952566,20871000
QQQ,2016-07-15,104.43931579589844,104.90639680191391,104.20577529289069,104.8503422347705,17999300
QQQ,2016-07-18,105.13059997558594,105.31742953832753,104.48602586807276,104.50471310060149,20713900
QQQ,2016-07-19,104.7475814819336,105.07454388044609,104.56075193457535,104.76626871292365,18936700
QQQ,2016-07-20,105.97134399414062,106.16751716709696,105.18664417522447,105.31742629052872,24997900
QQQ,2016-07-21,105.72844696044922,106.25157535779958,105.43885904435739,106.04605859395768,18885400
QQQ,2016-07-22,106.16752624511719,106.28896475482898,105.47624827267306,105.80320358889047,20003400
QQQ,2016-07-25,106.1768569946289,106.20488071446695,105.82187087110572,106.08343509238144,12968100
QQQ,2016-07-26,106.29830169677734,106.68130443541303,105.76582960749003,106.13949585702818,21223800
QQQ,2016-07-27,107.03628540039062,107.31652972866557,106.5878844972239,107.19509123245548,27646100
QQQ,2016-07-28,107.40995025634766,107.5313887510026,106.86813458402781,107.20443347532354,16939700
QQQ,2016-07-29,107.64347076416016,107.93305865067687,107.30717193532631,107.65280725095226,22385300
QQQ,2016-08-01,108.21331024169922,108.48421804586386,107.58742348402039,107.71820557884612,13990100
QQQ,2016-08-02,107.39128875732422,108.14795788050115,106.70001070495155,108.0545430832225,21278400
QQQ,2016-08-03,107.74626922607422,107.75561284405012,107.24182788885159,107.30721896049839,15011300
QQQ,2016-08-04,108.05455017089844,108.15730859277289,107.45668687658848,107.70891468558675,12835300
QQQ,2016-08-05,109.09144592285156,109.3343300578139,108.48423914899124,108.60568478001792,23196600
QQQ,2016-08-08,108.97000122070312,109.1755180057437,108.62435870703575,109.14748715834584,12358200
QQQ,2016-08-09,109.22222900390625,109.56787154027425,108.98868848322029,109.05407954392871,13276500
QQQ,2016-08-10,108.94197845458984,109.31563756474661,108.65238337900045,109.28761384419393,14688400
QQQ,2016-08-11,109.40907287597656,109.64261341198711,109.09145404091461,109.3156509598991,12969800
QQQ,2016-08-12,109.48377227783203,109.49311589245544,109.10076960334912,109.2222080850945,19379000
QQQ,2016-08-15,109.95088195800781,110.20310972911443,109.58655929049078,109.62392663165812,11777800
QQQ,2016-08-16,109.34368896484375,109.75471548869169,109.32500172956901,109.74537899814634,14161400
QQQ,2016-08-17,109.53984832763672,109.5772156663712,108.76449208485101,109.37169886687705,15980300
QQQ,2016-08-18,109.5678482055664,109.72665401531006,109.25022945898952,109.43706611200227,10036300
QQQ,2016-08-19,109.53984832763672,109.78272533877424,109.07276728409224,109.37169886687705,18743000
QQQ,2016-08-22,109.62390899658203,109.8107456723625,109.1755152288898,109.38102488161265,14500600
QQQ,2016-08-23,109.8200912475586,110.24046845752963,109.77338742006694,110.05363176628994,11997900
QQQ,2016-08-24,109.110107421875,109.89479995840355,108.74578486890255,109.74533776781736,17728700
QQQ,2016-08-25,108.93263244628906,109.26893133971677,108.69909194402484,108.82987405512556,24266300
QQQ,2016-08-26,109.09144592285156,109.80141109507707,108.43753532151953,108.97000741891591,23896000
QQQ,2016-08-29,109.24090576171875,109.53049369893185,109.10078003732549,109.11946014126907,11184900
QQQ,2016-08-30,108.88594818115234,109.38105302696005,108.5122889876243,109.06344128704275,19843300
QQQ,2016-08-31,108.77383422851562,108.88592911611022,108.31608968053426,108.7177796576273,16169800
QQQ,2016-09-01,109.0540771484375,109.18485926698158,108.27872805338073,108.81120014376474,20944700
QQQ,2016-09-02,109.40907287597656,109.82009937293289,108.9980392519287,109.59590245394838,18088200
QQQ,2016-09-06,110.09100341796875,110.09100341796875,109.35301449461193,109.59589863919436,18525200
QQQ,2016-09-07,110.1563949584961,110.34323165786657,109.73602485732238,110.19376229837019,17546900
QQQ,2016-09-08,109.5118179321289,109.85745332195181,109.22222285635618,109.82942960138138,20125300
QQQ,2016-09-09,106.75605010986328,108.83923485488354,106.73737000265267,108.59635069859566,50813300
QQQ,2016-09-12,108.67105865478516,108.82052085698592,106.14881717617959,106.15816079103273,39646000
QQQ,2016-09-13,107.69954681396484,108.44687220001373,107.17641833102154,108.12926051453844,45863900
QQQ,2016-09-14,108.21331024169922,108.80183679550467,107.783596626259,107.81162746979848,28221800
QQQ,2016-09-15,109.89483642578125,110.0629859004201,108.2320289138481,108.24137253107573,38521400
QQQ,2016-09-16,109.84237670898438,109.95475957873701,109.29920355593366,109.77682182119874,27596500
QQQ,2016-09-19,109.36476135253906,110.46046756821936,109.1493697776346,110.12332609494125,16222900
QQQ,2016-09-20,109.57077026367188,110.02029451622198,109.38347265966092,109.75806786768281,18078600
QQQ,2016-09-21,110.64777374267578,110.80697745567792,109.3928566553156,110.0390456780207,31546800
QQQ,2016-09-22,111.52808380126953,111.64983370395446,111.18158243503665,111.29395816681063,22614400
QQQ,2016-09-23,110.81633758544922,111.44379251760988,110.65713388235413,111.44379251760988,22213400
QQQ,2016-09-26,109.88919067382812,110.3199880751322,109.72998697701156,110.18887830776016,16403900
QQQ,2016-09-27,110.9755630493164,111.03175092143898,109.71128591192142,109.81430177411157,20238400
QQQ,2016-09-28,111.16284942626953,111.2284043187353,110.5915823012332,111.11602858590679,14794300
QQQ,2016-09-29,110.35743713378906,111.18156380173247,109.87982606389949,110.97553213474662,27207500
QQQ,2016-09-30,111.18157958984375,111.50935404070884,110.53539056889032,110.64777344273571,25543200
QQQ,2016-10-03,111.02237701416016,111.16284667672136,110.591579565815,111.04110392085256,19216400
QQQ,2016-10-04,110.85379791259766,111.59363570771983,110.43236752186021,111.3501430694013,21239700
QQQ,2016-10-05,111.24715423583984,111.60302268212638,111.13477134203696,111.18159933402526,14481300
QQQ,2016-10-06,111.19097137451172,111.4250970551121,110.64779808073114,111.10668241412223,11987100
QQQ,2016-10-07,110.94743347167969,111.4531455931686,110.40426039916058,111.2939347650538,19984200
QQQ,2016-10-10,111.64982604980469,111.89331869353458,111.47188829343129,111.51871627509172,19687300
QQQ,2016-10-11,110.05777740478516,111.57491411999443,109.57079921870117,111.55618721262283,27774400
QQQ,2016-10-12,109.96412658691406,110.33872903209055,109.62698510074995,110.16079126301857,14267800
QQQ,2016-10-13,109.57077026367188,109.87045071705674,108.5780801015118,109.21490195807284,22821000
QQQ,2016-10-14,109.70189666748047,110.55411732846652,109.63634178163129,110.11396003278772,21313300
QQQ,2016-10-17,109.4022445678711,109.85176900534611,109.26176773460087,109.60827630400762,14182700
QQQ,2016-10-18,110.3761978149414,110.89127710668808,110.32000994491372,110.70397229834934,19276700
QQQ,2016-10-19,110.3668441772461,110.52604792493663,110.1701794633433,110.29192224482158,13702900
QQQ,2016-10-20,110.2356948852539,110.47918750594832,109.59887297763123,110.25442893412449,18132200
QQQ,2016-10-21,110.64777374267578,110.71332863302649,109.95476388111855,110.31999929092217,15707800
QQQ,2016-10-24,111.97760009765625,112.05252201007397,111.34077813199931,111.35951218257715,19143000
QQQ,2016-10-25,111.62174224853516,112.06189959427907,111.4531715021853,112.04316554193603,20341800
QQQ,2016-10-26,110.8631820678711,111.47191022448393,110.5354075666021,110.90064303158016,20463700
QQQ,2016-10-27,110.35743713378906,111.43441630079482,110.19823344382587,111.34076749169566,19099800
QQQ,2016-10-28,109.6644515991211,110.61032121335626,109.32731009592733,110.03905406321947,35369300
QQQ,2016-10-31,109.56143951416016,110.06715178635827,109.50525164334302,110.06715178635827,18749400
QQQ,2016-11-01,108.73731994628906,109.76747140087679,107.79145029805537,109.74874449222523,23498700
QQQ,2016-11-02,107.86636352539062,108.91524894900722,107.59477692967882,108.66238926043704,26960100
QQQ,2016-11-03,106.80811309814453,108.04429611367956,106.68636320024714,107.68842059052973,36205200
QQQ,2016-11-04,106.43352508544922,107.26701185265011,106.2462202729081,106.54590082802585,26997500
QQQ,2016-11-07,108.96206665039062,109.07444952484515,107.97874329246554,108.1566739125012,26591200
QQQ,2016-11-08,109.67378234863281,110.17012741278361,108.59680329993925,108.8496629161697,20777900
QQQ,2016-11-09,110.17951965332031,110.3574502683018,108.25968668603528,108.39079646336775,70234400
QQQ,2016-11-10,108.40016174316406,110.86316068618423,106.94858004542805,110.71332400519458,72825400
QQQ,2016-11-11,108.44699096679688,108.68111658879346,107.54794229077666,107.9319117404256,41115200
QQQ,2016-11-14,107.35128021240234,108.57810335978961,106.78938013506054,108.4750875120331,35906000
QQQ,2016-11-15,108.84034729003906,109.21494980712671,108.0068604406171,108.16606418827102,31796600
QQQ,2016-11-16,109.48651123046875,109.56142600066883,108.32524298052897,108.32524298052897,16538100
QQQ,2016-11-17,110.28254699707031,110.30127390509298,109.20556758959947,109.4303262106102,20598600
QQQ,2016-11-18,109.8704833984375,110.60095427428527,109.76746754210535,110.41365661456194,16428700
QQQ,2016-11-21,111.01301574707031,111.11603160159056,110.10460710899945,110.14206806927477,20268500
QQQ,2016-11-22,111.35017395019531,111.62176059422623,111.07858730616438,111.45318982017079,18850600
QQQ,2016-11-23,110.90062713623047,111.10665883462573,110.41364896770756,110.98491607873183,22926000
QQQ,2016-11-25,111.25650024414062,111.3033210823349,110.9006247201393,111.03173449899862,7162800
QQQ,2016-11-28,111.00365447998047,111.51873377930568,110.89127873827167,111.11603736663723,13479000
QQQ,2016-11-29,111.38764190673828,111.92144820059059,110.78828070469181,111.10668821736377,18553000
QQQ,2016-11-30,110.03905487060547,111.56555152769309,110.00159390942599,111.52809056651363,30405300
QQQ,2016-12-01,108.13795471191406,110.01095988327845,107.96938396069336,110.00159285683627,39796600
QQQ,2016-12-02,108.35334014892578,108.7841376014161,107.90382293451015,108.203503459103,32876800
QQQ,2016-12-05,109.19619750976562,109.62698783171864,108.41889866702653,108.91525102759499,21419700
QQQ,2016-12-06,109.45840454101562,109.64570931927933,108.99952033792628,109.50523252181823,27293300
QQQ,2016-12-07,110.84442901611328,110.98490581065411,108.9058692573002,109.23364368126443,26622400
QQQ,2016-12-08,111.04109191894531,111.32204550359526,110.67585654586827,110.89125524675941,18578400
QQQ,2016-12-09,111.91204071044922,111.94950166515173,111.4437894940875,111.45315651899976,21863100
QQQ,2016-12-12,111.4063491821289,111.64047483369146,110.94746490565171,111.41571620877681,23259300
QQQ,2016-12-13,112.81109619140625,113.41982427722556,111.74348385717744,111.74348385717744,54477900
QQQ,2016-12-14,112.57696533203125,113.3168031687914,112.24919088408615,112.95156776323155,28746000
QQQ,2016-12-15,112.75489044189453,113.41980628881296,112.45520995955177,112.72679651307276,22762300
QQQ,2016-12-16,112.3369140625,113.25740364689268,112.11149082051479,113.03197323883182,26283900
QQQ,2016-12-19,112.79718017578125,113.49224667165021,112.28997956085028,112.44965409392401,21138700
QQQ,2016-12-20,113.22924041748047,113.43587423423692,113.02259943464749,113.15409693898184,11461800
QQQ,2016-12-21,113.14470672607422,113.35134771715025,112.89110643362069,113.27620423565409,7079300
QQQ,2016-12-22,112.82536315917969,113.1822839645082,112.38390414154246,113.15410694909768,16645000
QQQ,2016-12-23,112.90048217773438,112.94744864027302,112.53416670137634,112.63748718610051,9007500
QQQ,2016-12-27,113.48284149169922,114.14032901795886,113.09774370234044,113.14470300217238,16110600
QQQ,2016-12-28,112.59992980957031,113.83038105746145,112.52479349243256,113.72706055956043,17975200
QQQ,2016-12-29,112.44023132324219,112.83472377694461,112.08331060314124,112.57172880780966,13267500
QQQ,2016-12-30,111.28494262695312,112.6656663595305,110.96558644092842,112.65627879970346,41749000
QQQ,2017-01-03,112.28057098388672,112.7032404995524,111.67004277653248,112.02696354162623,22307600
QQQ,2017-01-04,112.89110565185547,113.09774664150052,112.39329263102516,112.40268019158957,19749100
QQQ,2017-01-05,113.52979278564453,113.60492908854982,112.80654943733556,112.80654943733556,20644300
QQQ,2017-01-06,114.52543640136719,114.82600315775464,113.3607411161254,113.65191314591665,24074300
QQQ,2017-01-09,114.9011459350586,115.1077869224495,114.54421798735551,114.6193614675116,18909200
QQQ,2017-01-10,115.15473937988281,115.50227258039496,114.68510340593053,114.94809840477161,16176600
QQQ,2017-01-11,115.46468353271484,115.46468353271484,114.60994274854318,115.20168857330054,20686000
QQQ,2017-01-12,115.28626251220703,115.36140600460521,114.21549282680557,115.05144447302114,19622500
QQQ,2017-01-13,115.68075561523438,115.87800189688399,115.34261708495576,115.34261708495576,16930800
QQQ,2017-01-17,115.33319091796875,115.55861415467903,114.99505247986559,115.38015021065917,14538500
QQQ,2017-01-18,115.56803894042969,115.6807541711413,115.21111812562562,115.50229018070058,12499700
QQQ,2017-01-19,115.51165771484375,116.14096814782658,115.26744502216545,115.73708095712142,12710700
QQQ,2017-01-20,115.7652816772461,116.31006119323283,115.45532017683186,116.01888198099046,22091000
QQQ,2017-01-23,115.85919189453125,116.02826112968661,115.1265609308834,115.69012265937589,17434200
QQQ,2017-01-24,116.63878631591797,116.81725027233787,115.88736591990616,116.08461216149217,17640900
QQQ,2017-01-25,117.8128890991211,117.84106611299188,117.26810961069664,117.37143010560737,15036200
QQQ,2017-01-26,117.93496704101562,118.17917971991939,117.72832609471823,117.97253877362199,16052200
QQQ,2017-01-27,118.16039276123047,118.27310078851463,117.77528789180964,118.18856976805151,15053000
QQQ,2017-01-30,117.23991394042969,117.76590389185496,116.59181406022668,117.76590389185496,25006700
QQQ,2017-01-31,117.00509643554688,117.03327344504498,116.3288195432898,116.82663248729135,19091100
QQQ,2017-02-01,117.8128890991211,118.04770710281335,117.27750433734583,117.83167138634269,22861900
QQQ,2017-02-02,117.70955657958984,118.06647732895318,117.27749235686284,117.60623609523381,15101400
QQQ,2017-02-03,118.04771423339844,118.1698170229063,117.71897044158712,117.83167850387831,16957200
QQQ,2017-02-06,118.18858337402344,118.20736565870804,117.7377297147592,117.85044492109421,11630100
QQQ,2017-02-07,118.62068176269531,118.86489453041906,118.32011495860372,118.43282303133941,17541100
QQQ,2017-02-08,118.81790924072266,118.98697848913118,118.23555801485402,118.46098845678321,12569100
QQQ,2017-02-09,119.2499771118164,119.51297213594422,118.87426686331511,118.94001561934707,17542700
QQQ,2017-02-10,119.64448547363281,119.81355474951769,119.30634692186305,119.51298794417545,13915700
QQQ,2017-02-13,120.3207778930664,120.47105055679926,119.96384986086775,120.01080917252446,19120200
QQQ,2017-02-14,120.72464752197266,120.73403508383669,119.98262166828194,120.36771952096223,16333500
QQQ,2017-02-15,121.43846130371094,121.49482965841679,120.57433284953355,120.6400887639476,17891400
QQQ,2017-02-16,121.4009017944336,121.75782972835798,121.09094032531287,121.51360984424011,15098300
QQQ,2017-02-17,121.92684173583984,121.93624362423154,121.20359860487925,121.2223880495157,15563700
QQQ,2017-02-21,122.52803802490234,122.60318150996827,122.09598090096614,122.16172249280238,18479600
QQQ,2017-02-22,122.57499694824219,122.65952798917932,122.2086814386945,122.41532242686533,12110900
QQQ,2017-02-23,122.11477661132812,122.76287673865461,121.6263653742863,122.76287673865461,17489000
QQQ,2017-02-24,122.349609375,122.349609375,121.52305946486877,121.56062405217355,18624500
QQQ,2017-02-27,122.49983978271484,122.50922734216354,121.91749578955553,122.12413675464146,12008700
QQQ,2017-02-28,122.12415313720703,122.52803322995756,121.78601463372003,122.47167920140203,16598600
QQQ,2017-03-01,123.45789337158203,123.68330944138847,122.66890846295766,122.90372642377332,25813800
QQQ,2017-03-02,122.83797454833984,123.44849553364485,122.68768760876736,123.42972041531183,19951400
QQQ,2017-03-03,123.06340789794922,123.10097246766415,122.42469555558169,122.75344645223213,13722700
QQQ,2017-03-06,122.79103088378906,122.99767188102531,122.30261973773436,122.6595333702891,12026200
QQQ,2017-03-07,122.58435821533203,123.11975002406997,122.36832971300022,122.5467936492462,15500900
QQQ,2017-03-08,122.80039978027344,123.18549032423584,122.53740482394049,122.65950041156994,15776000
QQQ,2017-03-09,122.89434814453125,123.06342456152177,122.23686059435413,122.77225252731144,20855300
QQQ,2017-03-10,123.41091918945312,123.6081725703398,122.87554172501792,123.4578856451071,21922600
QQQ,2017-03-13,123.61759948730469,123.64577650323837,123.29825041861994,123.363992011747,10731600
QQQ,2017-03-14,123.31702423095703,123.38278015554005,122.81921117854495,123.33581368543138,14019700
QQQ,2017-03-15,124.07783508300781,124.36900710552224,123.17612767030373,123.57062018456392,22709100
QQQ,2017-03-16,123.99329376220703,124.31265714031457,123.71152362292621,124.31265714031457,18457300
QQQ,2017-03-17,123.94999694824219,124.27941727880275,123.88410426495265,124.14764627418606,21234500
QQQ,2017-03-20,124.06297302246094,124.34534364082272,123.73355260267739,123.91237344440582,10105200
QQQ,2017-03-21,122.18045806884766,124.6464638432613,122.10515831884038,124.53352139922977,35841900
QQQ,2017-03-22,123.00877380371094,123.13113772539216,122.0581267727339,122.21814776045365,29177900
QQQ,2017-03-23,122.69817352294922,123.1876148711876,122.4911027356931,122.84877307040155,20311700
QQQ,2017-03-24,122.95231628417969,123.57351432349482,122.48170343993122,123.09349439266852,22967600
QQQ,2017-03-27,123.14994812011719,123.36644033829346,121.79458102354485,122.07695156232445,18472400
QQQ,2017-03-28,123.90294647216797,124.27002390853863,122.87701393999917,123.14996306469985,23721900
QQQ,2017-03-29,124.47708129882812,124.52414544959446,123.85586897742236,123.98763998239065,13710000
QQQ,2017-03-30,124.68416595458984,124.8159369742291,124.31708851688303,124.43003100172697,16092400
QQQ,2017-03-31,124.59944915771484,124.93829094719773,124.36414275840625,124.50532085320627,19841400
QQQ,2017-04-03,124.52413177490234,125.00415159129547,123.82761976115081,124.70296691099806,23700300
QQQ,2017-04-04,124.7218017578125,124.7406302915655,124.11941793538516,124.16648208878607,13400000
QQQ,2017-04-05,124.21353149414062,125.6347768415372,123.97822511703752,124.90062209393245,32011200
QQQ,2017-04-06,124.27940368652344,124.60883834301652,123.9593904763055,124.33588927829199,18832200
QQQ,2017-04-07,124.21353149414062,124.59001595272098,123.77115435622987,124.24176711043607,16743100
QQQ,2017-04-10,124.26060485839844,124.7782817988138,123.92176307575951,124.33590462809181,15619300
QQQ,2017-04-11,123.72410583496094,124.33591110987784,122.82994436142751,124.14765449484906,33778400
QQQ,2017-04-12,123.22525024414062,123.80880550333782,123.09347923845215,123.70527011587097,15955200
QQQ,2017-04-13,122.73576354980469,123.78052412364642,122.71694938592081,123.05579104127374,23683000
QQQ,2017-04-17,123.75233459472656,123.77116312757836,123.03700832794593,123.08407247909416,13325500
QQQ,2017-04-18,123.56409454345703,123.92176486417175,123.25348837472521,123.33819523111677,12841100
QQQ,2017-04-19,123.76177978515625,124.514748900131,123.59235168091125,124.100621631681,17764800
QQQ,2017-04-20,124.79708099365234,125.07004442127953,124.07234772600407,124.26058994666647,21977900
QQQ,2017-04-21,124.7688980102539,124.95714031032307,124.44888466393965,124.91009050678095,22454900
QQQ,2017-04-24,126.27481842041016,126.39716797111112,125.93597666085064,126.15245450774763,22469900
QQQ,2017-04-25,127.18783569335938,127.41372067370973,126.57603036032624,126.6889872124661,19384400
QQQ,2017-04-26,127.00900268554688,127.54549388503632,126.93370290348494,127.23488766976773,25398500
QQQ,2017-04-27,127.77137756347656,127.77137756347656,127.24429351564078,127.31959328846919,16136500
QQQ,2017-04-28,127.9972152709961,128.32663546134674,127.79014458588141,128.27957133073772,22771900
QQQ,2017-05-01,129.13616943359375,129.3055975360363,128.36437179036585,128.42084303719164,24815500
QQQ,2017-05-02,129.35263061523438,129.40911621672467,128.96673902447853,129.29615937570733,18345100
QQQ,2017-05-03,128.9385223388672,129.1079360823261,128.5902590407038,129.06087192182127,23827600
QQQ,2017-05-04,128.98553466796875,129.3526120341282,128.53375045468658,128.9196563519715,14630100
QQQ,2017-05-05,129.45614624023438,129.45614624023438,128.8349483383314,129.31496816297485,19330700
QQQ,2017-05-08,129.73854064941406,129.73854064941406,129.25852073636997,129.52206277042913,13279900
QQQ,2017-05-09,130.19036865234375,130.48214637282962,129.82327677719027,129.93623364722478,28426100
QQQ,2017-05-10,130.265625,130.31268915517626,129.8044336203783,130.265625,20499400
QQQ,2017-05-11,130.1621551513672,130.1998122392573,129.30565028847482,129.90803443697817,27232100
QQQ,2017-05-12,130.45388793945312,130.48212356153377,130.10562466385102,130.21858151413807,19738600
QQQ,2017-05-15,130.86801147460938,130.94331125201163,130.38799155087963,130.5103554844038,20481300
QQQ,2017-05-16,131.41390991210938,131.4327384449197,130.82094756722825,131.20683913708342,21786000
QQQ,2017-05-17,128.07260131835938,130.61390810236705,128.05377278103558,130.36918020305544,55642200
QQQ,2017-05-18,129.19264221191406,129.6256123793197,127.88433898440165,128.02553146510505,41319900
QQQ,2017-05-19,129.73854064941406,130.2844532519548,129.56912692550333,129.6538337874587,36730100
QQQ,2017-05-22,130.830322265625,130.89621493316812,129.98322520437216,130.03027498180703,19509700
QQQ,2017-05-23,130.96214294433594,131.22568499061572,130.62330111883844,131.21627790395016,19687500
QQQ,2017-05-24,131.5645294189453,131.63042211280106,130.99038115777034,131.3574586124911,15891900
QQQ,2017-05-25,132.6845703125,133.02341209361023,131.78098744221853,132.06335798680416,23928600
QQQ,2017-05-26,132.9198760986328,132.9763473348994,132.53397016819457,132.71280532434704,13851600
QQQ,2017-05-30,133.0328369140625,133.19284355953408,132.76929486717233,132.85400173325178,20306400
QQQ,2017-05-31,132.9857940673828,133.50347115743244,132.3081246681876,133.50347115743244,33229400
QQQ,2017-06-01,133.50343322753906,133.55990446459728,132.69397865179158,133.25871974629916,20120700
QQQ,2017-06-02,135.02822875976562,135.05646437836202,133.7575684750762,133.97404633830297,37222900
QQQ,2017-06-05,134.99996948242188,135.23527586249605,134.81172725075484,135.01879801417707,15727500
QQQ,2017-06-06,134.46348571777344,135.28234736914317,134.26582202849673,134.83997020158512,22393000
QQQ,2017-06-07,134.9905548095703,135.10349726982957,134.21875739453057,134.83995528791738,18842400
QQQ,2017-06-08,135.1318359375,135.34831391573084,134.39766637807702,135.29184264853762,25417400
QQQ,2017-06-09,131.75277709960938,135.44238033398295,129.99268953444243,135.29179512834963,109783700
QQQ,2017-06-12,131.04685974121094,131.28216618336162,129.39030755877766,130.64213955445518,104454000
QQQ,2017-06-13,132.1103973388672,132.29863954593432,131.09387218635294,131.78096270502985,51193000
QQQ,2017-06-14,131.5362548828125,132.64689400525555,130.47266554267333,132.64689400525555,60093800
QQQ,2017-06-15,130.9526824951172,131.09386054739332,129.40907355507792,130.20910645457352,55145200
QQQ,2017-06-16,130.38453674316406,130.97912884175648,129.90320919735768,130.88474411461604,48087400
QQQ,2017-06-19,132.56471252441406,132.687395397233,131.45103314846543,131.64923532930905,39626500
QQQ,2017-06-20,131.5265350341797,132.60245473140162,131.47934266829253,132.4325794955136,40935100
QQQ,2017-06-21,132.82899475097656,132.8950525549321,131.7436277331615,131.82856536728616,35743400
QQQ,2017-06-22,132.7911834716797,133.28195805766507,132.45141866616447,133.03657796521503,24099100
QQQ,2017-06-23,133.30087280273438,133.47074804945333,132.27213100472065,132.6402084403675,21654300
QQQ,2017-06-26,132.6779327392578,134.29180475737186,132.385360291593,134.0653044887721,34411100
QQQ,2017-06-27,130.27133178710938,132.33823417921317,130.2618990715578,132.1777916082813,65957800
QQQ,2017-06-28,132.1494598388672,132.2627100133835,129.99762011651532,130.75264048141113,57427200
QQQ,2017-06-29,129.85598754882812,131.6020037995548,128.5913131364437,131.6020037995548,88769400
QQQ,2017-06-30,129.90321350097656,130.87531573816105,129.4785110169493,130.2240985421449,68898300
QQQ,2017-07-03,128.53475952148438,130.648839857372,128.4498218796515,130.49784440558872,32797000
QQQ,2017-07-05,129.79942321777344,130.14862087087164,128.5064356688717,128.9405709563304,42116600
QQQ,2017-07-06,128.62911987304688,129.35584213252486,128.16667203608998,128.80844225925102,48430500
QQQ,2017-07-07,130.01649475097656,130.36570681561247,129.05383939724436,129.06327211209185,36970400
QQQ,2017-07-10,130.86587524414062,131.1773275541981,129.77107580292414,130.10140793813005,24853500
QQQ,2017-07-11,131.23394775390625,131.39439025899074,130.18634071393043,130.67711534195072,31517700
QQQ,2017-07-12,132.7911834716797,132.94219325214985,132.09278843890445,132.3570483541846,36045800
QQQ,2017-07-13,133.08380126953125,133.40470076264955,132.69685837671634,132.95167126686732,31073600
QQQ,2017-07-14,134.13136291503906,134.30125251839522,133.2536455678024,133.67834797456482,34544800
QQQ,2017-07-17,134.19749450683594,134.66938947906556,133.94266718952628,134.27299943052367,25343200
QQQ,2017-07-18,135.09408569335938,135.12239823826863,133.6784008435333,134.10310341826292,25748500
QQQ,2017-07-19,135.8869171142578,136.08511940462813,135.4339018233925,135.4905269346136,33752300
QQQ,2017-07-20,136.06619262695312,136.32101994063402,135.45273493222703,136.2360823031042,36139400
QQQ,2017-07-21,136.009521484375,136.009521484375,135.2922465640522,135.56593921489917,39697100
QQQ,2017-07-24,136.6324462890625,136.72681662351235,135.83021924025064,135.99066176979528,26712700
QQQ,2017-07-25,136.283203125,136.60410251179894,135.9151257823085,136.17938570008263,28120900
QQQ,2017-07-26,136.72682189941406,136.8023268105407,136.40593682794278,136.62300444675108,18610600
QQQ,2017-07-27,135.86801147460938,137.75559142929302,134.30131665595982,137.62346140850886,80665900
QQQ,2017-07-28,135.7547149658203,135.9812296915172,134.83923775095917,135.05631976349363,38013200
QQQ,2017-07-31,135.1790008544922,136.31154566584854,134.88642833834305,136.14167042463498,33848600
QQQ,2017-08-01,135.49046325683594,135.6792183392274,135.07519343492098,135.64147308318496,20149400
QQQ,2017-08-02,135.8585205078125,136.39648753378486,134.59384580262883,136.36817499569025,41769700
QQQ,2017-08-03,135.33001708984375,136.06617197220385,135.08463692942013,135.9906670610529,27112800
QQQ,2017-08-04,135.57542419433594,135.8774438989627,135.01859156515903,135.63206368977256,29472900
QQQ,2017-08-07,136.4342498779297,136.4342498779297,135.63203719626185,135.82079227423725,17933900
QQQ,2017-08-08,136.1983184814453,137.29311822425223,135.81136116528393,136.17000593646677,30810400
QQQ,2017-08-09,136.0189666748047,136.08503886619047,134.7637246482659,135.0751769767534,36169500
QQQ,2017-08-10,133.10264587402344,135.33942261327473,132.97051590632685,135.24505229411227,63331700
QQQ,2017-08-11,134.1124725341797,134.40504492880916,132.9799137921419,133.28193329697402,45862500
QQQ,2017-08-14,135.8396453857422,136.0472802730173,135.14125022044232,135.1789954721796,34161000
QQQ,2017-08-15,135.93402099609375,136.1888482317586,135.56594361172765,136.17940111864212,25509200
QQQ,2017-08-16,136.17002868652344,136.8118134158063,135.71701349009012,136.2738461691533,31913000
QQQ,2017-08-17,133.3858642578125,135.8491571369941,133.3858642578125,135.64152215092554,70191000
QQQ,2017-08-18,133.29139709472656,134.2068741307844,132.74399741535586,133.46128670609,60751900
QQQ,2017-08-21,133.12155151367188,133.57456657632656,132.30044461131686,133.28199404833939,37111500
QQQ,2017-08-22,135.15069580078125,135.29227291072365,133.7916361914349,133.83882856141568,36294200
QQQ,2017-08-23,134.6693878173828,134.97139310731566,134.37681524238516,134.47118559501163,25702300
QQQ,2017-08-24,134.27294921875,135.12235409068916,133.5179146653117,134.97134429978422,38160800
QQQ,2017-08-25,133.98983764648438,135.13181522784336,133.81051528219925,134.79206472846857,26380400
QQQ,2017-08-28,134.40505981445312,134.71651206289926,133.97091032844466,134.3956127032042,15362100
QQQ,2017-08-29,134.93360900878906,135.16012371186002,133.1309672997037,133.2536645640031,24498300
QQQ,2017-08-30,136.5192108154297,136.74572558833438,134.96196315484892,135.04690079427874,33642700
QQQ,2017-08-31,137.98208618164062,137.9915332977279,136.8306613041397,136.90616622737977,38480700
QQQ,2017-09-01,137.79330444335938,138.35013694341026,137.42522701438298,138.16138187233574,22293600
QQQ,2017-09-05,136.5569610595703,137.68007332931896,135.52823353896167,137.387500768512,44794300
QQQ,2017-09-06,136.97222900390625,137.28368139041604,135.98124675611882,136.90615680021148,30722700
QQQ,2017-09-07,137.29310607910156,137.6423037036737,136.7928986272751,137.22703387926913,22721100
QQQ,2017-09-08,136.10394287109375,137.1798627419641,135.96236575058236,137.11379053884068,27890100
QQQ,2017-09-11,137.67063903808594,137.90658653182425,137.13268624093047,137.17043150344807,27126300
QQQ,2017-09-12,138.00091552734375,138.18023785430034,137.34969840359037,138.05754059878555,30256700
QQQ,2017-09-13,138.18971252441406,138.2085923543226,137.53849520293141,137.76500995856168,28450900
QQQ,2017-09-14,137.37808227539062,138.06704500416626,137.2931446241225,137.65178946426857,35296400
QQQ,2017-09-15,137.84991455078125,138.3501219152842,137.1231924849405,137.3497071862783,46422400
QQQ,2017-09-18,137.6692657470703,138.44485972301814,137.2530870334651,138.00977429160105,24858200
QQQ,2017-09-19,137.90579223632812,138.10441389181003,137.44231765251104,137.91524559952683,20871200
QQQ,2017-09-20,137.48008728027344,138.00976399165506,136.42071942490225,137.8584236648009,34236200
QQQ,2017-09-21,136.6383056640625,137.39497859430602,136.15591007352958,137.38552523409186,28841800
QQQ,2017-09-22,136.5059051513672,136.70452677134185,136.06135180603513,136.2032243917313,21702400
QQQ,2017-09-25,135.0681610107422,136.0423909686541,134.40606508292953,135.96672080081711,54947700
QQQ,2017-09-26,135.41815185546875,136.01404553418288,134.945224029851,135.758660467218,29628800
QQQ,2017-09-27,136.6383056640625,137.149061335238,135.7964947614472,136.13698892049018,33249400
QQQ,2017-09-28,136.59097290039062,136.73284542812672,135.99507941868487,136.30721341231137,24149400
QQQ,2017-09-29,137.57469177246094,137.6787364639798,136.50588477697903,136.86530008463532,43102400
QQQ,2017-10-02,137.69760131835938,138.25565242079333,137.08278678071434,137.78272482226865,27351300
QQQ,2017-10-03,137.99085998535156,138.15165369038166,137.5746812511044,137.87736194241498,19715200
QQQ,2017-10-04,138.1233367919922,138.4165498136197,137.59365979387593,137.726079043405,26381100
QQQ,2017-10-05,139.47584533691406,139.55150106914252,138.48269426826917,138.62456680695777,31562400
QQQ,2017-10-06,139.66502380371094,139.66502380371094,139.00292785345968,139.00292785345968,23561100
QQQ,2017-10-09,139.50428771972656,139.9961223815521,139.32457279487616,139.84479641086014,13704800
QQQ,2017-10-10,139.6082763671875,140.11903198242769,138.9934616379322,139.97715943169692,19223100
QQQ,2017-10-11,140.0244598388672,140.05284878551112,139.3623637904229,139.54207866770307,12439100
QQQ,2017-10-12,139.76907348632812,140.31767141691637,139.6271864995187,139.81636914859794,14513500
QQQ,2017-10-13,140.3082275390625,140.46902127209773,139.7785506696259,140.3366020547386,18409900
QQQ,2017-10-16,140.7906036376953,140.8284315091445,140.35550373667337,140.65818443870782,21809400
QQQ,2017-10-17,140.97032165527344,140.98924280966375,140.52578277169144,140.74332553303788,13138200
QQQ,2017-10-18,140.800048828125,141.13110402269092,140.59195946570233,141.11218287175902,17218200
QQQ,2017-10-19,140.2798614501953,140.29878260598673,139.2961778382378,139.97719512059805,27680300
QQQ,2017-10-20,140.65821838378906,140.9703380882469,140.48795683965287,140.84738665190747,30173300
QQQ,2017-10-23,139.74069213867188,140.96083934292238,139.54205613990086,140.95138598397483,29297100
QQQ,2017-10-24,139.9771728515625,140.27038577292322,139.4569493946592,140.01500072451418,20289500
QQQ,2017-10-25,139.44747924804688,140.15687092295548,138.40704678441395,139.70286429214494,36179100
QQQ,2017-10-26,139.00299072265625,139.7123826543331,138.96514840403532,139.36240615386043,28230200
QQQ,2017-10-27,143.0511932373047,143.31603162680884,141.12163990507764,141.33918263232536,60165100
QQQ,2017-10-30,143.372802734375,143.94977526451956,142.81475135856965,142.94717057372029,31733400
QQQ,2017-10-31,143.9119415283203,144.12003094061123,143.4201069470989,143.83628577168076,26319300
QQQ,2017-11-01,143.8647003173828,144.5551711415845,143.29718095638998,144.4889542953347,29481600
QQQ,2017-11-02,143.59030151367188,143.76056298535016,142.6066182785123,143.70379953971903,31017400
QQQ,2017-11-03,144.97128295898438,144.99018967834445,143.61870202900894,144.11055095196457,26199200
QQQ,2017-11-06,145.463134765625,145.51989822829307,144.81050648736726,144.8577877240061,28693900
QQQ,2017-11-07,145.5482940673828,145.73746233948876,145.0375238568214,145.3496580004725,21333100
QQQ,2017-11-08,146.13467407226562,146.17250194174198,145.30231661769082,145.47257811185818,17373500
QQQ,2017-11-09,145.36851501464844,145.4441851766247,143.8740617889846,144.93341519143686,40594500
QQQ,2017-11-10,145.3590850830078,145.4725975718405,144.77265921571592,145.02804427482525,20150800
QQQ,2017-11-13,145.538818359375,145.72800105380875,144.81051982973537,144.81051982973537,12522400
QQQ,2017-11-14,145.0091094970703,145.18882435761006,144.30918563931775,145.02803064886663,25173800
QQQ,2017-11-15,144.32803344726562,144.7158375214422,143.56189308725112,144.3847824468809,24808000
QQQ,2017-11-16,146.1724853515625,146.50354051049712,145.02800841402666,145.05638292106588,34790600
QQQ,2017-11-17,145.61448669433594,146.3144251300236,145.47261410793246,146.2103804224567,28725800
QQQ,2017-11-20,145.5009765625,145.8509385350238,145.29288716461778,145.7185193211544,21143900
QQQ,2017-11-21,147.08053588867188,147.14675270386303,146.12522699278736,146.1914293753684,20147800
QQQ,2017-11-22,147.26023864746094,147.4021111931966,146.92918346393253,147.21294298801274,17299000
QQQ,2017-11-24,147.79934692382812,147.84664257629072,147.3264192644157,147.4115572118911,8280600
QQQ,2017-11-27,147.7332000732422,148.08316205428568,147.39269145320097,147.75212122785896,22653400
QQQ,2017-11-28,148.11148071289062,148.20607201768934,147.26967005756651,148.06418506049127,25227300
QQQ,2017-11-29,145.52935791015625,147.97912069806515,144.82941949963404,147.94129282058861,71986300
QQQ,2017-11-30,146.74948120117188,147.0332407495841,145.80362566153786,146.14413423311052,56595500
QQQ,2017-12-01,146.1251983642578,146.83458987747153,144.0159305401584,145.85089223022175,59015800
QQQ,2017-12-04,144.44163513183594,147.20353213636358,144.29974811251938,147.04273839389532,51319100
QQQ,2017-12-05,144.53619384765625,146.1819878092687,143.86464444499362,144.4132279995865,40604200
QQQ,2017-12-06,145.18882751464844,145.4158380433101,143.82679320789921,143.99705471254805,28647800
QQQ,2017-12-07,145.6806640625,146.09684278003718,145.02802147659935,145.17936181617816,32666200
QQQ,2017-12-08,146.32388305664062,147.10894506866302,146.09688691131316,146.74951526174317,28081700
QQQ,2017-12-11,147.45887756347656,147.50617322849018,146.38060279117462,146.39007058374372,20821500
QQQ,2017-12-12,147.26023864746094,147.6953240761229,146.94810461423359,147.39265783435053,20310300
QQQ,2017-12-13,147.54408264160156,148.01701064162035,147.32652537010856,147.85621685352803,24418500
QQQ,2017-12-14,147.43995666503906,148.17772278395066,147.2791629655439,147.79937193283624,24594700
QQQ,2017-12-15,149.11410522460938,149.27491335105577,147.77099222378112,148.01692387650473,49816200
QQQ,2017-12-18,150.36434936523438,150.4875723839788,149.82409163457737,150.0989570654738,26844500
QQQ,2017-12-19,149.4733428955078,150.23161260246346,149.05629383354264,150.079955768514,31415000
QQQ,2017-12-20,149.3122100830078,150.02308520793656,148.72455794116,149.99465135996272,38972600
QQQ,2017-12-21,149.3311767578125,149.99465734164684,149.16055920037394,149.5207405727949,18638700
QQQ,2017-12-22,149.16055297851562,149.21742067435903,148.76246464482028,149.10368528267222,23330400
QQQ,2017-12-26,148.35494995117188,148.5445138180065,147.81467774475746,148.3265160942865,21918700
QQQ,2017-12-27,148.37387084960938,148.77197370354173,148.23170158948605,148.36439771986565,22388200
QQQ,2017-12-28,148.55398559570312,148.87626007546086,148.37389486187269,148.84781175603874,25393800
QQQ,2017-12-29,147.6345672607422,148.71509706623644,147.5776995545784,148.68666321315453,33186000
QQQ,2018-01-02,150.22215270996094,150.2600596903924,148.02317181231658,148.39282633839383,32573300
QQQ,2018-01-03,151.68185424804688,151.81455041237516,150.3359318776324,150.36436573693152,29383600
QQQ,2018-01-04,151.9471893310547,152.40214537123438,151.72919167095904,152.20310843112716,24776100
QQQ,2018-01-05,153.47320556640625,153.5774678346611,152.38320277693543,152.66755573242978,26992300
QQQ,2018-01-08,154.0703582763672,154.14618670172524,153.41635076259814,153.47321846591836,23159100
QQQ,2018-01-09,154.07980346679688,154.534759473655,153.61537433203426,154.3736295225342,24782400
QQQ,2018-01-10,153.7196502685547,153.74809858305758,152.71494894070165,153.39739030731755,34004000
QQQ,2018-01-11,154.77171325683594,154.7812008472504,153.74806588739162,153.98502424310917,20473500
QQQ,2018-01-12,155.90916442871094,156.07029441588074,154.44001935854706,154.63905632860636,37762700
QQQ,2018-01-16,155.4636993408203,157.73849460861618,154.99925558591062,156.9423177111672,41231800
QQQ,2018-01-17,157.141357421875,157.37831586898506,155.44474130419715,156.2030112275085,33849900
QQQ,2018-01-18,157.1697540283203,157.52992091472206,156.52521974359584,156.89487422094967,26432200
QQQ,2018-01-19,157.66258239746094,157.9185014295142,156.90431289016954,157.63414855643146,38937600
QQQ,2018-01-22,159.3497314453125,159.3497314453125,157.42563098308142,157.6057216260233,26081400
QQQ,2018-01-23,160.667236328125,160.80942001748102,159.7667974800306,159.84262588846244,37989700
QQQ,2018-01-24,159.62464904785156,161.35918615186537,158.705249362181,161.00847790933233,54287400
QQQ,2018-01-25,159.56781005859375,160.78103604424942,159.05597175861098,160.72416833598345,28925000
QQQ,2018-01-26,162.01319885253906,162.0321595751213,160.14597986780723,160.45875224504908,32038200
QQQ,2018-01-29,161.2264862060547,161.99422903686965,160.8852655631601,161.6719691138002,37277800
QQQ,2018-01-30,159.89952087402344,160.5819622036132,159.06543716447464,159.75735162318915,44987700
QQQ,2018-01-31,160.56300354003906,161.12223634700266,159.55830225382223,160.79996193632766,42449200
QQQ,2018-02-01,159.1981201171875,160.87577498942545,158.6862819309386,159.3308162279203,38037900
QQQ,2018-02-02,156.02285766601562,158.95165942184832,155.89016156758018,158.57253184425852,68478100
QQQ,2018-02-05,149.87144470214844,157.10341972228463,149.75770929786407,154.5632326079805,105372200
QQQ,2018-02-06,153.84283447265625,154.0323982571813,147.0089638629766,147.681917467459,118537900
QQQ,2018-02-07,151.85243225097656,155.01819310462832,151.8429446584872,153.34999665936536,91028300
QQQ,2018-02-08,145.44505310058594,152.41163537022285,145.44505310058594,152.24101781321542,94184800
QQQ,2018-02-09,147.9568328857422,149.03736262686346,142.29826505485116,147.50186233794878,113836600
QQQ,2018-02-12,150.58230590820312,151.60596783999418,148.2980381286497,149.47334243112738,63050600
QQQ,2018-02-13,151.35952758789062,151.66282677453245,149.4922945140944,149.71977975116891,31785600
QQQ,2018-02-14,154.19354248046875,154.43050084877248,149.75768876796246,150.4685638728737,52107400
QQQ,2018-02-15,157.0559844970703,157.0559844970703,153.9660529572038,155.57736677292817,51633900
QQQ,2018-02-16,156.3546600341797,158.0607491950723,156.08925328134373,156.54422388952386,62256300
QQQ,2018-02-20,156.66738891601562,157.98487686940976,155.73851615892974,155.80487144440286,36785600
QQQ,2018-02-21,156.2219696044922,158.97068176453118,156.12718044195472,157.4351956784345,41161800
QQQ,2018-02-22,156.2029571533203,157.7384427309459,155.80486883552075,156.9043446577711,37074400
QQQ,2018-02-23,159.3971710205078,159.3971710205078,156.81906253223366,157.4635968856985,50096900
QQQ,2018-02-26,161.5108184814453,161.5108184814453,160.01325431702793,160.14595042512028,39266700
QQQ,2018-02-27,159.5109100341797,161.82362633010698,159.435096073507,161.55823407937365,42209900
QQQ,2018-02-28,158.48724365234375,160.94212891148004,158.38298139030985,160.42081760131043,42936300
QQQ,2018-03-01,155.8997039794922,159.30243841372953,154.49691396363846,158.57260231658822,76809900
QQQ,2018-03-02,157.33090209960938,157.60576747583823,153.5111339061972,154.02295767885505,57445100
QQQ,2018-03-05,159.0749053955078,159.4824668772119,156.00391950691306,156.59158613878256,38540200
QQQ,2018-03-06,159.74786376953125,160.28813584740146,158.7431624978349,159.85212604090307,29480900
QQQ,2018-03-07,160.11752319335938,160.25023378171315,158.25030430610852,158.52516968662982,34609400
QQQ,2018-03-08,160.9990234375,161.11275884674902,160.13649134991192,160.78102574884153,25828400
QQQ,2018-03-09,164.12684631347656,164.12684631347656,161.90891947586522,162.1458778421773,38310500
QQQ,2018-03-12,164.9988555908203,165.37798320151097,164.24058590664768,164.61024038904804,37635000
QQQ,2018-03-13,162.75254821777344,166.06996651891782,162.3354990315822,165.378037431466,55638900
QQQ,2018-03-14,162.72409057617188,163.72880649571093,162.0132152666499,163.60558348063265,40536400
QQQ,2018-03-15,162.5819091796875,163.5297428550604,161.98476933610849,162.83782832162055,28810400
QQQ,2018-03-16,162.0985107421875,163.21694747854787,162.02268231658442,162.85678053542495,31176700
QQQ,2018-03-19,158.63992309570312,160.65258527445582,157.25383485903592,160.53866537339556,71395100
QQQ,2018-03-20,159.162109375,159.53236364145548,158.1747694932047,158.70641515926818,34075700
QQQ,2018-03-21,158.4690704345703,160.21591031275807,157.7760333770978,158.74439624954746,43863500
QQQ,2018-03-22,154.55764770507812,157.3772815733106,154.3582733617787,156.27600740878924,66607300
QQQ,2018-03-23,150.48486328125,155.03236063774952,150.40891182692076,154.37729201963617,80110400
QQQ,2018-03-26,156.07662963867188,156.26651548002832,151.1019334982586,153.53232161056064,57481500
QQQ,2018-03-27,151.0259552001953,157.2348357739461,149.6968269783542,157.2348357739461,78889100
QQQ,2018-03-28,149.2886199951172,151.6905279528314,148.13987447843635,150.16203975371738,89369700
QQQ,2018-03-29,152.02285766601562,153.5228663224211,148.70005753108498,150.09563474665654,68692600
QQQ,2018-04-02,147.63668823242188,151.65253824379073,146.08922325624988,150.94050994923987,85549400
QQQ,2018-04-03,149.29812622070312,149.92471475875274,146.62090667325108,148.92787199117498,64090000
QQQ,2018-04-04,151.65257263183594,152.11775528522344,146.24114477717652,146.41203913947137,65768700
QQQ,2018-04-05,152.51651000976562,153.39943294690218,151.40574720724516,153.16209009628864,43054900
QQQ,2018-04-06,148.6999969482422,152.33608992426997,147.98796863799203,150.83608187899264,59870900
QQQ,2018-04-09,149.7442626953125,152.73478961610635,149.4879429914943,149.9816054119033,41810400
QQQ,2018-04-10,153.04820251464844,153.54186531816845,151.01654786339927,152.09883091151778,48296800
QQQ,2018-04-11,152.16522216796875,153.79814187018226,151.99434229707123,152.0892707299291,41622100
QQQ,2018-04-12,153.9974822998047,154.52912776277293,153.00063981361305,153.08607973025028,30467900
QQQ,2018-04-13,153.20004272460938,154.9943539101142,152.53548570891434,154.76651406830817,44604900
QQQ,2018-04-16,154.36778259277344,154.92790819547514,153.30447686257358,154.2728396661685,28180800
QQQ,2018-04-17,157.69061279296875,158.03238711425809,155.61148687898037,155.9247812140172,35536100
QQQ,2018-04-18,158.01332092285156,158.54496639656057,156.94052699366918,157.6905382404215,29573900
QQQ,2018-04-19,156.5608367919922,157.5861596144527,156.0196881553085,157.21590535797452,34705700
QQQ,2018-04-20,154.0830078125,156.27605380864918,153.54185906734088,156.1621338565148,49197100
QQQ,2018-04-23,153.69374084472656,155.44058080628807,152.86779233288942,154.83298366808154,33040600
QQQ,2018-04-24,150.43736267089844,154.6620614997703,149.421528560878,154.42471870616788,70256800
QQQ,2018-04-25,150.61776733398438,151.24435593684325,148.5481446282637,150.70322176983458,52089300
QQQ,2018-04-26,153.7886505126953,154.3013046021094,152.07027642073487,152.56395351568366,43005500
QQQ,2018-04-27,153.88357543945312,156.08612359271658,153.010155667514,156.0481406321403,51043400
QQQ,2018-04-30,152.79180908203125,155.2032056481879,152.41205189577263,154.2443459146138,35615300
QQQ,2018-05-01,154.5386199951172,154.55761147246886,152.03228097605026,152.39304661446798,36513500
QQQ,2018-05-02,153.6272735595703,155.28867336528526,153.44689069143448,154.80448472212976,38646800
QQQ,2018-05-03,153.60826110839844,154.17787512941874,151.15888170512352,152.84876126078336,60337100
QQQ,2018-05-04,156.5228271484375,156.88359284474112,152.8297737117543,152.9437081078926,41543200
QQQ,2018-05-07,157.82351684570312,158.33617106053984,157.1304652492687,157.25388817476556,32500200
QQQ,2018-05-08,157.66209411621094,158.00385386737238,156.5133485029797,157.49119975437424,26040200
QQQ,2018-05-09,159.38046264648438,159.49438256986068,157.3867770698584,157.94690267480092,29122700
QQQ,2018-05-10,161.03236389160156,161.14629830435564,159.76969825665134,159.8931211678611,27067600
QQQ,2018-05-11,160.8804473876953,161.26019006720205,160.17790749572774,160.84246442799184,24688800
QQQ,2018-05-14,161.1558074951172,162.1716419243376,160.88998464165482,161.25075043689333,21821700
QQQ,2018-05-15,159.3709716796875,159.9690802950281,158.52603171633322,159.88364034605314,49361600
QQQ,2018-05-16,160.42474365234375,160.79499784627689,159.50385241605406,159.57980385150896,22941200
QQQ,2018-05-17,159.8076934814453,161.02288774481733,159.0292019606479,159.864653449063,27480200
QQQ,2018-05-18,158.9817352294922,159.74122073283328,158.74439238813375,159.1905836025308,26217900
QQQ,2018-05-21,159.8741455078125,160.91845989158284,159.1905969086644,160.21591980738657,22954600
QQQ,2018-05-22,159.66522216796875,160.87092750241752,159.38042243138906,160.60510475744107,19477700
QQQ,2018-05-23,161.013427734375,161.03240473609972,158.4311358462498,158.4501128479745,26557800
QQQ,2018-05-24,160.96591186523438,161.25072616142643,159.3424805173194,160.96591186523438,27696500
QQQ,2018-05-25,161.12728881835938,161.70640585710885,160.64311469858742,160.94690596405545,27460500
QQQ,2018-05-29,160.41526794433594,161.31716777210193,159.45640815700145,160.39627646239435,41220500
QQQ,2018-05-30,161.56399536132812,161.84880963884973,160.6526070567661,160.99438129254085,22665800
QQQ,2018-05-31,161.4595947265625,162.53237451654763,161.04186900886603,161.56401166972924,35670900
QQQ,2018-06-01,163.99436950683594,164.08929792536048,162.21903569401135,162.26650714640033,45543300
QQQ,2018-06-04,165.47543334960938,165.51340183060785,164.3077106159944,164.41212756030455,20459600
QQQ,2018-06-05,165.9880828857422,166.26340868876403,165.25707737842407,165.86467446124766,24779300
QQQ,2018-06-06,166.95640563964844,166.98488561433058,165.32348615535554,166.1589373760413,25036600
QQQ,2018-06-07,165.59881591796875,167.02287275628242,164.76337909014498,166.98490428121306,39600300
QQQ,2018-06-08,165.60830688476562,166.02603251149466,164.41208995617714,164.82032708639116,31780300
QQQ,2018-06-11,166.0545196533203,166.46274231489681,165.45641116321488,165.48489114024326,22319700
QQQ,2018-06-12,166.927978515625,167.08936991867273,166.1020300158342,166.28239841717584,22511800
QQQ,2018-06-13,166.91845703125,168.1716195251448,166.54818834381487,167.18427981741723,37858600
QQQ,2018-06-14,168.6083526611328,168.88366397068955,167.56403841193816,167.68746131945846,35916000
QQQ,2018-06-15,168.01974487304688,168.35203065469668,167.1937963977419,167.97227340620293,49615700
QQQ,2018-06-18,167.92263793945312,168.0653425897221,166.43845150762215,166.9617260873724,31633200
QQQ,2018-06-19,167.44696044921875,167.48501018899896,165.2682535446048,165.80103700509062,38236000
QQQ,2018-06-20,168.63624572753906,169.33076611619538,168.06539790406666,168.21762592596107,33038000
QQQ,2018-06-21,167.1710968017578,169.23564042533826,166.8476086145721,169.06438026538538,43469400
QQQ,2018-06-22,166.80003356933594,167.79899542079593,166.20064484465013,167.73240473875433,30073200
QQQ,2018-06-25,163.0419464111328,165.5346324325362,161.55775988142082,165.28725833274464,77799700
QQQ,2018-06-26,163.7079620361328,164.64984195016007,163.04196815610948,163.64135684122596,39008100
QQQ,2018-06-27,161.481689453125,165.1445982238207,161.36752569458307,164.4025047587715,52843500
QQQ,2018-06-28,162.87071228027344,163.42252786529906,160.94887379687535,161.28187071590713,46407700
QQQ,2018-06-29,163.308349609375,164.5166357096211,163.0704988150023,163.65085533396206,36408500
QQQ,2018-07-02,164.4024658203125,164.45003888085847,161.424569340705,161.77658385767745,31770000
QQQ,2018-07-03,162.4996795654297,165.02089239525947,162.3379427534464,165.02089239525947,25512700
QQQ,2018-07-05,164.5166473388672,164.64984321244071,162.7184957869936,163.555735287891,31626200
QQQ,2018-07-06,167.0759735107422,167.19966061444674,164.59280973121645,164.8972658273305,37005600
QQQ,2018-07-09,168.5791473388672,168.6171970819828,167.27572950754654,167.94170889153293,27362100
QQQ,2018-07-10,168.70281982421875,169.08337529152146,168.12246330036274,168.8930975578701,23902500
QQQ,2018-07-11,167.8465576171875,168.46497843265436,167.25669225476,167.3803648040443,30280600
QQQ,2018-07-12,170.73883056640625,170.73883056640625,168.47448622654647,168.5886499689726,27930100
QQQ,2018-07-13,170.8815460205078,171.15744658785678,170.25361636304336,170.72931800949908,28049800
QQQ,2018-07-16,170.47242736816406,171.2050119355035,170.18701800697085,170.9195880570488,21405300
QQQ,2018-07-17,171.5094757080078,171.87099908763918,168.66477463549015,168.66477463549015,31034100
QQQ,2018-07-18,171.18600463867188,171.67122965761226,170.66274438907018,171.52851043905065,23220800
QQQ,2018-07-19,170.3297576904297,171.13845642602922,170.12997109653818,170.5676085518102,31094100
QQQ,2018-07-20,170.29168701171875,171.41433597117663,170.10139473218925,170.8435026843763,35897300
QQQ,2018-07-23,170.8339385986328,170.9100525888311,169.1023925027149,169.78740389724,22184700
QQQ,2018-07-24,171.53802490234375,173.20298074537237,170.83398120536273,172.59408318918383,36900300
QQQ,2018-07-25,173.935546875,174.04018729457036,171.52848332787144,171.61412065237832,35026600
QQQ,2018-07-26,171.30018615722656,172.1279024749389,171.07184411356693,171.57608675737603,40873500
QQQ,2018-07-27,168.98825073242188,172.49893125777714,168.0178298117762,172.3847675064688,59456100
QQQ,2018-07-30,166.60023498535156,169.09290702385596,165.80105968530225,168.997775402762,60193000
QQQ,2018-07-31,167.87513732910156,168.522099229783,166.32435956366916,167.25673088805524,47285100
QQQ,2018-08-01,168.51255798339844,169.01680060133836,167.54213701147435,168.26519833673873,37101900
QQQ,2018-08-02,170.80538940429688,171.0051904335594,167.24713675026877,167.32325073678504,47178200
QQQ,2018-08-03,171.32872009277344,171.33822890022984,170.37731672565494,171.1289189980827,28934400
QQQ,2018-08-06,172.3372039794922,172.38477705092544,171.00524508294015,171.21455498343593,24808800
QQQ,2018-08-07,172.9651641845703,173.28863789974216,172.45139815010612,172.82244494510104,29895700
QQQ,2018-08-08,173.1743927001953,173.48835745869133,172.2610393557288,172.72723209117908,22680700
QQQ,2018-08-09,173.06976318359375,173.75477466317378,172.81288024943598,173.06976318359375,18852900
QQQ,2018-08-10,171.74732971191406,172.4133091259497,171.10036791166343,171.8995432085062,33818500
QQQ,2018-08-13,171.5570526123047,173.1649120190597,171.48093860508502,172.06129520753046,26089200
QQQ,2018-08-14,172.63209533691406,172.8318963821577,171.290613437126,172.21347563622052,20913000
QQQ,2018-08-15,170.52001953125,171.80441986951,169.4639612247789,171.26211298798503,58528000
QQQ,2018-08-16,171.08139038085938,172.1945307731035,170.74839333719183,171.83299278480914,27711800
QQQ,2018-08-17,171.11940002441406,171.5475286107296,169.60667224471004,170.63418956222478,36092600
QQQ,2018-08-20,170.96717834472656,171.56656709813248,170.3011989060883,171.49996189563717,24939000
QQQ,2018-08-21,171.59507751464844,172.62259468746194,171.37625884886032,171.4809137789782,26258700
QQQ,2018-08-22,172.2611083984375,172.4609095129281,171.01477218676501,171.23359091805304,18042400
QQQ,2018-08-23,172.0137176513672,173.20297176328586,171.7282937610543,171.95663577675703,25776200
QQQ,2018-08-24,173.61207580566406,173.75479501569603,172.54650872028634,172.58455846593722,23136100
QQQ,2018-08-27,175.3816680908203,175.3816680908203,174.21144618170746,174.48734673105915,29343600
QQQ,2018-08-28,175.63858032226562,176.02865919611716,175.26753358103852,175.84789022934385,20277000
QQQ,2018-08-29,177.6650848388672,177.76021647316557,175.87644171378923,175.94303240607167,29175600
QQQ,2018-08-30,177.35104370117188,178.4071016534673,176.7611639461974,177.32250277142808,29315500
QQQ,2018-08-31,177.57945251464844,178.08369519420174,176.94201392950114,177.13229172074043,28653200
QQQ,2018-09-04,176.81829833984375,177.34155850915607,175.86689509780481,177.03711702067955,29063500
QQQ,2018-09-05,174.53492736816406,176.53288004653456,173.93555317846238,176.5043391097517,42623300
QQQ,2018-09-06,172.9746551513672,174.8203801268978,171.80443299820888,174.611070211079,46091400
QQQ,2018-09-07,172.30865478515625,173.7928416322853,171.6712163068258,171.72829818290577,46629500
QQQ,2018-09-10,172.88905334472656,173.3932960621543,171.9471586090374,173.29814990075562,26132000
QQQ,2018-09-11,174.220947265625,174.50637112568123,171.74730768541238,172.194468345473,30116500
QQQ,2018-09-12,173.70718383789062,174.08773927996438,172.213473967369,173.96406674578316,36204000
QQQ,2018-09-13,175.56240844726562,175.89540533075848,174.71566029034315,174.79177427849177,31133200
QQQ,2018-09-14,175.04869079589844,175.9620297945916,174.35415596461323,175.6861292371614,31224100
QQQ,2018-09-17,172.52748107910156,174.87744852961472,172.36574425066607,174.7537614478204,33071200
QQQ,2018-09-18,173.95455932617188,174.80130760186506,172.58453638184565,172.67017370381168,31877300
QQQ,2018-09-19,173.82139587402344,174.39224371303882,172.6892235209099,173.9831327077163,31843400
QQQ,2018-09-20,175.74319458007812,175.98104537238365,174.6015136804637,175.02013339768308,33295800
QQQ,2018-09-21,174.78228759765625,176.46626080285094,174.5634544100573,176.21890119800162,38605400
QQQ,2018-09-24,175.2683868408203,175.33511189831984,172.79982149429566,173.51465803008836,34945600
QQQ,2018-09-25,175.50660705566406,175.64004258270057,174.59161019642676,175.19207733978192,25277500
QQQ,2018-09-26,175.63058471679688,177.2699444232146,175.2874625795609,175.65917701628427,36210600
QQQ,2018-09-27,177.117431640625,177.7464912776824,176.2500931601416,176.3454105148666,33113300
QQQ,2018-09-28,177.07933044433594,177.54636229631467,176.29778326115513,176.62183905556208,28076800
QQQ,2018-10-01,177.44146728515625,178.73770462835316,176.99350194676862,178.10864506252565,27371300
QQQ,2018-10-02,177.04116821289062,178.40411612059555,176.63133561184998,177.2889729570046,25618600
QQQ,2018-10-03,177.2318115234375,178.20399333541255,176.95541444747917,177.78462021874145,29128700
QQQ,2018-10-04,173.82916259765625,176.63132373781573,172.5710434966114,176.51694001920336,80557300
QQQ,2018-10-05,171.7037353515625,174.39152778948704,170.06437568234335,173.81012680745715,83325600
QQQ,2018-10-08,170.6553192138672,172.17076924439954,168.6347046297702,171.1032846256679,66864500
QQQ,2018-10-09,171.20809936523438,172.5329289992134,170.36935327981982,170.77918586212982,49097900
QQQ,2018-10-10,163.678466796875,170.2454298457666,163.45925437627287,170.14058659358582,114471100
QQQ,2018-10-11,161.6483612060547,165.27018772274417,159.94227666938994,163.00178319110762,143084500
QQQ,2018-10-12,166.14706420898438,166.6617400661088,162.9159894166585,166.00408818956052,102078400
QQQ,2018-10-15,164.13600158691406,165.88018988735638,163.51646788049746,165.56567461857153,64885300
QQQ,2018-10-16,168.9111328125,169.32096550331934,165.5561621259477,165.86116607172002,71979700
QQQ,2018-10-17,168.97784423828125,169.90236745668074,167.243181553452,169.73081364380923,66987600
QQQ,2018-10-18,165.06051635742188,168.39642022440344,164.3552202761704,168.33923562791134,82486200
QQQ,2018-10-19,164.90802001953125,167.81502471204567,164.30755270210105,166.39487762137185,82923700
QQQ,2018-10-22,165.75628662109375,167.0334576427571,164.49816743434326,165.89924809986746,52909300
QQQ,2018-10-23,165.1462860107422,165.96596572023884,160.9049259908871,162.6395882103334,77567000
QQQ,2018-10-24,157.5880584716797,165.23204619530864,157.30212101244885,164.95564919552828,102997400
QQQ,2018-10-25,163.0399169921875,164.01209876634394,159.32277277245228,160.0376093180465,83481100
QQQ,2018-10-26,158.84622192382812,161.99150576872466,156.5301438536872,157.45466698931955,130970900
QQQ,2018-10-29,155.57705688476562,161.89621803037588,152.58427445232053,161.2766987014843,111871900
QQQ,2018-10-30,158.14093017578125,158.25529938779908,154.4142448880495,155.11955563006742,92584000
QQQ,2018-10-31,161.8580780029297,163.22102616025916,160.63807680704107,160.71432779074587,73828600
QQQ,2018-11-01,163.99301147460938,164.1645797862354,160.86679454399038,162.0963213899249,52706800
QQQ,2018-11-02,161.43869018554688,164.46006424111607,160.333072837437,163.48788246651003,75966800
QQQ,2018-11-05,161.038330078125,161.70550772446356,159.24646907648835,161.6483231466891,39573500
QQQ,2018-11-06,162.25840759277344,163.16386451867774,160.80966778529248,161.04794668912993,34410400
QQQ,2018-11-07,167.34800720214844,167.34800720214844,163.81194259457618,164.20272340722025,51169600
QQQ,2018-11-08,166.28050231933594,167.08111568420836,165.48941487188387,166.5664252758008,40296500
QQQ,2018-11-09,163.47836303710938,165.12724866301002,162.18212546731218,164.72694192660921,50602700
QQQ,2018-11-12,158.5316619873047,162.63958640625052,158.388685973134,162.33459708744533,62578400
QQQ,2018-11-13,158.6651153564453,161.53398735829157,158.21714997317085,159.2751086059317,64128100
QQQ,2018-11-14,157.4546661376953,160.79057014291507,156.54920938781314,160.23776144827218,75270700
QQQ,2018-11-15,160.20916748046875,160.63806651085312,155.79625297473623,157.16872696328878,73254300
QQQ,2018-11-16,159.64683532714844,160.4188565023855,158.00747561584046,158.64606121194257,65390700
QQQ,2018-11-19,154.46189880371094,159.07497442888672,153.96627466129223,158.8843542336145,67280500
QQQ,2018-11-20,151.69784545898438,153.8137627393831,149.76302242544472,150.94487617397948,102652800
QQQ,2018-11-21,152.8511505126953,154.3761413538498,151.76459926497466,153.7852143110129,42965800
QQQ,2018-11-23,151.7455291748047,153.2990975914646,151.63114542226984,151.63114542226984,23503700
QQQ,2018-11-26,155.2529296875,155.32918064641794,153.22278971853677,153.87091559764764,42012600
QQQ,2018-11-27,155.77716064453125,156.16794139210347,153.62311084607882,154.40467234122326,36608100
QQQ,2018-11-28,160.79054260253906,160.79054260253906,155.8057538292591,156.90183056873917,70141000
QQQ,2018-11-29,160.266357421875,161.32431615523433,158.99872666901135,160.11387000254345,44885700
QQQ,2018-11-30,161.4291534423828,161.5244708013898,159.6849504849418,160.48557848779416,36722800
QQQ,2018-12-03,164.25035095214844,165.1843998146193,161.56255899619728,164.99377967541486,50771700
QQQ,2018-12-04,157.95025634765625,163.85004192097782,157.7596362112158,163.39253614145971,70594700
QQQ,2018-12-06,159.0653839111328,159.08445028593357,154.18543908569666,154.7668398983664,71715500
QQQ,2018-12-07,153.8137664794922,159.28463951699047,153.31814240394004,158.3696568857722,80432200
QQQ,2018-12-10,155.424560546875,156.10126444668018,151.93615412488782,153.52785535665603,73960800
QQQ,2018-12-11,155.93922424316406,157.99795717009505,154.62392022706015,157.95982440660296,59058300
QQQ,2018-12-12,157.31167602539062,159.7421228386275,157.22589914270083,158.21713261056937,53780000
QQQ,2018-12-13,157.3593292236328,158.99868857159052,156.33948895362175,158.3410367404072,46378500
QQQ,2018-12-14,153.5277862548828,156.12978647694612,153.1655978530883,155.55792612732506,56547400
QQQ,2018-12-17,150.04891967773438,154.09013338081294,148.84799975556953,152.8701470824088,74834100
QQQ,2018-12-18,150.99252319335938,152.45078843031783,149.67721943320657,151.2117356389231,63642100
QQQ,2018-12-19,147.28492736816406,153.18471425222,146.15071767079144,150.76379289708794,81856500
QQQ,2018-12-20,145.1499481201172,148.5621032383539,143.3390345495513,146.92274347108068,99002100
QQQ,2018-12-21,140.65122985839844,146.86553105729587,139.8410760472385,145.87429755808162,141129400
QQQ,2018-12-24,137.1634063720703,141.44557692622766,137.12517908734566,139.62948190930823,56163300
QQQ,2018-12-26,145.72772216796875,145.80417671648632,137.72731227094897,138.67360139005768,98982100
QQQ,2018-12-27,146.2916717529297,146.41592133822692,140.5852918670806,143.73000672031404,85824300
QQQ,2018-12-28,146.21517944335938,148.7194812877948,145.02037671834336,147.34306621497728,77856600
QQQ,2018-12-31,147.4482421875,148.13644987676466,145.96669814741384,147.64897550728446,53015300
QQQ,2019-01-02,148.0408477783203,148.87242584295743,144.2174788963182,144.32262212397305,58576700
QQQ,2019-01-03,143.2042999267578,146.49238517679825,142.88887021857158,145.86154034542182,74820200
QQQ,2019-01-04,149.33126831054688,150.06727111254185,145.03954485962575,145.61304160332398,74709300
QQQ,2019-01-07,151.1090850830078,151.845087637356,149.2165216711066,149.7039959269768,52059300
QQQ,2019-01-08,152.47598266601562,153.03992617767432,150.25842131271722,152.49508901268382,49388700
QQQ,2019-01-09,153.71861267089844,154.38769956840568,152.42821933749127,153.06863212403394,46491700
QQQ,2019-01-10,154.1582794189453,154.2443017447652,151.69220398378,152.55247099697678,38943400
QQQ,2019-01-11,153.59432983398438,153.75682130473834,152.73406285440623,153.25022595915286,30176600
QQQ,2019-01-14,152.23695373535156,152.89648702430625,151.58697361544301,152.2943019196101,30710200
QQQ,2019-01-15,155.20965576171875,155.4199422052814,152.84872444216973,152.9347467368106,40874200
QQQ,2019-01-16,155.18099975585938,156.5478472133815,155.12363696775026,155.46774077142646,33812200
QQQ,2019-01-17,156.4044952392578,157.10225610148066,154.43546224572643,154.68397601699826,39329000
QQQ,2019-01-18,157.95291137695312,158.68891389802965,156.5860641370901,157.50366441077594,57183200
QQQ,2019-01-22,154.78909301757812,156.89194300600556,153.6611916022884,156.81547387742702,56711700
QQQ,2019-01-23,154.98980712890625,156.28975310625947,153.24062873507293,155.58243921159308,38106100
QQQ,2019-01-24,155.9934844970703,156.22289193504332,154.90382469044548,155.4964423406279,32417800
QQQ,2019-01-25,157.8573455810547,158.3352667176428,156.71033777024235,157.24560710962174,36515900
QQQ,2019-01-28,155.90745544433594,155.9170086177979,154.60750918862365,155.8214331281853,33491200
QQQ,2019-01-29,154.43544006347656,156.03169487832432,153.88104980565595,155.99345302054616,30784200
QQQ,2019-01-30,158.36395263671875,158.93746387742019,155.69715891294956,156.18463325804805,41346500
QQQ,2019-01-31,160.73446655273438,161.5278175199503,159.11909051219817,159.3389301873309,37258400
QQQ,2019-02-01,160.0557861328125,161.15501350075397,159.61610685363243,159.94108972693869,32143700
QQQ,2019-02-04,162.04393005371094,162.04393005371094,159.94108009107134,160.08445058977605,26718800
QQQ,2019-02-05,163.47769165039062,163.66885717497178,162.19686659220292,162.26376796255875,28156400
QQQ,2019-02-06,162.99021911621094,163.80267625060904,162.25421652446636,163.51593525317136,27970000
QQQ,2019-02-07,160.80133056640625,161.96745922695396,159.57785370697826,161.5660072497974,42036200
QQQ,2019-02-08,161.11679077148438,161.1454648763573,159.21467375159273,159.3962715541221,29020700
QQQ,2019-02-11,160.9638214111328,162.09172279669136,160.56236943542388,161.6998239924298,21434100
QQQ,2019-02-12,163.3438720703125,163.58283261898958,161.85276058016657,162.13951615557795,29722100
QQQ,2019-02-13,163.45855712890625,164.55778432757455,163.2769593759027,164.07029550768934,26094100
QQQ,2019-02-14,163.65933227539062,164.2423967063331,162.33071196029184,162.87553452871506,30326800
QQQ,2019-02-15,164.34750366210938,164.94012113533051,163.58282701553742,164.90189386624917,32521700
QQQ,2019-02-19,164.67247009277344,165.16951205128098,163.81221806669603,163.84089216189912,19487700
QQQ,2019-02-20,164.643798828125,165.43714950736532,163.7548726915621,164.78716930660522,32593000
QQQ,2019-02-21,164.04161071777344,164.65334905668107,163.171805522212,164.20410211881222,25207400
QQQ,2019-02-22,165.25558471679688,165.37028113257563,164.30929553163153,164.3953324284625,27735400
QQQ,2019-02-25,165.8577880859375,166.9474479091906,165.74307707270134,166.51732171830093,32608800
QQQ,2019-02-26,166.02981567382812,166.5555318909136,165.1791165534523,165.4563190065506,21939700
QQQ,2019-02-27,165.9246826171875,166.1254159433065,164.1754892338569,165.2651490120795,25162000
QQQ,2019-02-28,165.5423126220703,166.1349301176924,165.07394469440462,165.40849529773647,25085500
QQQ,2019-03-01,166.68934631347656,166.93786007310302,165.53277065618337,166.73714134782693,31431200
QQQ,2019-03-04,166.71800231933594,168.0275015254047,164.85411286197657,167.7885409645895,38063500
QQQ,2019-03-05,166.84226989746094,167.35841830200192,166.02024496801016,166.84226989746094,22319900
QQQ,2019-03-06,165.89596557617188,167.03342009813593,165.62833093394434,167.00474599968257,27194600
QQQ,2019-03-07,163.8600311279297,165.5327550777942,163.24829266680763,165.47540687596953,39407400
QQQ,2019-03-08,163.611572265625,163.69759459721317,161.86237859833108,162.02487008633102,39303200
QQQ,2019-03-11,167.01429748535156,167.1290084630015,164.26148196665028,164.29015606481428,30518400
QQQ,2019-03-12,167.9319305419922,168.36205664596056,167.05255740488036,167.45400940758387,33953500
QQQ,2019-03-13,169.19361877441406,170.07299182848013,168.5627740211671,168.80173456580442,42426100
QQQ,2019-03-14,168.90689086914062,169.50906157046327,168.85909583951303,169.30834286502082,23751500
QQQ,2019-03-15,170.47450256347656,170.98109788261237,169.4517441665433,169.56644059049918,38192000
QQQ,2019-03-18,170.88047790527344,171.3975802858128,170.05695693128135,170.4016869811278,32935100
QQQ,2019-03-19,171.4550323486328,172.3647321794945,170.72726079471195,171.57950805269343,36893300
QQQ,2019-03-20,172.1348876953125,173.18823345009122,170.67937397612084,171.46458340206138,50105000
QQQ,2019-03-21,174.82569885253906,175.07466483562465,171.59863857163467,171.6177942969604,42428500
QQQ,2019-03-22,170.9857940673828,174.53842877078407,170.8038511979676,174.06920845553097,70794500
QQQ,2019-03-25,170.6602325439453,171.2539285946164,169.4249438179206,170.36338451860976,46336500
QQQ,2019-03-26,171.4550323486328,173.02546599069552,170.58362936251146,171.9817052859336,33248100
QQQ,2019-03-27,170.3538055419922,172.0966115253098,169.108960824239,171.7135846293149,37096700
QQQ,2019-03-28,170.74639892578125,171.3879769427216,169.72179405475464,170.79428093542649,30368200
QQQ,2019-03-29,172.03916931152344,172.20195648270058,171.01454965515268,172.06789559987584,35205500
QQQ,2019-04-01,174.31822204589844,174.52889125626595,173.10210341787183,173.81070475134268,30969500
QQQ,2019-04-02,174.97894287109375,175.15131521737501,174.06924295525704,174.50973707438405,22645200
QQQ,2019-04-03,175.98434448242188,177.07598691701872,175.43853057089123,175.9651887592786,31633500
QQQ,2019-04-04,175.91737365722656,176.67385691357842,174.90232459042522,176.03227880716864,28530800
QQQ,2019-04-05,176.82705688476562,176.93239146614897,176.21420512350034,176.42487428626703,25674700
QQQ,2019-04-08,177.27719116210938,177.42082264246852,175.84081791234098,176.53984880266253,22697500
QQQ,2019-04-09,176.65467834472656,177.25795952700295,176.2812220441598,176.67383407108687,25631900
QQQ,2019-04-10,177.6027069091797,177.66015948234008,176.69300707388126,176.88452052159573,24563000
QQQ,2019-04-11,177.18133544921875,177.89952170260256,176.8557611877869,177.89952170260256,20654100
QQQ,2019-04-12,177.94744873046875,178.06235388439023,177.21010656587814,177.96660445996915,24989100
QQQ,2019-04-15,177.97613525390625,178.17723383987803,176.78872868637035,177.9569795286858,21073000
QQQ,2019-04-16,178.58900451660156,178.98161655876925,178.04317588067985,178.62730135927077,27195700
QQQ,2019-04-17,179.21144104003906,179.9583537293581,178.68478270102315,179.78599600637975,29651600
QQQ,2019-04-18,179.44126892089844,179.824295830443,178.38792300234095,179.50830666641573,28580900
QQQ,2019-04-22,179.94879150390625,180.0158292514176,178.52198919206288,178.6560646870856,17936000
QQQ,2019-04-23,182.23739624023438,182.4576359705207,180.1498748585222,180.40841143303865,33665600
QQQ,2019-04-24,181.662841796875,182.62042355517872,181.6053746176848,182.39059867303212,24977100
QQQ,2019-04-25,182.40020751953125,183.10882342958087,181.4138992703577,183.02264456001217,29517500
QQQ,2019-04-26,182.56297302246094,182.60128447874771,180.5903567583341,182.1129083860973,26359500
QQQ,2019-04-29,182.91726684570312,183.20454428809413,182.2661036688477,182.56295166842122,21716200
QQQ,2019-04-30,181.5000457763672,181.79690840451607,180.22647485572378,181.4425932068992,31495300
QQQ,2019-05-01,180.91592407226562,183.2045586217325,180.79144837300296,182.68745626266391,34797100
QQQ,2019-05-02,180.1307373046875,181.79693512182047,178.94333045220347,180.85849431079924,44110100
QQQ,2019-05-03,183.0034637451172,183.1375246165841,181.2989692600925,181.6245435748637,30386200
QQQ,2019-05-06,181.883056640625,182.13202260358838,178.83793946758763,179.1156463219853,38371800
QQQ,2019-05-07,178.34005737304688,180.66697436420225,176.68343017449857,179.90090592594535,58818100
QQQ,2019-05-08,177.88998413085938,179.23059287447356,177.1143451712298,177.75592325649797,37165300
QQQ,2019-05-09,176.93240356445312,177.54525536762407,174.36607659324136,175.90778396534103,55351700
QQQ,2019-05-10,177.15261840820312,178.00486555554326,173.3510178064122,176.300371260863,58526400
QQQ,2019-05-13,171.00497436523438,173.57128679732043,170.50702769500126,172.64243120218214,67185800
QQQ,2019-05-14,172.88180541992188,173.92558064851613,171.27307506829837,171.90508253995253,43360600
QQQ,2019-05-15,175.3236541748047,175.76414824675442,171.70399601751475,171.74230747326996,40944500
QQQ,2019-05-16,177.0855712890625,178.1772284203662,175.18956367294865,175.40023280935426,39281200
QQQ,2019-05-17,175.27574157714844,177.70800718932819,175.12253961547728,175.33320875075384,44702300
QQQ,2019-05-20,172.31687927246094,173.49470105007927,171.73275366361023,172.83398173880977,38608300
QQQ,2019-05-21,174.11708068847656,174.5958715341431,173.24567784259457,173.8010769769522,31613800
QQQ,2019-05-22,173.34146118164062,174.34692499194378,173.08291000492528,173.14994774433018,24332600
QQQ,2019-05-23,170.68898010253906,171.426322284536,169.6260635690518,171.3497139762664,45351300
QQQ,2019-05-24,170.60281372070312,172.2211296489267,170.39214451042892,171.60827774945867,25903300
QQQ,2019-05-28,169.9612274169922,172.0391785177418,169.94207168655205,171.08159655731112,24763800
QQQ,2019-05-29,168.56309509277344,169.49195045344686,167.6629660124065,168.90782506798766,42178800
QQQ,2019-05-30,169.27174377441406,169.75053468826593,168.31416194671036,169.01319258970312,30354800
QQQ,2019-05-31,166.5713653564453,167.85452157082278,166.4947570525443,167.27998120887491,45446200
QQQ,2019-06-03,162.90380859375,166.57134858380263,162.08987284339688,166.12128397591508,75842300
QQQ,2019-06-04,167.49066162109375,167.54811419998646,164.10081335101603,164.73282094191742,47797800
QQQ,2019-06-05,168.7355499267578,169.11857692590115,166.98317291316744,169.08985063154256,34412700
QQQ,2019-06-06,170.0760955810547,170.48784872093427,168.27583721134985,169.02274980909164,29913200
QQQ,2019-06-07,173.36062622070312,174.05967155008412,170.7655873722285,170.98582712495121,45888300
QQQ,2019-06-10,175.381103515625,177.00900428982698,174.4809888835103,174.5192857270207,41385300
QQQ,2019-06-11,175.6205291748047,177.535693133577,175.02683302327853,177.21011876735565,41260300
QQQ,2019-06-12,174.60546875,175.50559801513248,174.27989443200633,175.14171224117527,27758100
QQQ,2019-06-13,175.63967895507812,176.07058790889474,174.98853024469588,175.33326033005736,23715800
QQQ,2019-06-14,174.89273071289062,175.34279530554207,174.22242640836868,174.73951412570332,22844100
QQQ,2019-06-17,175.94610595703125,176.43446747251295,175.08427346839593,175.2757869286903,20379500
QQQ,2019-06-18,178.50282287597656,179.75725266823966,177.5643822125338,178.02403198662188,48177300
QQQ,2019-06-19,179.1731414794922,179.57532410522086,177.69847185182036,178.7422325670357,31672900
QQQ,2019-06-20,180.83932495117188,181.7107132659789,179.22100940554134,181.67241642386563,40922000
QQQ,2019-06-21,180.57122802734375,181.72032339859544,180.1881864958996,180.6286806041753,39980400
QQQ,2019-06-24,180.57696533203125,181.11439442299684,180.48098957556837,180.932049272024,19375200
QQQ,2019-06-25,177.4770965576172,180.55773622706448,177.20838205830714,180.4521687706325,33921100
QQQ,2019-06-26,178.302490234375,179.78043505629498,178.014592218017,178.65758886096017,22595700
QQQ,2019-06-27,178.98385620117188,179.40612608696716,178.494415002915,178.94547468602866,19709200
QQQ,2019-06-28,179.2141876220703,179.6076530631871,178.5711910812985,179.41571620149824,21179200
QQQ,2019-07-01,181.63265991210938,182.88987812750779,180.7881345990715,182.64995333465154,31025600
QQQ,2019-07-02,182.3524169921875,182.37161507407205,181.05683201997513,181.5750630800909,18035800
QQQ,2019-07-03,183.7248077392578,183.7248077392578,182.62114492972736,182.81309647493052,15792100
QQQ,2019-07-05,183.35052490234375,183.6864108173743,181.75742080432858,182.46760344465804,21415600
QQQ,2019-07-08,182.0644989013672,182.21803960797038,181.31592022889717,182.16046001251365,17598800
QQQ,2019-07-09,182.97621154785156,183.2065299316288,181.0472072206512,181.20076257239893,19193500
QQQ,2019-07-10,184.7996368408203,185.30827613860768,183.75356844679305,184.08946895386526,28374500
QQQ,2019-07-11,184.66529846191406,185.5482198737703,184.07988142707129,185.0779766883669,23736100
QQQ,2019-07-12,185.73049926757812,185.74009098336523,184.69402285277465,184.866776243829,20211900
QQQ,2019-07-15,186.32557678222656,186.36397294726976,185.64419861309608,186.16242969040874,15606100
QQQ,2019-07-16,185.36585998535156,186.2679794077989,184.7996410776776,186.0952406131234,20190900
QQQ,2019-07-17,184.4541015625,185.6921211823733,184.43490348673112,185.36581246966676,16765100
QQQ,2019-07-18,184.66529846191406,185.02038244172417,183.00502312461083,183.58083379642346,28877000
QQQ,2019-07-19,183.3120880126953,186.0184460341607,183.12015115476754,185.93207664466973,29387900
QQQ,2019-07-22,184.7708740234375,185.1643541848725,183.72480547665862,183.72480547665862,18954900
QQQ,2019-07-23,185.98008728027344,185.9992853630804,184.54053859053016,185.77855866426344,23786700
QQQ,2019-07-24,187.28524780273438,187.29485416447744,185.25069067600623,185.26988875564822,20422900
QQQ,2019-07-25,185.50979614257812,186.68062994585404,185.15469759972052,186.6518401510065,23434700
QQQ,2019-07-26,187.41961669921875,187.66914781851216,186.59427494954176,186.69025070986154,20431200
QQQ,2019-07-29,186.77662658691406,187.31405571811956,185.59620084202732,187.24688439864164,20451700
QQQ,2019-07-30,185.9705047607422,186.69987086117573,185.2123488565973,185.34670615519943,18705000
QQQ,2019-07-31,183.39846801757812,186.59425250929502,181.69020512500984,186.46950160849616,41627500
QQQ,2019-08-01,182.48675537109375,187.12210320636868,181.60383406587627,183.71516889520885,63251600
QQQ,2019-08-02,179.79965209960938,181.3735582116777,178.70559559053564,181.11443532578326,55214000
QQQ,2019-08-05,173.4464111328125,176.114373411468,171.97807270764764,176.0375957275831,75040000
QQQ,2019-08-06,175.8744354248047,176.3926810911231,173.7727068922526,175.04909368986904,41897200
QQQ,2019-08-07,176.82455444335938,177.07407093089796,172.64026589357272,173.9646553021642,49990600
QQQ,2019-08-08,180.67294311523438,180.73053736073297,177.1316658189752,177.62110707686975,38418100
QQQ,2019-08-09,178.97427368164062,180.42341391523954,177.57310668347526,179.80920713447338,33608900
QQQ,2019-08-12,176.9205322265625,178.40805409365007,176.10478214654694,177.87062494891572,24642900
QQQ,2019-08-13,180.79771423339844,182.03571963848822,176.60383382064643,176.76698091162126,40241900
QQQ,2019-08-14,175.3946075439453,178.45605010846535,175.06831335460907,177.88983113687954,51000500
QQQ,2019-08-15,175.19305419921875,176.19113470920718,173.85907318395402,175.62491581754216,36685000
QQQ,2019-08-16,178.00497436523438,178.45603408687566,176.6805996439333,176.78616712439924,32781400
QQQ,2019-08-19,180.83609008789062,181.2199785050784,179.9435769751399,180.5769818806154,22494100
QQQ,2019-08-20,179.43495178222656,181.03764761024544,179.38696389581403,180.38505921534542,19902900
QQQ,2019-08-21,181.02804565429688,181.60385632714713,180.3850490154987,181.00884757204804,20418500
QQQ,2019-08-22,180.44264221191406,181.8246113610181,179.0222768954198,181.36394521541862,24243700
QQQ,2019-08-23,174.73240661621094,180.85527637150741,174.2429507467072,179.21419925710444,55372400
QQQ,2019-08-26,177.37156677246094,177.41954000483295,175.70168532951848,176.71896387238175,27598900
QQQ,2019-08-27,176.9972686767578,178.90707484131684,176.30629891150699,178.60957051259297,28012800
QQQ,2019-08-28,177.6306915283203,177.9281958872516,175.538554653355,176.42147601154778,21792400
QQQ,2019-08-29,180.34664916992188,180.86489487313986,179.15661704016748,179.83800982955532,25358900
QQQ,2019-08-30,179.9147491455078,181.35429745702967,178.89747068171388,181.31590130150383,26319800
QQQ,2019-09-03,178.1681365966797,179.6364750855811,177.57312782555132,178.71517212666274,27964200
QQQ,2019-09-04,180.74009704589844,180.89365238565406,179.36771999307763,179.8859656037921,21592100
QQQ,2019-09-05,184.0511016845703,184.57893914546423,182.66913256653785,182.73631853603658,33932600
QQQ,2019-09-06,183.8687744140625,184.4254017321499,183.46570248934714,184.35823039995483,19487800
QQQ,2019-09-09,183.48489379882812,184.52137070004235,182.55398439617778,184.44459300619152,24407600
QQQ,2019-09-10,182.95697021484375,183.05294594795743,181.2966954676316,182.49631891234807,23744700
QQQ,2019-09-11,184.6748504638672,184.77082621045125,182.88021822472027,183.3024880795414,25063600
QQQ,2019-09-12,185.44264221191406,186.86300734090958,185.19312573220444,185.80733253474335,28689900
QQQ,2019-09-13,184.7804718017578,185.60581367394954,184.54054700918866,185.17395197609454,27669800
QQQ,2019-09-16,183.95509338378906,184.3389817619421,183.40807258020686,183.590417729349,20319000
QQQ,2019-09-17,184.83804321289062,184.83804321289062,183.58082515434756,183.97430528006305,20953400
QQQ,2019-09-18,184.7613067626953,184.83808446122555,182.4484280174609,184.4541959685743,29781300
QQQ,2019-09-19,185.06832885742188,186.21996458684836,184.71324495717477,185.08752693533447,26039400
QQQ,2019-09-20,183.1105499267578,185.51938885290392,182.49634322698367,185.32745200494503,29086100
QQQ,2019-09-23,183.1913604736328,183.73949914661742,182.44128678572116,183.05673223922244,22485900
QQQ,2019-09-24,180.75840759277344,184.43184313184844,179.96986039280742,184.02795847090565,40820700
QQQ,2019-09-25,182.78749084472656,183.26830810347005,179.06596995753307,180.5757285198309,34704900
QQQ,2019-09-26,182.1143035888672,182.71051214353994,180.7680068006269,182.54703607769014,26826000
QQQ,2019-09-27,179.85447692871094,182.54705612755356,178.6235860961045,182.4508868201971,40773500
QQQ,2019-09-30,181.566162109375,181.8546553217742,180.2102542824607,180.5852910565674,26307700
QQQ,2019-10-01,180.08526611328125,183.2778844769089,179.78716181702353,182.22970657284932,32367600
QQQ,2019-10-02,176.9888153076172,178.89284732239923,175.99833304359473,178.86399946409773,48544300
QQQ,2019-10-03,178.93133544921875,179.06596369001966,174.84438889294697,176.96959288511675,39392500
QQQ,2019-10-04,181.566162109375,181.82580746787173,179.71021503256802,179.9025389497094,31887600
QQQ,2019-10-07,181.01806640625,182.46051801954022,180.70072529052095,181.04691426464566,21216000
QQQ,2019-10-08,178.30624389648438,180.6526341171821,178.16200460971038,179.88332368317654,32379300
QQQ,2019-10-09,180.04678344726562,180.86417846056915,179.27747308298726,179.81600060934443,20147400
QQQ,2019-10-10,181.44114685058594,182.16237255241103,179.9409997385297,180.09486474319561,25177700
QQQ,2019-10-11,183.77793884277344,185.23962714444755,183.40290203805037,183.50868240211975,40976700
QQQ,2019-10-14,183.7587127685547,184.34531033564045,183.335591287591,183.51830417013227,14975000
QQQ,2019-10-15,186.0955047607422,186.52823733295742,184.21069476333219,184.3260862030223,23234200
QQQ,2019-10-16,185.6338653564453,186.10507141169577,185.0472678890412,185.46077823821486,20457100
QQQ,2019-10-17,186.12435913085938,187.037908964907,185.41274432333265,186.74941568221357,19045200
QQQ,2019-10-18,184.33572387695312,186.23975612203984,183.3933261539031,185.7877867228123,27700800
QQQ,2019-10-21,185.97052001953125,186.09553721658395,184.76847673519347,185.31661551607385,15801200
QQQ,2019-10-22,184.48956298828125,186.96095573235365,184.43185259943365,186.70131033935633,22392300
QQQ,2019-10-23,184.8453369140625,184.88379582782056,183.81638122220068,184.11450016566593,14828400
QQQ,2019-10-24,186.6436004638672,186.75900655943067,185.34540294412292,186.16278330691557,18998500
QQQ,2019-10-25,188.13414001464844,188.23030931714192,185.64351061784666,185.6819695348188,21507100
QQQ,2019-10-28,189.9901123046875,190.24013196213124,189.00924112438685,189.00924112438685,18818700
QQQ,2019-10-29,188.51878356933594,189.96123503351893,188.48993571392228,189.6727564793824,18569700
QQQ,2019-10-30,189.43234252929688,189.74968360322165,187.79755251088903,188.88420394523374,21764300
QQQ,2019-10-31,189.51890563964844,190.06702960686923,188.4226430318307,189.9804860341569,26801800
QQQ,2019-11-01,191.24021911621094,191.24984485070297,190.04780190926076,190.3362804765063,22131900
QQQ,2019-11-04,192.4230499267578,192.83654567686386,191.24022904613156,192.50959350142514,19015900
QQQ,2019-11-05,192.52883911132812,192.85579130173355,191.8941568546278,192.66346734698783,15048900
QQQ,2019-11-06,192.0960693359375,192.32686685858295,191.16328285780332,192.30763006335198,19725500
QQQ,2019-11-07,192.74037170410156,193.98088827116,192.18263667637697,193.0577128102473,17832400
QQQ,2019-11-08,193.50965881347656,193.52889560729912,191.8844945597673,192.39417421913194,15258800
QQQ,2019-11-11,193.25006103515625,193.32697887679592,192.2691898104162,192.528835214425,10147600
QQQ,2019-11-12,193.80776977539062,194.45207766699806,193.11540658100446,193.41351086535647,14778300
QQQ,2019-11-13,193.85586547851562,194.03857835311732,193.0096372267365,193.1346397145884,15774600
QQQ,2019-11-14,193.70196533203125,193.82698247058656,192.5383961943366,193.12499362955086,16945400
QQQ,2019-11-15,195.12521362304688,195.12521362304688,194.2501229140519,194.87517932140574,18427900
QQQ,2019-11-18,195.27908325195312,195.586798596077,194.02895573427054,194.81748822570503,18365900
QQQ,2019-11-19,195.5675506591797,196.0195199257707,194.81747712598056,196.0195199257707,16923300
QQQ,2019-11-20,194.39434814453125,195.6444755423177,192.9230489887388,195.05787809192262,36629000
QQQ,2019-11-21,193.96165466308594,194.3174693673635,193.35583497173752,194.1828264655345,17883600
QQQ,2019-11-22,194.086669921875,194.55787605351466,193.03849196255794,194.4424699492782,17189600
QQQ,2019-11-25,196.3849334716797,196.42339238260692,194.89439755756328,194.92324540910198,17752800
QQQ,2019-11-26,196.76004028320312,197.01005997669733,196.22152729821354,196.51002058970892,14780600
QQQ,2019-11-27,198.13516235351562,198.1447880893041,197.02928856779354,197.26969718846163,16963100
QQQ,2019-11-29,197.23121643066406,197.93320541675433,197.13504712369232,197.63510110786845,9854600
QQQ,2019-12-02,195.2117919921875,197.30814803538505,194.03859679747757,197.24084125450935,28007000
QQQ,2019-12-03,193.6828155517578,193.75974807549662,191.5864446316664,192.52885704243286,31104100
QQQ,2019-12-04,194.66363525390625,195.1252303086969,194.38476774750737,194.67326098840758,15300100
QQQ,2019-12-05,195.04830932617188,195.356024707508,194.096285976953,195.356024707508,14962300
QQQ,2019-12-06,197.1350555419922,197.2792948352332,196.31766041795518,196.47152544633008,16555300
QQQ,2019-12-09,196.24072265625,197.70239625730312,196.15416441571543,196.7792355275196,13984100
QQQ,2019-12-10,196.07720947265625,197.01962156291518,195.63486595331915,196.3368548177989,21799800
QQQ,2019-12-11,197.11582946777344,197.31777916267322,196.21189071861954,196.51962079210918,18780800
QQQ,2019-12-12,198.58709716796875,199.36603328898818,196.64460641591458,196.91386285032556,32612000
QQQ,2019-12-13,199.2410125732422,199.9333904417517,198.0582064951113,198.48131326064498,32519400
QQQ,2019-12-16,201.2412109375,201.49123056919382,200.48151163523372,200.54883307840592,21296600
QQQ,2019-12-17,201.35659790039062,201.66432790801144,201.02002003872718,201.5008371706039,15996100
QQQ,2019-12-18,201.510498046875,202.06824777792636,201.2989372980839,201.52973484404973,15443300
QQQ,2019-12-19,202.77020263671875,202.8375094054234,201.57777086022384,201.59700765415707,17865900
QQQ,2019-12-20,203.58763122558594,204.36655276459229,203.16450972948942,203.73187052044753,27672600
QQQ,2019-12-23,204.12538146972656,204.45304250069861,203.95191905516117,204.30849048856078,23774700
QQQ,2019-12-24,204.23141479492188,204.39524532935104,203.76883359740472,204.30851411203992,7089000
QQQ,2019-12-26,206.03353881835938,206.0528173214514,204.5301390913436,204.55904949338705,17067500
QQQ,2019-12-27,205.86004638671875,206.77557663002938,205.31071941762013,206.75629812974861,18134100
QQQ,2019-12-30,204.5108642578125,205.87934379971782,203.4989561253281,205.7540555941641,21815500
QQQ,2019-12-31,204.8963623046875,205.0409143185595,203.53751455353222,203.85554368924022,18170900
QQQ,2020-01-02,208.3175811767578,208.3175811767578,206.2166653172924,206.62142568540435,30969400
QQQ,2020-01-03,206.40933227539062,207.65253804386754,205.54199104101832,205.56126953883566,27518900
QQQ,2020-01-06,207.73931884765625,207.7682292486953,204.53977858942946,204.79034030016408,21655300
QQQ,2020-01-07,207.71038818359375,208.2982574560197,207.05506621705322,207.81639787879146,22139300
QQQ,2020-01-08,209.2716064453125,210.2256936926872,207.35381475816808,207.68147573820852,26397300
QQQ,2020-01-09,211.044921875,211.44968226830238,209.81136218916657,210.99673296278013,23547000
QQQ,2020-01-10,210.5051727294922,211.8929306969113,210.12932283874846,211.87366690111043,21898500
QQQ,2020-01-13,212.9337615966797,212.96267199725548,211.03523353119783,211.37254114483332,22756900
QQQ,2020-01-14,212.09530639648438,213.18431371134992,211.7676454238443,212.82772763624223,24418100
QQQ,2020-01-15,212.1820068359375,213.17463621254345,211.4881279913917,212.21091722902818,25742100
QQQ,2020-01-16,214.21551513671875,214.2540721418806,212.78921475469602,213.24216398162028,18805000
QQQ,2020-01-17,215.275634765625,215.4490971914688,214.06133896395687,215.1792569478071,24325200
QQQ,2020-01-21,215.17922973632812,215.71891015540382,214.58172851594986,214.67809161639136,21146300
QQQ,2020-01-22,215.74778747558594,216.98134673152907,215.47794730742254,216.2682040178913,20736400
QQQ,2020-01-23,216.4416961669922,216.53807397110154,214.62026742875648,215.62254365281586,26496100
QQQ,2020-01-24,214.62026977539062,217.68490457627922,213.62764014400184,217.45360666700074,37436500
QQQ,2020-01-27,210.18711853027344,211.324299885012,209.30048411499118,209.77271171604534,42264400
QQQ,2020-01-28,213.41561889648438,213.90712511131423,211.11233054275615,211.67128945646775,26731900
QQQ,2020-01-29,213.76254272460938,214.8419034690497,212.8181020732241,214.6009736810809,28924500
QQQ,2020-01-30,214.52389526367188,214.62025835852046,211.71946892175637,212.38443750851857,39568100
QQQ,2020-01-31,211.1219940185547,215.4490842623696,210.3702794361041,215.42017385979722,52015800
QQQ,2020-02-03,214.31190490722656,214.80339646155866,212.0086163440638,212.15316835851743,25408600
QQQ,2020-02-04,219.21722412109375,219.59307404921108,216.4995287137922,217.24159667116865,30691200
QQQ,2020-02-05,219.9400177001953,221.89636668390315,218.61972697759555,221.85782438255845,38534800
QQQ,2020-02-06,221.83851623535156,221.89633703223683,219.7086904172244,220.48930058555015,22467100
QQQ,2020-02-07,220.8844451904297,222.0794623328273,220.24838696761216,220.84590289140522,25884900
QQQ,2020-02-10,223.553955078125,223.5635869767346,220.09420650793012,220.1520273099652,21478900
QQQ,2020-02-11,223.592529296875,225.5296146727133,223.0046598836152,224.78754662855468,30198000
QQQ,2020-02-12,225.77052307128906,225.87653278181244,224.35385453301734,224.91281348803244,24471300
QQQ,2020-02-13,225.4813690185547,226.4065311607429,223.92978061043078,224.19962079400128,22773200
QQQ,2020-02-14,226.1270751953125,226.3390945982549,225.07662478403583,225.83795649082847,23438500
QQQ,2020-02-18,226.21383666992188,226.63787553255693,224.78753616348675,225.02846599860302,24394500
QQQ,2020-02-19,228.38214111328125,228.85436875149395,227.2931485636022,227.56298872681344,22230500
QQQ,2020-02-20,226.2620086669922,228.35327771487565,223.46722867060336,227.881064684663,42604000
QQQ,2020-02-21,221.91566467285156,225.51996572523385,221.0001342073338,225.1344838571813,66017200
QQQ,2020-02-24,213.3577880859375,216.11402552137415,212.26878070986876,213.63726017708728,84522600
QQQ,2020-02-25,207.5562286376953,215.86349931150477,206.94909545569362,215.15034170917147,97743000
QQQ,2020-02-26,208.62594604492188,212.2880822574722,207.10326781477556,208.84761206751284,79537700
QQQ,2020-02-27,198.17919921875,208.56809015437068,198.04427913017778,203.24835649531946,121822600
QQQ,2020-02-28,198.33343505859375,199.6537257951151,190.98025208735027,191.4332013351709,148173700
QQQ,2020-03-02,208.56813049316406,208.71269721221475,198.46835628115772,201.30169339435167,112933900
QQQ,2020-03-03,201.8798828125,211.6423624780626,200.08736461072698,209.23306461036697,131953500
QQQ,2020-03-04,210.30279541015625,210.4088051055295,203.7013133091228,205.58057742757472,73086200
QQQ,2020-03-05,203.91336059570312,208.51030571639828,202.47742826806606,204.97345769445946,78705500
QQQ,2020-03-06,200.4728240966797,201.56181653238417,195.54821957570692,197.24435966768536,89828400
QQQ,2020-03-09,186.54710388183594,193.8617279544367,185.1400675961795,186.4603579912484,116424000
QQQ,2020-03-10,196.70469665527344,196.8878056283214,186.6530992776499,193.813539493933,100599200
QQQ,2020-03-11,188.13726806640625,193.4666341981648,185.73760190502446,192.11743316677845,89168800
QQQ,2020-03-12,170.88668823242188,183.85833987007013,170.52047024655613,175.48361803042835,137820700
QQQ,2020-03-13,185.36172485351562,187.42408310246688,171.66728492205291,180.28293587497566,134882000
QQQ,2020-03-16,163.1576385498047,177.9796275795923,163.02271847064515,167.83166713190602,92054400
QQQ,2020-03-17,175.53179931640625,177.70016732884383,163.62023044654165,169.10379457304703,121257100
QQQ,2020-03-18,170.19277954101562,172.71771858952653,160.74833049659458,165.38381648634433,114156300
QQQ,2020-03-19,171.21437072753906,176.83285589172303,165.40314464849033,169.31584257048317,120896500
QQQ,2020-03-20,164.50692749023438,176.2353928805531,163.9287045719401,175.1463997670951,118983900
QQQ,2020-03-23,164.62567138671875,168.24732012181747,159.28493316108887,165.06991871243605,124639800
QQQ,2020-03-24,177.37387084960938,177.53805048949795,171.85930059358782,173.7522221377333,94881800
QQQ,2020-03-25,176.06039428710938,183.02360831419495,173.8197941915901,178.10782802254823,88754900
QQQ,2020-03-26,185.3318328857422,186.12377381961826,177.32558119634263,177.57667687130197,79887600
QQQ,2020-03-27,178.9577178955078,183.9893863558448,178.3396238407872,180.53191767157102,58845000
QQQ,2020-03-30,185.46701049804688,185.90162006711387,179.96210823394748,180.6574658606257,49356900
QQQ,2020-03-31,183.88314819335938,188.5671524982982,182.72422369893337,185.1579754527951,62659300
QQQ,2020-04-01,176.07003784179688,181.23692824668043,174.66967022089645,178.44584542778767,53715400
QQQ,2020-04-02,179.6434326171875,183.59345543515303,174.77594312185715,175.03670596126688,56465300
QQQ,2020-04-03,177.09378051757812,180.66715220952585,175.08497102009434,179.19917320434047,47487600
QQQ,2020-04-06,189.75503540039062,190.88498780671335,182.7145581805265,183.96039860702896,64763500
QQQ,2020-04-07,189.6778106689453,195.7235590600364,189.2915073648521,195.44347663852133,69904500
QQQ,2020-04-08,193.70509338378906,194.2845483290108,189.4556834361989,191.36790980752508,45940400
QQQ,2020-04-09,193.98516845703125,196.26439336276965,192.21780207051773,195.4241755550848,68252600
QQQ,2020-04-13,196.0808868408203,196.45753771334861,191.94737966765405,193.15459589197891,42853900
QQQ,2020-04-14,204.60867309570312,205.2267672405194,199.35486549650153,200.13713928672698,63959600
QQQ,2020-04-15,202.26182556152344,204.57968952602957,200.03089236387422,201.3443441894699,47036000
QQQ,2020-04-16,205.9510955810547,207.03275664286102,202.51294600329027,204.44449203453112,64657400
QQQ,2020-04-17,207.92124938964844,209.09949355322345,204.8211265103519,208.77113429098793,62863200
QQQ,2020-04-20,205.45849609375,208.49102187956507,205.29431649786613,206.0572704712702,38249100
QQQ,2020-04-21,197.877197265625,203.932597119078,196.66032878826886,203.3917666846975,72932800
QQQ,2020-04-22,203.74913024902344,205.08190169987205,201.1994901277433,201.94313946127022,40089100
QQQ,2020-04-23,203.3144989013672,207.10032660058147,202.90887608393606,204.54101977674566,43278500
QQQ,2020-04-24,206.5208740234375,206.96513604285127,202.32942316153495,203.74911050774793,34231900
QQQ,2020-04-27,208.1819610595703,209.21534492312048,207.15824435440373,208.79040257685767,36451700
QQQ,2020-04-28,204.26097106933594,209.88177649569798,203.98090340867836,209.88177649569798,46862800
QQQ,2020-04-29,211.50428771972656,212.44108871183653,207.77640333757992,208.79046793833598,48716400
QQQ,2020-04-30,211.41738891601562,212.5087024778297,209.91078526594984,212.4217864372169,43359500
QQQ,2020-05-01,205.45849609375,209.25397585296912,204.4347646202328,207.15825079512604,48795000
QQQ,2020-05-04,207.85365295410156,208.07577660367727,203.8939780125708,204.22235201134313,32841000
QQQ,2020-05-05,210.2101287841797,212.60524140247904,209.42785510852917,209.9976575714691,37783100
QQQ,2020-05-06,211.50428771972656,213.47445816235918,210.64475033626272,211.8905910264305,36455200
QQQ,2020-05-07,214.22775268554688,215.10659482861956,212.8756617777369,214.22775268554688,38624800
QQQ,2020-05-08,217.16371154785156,217.29891917476593,214.86516715378124,215.89855130961155,31852300
QQQ,2020-05-11,219.1049041748047,220.128621142671,215.60881081589696,215.84060162875423,35714100
QQQ,2020-05-12,214.5174560546875,220.2927881822134,214.48848404874036,219.70366616708196,41054100
QQQ,2020-05-13,211.83265686035156,216.92228495071166,209.29268376436497,215.03903045398326,65521200
QQQ,2020-05-14,214.23744201660156,214.2760664553529,208.59733082114263,210.50955737467632,51549300
QQQ,2020-05-15,215.62811279296875,215.68605680731994,210.8571924577266,211.29178730188508,55747200
QQQ,2020-05-18,219.645751953125,220.85296823410516,217.75284507700312,218.53511886923397,42398100
QQQ,2020-05-19,219.09527587890625,221.98294261892974,218.95041581524592,219.9065217084587,36237300
QQQ,2020-05-20,223.47021484375,223.8275461396017,221.62558486903285,221.64490445534355,37417000
QQQ,2020-05-21,221.03648376464844,224.1945659147794,220.52462520269341,223.51852769488858,43642900
QQQ,2020-05-22,221.7994384765625,222.0022425612029,219.71336518681352,220.6308466216069,28762400
QQQ,2020-05-26,221.20062255859375,225.57558743283715,220.9591793291986,225.37276863607414,33055300
QQQ,2020-05-27,222.40786743164062,222.5237702175574,216.27521745482932,220.862639405846,55665600
QQQ,2020-05-28,222.11810302734375,225.47898841837093,221.2102741907014,221.26821820384467,42784300
QQQ,2020-05-29,225.37281799316406,225.60460884929515,220.93025570475325,222.49481819471328,50691800
QQQ,2020-06-01,226.04881286621094,226.42546372482894,224.05932295984263,224.50358499805844,25776000
QQQ,2020-06-02,227.5651092529297,227.6230532782803,224.06900077932698,226.47378098706872,33383400
QQQ,2020-06-03,228.58877563476562,229.3420772703099,227.29464356719205,228.17348565097768,37228700
QQQ,2020-06-04,226.98561096191406,229.65113894829665,225.68181160948944,228.24111872044787,38716100
QQQ,2020-06-05,231.486083984375,232.07520597978606,227.5650487878622,228.13485120111392,47365600
QQQ,2020-06-08,233.28245544433594,233.4079959050743,229.76704254967692,231.341242413212,32937300
QQQ,2020-06-09,234.97256469726562,235.8224348833329,232.2394254453133,232.4229246660119,35046300
QQQ,2020-06-10,237.7926025390625,239.33784506016997,236.14112441042232,236.66265002431913,58084400
QQQ,2020-06-11,226.01022338867188,235.2526642272652,225.95227936092644,233.87161577757283,72919400
QQQ,2020-06-12,227.80650329589844,232.1717859431157,223.80820430878626,230.90662587455597,72034800
QQQ,2020-06-15,230.57830810546875,231.25434627093335,223.5474817115833,224.48428271820094,45307400
QQQ,2020-06-16,234.53793334960938,236.02521699640454,230.91628530367055,235.4360949914709,48890100
QQQ,2020-06-17,235.28160095214844,237.09725881066373,234.42206361761154,236.03490267290994,34749300
QQQ,2020-06-18,235.91903686523438,236.16048012506343,234.19030960893033,234.9629162511616,30578600
QQQ,2020-06-19,235.88035583496094,238.5458834788064,234.1516142568921,238.28512069452606,49422100
QQQ,2020-06-22,238.7091827392578,238.8349414983743,235.45854246267464,235.748766339213,24068700
QQQ,2020-06-23,240.74090576171875,242.97571894588268,239.7541147207603,240.30555503633644,32767400
QQQ,2020-06-24,235.77783203125,241.21490982146324,234.27827785162066,239.98624113416216,46032400
QQQ,2020-06-25,238.0222930908203,238.32220094805373,233.2914518368603,235.86487855078397,36940800
QQQ,2020-06-26,232.4014129638672,237.95459496475345,231.8789804094809,237.78044585924073,52824600
QQQ,2020-06-29,234.9361114501953,234.94579542090827,229.624807805762,232.1595280912708,34377800
QQQ,2020-06-30,239.5412139892578,240.08298495739132,234.68459893265793,234.86841724587862,38909200
QQQ,2020-07-01,242.33718872070312,243.33366364220402,239.03817206183112,239.57994311482335,34689200
QQQ,2020-07-02,243.9818572998047,245.9941603451866,243.5174842161486,244.78484467576146,31956500
QQQ,2020-07-06,249.98008728027344,250.50249041798168,247.11640637494548,247.13575956002336,34589000
QQQ,2020-07-07,248.25796508789062,252.38900604586954,247.95805718300818,249.72851174337242,36578200
QQQ,2020-07-08,251.52793884277344,251.55696123366448,248.15153943046374,249.583379604465,30426300
QQQ,2020-07-09,253.6466827392578,254.31422730876702,249.2447857889523,253.44352598637002,40312900
QQQ,2020-07-10,255.37844848632812,255.62999559482355,250.821755283997,253.5015881944202,32885300
QQQ,2020-07-13,250.1251678466797,261.00900804654657,249.30282734893964,258.2227402314917,64108100
QQQ,2020-07-14,251.8955535888672,252.30189655033743,244.53324090881605,247.60006296441728,72230500
QQQ,2020-07-15,252.40830993652344,254.14005789422913,249.10929390982363,253.30803352808638,54523900
QQQ,2020-07-16,250.68624877929688,251.32477087466805,247.30016554658172,249.62204528701156,47594100
QQQ,2020-07-17,250.9765625,251.83757994769533,248.79979418454272,251.14101290577662,35137900
QQQ,2020-07-20,258.0970153808594,258.7258536950734,250.36707819722358,251.61507085142458,40610100
QQQ,2020-07-21,255.407470703125,259.67393994983286,254.5657917167427,259.6642559766487,43243800
QQQ,2020-07-22,256.30712890625,257.2359043650542,254.00458772495364,255.90081547678648,29865500
QQQ,2020-07-23,249.6123809814453,256.60704231607104,248.19987934551648,255.90082102240822,51363500
QQQ,2020-07-24,247.24215698242188,248.56756217519336,243.1401678560097,245.77162505827138,54054500
QQQ,2020-07-27,251.6537628173828,252.04073794826013,248.10322834808824,248.88686258351555,36445700
QQQ,2020-07-28,248.45143127441406,251.39249463352243,248.16120738423655,250.87006210690072,31302400
QQQ,2020-07-29,251.31512451171875,252.1761714056983,249.51567703900358,249.98971931474543,27556900
QQQ,2020-07-30,252.63082885742188,253.1919382119114,248.19988070151143,249.35115132339854,41774500
QQQ,2020-07-31,257.13922119140625,257.2940171421187,252.36000323877897,257.2553107733634,53686300
QQQ,2020-08-03,260.6124267578125,261.3573547472421,259.1515636561925,259.27733723769813,32081600
QQQ,2020-08-04,261.57977294921875,261.67652408975704,259.3642987853949,260.1092264713641,24911300
QQQ,2020-08-05,262.22796630859375,262.6826701264064,261.17344671500797,262.0635159310068,21612100
QQQ,2020-08-06,265.7011413574219,266.03007163056697,261.395966366894,262.03448849393004,28048200
QQQ,2020-08-07,262.6343688964844,265.9333859359572,260.4866228585169,265.15940611074143,44969400
QQQ,2020-08-10,261.51202392578125,263.1276822270447,257.99051297274144,262.9244959903747,35088400
QQQ,2020-08-11,256.5586853027344,261.63781002628787,256.01691436083286,260.3510818960452,43104300
QQQ,2020-08-12,263.0116271972656,263.9597412930272,258.6677748421069,258.71616518255945,38773400
QQQ,2020-08-13,263.6114196777344,265.8849090180151,262.6729897431748,263.7855540100934,31895700
QQQ,2020-08-14,263.3017883300781,264.5014195831263,261.9086548316943,264.2305341542349,30799500
QQQ,2020-08-17,266.3590087890625,266.86207342141137,263.3405619463594,265.01423574638244,24803000
QQQ,2020-08-18,268.9228210449219,269.39686340752905,265.9624182236324,267.4232812095445,23529500
QQQ,2020-08-19,267.11358642578125,269.9385306133645,266.60083788681095,268.88401114734256,31999400
QQQ,2020-08-20,270.8189697265625,271.30269597386075,265.9139784931246,266.32032153155023,27723400
QQQ,2020-08-21,272.69580078125,273.15050458608215,270.3642369755621,271.0124430683541,34748900
QQQ,2020-08-24,274.3985290527344,276.6913865178221,272.1153260351239,275.96579721751306,36418500
QQQ,2020-08-25,276.555908203125,276.74941047837075,273.1795090274915,273.6245288313943,34866600
QQQ,2020-08-26,282.45733642578125,282.7088834458956,276.5268497079028,277.80389369945505,42216700
QQQ,2020-08-27,281.5770568847656,284.28594177799596,279.3132214283867,283.43457879796097,49482700
QQQ,2020-08-28,283.0088806152344,283.6377188397529,281.4609506995913,282.8153783041637,28021000
QQQ,2020-08-31,285.2823486328125,287.0914797713417,283.0958969128093,283.53126227230973,36321000
QQQ,2020-09-01,290.1583251953125,290.27441475478145,286.1627422192065,287.9331670497137,36216200
QQQ,2020-09-02,292.9058837890625,293.6217890823761,287.22694320186844,293.4089483837825,50836800
QQQ,2020-09-03,278.0555725097656,288.90070855985175,275.15321453022233,288.39764380548326,110083300
QQQ,2020-09-04,274.3501281738281,279.5260042219647,262.95354051596087,276.26569448177094,123959000
QQQ,2020-09-08,261.1637878417969,269.16460858102386,260.8832183782912,263.35989416653064,99568600
QQQ,2020-09-09,268.835693359375,270.9350486565504,264.1145206473575,266.6686093044054,64837900
QQQ,2020-09-10,263.47601318359375,273.01511029037704,261.75394889576535,271.7961106792902,69667500
QQQ,2020-09-11,261.6474609375,266.2621973316386,258.2129878914231,265.2270163853273,71809000
QQQ,2020-09-14,266.2042236328125,268.19717334742415,264.07581640152523,265.4302439467507,38525200
QQQ,2020-09-15,269.97723388671875,271.32200674248566,266.17515347001654,269.94821149896916,41849900
QQQ,2020-09-16,265.6720886230469,271.23493990693896,265.32381993172135,270.77058165183826,42321000
QQQ,2020-09-17,261.521728515625,265.46892114580163,258.0001877606345,258.841866588255,81570800
QQQ,2020-09-18,258.1840515136719,263.23415489256854,254.08206224129736,262.9439309437904,86251100
QQQ,2020-09-21,258.80316162109375,258.9385895838639,251.64399133019293,253.9271939996731,57168600
QQQ,2020-09-22,263.6114196777344,264.1918674522645,257.86475051547103,261.20244331622683,41128900
QQQ,2020-09-23,255.56216430664062,263.4759158331931,254.68177930440118,263.29209756215977,48837300
QQQ,2020-09-24,256.7521667480469,259.9544313329653,252.71787787565822,252.8823577488173,70631700
QQQ,2020-09-25,262.7214050292969,263.53406160645886,255.69769025797873,257.25530417410357,55242400
QQQ,2020-09-28,268.1778259277344,268.1778259277344,262.82781516039273,267.5779806195505,58438300
QQQ,2020-09-29,266.96856689453125,268.67126345851136,266.40742783165723,267.61674362747533,27050000
QQQ,2020-09-30,268.7969055175781,271.941125048411,266.8910235748399,267.1619089996013,49380800
QQQ,2020-10-01,273.06341552734375,273.67291520883066,270.7318519085342,272.6183957298698,50020200
QQQ,2020-10-02,265.3819580078125,273.05385112879475,264.5402788502487,267.03629392179363,75497400
QQQ,2020-10-05,271.04156494140625,271.36081135698095,267.2394827343518,267.3458883647718,28184600
QQQ,2020-10-06,266.2042236328125,272.0379608118565,265.3238383473394,270.3546029716696,49704200
QQQ,2020-10-07,270.8092956542969,271.60258420390795,268.2552070819735,268.84536841355174,27539700
QQQ,2020-10-08,272.2508239746094,273.27632130939753,271.1866202712513,273.20859254547736,25443300
QQQ,2020-10-09,276.41082763671875,276.4882403653257,273.50847032437207,273.89544539449054,30201100
QQQ,2020-10-12,284.9437561035156,287.7783845687081,280.0484492886036,281.0932848969225,79370700
QQQ,2020-10-13,284.93414306640625,287.381797083209,283.57003129073667,286.7433043173576,64240000
QQQ,2020-10-14,282.55413818359375,286.70451713772445,280.81273571891273,285.7370647630565,36949100
QQQ,2020-10-15,280.65789794921875,281.2480296381104,277.21377037087336,277.8522923858654,42514200
QQQ,2020-10-16,279.1197204589844,283.7247741213676,278.7714222185283,282.30261781514326,40570700
QQQ,2020-10-19,274.5629577636719,281.9930140510619,273.5858509928782,281.03521617369915,36756800
QQQ,2020-10-20,275.1531677246094,278.25868196764213,273.74069534831114,275.2982796940395,32195400
QQQ,2020-10-21,274.94036865234375,277.9685001452577,274.4566423314134,275.4047565491891,29306100
QQQ,2020-10-22,274.93060302734375,276.6720349800974,271.6799772877547,275.77228185190506,32196200
QQQ,2020-10-23,275.4723815917969,275.63686148730443,272.60873081007645,275.5014039822625,24658500
QQQ,2020-10-26,271.3414001464844,276.0141826669079,267.75215968735864,273.18923793913956,38421100
QQQ,2020-10-27,273.4601745605469,274.28251523285076,271.0802492651122,272.3379259232388,30559100
QQQ,2020-10-28,262.7987976074219,269.5709647553025,262.5472505227228,268.9614649881043,53413500
QQQ,2020-10-29,267.3941955566406,270.3932745179459,263.6501297925138,264.1145175950573,43246300
QQQ,2020-10-30,260.6124267578125,266.28168570633875,258.3776132652089,265.4109841354035,65838300
QQQ,2020-11-02,261.1928405761719,264.61760122108484,258.28079905882623,263.0019720549705,39987400
QQQ,2020-11-03,265.7108154296875,267.8102002838302,262.0248238747027,263.10836591904484,43604100
QQQ,2020-11-04,277.5718078613281,279.3712553885632,272.69583886201065,274.35985838820505,75728200
QQQ,2020-11-05,284.8083190917969,285.7757714676253,282.4960937419013,283.97629469594665,52054200
QQQ,2020-11-06,285.0211181640625,285.7467074151123,280.3966971850102,284.1504169676631,40959800
QQQ,2020-11-09,279.19708251953125,289.40372297904185,278.7423787139035,287.9621988371177,86537100
QQQ,2020-11-10,274.1954040527344,277.32994074510486,271.4865193034532,275.88844594941975,69024900
QQQ,2020-11-11,280.3290710449219,280.80311336475245,274.156718816236,276.7204622668145,36102900
QQQ,2020-11-12,279.0132751464844,282.5638385583244,277.900710755891,281.29647823588164,34414600
QQQ,2020-11-13,281.4609069824219,282.080090662229,278.5005051335633,280.72566326802945,24806900
QQQ,2020-11-16,283.6570739746094,283.95698187620894,280.5515303107335,281.16103008634104,30168400
QQQ,2020-11-17,282.7572937011719,284.17944986679856,282.1187715937167,283.85051960374045,21843500
QQQ,2020-11-18,280.66766357421875,283.8215685424959,280.5805963819076,282.20593921131507,28069600
QQQ,2020-11-19,282.86376953125,283.1733614202111,279.44866335272445,280.11620794641226,22718400
QQQ,2020-11-20,280.9288635253906,283.53131312948705,280.8417963427337,282.7863558040206,25907300
QQQ,2020-11-23,280.93853759765625,283.22171126057486,278.6940407761283,281.92532849063366,26875600
QQQ,2020-11-24,284.8857421875,285.3791524160484,280.2032755756589,282.0027230750346,24516800
QQQ,2020-11-25,286.63677978515625,287.27530187619476,285.00178295908097,285.9498968865568,23326800
QQQ,2020-11-27,289.2779846191406,290.4002330742638,288.20409697982063,288.6007560520518,17163100
QQQ,2020-11-30,289.8681335449219,290.20674784840224,285.1856666612284,289.5972480069994,27836200
QQQ,2020-12-01,293.5830383300781,295.20838047553343,291.038634302988,292.1415439901077,27521300
QQQ,2020-12-02,293.9604187011719,294.2990329472495,290.5743352890044,292.41248895074875,23620000
QQQ,2020-12-03,294.3763732910156,295.924302816078,293.6507840940458,294.2699677137907,22828700
QQQ,2020-12-04,295.5760498046875,295.72119128569506,293.74758010162014,294.42477907433585,19332100
QQQ,2020-12-07,297.249755859375,297.6173925026342,295.57605254507047,295.75987086670006,20851000
QQQ,2020-12-08,298.25592041015625,298.5558283040243,295.02463280980265,296.775719360828,18341500
QQQ,2020-12-09,291.5032043457031,298.3237348587965,290.4390003479175,298.04319480089777,48839300
QQQ,2020-12-10,292.67364501953125,293.7958931761984,288.38783862353756,289.47138042327146,27519500
QQQ,2020-12-11,292.0255126953125,292.15128623113674,288.75551886109844,291.01935393302256,26760400
QQQ,2020-12-14,294.14422607421875,296.0887852563194,293.1477513166906,293.21545054394346,28804800
QQQ,2020-12-15,297.2884826660156,297.2884826660156,294.211961322308,296.39841338827165,25709000
QQQ,2020-12-16,298.92352294921875,299.7071572141739,296.640319399683,297.6851847691639,25461900
QQQ,2020-12-17,300.8776550292969,301.1098341255949,299.3200710511308,300.5197024144041,23730500
QQQ,2020-12-18,299.96820068359375,301.8257217367473,297.59793119000284,301.5161299738391,41173400
QQQ,2020-12-21,299.4071960449219,299.9402476304263,294.25101189806537,297.02292746721054,37095500
QQQ,2020-12-22,300.22125244140625,301.14198037145707,297.40085950331013,300.3084774298646,26176300
QQQ,2020-12-23,298.7093811035156,300.6283905681229,298.5543045526072,300.26978898444685,21201300
QQQ,2020-12-24,300.0273742675781,300.47320069715903,298.893419934846,298.9709433921492,16785000
QQQ,2020-12-28,303.0513610839844,303.52629219348063,300.8027957974349,302.6346095530133,22497700
QQQ,2020-12-29,303.3227233886719,304.9994605378058,302.4213688422395,304.3791544556446,25871900
QQQ,2020-12-30,303.3324279785156,304.8056105717975,302.7121218900881,304.4857855797049,18138100
QQQ,2020-12-31,304.0787048339844,304.5633078720077,302.1596957332181,303.2355002802753,21611400
QQQ,2021-01-04,299.78509521484375,305.5809575441323,295.7822698396401,305.4064779909717,45305900
QQQ,2021-01-05,302.256591796875,302.52799789208564,298.7965485946262,298.7965485946262,29323400
QQQ,2021-01-06,298.0697326660156,302.2760847251416,296.5577731084618,297.54635294906825,52809600
QQQ,2021-01-07,305.28057861328125,306.1140817454382,300.6962226529403,300.7252976557406,30394800
QQQ,2021-01-08,309.2057189941406,309.5546484556109,305.377344329739,307.5677588587416,33955800
QQQ,2021-01-11,304.7377624511719,307.4224524136151,304.0883814192391,306.2497214395726,32746400
QQQ,2021-01-12,304.2531433105469,305.8619991509885,301.61690195667103,304.7764932248899,29266800
QQQ,2021-01-13,306.3078918457031,307.10261833669665,303.9139516915649,304.5148547170226,22898400
QQQ,2021-01-14,304.669921875,307.7519899560622,304.19499080671324,306.75370892686954,23500100
QQQ,2021-01-15,302.256591796875,305.4162130604736,301.0160092062669,304.45670851288935,35118700
QQQ,2021-01-19,306.66650390625,307.1704804273675,303.4778075735945,304.5730151928174,24537000
QQQ,2021-01-20,313.7998352050781,314.7399662658125,306.76341932672693,310.28164205481335,30728100
QQQ,2021-01-21,316.3099670410156,317.05627438101703,313.7609808229599,315.1372363924853,25130600
QQQ,2021-01-22,315.3990173339844,316.4069702389645,314.7108598045734,315.2730158264072,21609400
QQQ,2021-01-25,318.00616455078125,320.14813109393396,311.5125021365133,318.78154709281154,39080600
QQQ,2021-01-26,318.471435546875,319.60541972196387,317.14362789440383,318.72343860307774,25498100
QQQ,2021-01-27,309.5934753417969,316.2228410436021,307.58721175922113,316.2131690962116,55264000
QQQ,2021-01-28,311.4252624511719,316.36821870377565,310.17497849589614,310.79528450025003,42836300
QQQ,2021-01-29,304.87347412109375,310.8437873574935,303.12891493977025,309.7388781855848,55259000
QQQ,2021-02-01,312.4913635253906,313.57686934617044,306.2884224161085,308.3140590955664,35646000
QQQ,2021-02-02,317.5894775390625,318.7428352724727,315.29246359905534,315.45724166575354,33930800
QQQ,2021-02-03,316.3294372558594,320.03181101989327,316.2712872660844,319.66350803277334,24824500
QQQ,2021-02-04,320.0705871582031,320.1578121508223,316.40698957909655,317.7251251491448,22350900
QQQ,2021-02-05,321.15606689453125,322.16404935647347,319.3824330340786,321.02039344305297,22732000
QQQ,2021-02-08,323.3077392578125,323.46281577424594,321.2045787051673,322.84253928633325,20462800
QQQ,2021-02-09,323.23992919921875,324.49988527206455,322.36762006497844,322.3773215906814,17597500
QQQ,2021-02-10,322.5033264160156,325.1298666378689,319.3534066238231,324.6743385925005,28068700
QQQ,2021-02-11,324.2768859863281,324.6839654647318,321.89264783515165,324.0345845195634,22046100
QQQ,2021-02-12,326.0893859863281,326.2541344505574,322.38701179217514,323.4337413075448,20346800
QQQ,2021-02-16,325.2073669433594,327.77575674947775,324.04430799298007,326.8840742771446,27080800
QQQ,2021-02-17,323.6470031738281,325.3237404644689,320.002808155959,322.2319704739825,31360300
QQQ,2021-02-18,322.23199462890625,323.5888774275831,318.248541665911,320.0609821510232,32236200
QQQ,2021-02-19,320.8266296386719,323.7051732713392,319.8089749472327,323.57917173133075,39157700
QQQ,2021-02-22,312.5108337402344,317.70576451299615,312.3073087302855,316.4458083476422,47256900
QQQ,2021-02-23,311.58038330078125,313.24741895248553,301.4230928673944,307.23832938573645,97241900
QQQ,2021-02-24,314.14874267578125,314.4588956916574,306.23031671304153,308.92470818559923,58206300
QQQ,2021-02-25,303.1966857910156,314.05180431465607,301.65565187239883,311.49311597474355,110182600
QQQ,2021-02-26,304.46636962890625,309.2832947787823,301.3067487846613,306.12370351235546,104739800
QQQ,2021-03-01,313.6253967285156,313.9646247773267,308.149388207386,309.43841929948087,49164500
QQQ,2021-03-02,308.5951843261719,314.34256880454757,308.3432108792186,314.26504533882803,48370000
QQQ,2021-03-03,299.63970947265625,308.4400863205711,299.58155948296434,307.49995538346167,86301100
QQQ,2021-03-04,294.73553466796875,302.43103226041615,290.8683828229836,299.27141140540306,139131600
QQQ,2021-03-05,299.1745300292969,300.075884598136,288.29036452231725,297.35241783993,121523700
QQQ,2021-03-08,290.70367431640625,300.51203512418215,290.28692280023205,298.6317729607191,88409800
QQQ,2021-03-09,302.1693420410156,304.06900708490633,297.4687166333101,298.0017680987758,80391100
QQQ,2021-03-10,301.3067626953125,306.724620626328,300.6186347246778,306.4241691358613,76798100
QQQ,2021-03-11,308.246337890625,310.0102706368839,305.15456784909975,306.04622095989873,53484800
QQQ,2021-03-12,305.7457275390625,308.43044718599134,301.80108145550156,304.19499196739815,69315600
QQQ,2021-03-15,309.011962890625,309.1767409392232,304.4276370409877,306.06559768993225,42955700
QQQ,2021-03-16,310.70806884765625,314.2166196657638,309.2736627941333,311.2023734081659,54925900
QQQ,2021-03-17,311.98736572265625,313.87732901291446,305.9589039878514,307.6744173190195,78258700
QQQ,2021-03-18,302.43096923828125,308.0911272451094,301.97544135458696,307.1122199768316,82718100
QQQ,2021-03-19,303.4971618652344,305.0381957585479,300.1243145502843,302.26625139318713,78446200
QQQ,2021-03-22,309.1887512207031,311.25577228121415,305.88929446999254,305.88929446999254,56194800
QQQ,2021-03-23,307.83984375,311.5954035747394,307.0246860032887,310.2756328272574,53455400
QQQ,2021-03-24,302.64801025390625,309.2469522605069,302.50245167170226,309.208126766861,64803700
QQQ,2021-03-25,302.1239929199219,303.6378911365038,298.3005255349611,300.8042221864616,78729000
QQQ,2021-03-26,306.65594482421875,306.9761737612359,300.513134656362,301.91052690579824,63519600
QQQ,2021-03-29,306.56854248046875,307.6165938416788,303.23026093709876,306.1221529761731,54608000
QQQ,2021-03-30,305.0256652832031,305.5982156181683,302.327870178271,304.60838735325643,44635700
QQQ,2021-03-31,309.6933898925781,311.2557682762274,306.4715545684974,306.81121105651914,55032500
QQQ,2021-04-01,314.9725036621094,315.10834847578525,313.26453721468926,313.51685851674256,55685600
QQQ,2021-04-05,321.2608642578125,322.02751230877504,317.2141874323933,317.4567949509735,42172500
QQQ,2021-04-06,321.0376281738281,322.9881721439187,320.261266480982,320.9502930362274,33537200
QQQ,2021-04-07,321.8140869140625,322.64867236045967,319.6306187691433,320.56222355205784,32046400
QQQ,2021-04-08,325.1717529296875,325.356137045149,323.8713799573456,324.6671398645816,29940800
QQQ,2021-04-09,327.14166259765625,327.34547423273773,323.07558790108754,323.81309460675953,36664900
QQQ,2021-04-12,326.7146911621094,327.1319689672799,324.8320545350911,326.10331550491,25833000
QQQ,2021-04-13,330.5285339355469,330.99432148049897,328.0248074207108,328.23830325054035,30374000
QQQ,2021-04-14,326.5594177246094,330.897241128073,325.7442600560948,330.77108048618845,42564300
QQQ,2021-04-15,331.5086669921875,331.8968627884366,326.2780632892795,329.431961635125,36342800
QQQ,2021-04-16,331.89678955078125,332.1102853455349,330.02383705423443,332.0326343573473,40860100
QQQ,2021-04-19,328.85931396484375,331.47945712265044,326.9378519569808,330.3246727008228,34533100
QQQ,2021-04-20,326.46240234375,329.4804258212704,324.49243037196,328.19948056208375,38081800
QQQ,2021-04-21,329.25726318359375,329.4416472865148,324.0945675321625,325.1814445924262,36598100
QQQ,2021-04-22,325.2882080078125,329.84921208226183,324.13339372501684,328.86909773930853,45936100
QQQ,2021-04-23,329.3833923339844,330.6934492560074,325.91894982444245,325.91894982444245,36381900
QQQ,2021-04-26,331.528076171875,331.80950922399916,328.8787910467704,329.62604125946075,30812000
QQQ,2021-04-27,330.0918273925781,332.03268779719735,329.1408247480296,331.81919196808207,33187200
QQQ,2021-04-28,328.97589111328125,330.77119319726074,328.32568974323175,329.76193733345224,33615700
QQQ,2021-04-29,330.15966796875,332.66336412713804,326.937833532547,332.2460863699352,37708900
QQQ,2021-04-30,327.99560546875,330.1985003830696,327.0833989572573,327.71420210948105,38263400
QQQ,2021-05-03,326.2489013671875,329.9462377206667,325.80251180840315,329.1990171967041,29729700
QQQ,2021-05-04,320.37786865234375,324.01698222276525,316.56405512300364,323.69672364406625,65147000
QQQ,2021-05-05,319.30059814453125,323.28908104964285,318.52426595065555,322.4253840899194,46219300
QQQ,2021-05-06,321.7073059082031,321.8625782847719,316.79693175802845,319.0386230172309,46814300
QQQ,2021-05-07,324.3177490234375,326.69528498289117,321.8819600124243,324.48270555479803,53324500
QQQ,2021-05-10,316.1273193359375,323.1143982975088,315.92350769169906,322.9397279868842,60700500
QQQ,2021-05-11,315.690673828125,316.4864337699325,309.58665903966653,310.2465741413895,71963600
QQQ,2021-05-12,307.5196228027344,313.08016857875674,306.65592575857204,310.76085593256374,91164900
QQQ,2021-05-13,309.8971862792969,312.8667004156544,307.52933414746957,310.4600523975338,69877800
QQQ,2021-05-14,316.7387390136719,317.6509161897484,312.5561574496169,313.0608001261645,44370000
QQQ,2021-05-17,314.8172607421875,316.7192956178089,311.9447956788766,315.03075656808636,39395000
QQQ,2021-05-18,312.6920166015625,316.99101523005356,312.42029733332146,315.76829333055844,36528500
QQQ,2021-05-19,313.0509948730469,313.35182578915607,306.94698217860093,307.296352361446,66319100
QQQ,2021-05-20,319.1065673828125,319.9605507447365,314.3126691741592,314.53584917885684,46466100
QQQ,2021-05-21,317.3403625488281,321.0764948131622,316.98130814338737,320.65921696982167,50330400
QQQ,2021-05-24,322.67767333984375,323.80337563981055,317.2335459004026,319.63050907033795,32475800
QQQ,2021-05-25,323.1241455078125,324.90973352546797,321.9499332557762,324.19162465292703,31280300
QQQ,2021-05-26,324.24981689453125,324.7156043929025,323.10471647413306,323.79371355892494,25444900
QQQ,2021-05-27,323.03680419921875,324.6477218575371,322.83302215294816,323.80345233638,27931700
QQQ,2021-05-28,324.0556945800781,325.6472140532538,323.7354656991059,324.24007865599907,29927400
QQQ,2021-06-01,322.9785461425781,325.8607246630837,321.62963411689003,325.3851937858449,31145400
QQQ,2021-06-02,323.6093444824219,324.45361397756494,321.891693772137,323.39584866403806,22047900
QQQ,2021-06-03,320.241943359375,322.0469291884791,318.5728023487736,320.7756680855697,37057800
QQQ,2021-06-04,325.6763000488281,326.12268953756285,321.96925049911135,322.03718770385876,38736500
QQQ,2021-06-07,326.6468200683594,326.7050435127181,324.4536382802467,325.1426354486117,32611900
QQQ,2021-06-08,326.8020935058594,329.2572808014558,325.1232385476544,328.393583682066,27282800
QQQ,2021-06-09,326.8797302246094,328.94675144845604,326.6953461031745,328.1704190746536,21485300
QQQ,2021-06-10,330.2859191894531,330.3926522944531,326.7729666602912,327.21935625287307,33702100
QQQ,2021-06-11,331.14947509765625,331.1591888730853,329.6453206645933,330.29549208462606,21222800
QQQ,2021-06-14,334.3228759765625,334.3325601390325,330.392616387702,331.5765422686303,27827700
QQQ,2021-06-15,332.1394348144531,334.28407716789974,331.4212963603784,333.9735324102014,35963800
QQQ,2021-06-16,330.9264221191406,333.6727266386142,327.4716928704948,332.60524746286853,55399500
QQQ,2021-06-17,335.1282958984375,336.13755140048033,329.86858183189156,329.917091486293,59722700
QQQ,2021-06-18,332.4985046386719,334.61403537004617,331.7512544298912,333.46893484005597,55414900
QQQ,2021-06-21,334.56494140625,334.8855714243223,330.47469978583916,332.68984582617543,32992600
QQQ,2021-06-22,337.6836853027344,338.13059270695595,334.05977118603664,334.3609511377439,28941600
QQQ,2021-06-23,337.84881591796875,338.9952743346827,337.0132921332687,337.62537705205324,27188500
QQQ,2021-06-24,339.93768310546875,341.46300322274897,339.2381617228856,339.78223061494685,32581600
QQQ,2021-06-25,339.5198669433594,340.74403668648523,338.9175071172272,340.50114774694623,28682800
QQQ,2021-06-28,343.64898681640625,343.7850188574494,340.74404452058076,340.802335495448,39130300
QQQ,2021-06-29,344.8926086425781,344.92175413268325,342.6386215588739,343.47414537490874,29426000
QQQ,2021-06-30,344.3484802246094,345.12574257565615,343.765540873706,344.73709657536926,32724000
QQQ,2021-07-01,344.4845275878906,344.98972590141256,342.64827299824105,343.99874971543665,29290000
QQQ,2021-07-02,348.4388122558594,348.75941264790805,346.14592497959035,346.3790889010803,32727200
QQQ,2021-07-06,349.9446716308594,350.2264311031794,346.3499034583853,349.04113188977976,38842400
QQQ,2021-07-07,350.68310546875,352.44161923318353,348.73026866921117,352.1404392834429,35265200
QQQ,2021-07-08,348.5650634765625,349.42003732395847,344.3388194688007,345.62125059036464,50890000
QQQ,2021-07-09,350.74139404296875,351.2174469313186,347.39923947890736,347.9821789306915,35184500
QQQ,2021-07-12,352.1112365722656,352.56786894597764,350.56643688814484,352.1403820578418,25717700
QQQ,2021-07-13,352.1112365722656,355.07446965411276,351.25626279599396,351.73231561024755,39723000
QQQ,2021-07-14,352.74273681640625,355.0938850180123,351.9169085375173,354.452654694976,35336400
QQQ,2021-07-15,350.2652893066406,352.85935636038874,348.26388671366414,352.6553379425304,53391600
QQQ,2021-07-16,347.42840576171875,352.10158740315376,347.07863020990226,351.12030642808213,47262000
QQQ,2021-07-19,344.5816955566406,345.07716883415947,342.02649915567275,343.97930607789306,64404600
QQQ,2021-07-20,348.5845642089844,350.0321730725412,343.73647990399576,345.5144438789271,42183700
QQQ,2021-07-21,351.27569580078125,351.27569580078125,347.9335416373757,348.1570101344711,30259900
QQQ,2021-07-22,353.5977478027344,353.6074431991234,351.4797336099196,351.4797336099196,30252200
QQQ,2021-07-23,357.7268981933594,358.00862805980915,353.5686400813842,354.91908737955197,31960800
QQQ,2021-07-26,358.00860595703125,358.3972520169587,356.17238081685986,357.0370501062758,28438100
QQQ,2021-07-27,354.06402587890625,357.7462301719111,349.91549383976536,357.7462301719111,57933100
QQQ,2021-07-28,355.4242248535156,356.9981700647173,352.90789903399076,355.2007860080486,42066200
QQQ,2021-07-29,356.0558166503906,357.2216659398344,354.86079222041604,354.86079222041604,25672500
QQQ,2021-07-30,354.2000427246094,354.7829820318225,352.10147900835705,352.13062449124146,36484600
QQQ,2021-08-02,354.229248046875,356.4443940688661,353.520001644176,355.86145466317794,27334100
QQQ,2021-08-03,356.3763122558594,356.4928941855685,351.7031321263633,354.88983335301896,35558500
QQQ,2021-08-04,356.891357421875,357.8434929221903,355.23000505712656,356.33756341711404,29602200
QQQ,2021-08-05,359.1550598144531,359.38822372781095,356.99820466729994,357.70742145360697,21443900
QQQ,2021-08-06,357.5811767578125,358.86363780380657,356.4736183268441,357.892081796151,33332100
QQQ,2021-08-09,358.2417907714844,358.76640957041377,356.9399095212192,358.03774270014765,25960200
QQQ,2021-08-10,356.4055480957031,359.0481812206712,355.2202487606175,358.75672632250746,35130800
QQQ,2021-08-11,355.7934875488281,358.16408638149835,354.46246067342184,357.6686130206565,34249800
QQQ,2021-08-12,357.0758361816406,357.43530701746806,353.9377008521444,355.28817739703624,25969200
QQQ,2021-08-13,358.3291931152344,358.659518507022,356.930150485588,357.42565339803343,19336200
QQQ,2021-08-16,358.48468017578125,358.5235210612484,353.35486658868456,357.21194441275657,34856900
QQQ,2021-08-17,355.3271179199219,356.7067105697037,352.89822838907884,355.7351547573665,44793900
QQQ,2021-08-18,351.90728759765625,356.19185308077357,351.5769621182856,354.7928100801828,38541900
QQQ,2021-08-19,353.607421875,355.27849894817814,349.72119888151866,349.97381286394403,48499400
QQQ,2021-08-20,357.27020263671875,357.66854404771954,354.36523081493834,354.67613576735766,39486000
QQQ,2021-08-23,362.6137390136719,363.3035352482064,358.3000293999851,358.3097247951578,34034700
QQQ,2021-08-24,363.72137451171875,364.32373442077983,362.7400935730356,363.2064510749859,21732900
QQQ,2021-08-25,364.1390686035156,364.712312564559,363.2258038632623,363.97392073638974,20441900
QQQ,2021-08-26,361.8268127441406,363.96421764744815,361.3896007880284,363.2841463984758,29133300
QQQ,2021-08-27,365.3439025878906,365.849101000934,361.9726023029504,362.4583802711001,27104700
QQQ,2021-08-30,369.4438781738281,369.92965615295554,366.1114187033676,366.130868798235,27295700
QQQ,2021-08-31,369.14263916015625,369.75469441035887,367.5978393420069,369.6867080378009,29628200
QQQ,2021-09-01,369.7547607421875,371.8241797174664,369.5507422888536,370.20169783934716,28138300
QQQ,2021-09-02,369.5799255371094,371.4356012010004,368.36548044159474,371.105275692965,25453400
QQQ,2021-09-03,370.7165222167969,371.1148636188877,368.4139399104051,368.4333603509238,24605400
QQQ,2021-09-07,371.2412109375,371.8921664366808,369.6672951224914,370.82344901614005,23970200
QQQ,2021-09-08,369.9490051269531,371.0662883331886,367.6852932273467,371.0662883331886,32949200
QQQ,2021-09-09,368.6762390136719,371.2800011479982,368.4333500910774,370.17244307872124,29399000
QQQ,2021-09-10,365.8782653808594,371.1052413319089,365.5479399034092,370.3862993897842,40249400
QQQ,2021-09-13,365.6256103515625,368.63743950186546,363.57564168171336,368.2099525437821,48741800
QQQ,2021-09-14,364.5860900878906,367.84077875436924,363.6339545966303,367.112111802256,41826600
QQQ,2021-09-15,367.2967224121094,367.64649797889,362.7498475907075,365.0427350965011,34097900
QQQ,2021-09-16,367.54925537109375,368.12246970870797,364.04195332665904,365.96561474622183,35193100
QQQ,2021-09-17,363.19671630859375,367.1218103087527,362.1571740657108,367.07324437526984,60912300
QQQ,2021-09-20,355.6918640136719,359.1446989416401,351.0523860759697,357.4036777365787,76203200
QQQ,2021-09-21,356.1295471191406,358.71675431650056,355.0012893402798,357.52040510766665,41927500
QQQ,2021-09-22,359.4559631347656,360.9149125462884,355.9447427828518,357.0438227553833,46972900
QQQ,2021-09-23,362.77264404296875,363.8036325830604,359.97145643124753,360.61339773246715,44652000
QQQ,2021-09-24,363.11297607421875,363.5312307206117,360.1367221962953,360.5063273951375,36056800
QQQ,2021-09-27,360.2146301269531,361.0899938725879,357.66633646820173,360.0687411164145,43338100
QQQ,2021-09-28,350.0213623046875,360.1659153231075,349.51560393244637,355.66265037536607,97701600
QQQ,2021-09-29,349.4475402832031,353.4256052044323,348.82507067423813,351.2858306757652,58076600
QQQ,2021-09-30,348.1636657714844,352.7544942625844,347.3272157221571,351.09130030893095,61384600
QQQ,2021-10-01,350.3229675292969,351.36369202460725,344.68170766871515,348.7862203586933,56375500
QQQ,2021-10-04,342.9698486328125,349.0390691415434,340.73280457366985,348.70837747868603,76766000
QQQ,2021-10-05,347.599609375,349.8463893796275,343.8063463595513,344.0300329676691,47232900
QQQ,2021-10-06,349.8269348144531,350.0992708754434,343.4853484647592,344.3898900585049,56806500
QQQ,2021-10-07,353.03662109375,355.68218419014494,352.3363241069865,352.87126041417304,39411200
QQQ,2021-10-08,351.27618408203125,354.3497083285022,350.741218052169,354.11625619373734,41822300
QQQ,2021-10-11,348.5819091796875,353.2602709185573,348.4943461007118,349.73931498934746,34847200
QQQ,2021-10-12,347.3661193847656,350.4687909496344,346.72417812508246,350.031123965123,43905100
QQQ,2021-10-13,350.14788818359375,350.8190073438713,347.64821419139497,349.67130750082435,40120800
QQQ,2021-10-14,356.596435546875,356.81041599057534,353.0755088952258,353.736892200335,43433900
QQQ,2021-10-15,358.8431701660156,358.95988136016933,356.78119324956873,357.8121817077922,40419900
QQQ,2021-10-18,362.4516296386719,362.6656100553427,356.94652408468585,357.5495517091947,34513500
QQQ,2021-10-19,365.1944885253906,365.24310829907796,362.50030598675886,363.52155869340515,29091000
QQQ,2021-10-20,364.7178955078125,366.26437825684025,363.23947450315666,365.65161478068956,31390300
QQQ,2021-10-21,366.94525146484375,367.13978994323423,363.6188631341587,363.9203769979809,25469300
QQQ,2021-10-22,363.86199951171875,366.65345138258493,362.198805446385,365.6905542419816,36275800
QQQ,2021-10-25,367.58721923828125,368.50149672408577,363.33681735342776,365.28208354749574,32597800
QQQ,2021-10-26,368.7445983886719,372.23634710908186,367.5677208330088,369.82423639548495,47191300
QQQ,2021-10-27,369.6005554199219,372.66434356126393,368.92943624733016,369.19203648262067,45760500
QQQ,2021-10-28,373.70501708984375,373.95791114428573,370.72876276602915,371.49715107440244,38007000
QQQ,2021-10-29,375.5433044433594,375.70866510968085,370.2813861591244,370.6315197832364,37310100
QQQ,2021-11-01,376.8271789550781,376.95362598852097,373.8995739420506,375.98099303268674,30765300
QQQ,2021-11-02,378.4028015136719,378.8794117981003,376.16575781333955,376.2143775832775,25135300
QQQ,2021-11-03,382.4197998046875,382.8380248315274,377.8484429446031,378.88913759797674,33748900
QQQ,2021-11-04,387.3218994140625,388.2750904027313,383.1395895493531,383.6842616336203,40265300
QQQ,2021-11-05,387.6915283203125,390.01610580693085,386.29093439470984,389.09212224591516,43383800
QQQ,2021-11-08,387.16632080078125,388.68362602844365,386.5243794071693,387.6623731691191,29256300
QQQ,2021-11-09,384.5013122558594,388.6350028022809,383.13963189469575,388.23621968179623,50490700
QQQ,2021-11-10,378.8503112792969,384.54019091305076,376.9244871420476,381.7292968150349,54937400
QQQ,2021-11-11,379.9007263183594,382.0016171956971,379.56029882613444,381.82655037652,32243000
QQQ,2021-11-12,383.8982849121094,384.4332212280793,379.453344654841,381.0484474560787,34730600
QQQ,2021-11-15,383.8106384277344,385.39603473785365,381.36935013449727,385.07507895448435,33716900
QQQ,2021-11-16,386.5438232421875,387.0398458924159,382.88671363238944,383.0812224246189,27872900
QQQ,2021-11-17,386.748046875,388.7808461902663,385.78514974734816,386.8647580804848,28703300
QQQ,2021-11-18,390.7553405761719,391.26109909299385,386.5730301977901,388.790632436788,45721500
QQQ,2021-11-19,392.9340515136719,394.20819854853437,391.56263522862895,392.38937933155086,45191700
QQQ,2021-11-22,388.372314453125,397.5247938245009,388.26533907910016,394.4707418797755,61715400
QQQ,2021-11-23,386.6021423339844,389.2768828543448,382.16693860936056,387.2148761381592,70098700
QQQ,2021-11-24,387.84710693359375,388.1291491048879,381.79732907349427,384.121906283019,46954400
QQQ,2021-11-26,380.4940490722656,386.66053885353557,379.1031612958598,385.26965107712977,51533300
QQQ,2021-11-29,388.7516174316406,389.76316388391996,384.326149936816,385.0556245578793,54447100
QQQ,2021-11-30,383.0423278808594,390.21062820500714,381.02897048546834,387.8665791578093,81332700
QQQ,2021-12-01,376.52569580078125,389.52008858463853,376.0588509406697,387.380284034445,77766500
QQQ,2021-12-02,379.2394104003906,381.0193160765427,373.8218364122323,375.2418725575302,84416600
QQQ,2021-12-03,372.6449279785156,381.60287060561444,368.5306792398121,380.6010596901618,105349100
QQQ,2021-12-06,375.630859375,376.9925395765384,368.9196682345571,373.1311855550033,67588800
QQQ,2021-12-07,386.942626953125,387.55539057722774,382.2350861426318,382.27399977909755,56005300
QQQ,2021-12-08,388.673828125,388.8781024101654,385.37661795077236,387.273264023644,39204000
QQQ,2021-12-09,382.9548034667969,389.24774019188266,382.7602649929764,387.4483631974559,49973700
QQQ,2021-12-10,387.11761474609375,387.38021493306354,382.59484819370726,385.76564082091,52545800
QQQ,2021-12-13,381.5250244140625,387.4288840777842,381.15541913036526,387.1079282528068,50166400
QQQ,2021-12-14,377.5762023925781,379.4144636194519,373.1312617534095,376.7008088077343,75199200
QQQ,2021-12-15,386.1839294433594,386.5438285946548,373.3743691680471,377.3232568620715,73858000
QQQ,2021-12-16,376.2533264160156,387.5747881895297,374.66792996001715,387.14682731739265,82591400
QQQ,2021-12-17,374.376220703125,378.5390893019202,371.3221384349322,372.83944373938226,80492500
QQQ,2021-12-20,370.7445373535156,371.533373856162,367.60865814683467,369.6538019286373,65336800
QQQ,2021-12-21,379.0419616699219,379.353608869592,370.26736624903543,374.0167620264136,48899500
QQQ,2021-12-22,383.6581726074219,383.8626780914225,378.0876049017559,378.7498329492057,37042200
QQQ,2021-12-23,386.550537109375,388.02106837414027,383.84316538472837,384.0087075166377,29595500
QQQ,2021-12-27,392.93914794921875,392.93914794921875,387.8165552575593,387.8457703226318,32820700
QQQ,2021-12-28,391.1180114746094,394.010422056736,390.2415297237283,393.8351316506224,33113700
QQQ,2021-12-29,391.0596008300781,392.52041372779274,388.68334280550386,391.25438777123253,32248500
QQQ,2021-12-30,389.8909912109375,393.026870937428,389.3066600735181,390.8453700057501,23850100
QQQ,2021-12-31,387.4563293457031,390.58246102180027,386.95964338695484,389.21904142165806,34752900
QQQ,2022-01-03,391.18621826171875,391.4394353469124,386.51162877090127,388.62492150092214,40575900
QQQ,2022-01-04,386.1123046875,391.7705172651739,383.01538866067614,391.73155393518823,58027200
QQQ,2022-01-05,374.2504577636719,385.5474144832599,373.9972407357907,384.4274343801291,75739800
QQQ,2022-01-06,373.9875793457031,377.2306007150052,370.199219910222,372.42940265304225,70814300
QQQ,2022-01-07,369.9362487792969,375.68213669487847,368.16381836104466,373.9973217648803,72652300
QQQ,2022-01-10,370.17974853515625,370.6959310070584,359.6619065434857,365.02796928340246,91770500
QQQ,2022-01-11,375.7405700683594,375.906112223643,367.3652366626688,369.4493143206494,68295700
QQQ,2022-01-12,377.2305908203125,380.0061412768249,374.95172626073906,378.3115781015155,54576400
QQQ,2022-01-13,367.793701171875,379.29516458019566,366.8587893280662,378.61344007139684,77994000
QQQ,2022-01-14,370.0823669433594,370.41348098310857,365.0668853086839,365.27142052289753,80121200
QQQ,2022-01-18,360.8695373535156,366.3914242509939,360.1099156887095,364.26838289555127,75450900
QQQ,2022-01-19,356.90582275390625,364.9013304684771,356.64285740771714,362.4276789394688,81791500
QQQ,2022-01-20,352.2701416015625,364.1027194405778,351.73452212502156,360.1293216669016,88610700
QQQ,2022-01-21,342.5021057128906,352.71804508915903,342.21967363742374,350.07885212551247,143388900
QQQ,2022-01-24,344.07012939453125,344.7323871817224,325.4204234632394,336.87320642826637,198685800
QQQ,2022-01-25,336.093994140625,341.85934734032014,332.75360995237247,337.6132665156564,124398400
QQQ,2022-01-26,335.5682373046875,347.5566405149398,331.87724139745393,343.69035417715276,146559500
QQQ,2022-01-27,332.1888427734375,342.09313709621506,331.16625596244336,340.271995193972,95255700
QQQ,2022-01-28,342.6092834472656,342.8235371800627,329.12113570448446,334.0684086431916,108167900
QQQ,2022-01-31,353.5654296875,354.1497608345529,342.3366482255291,343.97278138134067,94326400
QQQ,2022-02-01,355.9709167480469,356.62342632692844,349.7576168140272,354.90939615460974,74433000
QQQ,2022-02-02,358.8633117675781,360.43126650749025,354.7730532032093,360.10015246087346,78777100
QQQ,2022-02-03,344.31353759765625,352.47461587769965,343.2520172807969,349.1634464059742,95384800
QQQ,2022-02-04,348.6570739746094,351.9584954869843,342.7748593755462,344.82972180603156,86318300
QQQ,2022-02-07,345.85235595703125,351.61768135491906,344.5960484405398,349.2511713999109,58198100
QQQ,2022-02-08,349.7380676269531,350.8288031286312,343.5831690442686,344.71286787681044,64720900
QQQ,2022-02-09,357.1492614746094,357.22715841338385,352.6596813646489,354.25685095249275,55766400
QQQ,2022-02-10,349.0661315917969,356.9155644682543,347.22552265055316,350.1276521478093,112468500
QQQ,2022-02-11,337.9931335449219,350.6632597451943,336.76604124970885,349.0660901088654,101569100
QQQ,2022-02-14,338.4118957519531,341.81074053043295,334.9059686837341,337.43802051737816,80254400
QQQ,2022-02-15,346.82623291015625,347.0599534834927,342.62883253219337,343.69035309651895,55128800
QQQ,2022-02-16,346.7385559082031,347.7611130431249,341.54778412878585,344.57655164209007,58947100
QQQ,2022-02-17,336.42523193359375,344.22595282253224,336.00644297006625,343.52476142259576,61801400
QQQ,2022-02-18,332.58819580078125,337.749723508386,330.2801158688841,337.36017929428124,80001500
QQQ,2022-02-22,329.2477111816406,335.0520287130775,325.61517574368247,329.6470035760064,85967100
QQQ,2022-02-23,320.81402587890625,333.2406549416096,320.5023786388824,332.40313641940185,86215400
QQQ,2022-02-24,331.5947570800781,332.1304062718498,309.9455304218847,310.51036496050875,130614100
QQQ,2022-02-25,336.73675537109375,336.94129052416076,328.57570765873606,332.39328109835566,78842100
QQQ,2022-02-28,337.7398986816406,339.43446169534934,332.40308174554,333.5619955810024,77515500
QQQ,2022-03-01,332.5686950683594,338.98653027662823,330.0463613925379,336.7174137109176,67407000
QQQ,2022-03-02,338.1490173339844,339.4832218757753,331.35135634755113,334.11715891512677,70609000
QQQ,2022-03-03,333.3185729980469,340.89532171846434,331.4584675901399,340.78817997983646,71089400
QQQ,2022-03-04,328.4881591796875,332.3934090281139,326.1703607022961,330.9618110071942,76936300
QQQ,2022-03-07,316.37310791015625,329.6373141349506,316.168602423875,328.47840017883215,89933800
QQQ,2022-03-08,314.90252685546875,324.504921299126,311.58160912076835,315.5842216091431,116153900
QQQ,2022-03-09,326.2384948730469,327.5921958789798,320.4926362364872,323.0831482409689,64723400
QQQ,2022-03-10,322.6156311035156,323.8232565774196,318.1747625099664,322.1774050898638,69362700
QQQ,2022-03-11,315.9251403808594,325.8976436312633,315.4382027323931,325.58599640336917,66228400
QQQ,2022-03-14,309.85784912109375,318.0578607000289,309.1566578705163,314.6882612249,79802600
QQQ,2022-03-15,319.5771789550781,320.356297039955,310.8902277809926,312.49711610809675,76471000
QQQ,2022-03-16,331.4292297363281,331.54609001020464,319.8206237661332,323.4921524521994,105243000
QQQ,2022-03-17,335.4416198730469,335.5000500150178,328.2349484002418,329.53018950768575,67810000
QQQ,2022-03-18,342.3074035644531,342.5995839728813,332.62708116075316,333.7859950907957,85446300
QQQ,2022-03-21,341.3557434082031,343.6959575006503,336.9678866204521,341.4727779184721,73799100
QQQ,2022-03-22,348.0643005371094,348.93213540233734,341.4727846671497,341.8530501225999,63345900
QQQ,2022-03-23,343.0621032714844,348.746831695108,343.0036008998052,345.18779855169856,70615500
QQQ,2022-03-24,350.6872863769531,350.73605819925956,342.8281491046148,344.9830661613371,53555300
QQQ,2022-03-25,350.39471435546875,351.6818260333896,346.0946115385893,350.62872383979783,57584200
QQQ,2022-03-28,355.816162109375,355.9136759828872,349.1466238085177,350.38496370665933,56833900
QQQ,2022-03-29,361.9396667480469,362.5637019901702,356.9375054681398,359.70672694862424,68073000
QQQ,2022-03-30,357.94189453125,361.7349676928907,356.45978455100527,360.07732080471203,68757700
QQQ,2022-03-31,353.5052185058594,358.4391168355058,352.66663492729305,358.0880728528101,67011400
QQQ,2022-04-01,352.8324890136719,354.54860853343536,349.6537206278416,353.7685569114576,54527800
QQQ,2022-04-04,360.0967102050781,360.10647051861895,353.40768166782965,353.67094231995094,45950200
QQQ,2022-04-05,352.1011047363281,359.3556963579886,350.96024898030936,358.64387783012603,62738700
QQQ,2022-04-06,344.4565124511719,347.8887807691179,341.8237865192822,346.7869364328608,90077100
QQQ,2022-04-07,345.2756042480469,347.46953278848014,340.0004213866467,343.46194118095065,63777400
QQQ,2022-04-08,340.448974609375,344.2907899167895,339.8151789357996,343.5399894735771,61956100
QQQ,2022-04-11,332.394775390625,337.1336461991477,332.05349170625715,336.2170693357857,66107400
QQQ,2022-04-12,330.99072265625,339.02536759446497,329.61585709641344,337.14347144626714,72790200
QQQ,2022-04-13,337.71868896484375,338.77176141426696,330.6103532208054,331.33190231102026,61367800
QQQ,2022-04-14,329.9960632324219,338.3232483542657,329.7815446072718,337.80645754236645,73519400
QQQ,2022-04-18,330.24957275390625,332.541014798433,327.4218490584937,328.9429702120827,58560600
QQQ,2022-04-19,337.63092041015625,338.2062135453221,328.58218697027695,329.6060081883247,56515700
QQQ,2022-04-20,332.7066955566406,338.8984531263873,331.48784681287356,338.4401648084489,65500000
QQQ,2022-04-21,325.82275390625,339.2008435755003,324.8964463920442,336.587638098854,75801000
QQQ,2022-04-22,317.29083251953125,327.19764284779967,316.8617952006528,325.9787935912272,82562100
QQQ,2022-04-25,321.36663818359375,321.6786707164179,314.39482680195033,315.66244780765106,101755900
QQQ,2022-04-26,309.23663330078125,319.4944558229734,308.96358255665734,319.30918839349266,105819600
QQQ,2022-04-27,308.8660583496094,314.8335375473881,307.14990964962783,309.33407726265744,111204200
QQQ,2022-04-28,319.8357238769531,321.6688774536265,309.60712328307943,313.82923269772596,99450000
QQQ,2022-04-29,305.443603515625,319.075223412998,304.8098078954962,315.63319453014344,91977900
QQQ,2022-05-02,310.5431823730469,310.77719181963806,301.93321781358765,305.0339620091236,115511800
QQQ,2022-05-03,310.8747863769531,313.16622865984607,308.1055647642228,310.56275386246165,78185500
QQQ,2022-05-04,321.38616943359375,322.0589765860115,306.0676807136744,311.35259428659344,116083400
QQQ,2022-05-05,305.1997985839844,317.144519135594,301.90402602983977,317.06652589040266,154607400
QQQ,2022-05-06,301.543212890625,307.237671286735,297.50637111696585,303.2008592701286,139572800
QQQ,2022-05-09,289.7447509765625,301.6407279963995,288.35039499388364,295.91701839384905,113387300
QQQ,2022-05-10,293.26483154296875,298.1402275733702,289.17924728892785,296.9213785657699,124124600
QQQ,2022-05-11,284.5671081542969,296.51182827022683,283.69930314607365,291.00263678041307,140326100
QQQ,2022-05-12,283.89434814453125,288.3797191271689,277.83911368435355,280.2865723866947,120910900
QQQ,2022-05-13,294.41546630859375,295.4490480565435,286.7513270140495,288.35047145853673,83684900
QQQ,2022-05-16,291.0027160644531,294.7275267387595,289.7253643539919,292.67009360702116,59190400
QQQ,2022-05-17,298.5400390625,298.9203045116113,293.0600684613582,296.8629014948216,62715300
QQQ,2022-05-18,283.8845520019531,294.71766684563096,282.6266915931184,294.0253689957684,79477100
QQQ,2022-05-19,282.3634338378906,287.0535923689451,280.4132753536652,282.0806822827589,79920700
QQQ,2022-05-20,281.48583984375,286.4782402945012,273.22691831272135,285.82495393267806,91764200
QQQ,2022-05-23,286.166259765625,286.54652518718103,280.130517022383,282.5292035679818,63648400
QQQ,2022-05-24,280.081787109375,281.66141091858105,275.21615060325445,280.9496220270844,73491100
QQQ,2022-05-25,284.0015563964844,286.0784797006402,278.3850910959002,278.58984938084336,67144500
QQQ,2022-05-26,291.8705139160156,293.42091640244973,282.9192918526736,283.20207322054017,59462200
QQQ,2022-05-27,301.3970031738281,301.54325911042497,294.88348090288605,295.0004856521635,66985600
QQQ,2022-05-31,300.5974426269531,303.5714225615586,296.7458675248366,301.3677635987881,60968300
QQQ,2022-06-01,298.3742370605469,304.8585078295692,296.1608179752849,302.7328423020077,65341700
QQQ,2022-06-02,306.5453796386719,306.7208867392272,295.83900014899854,297.2528767810407,59291300
QQQ,2022-06-03,298.5692138671875,302.73279065428295,297.3211138866192,301.3286744565122,60914700
QQQ,2022-06-06,299.5638122558594,304.5659729663611,298.0036796925584,303.0058404030601,51785000
QQQ,2022-06-07,302.1478271484375,302.92790846647307,295.14676470252834,296.2388487907185,44900300
QQQ,2022-06-08,299.97344970703125,303.95176068273287,299.1251056081908,301.348285515184,38342100
QQQ,2022-06-09,291.9387512207031,301.34826098976845,291.77300439528057,298.28652730672485,55900500
QQQ,2022-06-10,281.64190673828125,287.52163383758494,281.19337858382175,286.33203587892865,85963500
QQQ,2022-06-13,268.5466003417969,275.3038929191494,267.68852577507414,272.7784410394437,94442000
QQQ,2022-06-14,269.0341491699219,271.715617403757,266.5281880787887,270.7405380459988,64697500
QQQ,2022-06-15,275.7524108886719,279.6819792310972,269.71666771221135,272.45666788942674,86051400
QQQ,2022-06-16,264.6268310546875,269.18043550544473,262.569397903917,268.72214696528744,81910300
QQQ,2022-06-17,267.84454345703125,270.28224178129193,263.7687190005617,265.3970848172145,82703400
QQQ,2022-06-21,274.6021423339844,276.9175477266973,272.2184026530174,272.3258532528724,51633700
QQQ,2022-06-22,274.2015686035156,278.6076088822081,271.5051672393198,272.10109459964207,67472900
QQQ,2022-06-23,278.2851867675781,279.1351314700031,273.8498099068493,276.68296885301663,57457800
QQQ,2022-06-24,287.8201904296875,288.2403029973392,280.87406694579744,281.10852619155804,58422300
QQQ,2022-06-27,285.7101135253906,289.74490714992544,284.57684368727377,289.178287137997,54151500
QQQ,2022-06-28,277.00543212890625,288.8363259156391,276.81980855974086,286.24740483814566,61609800
QQQ,2022-06-29,277.25946044921875,278.7639775620373,274.367685716769,276.86868491471404,57302700
QQQ,2022-06-30,273.820556640625,277.39621043122844,269.4242653952654,274.2797260299329,79313600
QQQ,2022-07-01,275.6279602050781,276.01873573364435,270.64549022663914,272.5212545037234,56675100
QQQ,2022-07-05,280.3465270996094,280.4637567322207,270.37184166825745,271.8958865207054,61829300
QQQ,2022-07-06,282.1441345214844,284.2446082165892,279.0081224051555,280.7275699573057,63194700
QQQ,2022-07-07,288.1817932128906,288.8852010207753,282.9550853168003,282.9550853168003,56620100
QQQ,2022-07-08,288.5431823730469,289.91091112146904,284.41065890514386,285.3485257877404,59895500
QQQ,2022-07-11,282.3786315917969,286.3548094470882,281.4993794557012,286.1301292362572,55273900
QQQ,2022-07-12,279.64312744140625,285.54393423605353,278.0506886532368,283.629113949036,55797100
QQQ,2022-07-13,279.06683349609375,281.41151653972287,273.566579098107,274.13322897066035,73939400
QQQ,2022-07-14,280.0633239746094,280.93279724456465,273.35162716315244,276.46811178093606,63741800
QQQ,2022-07-15,285.1434631347656,285.2509435419721,281.4408003743285,283.0527977826054,63818100
QQQ,2022-07-18,282.73040771484375,289.33462456868074,281.55808110992064,287.92780879136325,59519600
QQQ,2022-07-19,291.4252624511719,291.7183664353127,284.75268212662314,286.3548706124073,55172600
QQQ,2022-07-20,296.0462646484375,297.2283702220619,291.0637950490178,291.84537586095666,67769400
QQQ,2022-07-21,300.29595947265625,300.35457429514867,293.84806067020736,296.5053752754604,55049400
QQQ,2022-07-22,295.03021240234375,301.43902572615195,293.20331391412896,299.36788883439493,57127700
QQQ,2022-07-25,293.349853515625,295.52847082708666,291.3471105150622,295.0595223551205,40582400
QQQ,2022-07-26,287.5858459472656,291.9039942701177,286.7749875225989,291.64997677634415,50074100
QQQ,2022-07-27,299.7391357421875,301.42927622650285,291.58156710744385,292.1482168992006,69304400
QQQ,2022-07-28,302.6700134277344,303.2464125140095,295.772722918395,299.5242214249336,55139900
QQQ,2022-07-29,308.1898193359375,309.0984089755225,302.7872663311703,304.2136402618357,57501000
QQQ,2022-08-01,308.0041198730469,311.46254361846223,305.3272768178621,306.4214599699302,46358800
QQQ,2022-08-02,307.0858459472656,311.2085917879975,304.6532407546723,305.7083674554013,48676500
QQQ,2022-08-03,315.4485778808594,316.2692153679035,308.7075738546769,308.7661886884473,53735700
QQQ,2022-08-04,316.92376708984375,317.2363994221369,313.37742046943487,315.5267304861252,38973700
QQQ,2022-08-05,314.3348388671875,316.36688935371126,311.0522888933584,311.8338398925769,53894000
QQQ,2022-08-08,313.3187561035156,318.94601793817696,311.8533258185939,315.25313481274435,43878500
QQQ,2022-08-09,309.77252197265625,311.6775939571092,308.15080477458537,311.42357640871114,39764200
QQQ,2022-08-10,318.4184265136719,318.7115304332754,314.6376214833835,317.1093124860173,51459600
QQQ,2022-08-11,316.6112060546875,322.74647533979584,315.9077980557587,320.7437317751774,45897700
QQQ,2022-08-12,322.77569580078125,322.97106862108075,317.6076032036241,318.66269991315835,40928400
QQQ,2022-08-15,325.3841857910156,325.8824417015116,321.80853179378624,321.82808994824325,38266600
QQQ,2022-08-16,324.6221008300781,326.7127955861123,321.57401074568605,324.40716987211437,41186900
QQQ,2022-08-17,320.9194641113281,323.7917099514796,318.8385482664983,321.48611386986494,47842200
QQQ,2022-08-18,321.69134521484375,322.8734509617022,319.25873979988563,320.8707076027406,41937200
QQQ,2022-08-19,315.419189453125,319.3074750762417,314.65716692353726,318.65293293396036,51770600
QQQ,2022-08-22,307.11517333984375,311.3942356298803,306.30431482766375,311.1597762652525,51098900
QQQ,2022-08-23,306.8611145019531,309.69427382010605,306.10884119104537,306.8806428397244,39497100
QQQ,2022-08-24,307.7501220703125,309.56724121334616,305.7766569801424,306.38236336115364,38057100
QQQ,2022-08-25,313.1918029785156,313.21136113357704,308.48290881912897,309.5282266157888,38098300
QQQ,2022-08-26,300.3546142578125,314.1003584319973,300.2666920123757,312.89869478251217,69047700
QQQ,2022-08-29,297.3944396972656,300.1396768426791,296.2904773933453,297.599591598888,48321900
QQQ,2022-08-30,294.0826110839844,299.66103853847943,291.5620834930441,299.04555289734236,51184500
QQQ,2022-08-31,292.3729553222656,297.882989109012,292.2655047142562,296.9841784875748,50044000
QQQ,2022-09-01,292.4999694824219,292.8712167065092,286.1986351945544,289.88174038469464,57990700
QQQ,2022-09-02,288.3674011230469,296.7496497152489,286.7554038657805,295.3721415907117,64666800
QQQ,2022-09-06,286.2962646484375,289.7644681088695,284.16651277662356,288.84612926244324,57005400
QQQ,2022-09-07,292.07977294921875,293.0762547310282,286.5111263812026,286.77492289275,49260400
QQQ,2022-09-08,293.59405517578125,294.9129483640316,288.64092358811484,290.0086525256781,55649800
QQQ,2022-09-09,300.0126647949219,300.5109206504732,293.59407275816847,295.8508330938615,56125200
QQQ,2022-09-12,303.5785217285156,303.91068234154807,301.0775231480615,301.39015542418196,45905700
QQQ,2022-09-13,286.9312438964844,296.03642750924746,286.04221266779194,294.84454309228386,79562200
QQQ,2022-09-14,289.20758056640625,290.08683286651126,286.3060271060787,288.07431078310657,54907200
QQQ,2022-09-15,284.3912048339844,289.696055836825,282.7889865858382,287.2927582788641,65299400
QQQ,2022-09-16,282.6522216796875,283.04299715541504,279.0374814471277,281.08908996251955,79920400
QQQ,2022-09-19,284.8533935546875,285.0099906618671,279.95007917468536,280.00879935639716,52613800
QQQ,2022-09-20,282.5827331542969,284.8729092204194,280.2827604379443,282.34782262362853,51271100
QQQ,2022-09-21,277.52276611328125,287.69156858901147,277.38576236260224,283.4243811340826,82931000
QQQ,2022-09-22,274.1070861816406,277.0040569805694,272.8836997112343,275.9959877236679,62757100
QQQ,2022-09-23,269.6441650390625,271.93434084524006,266.2284498262833,271.6407101821921,74815200
QQQ,2022-09-26,268.5284423828125,273.53942878181266,267.7356903085554,269.1743940484729,71176700
QQQ,2022-09-27,268.6361389160156,274.24412407915327,266.3165727903529,271.8952277370962,69780100
QQQ,2022-09-28,273.9798278808594,275.261934412608,267.13866082863075,268.6164912597073,79652100
QQQ,2022-09-29,266.0816955566406,270.3684471169324,263.11620753953764,269.98673614914634,81216000
QQQ,2022-09-30,261.56982421875,269.3309808245553,261.41322716628036,265.25954706384584,78482400
QQQ,2022-10-03,267.7063903808594,269.30169153769157,261.83413377480724,263.34135466668965,61267400
QQQ,2022-10-04,276.123291015625,276.8279629865428,273.05012912728216,273.05012912728216,66696900
QQQ,2022-10-05,275.97650146484375,277.76752661650244,269.55616986223805,272.35526455268825,55766300
QQQ,2022-10-06,273.8037414550781,278.12962012151854,273.48075063870294,274.9781747721384,53489400
QQQ,2022-10-07,263.37066650390625,269.291845549743,262.0396063857817,269.16460856773443,71354700
QQQ,2022-10-10,260.7379150390625,263.957876589574,258.026901375244,263.5663690250921,60393000
QQQ,2022-10-11,257.1558532714844,261.93195915010915,255.47247218095,259.06434824004356,66522500
QQQ,2022-10-12,257.06781005859375,259.71030747132846,256.37293475983284,257.7920454441237,50580200
QQQ,2022-10-13,263.09661865234375,264.41788206770633,248.8465999207838,249.72744717566468,112894100
QQQ,2022-10-14,255.18865966796875,266.02297905657764,254.60145796764166,265.425980705299,77244300
QQQ,2022-10-17,263.6153869628906,264.4864228111585,261.0609398578909,261.158816772981,64576500
QQQ,2022-10-18,265.7000427246094,271.30802855688756,263.01835861749873,270.6425133229995,69781000
QQQ,2022-10-19,264.73101806640625,267.85310252216027,262.36255874207467,264.18294335328,53115400
QQQ,2022-10-20,263.38043212890625,268.9884468880424,262.21579559893996,263.8404266714654,60605500
QQQ,2022-10-21,269.5561828613281,270.094461137652,261.13927521181904,262.274581812715,77897700
QQQ,2022-10-24,272.5215759277344,273.4513317035027,266.17952985624714,269.82032910449914,63963600
QQQ,2022-10-25,278.1589050292969,278.54061591496753,271.98325299591863,273.4611132950566,59014500
QQQ,2022-10-26,272.0126953125,277.9339050801036,271.52334061440916,272.5314100977627,63492400
QQQ,2022-10-27,267.0604553222656,272.3552772783314,266.54174048424,270.8970096873967,57760300
QQQ,2022-10-28,275.232666015625,275.7024572925982,266.26768408798233,266.4340778322774,62651300
QQQ,2022-10-31,272.0321960449219,273.803657059766,270.1139047763436,272.98154503087403,47742000
QQQ,2022-11-01,269.2526550292969,276.06449209440797,268.89053742922755,275.5066207207611,45895900
QQQ,2022-11-02,260.0234375,272.28666184613866,259.9549206918271,269.2232974549257,79803100
QQQ,2022-11-03,254.94393920898438,258.8685724933386,254.5622581683393,257.41030540448537,70038900
QQQ,2022-11-04,259.0447998046875,260.9337018001424,253.5640211280491,259.8767087778288,78313200
QQQ,2022-11-07,261.8927917480469,262.43109972978385,257.95839150889293,260.09197040072013,47333800
QQQ,2022-11-08,263.8013000488281,267.04082528231476,259.86686974183834,263.4098223217411,63213800
QQQ,2022-11-09,257.7137451171875,262.84217239242884,257.4299110516059,262.0592168841519,64862100
QQQ,2022-11-10,276.7300109863281,277.02361178294706,268.01950556191656,270.1335209010714,99256700
QQQ,2022-11-11,281.8291015625,282.49464653858405,275.2032508265349,276.54407769304146,66961800
QQQ,2022-11-14,279.36279296875,283.0525163828222,278.3840836407675,279.77383416051316,55290700
QQQ,2022-11-15,283.2286376953125,287.0162370921338,279.88143946798726,285.98857462764755,73985400
QQQ,2022-11-16,279.36279296875,283.316787016794,278.5406807173853,281.2712881054512,48859800
QQQ,2022-11-17,278.74615478515625,280.22401518143465,274.7432378860125,274.89983493649123,55462100
QQQ,2022-11-18,278.7559814453125,281.8584731051754,276.30920827035084,281.7606260724462,53588600
QQQ,2022-11-21,275.8883056640625,278.5210055036592,275.0563970063702,277.36613600456286,40083500
QQQ,2022-11-22,279.86187744140625,280.0184446127911,274.48874420397357,276.62235272894065,41873400
QQQ,2022-11-23,282.6707763671875,283.2971346752864,279.70528891612594,279.8814493901695,46390000
QQQ,2022-11-25,280.8113098144531,281.78022254764727,280.3219551220779,281.0755505959133,15498800
QQQ,2022-11-28,276.6908874511719,280.85040181999574,275.76113157178366,278.83426312712214,38714200
QQQ,2022-11-29,274.596435546875,277.31724581059444,273.2262486996481,276.9159714717935,35618900
QQQ,2022-11-30,287.1141662597656,287.2218398216722,274.0092633352717,274.8607357077632,74718100
QQQ,2022-12-01,287.4664306640625,289.45320889132523,284.68690047558556,287.4370705865298,51547300
QQQ,2022-12-02,286.32135009765625,287.2022122275757,282.22055636668915,282.3967467133728,53583200
QQQ,2022-12-05,281.51593017578125,285.4698938607277,280.05763314961825,284.19758384085077,41482100
QQQ,2022-12-06,275.6828308105469,281.49636649163193,274.2930803186649,281.3593627197372,53937600
QQQ,2022-12-07,274.55731201171875,276.55388729782686,272.8445707786554,274.49859184458353,45614300
QQQ,2022-12-08,277.80657958984375,278.7754920257264,273.83302309647263,275.90788157661746,42594900
QQQ,2022-12-09,276.0351257324219,279.5584845017971,275.59469468581307,276.78872099466156,47860500
QQQ,2022-12-12,279.499755859375,279.55850588887154,275.1738779884526,276.2113073349363,35732500
QQQ,2022-12-13,282.5043640136719,290.55915032470836,279.8227107487029,290.3340364886343,80667700
QQQ,2022-12-14,280.4100036621094,285.2056731313244,277.160681704025,281.91719443928423,64984400
QQQ,2022-12-15,270.994873046875,276.9845700821237,269.8008463271276,276.31902495877455,60554100
QQQ,2022-12-16,268.4110412597656,271.8560874452993,266.80594357710976,270.31953645378024,68300400
QQQ,2022-12-19,264.6388244628906,268.76904574063184,263.4026891406042,268.68075463751654,44167900
QQQ,2022-12-20,264.4328308105469,266.17910261112206,261.89190908573653,263.47138883115707,51064200
QQQ,2022-12-21,268.2687683105469,269.57355472006856,264.62904265474396,265.47276321661104,46394700
QQQ,2022-12-22,261.70556640625,265.38451316774433,257.48702282279595,265.2569715563839,60278400
QQQ,2022-12-23,262.2941589355469,262.96129733071217,258.5367413646793,260.4399854422568,39373600
QQQ,2022-12-27,258.5858154296875,261.7938763980321,258.0462485081974,261.68594505012555,38009000
QQQ,2022-12-28,255.1717529296875,260.4399998928623,254.8087683068014,258.18359119206764,47139000
QQQ,2022-12-29,261.39166259765625,262.3334647303056,257.28104972266846,257.9775887001961,45893600
QQQ,2022-12-30,261.23455810546875,261.3620996717477,257.32016971542674,258.62495586566246,37858300
QQQ,2023-01-03,259.46868896484375,265.03123800839836,257.16321037512114,263.55965975189497,42335300
QQQ,2023-01-04,260.7048645019531,262.38248572216736,257.55569456855136,261.5878356449477,47754900
QQQ,2023-01-05,256.6236572265625,259.203829664046,256.309743232515,259.03706753273036,45396700
QQQ,2023-01-06,263.70684814453125,264.825262145389,255.40715401036852,258.36013103501256,54659700
QQQ,2023-01-09,265.4139099121094,270.0739085528397,264.80566224824554,265.6983935359543,45568700
QQQ,2023-01-10,267.6605224609375,267.76845379716315,263.8736744356486,264.38381092329047,35247800
QQQ,2023-01-11,272.2910461425781,272.3989774609644,267.9449917626651,268.72985154393996,44077000
QQQ,2023-01-12,273.7626647949219,274.7927877956512,268.5532788594756,272.8502932331982,60600000
QQQ,2023-01-13,275.64630126953125,275.8915643759767,270.92744149666754,271.2609957287121,44802900
QQQ,2023-01-17,276.20550537109375,277.4906816399172,274.2826210808861,275.4500758501751,36269700
QQQ,2023-01-18,272.6148376464844,279.2958018979134,272.4088250315882,277.74572238568624,47754500
QQQ,2023-01-19,269.9366149902344,272.1243730509048,268.700509081747,270.9863484502432,44150400
QQQ,2023-01-20,277.3238830566406,277.65743727728545,270.48594668506337,271.5455000347287,60613600
QQQ,2023-01-23,283.48486328125,284.7111786521675,277.3729266337747,278.167576598982,52799900
QQQ,2023-01-24,282.906005859375,284.0636402197492,281.34613652171777,281.8660929676035,44875100
QQQ,2023-01-25,282.2782287597656,282.89626664664723,275.85231732735315,278.3932395490146,50872000
QQQ,2023-01-26,287.78192138671875,287.9585036418443,283.0532414038365,285.70209498809857,51596300
QQQ,2023-01-27,290.6465759277344,292.60868060840096,286.34956188677984,286.4672833773252,56441900
QQQ,2023-01-30,284.77008056640625,288.8022216574002,284.3973057887979,287.37968364573163,49405800
QQQ,2023-01-31,289.03759765625,289.13570886523166,284.701363649033,284.80926502137663,46705100
QQQ,2023-02-01,295.2182922363281,297.68071332529627,286.76159566124306,288.831631729578,67562200
QQQ,2023-02-02,305.8136291503906,307.7364833067937,300.9181876739908,301.74226802673496,83070600
QQQ,2023-02-03,300.3786315917969,306.47098885524724,298.76972114420454,299.1621361358604,76170800
QQQ,2023-02-06,297.8377380371094,300.1137871230805,296.49370084304167,297.75926700695584,40802300
QQQ,2023-02-07,304.008544921875,305.1367492772075,296.59179062606245,297.71017487608094,67584000
QQQ,2023-02-08,298.6029357910156,303.63573975725507,297.9162170249619,302.69393776816526,56720900
QQQ,2023-02-09,295.9638671875,303.1353575053804,294.51192886368824,302.98820564004023,49137800
QQQ,2023-02-10,294.0213928222656,295.8559558737562,291.6178026580942,293.80556011389376,50050100
QQQ,2023-02-13,298.73040771484375,299.31904504796233,294.24699178307463,295.42426644931186,39636700
QQQ,2023-02-14,300.93780517578125,301.88942714277795,295.208463105172,297.15095751576536,64079100
QQQ,2023-02-15,303.2432861328125,303.4100482655992,298.4361356253388,299.1228543039255,43100600
QQQ,2023-02-16,297.5531311035156,302.585933862806,297.4059792560325,298.61268428407055,59498600
QQQ,2023-02-17,295.4537048339844,296.20910430272016,292.45168728691385,295.36541372252225,58230700
QQQ,2023-02-21,288.4588317871094,293.06978997591324,288.3215000215614,291.627641771274,46526700
QQQ,2023-02-22,288.6746520996094,290.7446581736878,287.016671243805,289.0376366764408,51389200
QQQ,2023-02-23,291.1959533691406,292.48112949801686,287.00684085103126,292.3241575359496,69294400
QQQ,2023-02-24,286.3200988769531,287.41887258258424,284.5541869020419,286.2318077691083,74332000
QQQ,2023-02-27,288.37060546875,290.8722776388824,287.78196791714544,289.4791997040795,48995000
QQQ,2023-02-28,287.9977111816406,290.5092026778838,287.4090738129779,287.7426280027074,48243100
QQQ,2023-03-01,285.68243408203125,288.36068762810055,284.7013818083146,287.70339937074044,58287000
QQQ,2023-03-02,288.0467529296875,288.8512230053116,282.90604843154955,283.190561983044,53565900
QQQ,2023-03-03,294.00177001953125,294.2372429494575,289.28291046741515,289.79307686613646,60511500
QQQ,2023-03-06,294.3352966308594,298.23989551477433,294.13910413688774,295.2378779090162,56736300
QQQ,2023-03-07,290.7250671386719,295.3065950596229,290.11681943570414,294.3844034004965,65955800
QQQ,2023-03-08,292.1770324707031,292.7754600628296,289.29273602432113,291.14690948879917,50876300
QQQ,2023-03-09,287.1148376464844,295.2772018992663,286.3005472787803,292.6773887376386,71456700
QQQ,2023-03-10,283.0826416015625,288.7727631546609,281.9348271262649,287.2815444320978,98593600
QQQ,2023-03-13,285.1821594238281,288.89053675172266,279.7863705640196,281.2971998277831,97123600
QQQ,2023-03-14,291.73553466796875,292.28492159284906,287.8898261938066,288.7335168501078,73602500
QQQ,2023-03-15,293.2659912109375,293.599545439294,287.6838005748125,289.12594882234004,83631500
QQQ,2023-03-16,300.9966735839844,301.35965816858703,291.5589546269461,292.3536046471147,98198100
QQQ,2023-03-17,299.5741882324219,303.2923857294899,297.62190326500223,300.9084352507794,89923700
QQQ,2023-03-20,300.6373291015625,300.96156442309575,296.74635531468806,298.95714064586366,56359500
QQQ,2023-03-21,304.9310302734375,305.3830044629365,301.0596987727766,302.5728662593214,49757000
QQQ,2023-03-22,300.78466796875,309.75554713715763,300.61764766949733,304.8623321401105,75791900
QQQ,2023-03-23,304.35137939453125,308.67468596990665,301.65914434252295,304.51842966489943,74576000
QQQ,2023-03-24,305.4715881347656,305.5698212705116,301.6002550384221,303.92894408666183,57195200
QQQ,2023-03-27,303.3786926269531,307.2500255451253,302.5238604825814,306.16919123041095,50287400
QQQ,2023-03-28,301.76727294921875,302.8284666751966,299.45822454941873,302.7989907375691,48585900
QQQ,2023-03-29,307.2696533203125,307.8886779467395,304.646175138239,305.4617259902813,53274300
QQQ,2023-03-30,310.1780700683594,310.8069300312133,307.3580955143523,309.74573634032066,58354800
QQQ,2023-03-31,315.3365783691406,315.5724158551526,310.0994868949584,310.40408157810003,62138100
QQQ,2023-04-03,314.5700988769531,314.83541223713854,311.8876992444093,313.21414610258773,47126800
QQQ,2023-04-04,313.50897216796875,316.0243518179642,312.290563597787,315.01230477117457,45875400
QQQ,2023-04-05,310.4139099121094,313.4991679194973,308.5961471761474,312.5559079537238,62795700
QQQ,2023-04-06,312.5068054199219,312.99809109420926,307.3679764577226,308.7632109807079,46916500
QQQ,2023-04-10,312.3298645019531,312.3790110473827,307.79039090860914,309.5786774713476,45134700
QQQ,2023-04-11,310.325439453125,312.34956365032986,309.81451323953195,312.29058179328797,40113600
QQQ,2023-04-12,307.5841064453125,312.87034446403476,307.12229676746927,312.28079572849316,62813300
QQQ,2023-04-13,313.6072692871094,314.0788842815735,308.1638163356823,309.3428838075366,54613800
QQQ,2023-04-14,313.0176696777344,314.7764502848593,310.10923775139554,312.05473924440327,56278300
QQQ,2023-04-17,313.2829895019531,313.63673071713305,310.53180220918756,312.6050129930765,43007000
QQQ,2023-04-18,313.3026428222656,315.81805271629645,312.1039347277602,315.39552430525794,46746900
QQQ,2023-04-19,313.15521240234375,314.2164059332527,310.76757193633193,310.8953109711348,38960100
QQQ,2023-04-20,310.76763916015625,313.705517653374,309.4804731991059,310.18792571084845,62462100
QQQ,2023-04-21,311.09185791015625,311.86809756580624,308.6256245513953,310.40407605124466,59002300
QQQ,2023-04-24,310.443359375,312.2021401015281,308.2718555959959,310.86585776277883,44043100
QQQ,2023-04-25,304.5871887207031,309.4804033208812,304.4889556047293,308.8122622066785,57121600
QQQ,2023-04-26,306.4344177246094,309.4509179379555,305.91365628596066,307.9770614150983,55400500
QQQ,2023-04-27,314.7667236328125,315.26781460821445,309.5590777235888,310.1977730605562,65430400
QQQ,2023-04-28,316.9381408691406,317.02656867243917,313.4008788087435,314.53082960959074,59712600
QQQ,2023-05-01,316.5745849609375,317.98948974313606,315.493750754301,316.47632185384504,41013400
QQQ,2023-05-02,313.81353759765625,316.8300378297772,312.07436769901994,316.5057726007453,56519400
QQQ,2023-05-03,311.7599792480469,316.8496901296234,311.6518808391574,314.17709565364254,59882100
QQQ,2023-05-04,310.6595764160156,312.6836708645457,309.62785857520237,311.5340492672272,50224500
QQQ,2023-05-05,317.2624206542969,318.1172527776651,310.6988224251613,312.91944287304113,51806100
QQQ,2023-05-08,318.0484619140625,318.3923678179955,315.71977305719315,316.8006073328287,36465800
QQQ,2023-05-09,316.0342102050781,317.2525888785496,315.7197802294426,316.3879214383984,31768800
QQQ,2023-05-10,319.47320556640625,320.3280376891628,315.99489521816594,318.47096377915307,60446600
QQQ,2023-05-11,320.51470947265625,321.0551115912344,318.4709447629655,320.0234239155159,44278500
QQQ,2023-05-12,319.3650817871094,321.4677983234003,317.31151179697923,321.045269963454,48432800
QQQ,2023-05-15,321.0943908691406,321.330198317674,318.31369810053747,319.83670116748294,33375600
QQQ,2023-05-16,321.4580078125,323.1676721605084,320.33786221505017,320.37717346031883,40019200
QQQ,2023-05-17,325.3489990234375,325.9287124831827,321.34012137518226,322.51918892551805,47486100
QQQ,2023-05-18,331.3918151855469,331.6079820733422,325.7223895173061,325.74203014867055,64213500
QQQ,2023-05-19,330.64501953125,332.31537245568006,329.5838259221381,331.6079200448358,61554900
QQQ,2023-05-22,331.7552795410156,332.76732644934293,330.3796561827026,330.3894914879063,43015900
QQQ,2023-05-23,327.54986572265625,331.18539054519056,327.1961545433074,330.03579922661845,48216700
QQQ,2023-05-24,325.86968994140625,327.107739087204,323.81611999977775,325.59457124075004,62891200
QQQ,2023-05-25,333.7991027832031,335.0666280785355,330.8022724961006,333.2292246578266,66862800
QQQ,2023-05-26,342.32781982421875,343.1630113895212,334.72272789307027,334.82099101587556,63007000
QQQ,2023-05-30,343.8802795410156,347.76141779152016,342.45553930603324,346.56267972749924,72652200
QQQ,2023-05-31,341.9249267578125,344.48945306585824,340.4707406387247,342.2983085945595,65105400
QQQ,2023-06-01,345.8748474121094,347.2012943506697,340.6180862593814,341.6694444870648,50488600
QQQ,2023-06-02,348.46881103515625,349.6282376581261,345.8748390992629,347.63361965954,53372100
QQQ,2023-06-05,348.7145690917969,351.26926062072357,347.6828811597775,348.2527593539305,47266200
QQQ,2023-06-06,348.65557861328125,349.6185092327491,346.778863928243,348.10534111235535,41390400
QQQ,2023-06-07,342.740478515625,350.8958071324031,342.1116185813994,348.9405001234873,69225900
QQQ,2023-06-08,346.9949645996094,347.4567741982454,342.8092322651374,343.03520441858984,47153900
QQQ,2023-06-09,348.3215026855469,351.4264313853431,346.8771217711748,348.44924174376325,53196900
QQQ,2023-06-12,354.20709228515625,354.305355405067,349.00931208022024,349.98204800024035,44606500
QQQ,2023-06-13,356.92877197265625,357.76393338304973,353.75505666181834,356.9582479049561,57097800
QQQ,2023-06-14,359.5227966308594,359.8077506752878,354.1383256374959,356.93862957320954,69525600
QQQ,2023-06-15,363.8067932128906,365.2904552167826,357.63624776639995,358.2552423852553,71138800
QQQ,2023-06-16,361.5173645019531,366.35162733215435,361.07522551441866,366.2238882960813,80932000
QQQ,2023-06-20,360.9998779296875,362.397056132463,358.03830213467023,360.0651728884419,49204700
QQQ,2023-06-21,356.08026123046875,360.2914331262993,355.1553750173207,359.85850638708854,53378300
QQQ,2023-06-22,360.2816467285156,360.4390473507144,354.42731645188564,354.8307268599819,47603000
QQQ,2023-06-23,356.7100524902344,359.0124196685937,355.01771037278706,356.38534235985924,48922900
QQQ,2023-06-26,351.9281311035156,358.9729945543616,351.8395819991526,356.17866827388485,52685500
QQQ,2023-06-27,357.97918701171875,358.7073073891835,352.74476147658174,353.47285182722567,49428100
QQQ,2023-06-28,358.6778869628906,360.6260276171737,356.0803260547415,356.15905639992536,46498000
QQQ,2023-06-29,357.95953369140625,359.02218292164616,356.3164059384481,358.38261161325084,46151000
QQQ,2023-06-30,363.4793701171875,364.5321406265844,361.32458510548383,361.6394163650322,58712500
QQQ,2023-07-03,364.33538818359375,364.965080752573,363.0366078498649,364.11892479463893,19432900
QQQ,2023-07-05,364.325439453125,366.0276297278646,362.73149585658456,362.7708610147314,34460900
QQQ,2023-07-06,361.55084228515625,361.99361781521185,358.6581182234109,360.6161373160052,49374700
QQQ,2023-07-07,360.35040283203125,364.52223885956255,360.1241207307661,361.32450283828695,47133700
QQQ,2023-07-10,360.4685363769531,361.14744286263704,357.565993456182,360.0749747976582,48498800
QQQ,2023-07-11,362.2494812011719,362.70207554585426,358.7565506409738,360.89166814029903,38214100
QQQ,2023-07-12,366.82464599609375,368.17261006456084,364.34515118816057,366.35235412152997,61975400
QQQ,2023-07-13,373.05291748046875,373.8794059139845,369.42225363123634,370.0027622919143,46960000
QQQ,2023-07-14,372.97412109375,376.7031518701262,372.0984189151347,373.48574807980907,55148500
QQQ,2023-07-17,376.4571838378906,377.3328860436692,373.21026358279346,373.6923742197424,40868900
QQQ,2023-07-18,379.536865234375,380.90452691232883,373.88918038140724,375.8176530095486,55262000
QQQ,2023-07-19,379.4483337402344,381.74088168868525,378.12003716399835,380.59953211345845,54093000
QQQ,2023-07-20,370.7012939453125,377.9232550597698,369.67800988298177,376.4571954822207,71941700
QQQ,2023-07-21,369.5894775390625,373.8104982140494,369.15655080179084,373.08237777764356,60499600
QQQ,2023-07-24,370.1798095703125,371.50807603161047,368.32018848158145,370.5635223180503,40380100
QQQ,2023-07-25,372.6888427734375,374.35166830858134,370.86858659289726,370.8882841903377,38894400
QQQ,2023-07-26,371.4490966796875,373.141438590873,369.14672978193954,371.6458924939192,47075700
QQQ,2023-07-27,370.5635070800781,378.5234068573083,369.2745758075157,376.90979558078055,63940200
QQQ,2023-07-28,377.3132629394531,378.33651706389406,374.1056774417926,374.6173045040131,56902900
QQQ,2023-07-31,377.50994873046875,378.6906632722747,376.1915011739824,377.6181954097631,44019900
QQQ,2023-08-01,376.6343078613281,377.3919145719304,374.56807225526126,376.1620160000835,41060600
QQQ,2023-08-02,368.3695068359375,373.1611883162685,367.12975909211053,373.1611883162685,72687100
QQQ,2023-08-03,367.7790832519531,369.90435184798616,365.7915476989131,365.95882713700206,47666400
QQQ,2023-08-04,366.0572204589844,372.0197669898347,365.55541217782184,369.70755141474365,61702800
QQQ,2023-08-07,369.1565856933594,369.25498360237106,365.5357708456073,367.86765415773664,37230400
QQQ,2023-08-08,366.0178527832031,366.6672428994244,362.8889976997199,366.64757532989904,44726500
QQQ,2023-08-09,361.99365234375,366.4606531278805,361.2360455036282,366.3032224805515,51150900
QQQ,2023-08-10,362.6626892089844,368.33989085090377,361.13762681764416,365.0044211596802,72035300
QQQ,2023-08-11,360.35040283203125,362.0821094859808,358.82534074030394,360.104423138087,48707200
QQQ,2023-08-14,364.3943786621094,364.51244412842345,358.83524275979033,359.553484355475,42130800
QQQ,2023-08-15,360.52764892578125,364.2173455414884,359.85856111907714,363.42034344781393,45539900
QQQ,2023-08-16,356.7100524902344,361.52140145830043,356.6116545711259,359.9864900060609,53190500
QQQ,2023-08-17,352.8136901855469,358.45155731866623,352.40046098733217,358.1071796356024,62604300
QQQ,2023-08-18,352.3708801269531,353.63029511668526,349.0058642803443,349.54703769092396,61191400
QQQ,2023-08-21,358.0481262207031,358.7270327482572,353.3745108646333,353.8369540062016,50696500
QQQ,2023-08-22,357.5365295410156,360.6653850916432,356.8477741560873,360.65553629199826,44530200
QQQ,2023-08-23,363.17431640625,364.2664820763043,358.5007013012925,358.7171646756477,51770600
QQQ,2023-08-24,355.4112243652344,366.74596049885605,355.2046097815919,366.64759261976684,66842500
QQQ,2023-08-25,358.1661376953125,359.8584793596251,352.813616618734,356.24751390715073,69960500
QQQ,2023-08-28,360.86212158203125,361.7968265629238,358.392475423515,361.0884037220295,40910000
QQQ,2023-08-29,368.7432861328125,369.0975125611246,360.3406401002619,360.66532013496044,58492400
QQQ,2023-08-30,370.7996826171875,371.38022122369233,367.8479257549835,368.8515423053,41731500
QQQ,2023-08-31,371.9114990234375,373.6136895466663,370.8095146489998,370.8783961791077,35730700
QQQ,2023-09-01,371.5179443359375,374.7058320533503,370.0322171464116,374.28275412084383,39801200
QQQ,2023-09-05,371.990234375,373.21028423077263,369.78623556953715,370.7111217591785,32344200
QQQ,2023-09-06,368.7138366699219,371.5573773029651,366.7066633102977,371.21299961003615,42998700
QQQ,2023-09-07,366.076904296875,366.854208721943,363.2136963758197,364.25664812381336,52060700
QQQ,2023-09-08,366.5885009765625,368.82201616025327,365.6242796443045,366.0276900079968,35800100
QQQ,2023-09-11,370.90789794921875,371.4195249524105,367.65112888881737,369.61896663053767,39936600
QQQ,2023-09-12,366.79510498046875,370.8882108711506,366.5097601154198,369.2352044346768,41391000
QQQ,2023-09-13,368.1922607421875,369.7960532558238,365.89974305658103,367.03124371731934,46300700
QQQ,2023-09-14,371.203125,372.18704403891024,367.87750387101744,369.943709831268,48039400
QQQ,2023-09-15,364.8469543457031,370.2683569363539,363.91221940703196,369.8649465958127,69811200
QQQ,2023-09-18,365.2273254394531,366.3407681012067,363.6212111624308,363.9069691189676,36903500
QQQ,2023-09-19,364.44891357421875,365.24703922410754,361.4239024926307,363.9069867992095,37621700
QQQ,2023-09-20,359.1970520019531,365.8678152619394,359.11820769924856,365.5131061106414,45514200
QQQ,2023-09-21,352.6148986816406,356.3001026510691,352.44740717910935,355.5118100588146,69734800
QQQ,2023-09-22,352.6641540527344,356.4971230917423,352.348837042504,354.3589453948663,51589700
QQQ,2023-09-25,354.3392639160156,354.4279712684221,350.7132080525282,351.698551280886,39168000
QQQ,2023-09-26,349.0184631347656,352.29967336301286,348.03311977474067,351.75771647282335,53657700
QQQ,2023-09-27,349.83624267578125,351.7478108048631,346.21015700673,350.17125574053034,56066000
QQQ,2023-09-28,352.7627258300781,354.89107073347196,348.0626195587254,348.91986332461573,56453300
QQQ,2023-09-29,353.0188903808594,357.6303193180829,351.7872114054841,356.2409818254251,64829600
QQQ,2023-10-02,355.9651184082031,357.3642890085675,352.6740755034777,353.2849835180275,51625100
QQQ,2023-10-03,349.718017578125,355.7187539856784,348.1020403157793,353.52142785074375,60478500
QQQ,2023-10-04,354.47723388671875,355.3246146472607,350.0924443998235,350.5555569297421,54786700
QQQ,2023-10-05,353.4328308105469,354.87142377219976,349.93487372651356,354.46742936489625,45897400
QQQ,2023-10-06,359.35467529296875,360.54693213939856,349.6490388068552,350.4373013348461,75049100
QQQ,2023-10-09,361.1874084472656,361.7293351903447,355.4921258364322,356.98983670606606,45304800
QQQ,2023-10-10,363.1876525878906,365.8382282460928,361.0199155536051,361.52242014626063,46968800
QQQ,2023-10-11,365.779052734375,365.96627032180635,362.7934644588699,364.5178148176335,38215100
QQQ,2023-10-12,364.50799560546875,368.26215071816847,362.1136188933288,366.2816313728331,49587900
QQQ,2023-10-13,359.9261779785156,365.72000104859404,358.5269773449452,365.13865214466296,52469900
QQQ,2023-10-16,363.9956970214844,365.05002164165177,361.09878511521293,361.2465806062894,44201100
QQQ,2023-10-17,362.8034362792969,364.49822805710056,358.3299690163222,360.44845122100355,50999100
QQQ,2023-10-18,358.0441589355469,362.5176255477324,356.7139395823082,360.31046637039856,54280500
QQQ,2023-10-19,354.69403076171875,360.655345729828,353.8959050901614,359.46308875026443,72274200
QQQ,2023-10-20,349.4027099609375,354.7629794547473,349.17607019624336,354.19146355083643,72559700
QQQ,2023-10-23,350.45703125,353.99440975051044,345.9737016212811,348.08235051550486,60665200
QQQ,2023-10-24,353.8663024902344,354.63486897096254,350.57525986402453,352.27005134335946,47082100
QQQ,2023-10-25,345.2051696777344,351.6493233086152,344.62382073653515,351.47196873068145,71190500
QQQ,2023-10-26,338.6230773925781,344.93913146646247,337.33228009309397,344.0030433163217,78621400
QQQ,2023-10-27,340.2489013671875,343.72716210384476,339.0369182513592,341.3524810806448,63476700
QQQ,2023-10-30,344.0818786621094,345.4022350230032,341.37218469520366,342.73193313591645,55298500
QQQ,2023-10-31,345.7273864746094,346.1018217264424,341.5396775996275,344.1114391570496,47671900
QQQ,2023-11-01,351.7281188964844,352.2897717671252,346.46638953800874,346.5649298772897,58992700
QQQ,2023-11-02,358.1131286621094,358.3496014034231,355.0191366352463,356.24098262937144,58162400
QQQ,2023-11-03,362.3205261230469,363.61132326122464,359.1772790267946,359.40391877963543,53280500
QQQ,2023-11-06,363.7985534667969,364.3602063061445,361.5322761410514,363.08910516190724,38848700
QQQ,2023-11-07,367.2374572753906,368.10453411405916,363.640930200235,364.84305022033044,50777400
QQQ,2023-11-08,367.47393798828125,368.3114858193752,365.1879342825612,367.61187041571196,35663400
QQQ,2023-11-09,364.64593505859375,369.3065887638403,364.1532634993729,368.16361720829923,53859400
QQQ,2023-11-10,372.84405517578125,372.991850652543,365.8382488743715,366.3703426610041,58309800
QQQ,2023-11-13,371.6812744140625,372.7355987822053,369.7401472411483,371.26744713796927,40733500
QQQ,2023-11-14,379.6823425292969,380.59873470474736,377.56386032576404,378.08609110217253,67792600
QQQ,2023-11-15,379.968017578125,382.06680328167243,378.6082392310218,381.57413171070965,54141400
QQQ,2023-11-16,380.2932434082031,380.5297161682242,377.9382585819302,379.1994967525258,45343500
QQQ,2023-11-17,380.3819274902344,381.3968298638466,378.65757675359185,379.56407573006413,46571900
QQQ,2023-11-20,385.01300048828125,385.6731936771707,380.3917383769215,380.3917383769215,44429600
QQQ,2023-11-21,382.7762756347656,383.5251460922471,381.03222898910747,383.30836938457026,43337000
QQQ,2023-11-22,384.343017578125,387.30891062919636,383.3379782050416,384.8455522998127,44121000
QQQ,2023-11-24,383.8010559082031,384.5302002849697,382.805849611046,383.9389883255665,15718800
QQQ,2023-11-27,383.466064453125,385.4170249378711,382.58909448430353,383.3084059170349,34139700
QQQ,2023-11-28,384.4710998535156,385.05244878485433,382.3624507839871,382.71719000412895,35491100
QQQ,2023-11-29,384.0966491699219,388.36320227393117,383.7517730189987,386.93444253594504,38811700
QQQ,2023-11-30,383.1310119628906,384.82580359682476,380.16514915622366,384.3626910552762,52834400
QQQ,2023-12-01,384.2247314453125,384.8159433818808,380.4114580563647,382.0668274225255,40490100
QQQ,2023-12-04,380.6578674316406,380.9337623793262,377.0515069988471,380.4312276255691,51186900
QQQ,2023-12-05,381.61358642578125,382.8058433095871,378.5787124502714,378.7560970843749,42933000
QQQ,2023-12-06,379.4063720703125,384.64840490308484,379.0615260202326,384.54986457293904,41994100
QQQ,2023-12-07,384.70751953125,385.5352041703079,381.2883775917739,382.3821241267949,49593500
QQQ,2023-12-08,386.4220886230469,386.865475058335,382.7861695022315,382.9733871316722,46687500
QQQ,2023-12-11,389.722900390625,389.9889622782765,385.7913909603465,385.99830459607546,41198000
QQQ,2023-12-12,392.8268127441406,392.9450491247109,388.629240812153,389.76237955300553,39221200
QQQ,2023-12-13,397.82244873046875,398.4333566952143,392.99427312781876,393.76283961093213,55408100
QQQ,2023-12-14,397.4775695800781,400.34489155392424,394.47225506750283,399.04426150867425,55447800
QQQ,2023-12-15,399.3990173339844,400.58144122653687,397.6549706592437,398.25601558992724,62896600
QQQ,2023-12-18,401.9146728515625,402.8131297549099,399.4661600981629,399.7919595715153,46610000
QQQ,2023-12-19,403.96832275390625,404.0867952971535,402.1812915891065,402.36888315936517,35711900
QQQ,2023-12-20,397.9654235839844,405.2616685175691,397.78771478214475,403.16857339274765,54042400
QQQ,2023-12-21,402.5959167480469,402.96124723744623,399.3378015199468,401.8949341636447,45568900
QQQ,2023-12-22,403.1982727050781,404.76809436475725,401.3223868927144,403.8104010104473,34314000
QQQ,2023-12-26,405.6665344238281,406.3378989802427,403.9584747640765,404.05721193539733,22722500
QQQ,2023-12-27,406.4923400878906,406.77881943678676,405.08960720527585,405.9490452519644,31980500
QQQ,2023-12-28,406.29473876953125,407.8950497629961,405.93913420178313,407.6480920977712,27029200
QQQ,2023-12-29,404.536376953125,406.630603150487,402.61998317509017,406.27496845803023,42662100
QQQ,2024-01-02,397.69073486328125,401.1481421130462,395.369326823485,400.90118445234873,58026900
QQQ,2024-01-03,393.4825744628906,396.12009559564825,393.04795670596747,395.06310955186376,47002800
QQQ,2024-01-04,391.45751953125,394.7272364938344,391.2401955875345,391.61557604906113,39432800
QQQ,2024-01-05,391.92181396484375,394.6976157049845,390.52896911808637,391.6254768256185,44922800
QQQ,2024-01-08,400.02203369140625,400.30848287458235,392.99854209536767,393.14671066359654,42473800
QQQ,2024-01-09,400.81231689453125,401.74088018825046,396.82147232234684,397.01905052593867,39132900
QQQ,2024-01-10,403.52886962890625,404.5364461618828,400.23940642845145,401.1284480923958,33962800
QQQ,2024-01-11,404.36846923828125,406.195961909604,399.3206391076395,404.80311712160767,54536200
QQQ,2024-01-12,404.575927734375,406.24536398225337,403.18308286889186,405.40570188156073,39595000
QQQ,2024-01-16,404.536376953125,406.11691194429363,401.87911022418587,403.3411103666014,43903000
QQQ,2024-01-17,402.2545166015625,402.62989707760573,398.0167447545256,401.22719441535935,54386000
QQQ,2024-01-18,407.96417236328125,408.54698883190395,404.1807942207987,405.5242294407698,59562500
QQQ,2024-01-19,416.0544738769531,416.21253038631954,409.58419567643597,410.1670120974889,70325100
QQQ,2024-01-22,416.597900390625,419.5613928351131,415.99530791755296,418.25744892444936,44880600
QQQ,2024-01-23,418.3265380859375,418.5438620366408,415.4519472523529,417.28929780686303,33003800
QQQ,2024-01-24,420.64794921875,424.6190480726647,420.1540338505478,422.23837238038595,46948000
QQQ,2024-01-25,421.1615905761719,423.8188573538376,418.820436831776,423.14710962158966,44367200
QQQ,2024-01-26,418.65252685546875,421.02331450792843,418.0005549754572,419.274865020307,37137000
QQQ,2024-01-29,422.9396667480469,423.137244927174,418.4549073684011,419.1068791840833,38694700
QQQ,2024-01-30,420.1243591308594,422.47540087743624,419.2155718239364,421.90247237056735,36739000
QQQ,2024-01-31,411.895751953125,417.7239468242111,411.7179496692199,415.72853974147705,64010600
QQQ,2024-02-01,416.74603271484375,417.23994807927374,412.72555441329524,413.6936393802105,51008600
QQQ,2024-02-02,423.7892761230469,425.00428864171005,417.64496770412137,418.64265625377294,59602400
QQQ,2024-02-05,423.2360534667969,424.38191049056013,419.8280256705213,423.8485036455597,39889200
QQQ,2024-02-06,422.38653564453125,424.98453527196295,420.04538165211596,424.38194285431695,35846100
QQQ,2024-02-07,426.7329406738281,427.5627147786143,423.8682378997858,425.1721815556776,37712700
QQQ,2024-02-08,427.52325439453125,428.28387317609645,426.1699311674683,426.8515066116603,29889900
QQQ,2024-02-09,431.73138427734375,432.52166690474706,427.86899286829663,428.65924534950017,36943900
QQQ,2024-02-12,430.0422058105469,433.7959804927143,429.3606002277538,431.6227409321858,33203300
QQQ,2024-02-13,423.3348388671875,426.0217396052204,420.15402277397357,422.08030471765994,64491700
QQQ,2024-02-14,427.9479675292969,428.3727274460472,423.6607864050378,426.01182802232114,45092700
QQQ,2024-02-15,429.2222900390625,429.68657163381835,426.0809657732135,428.63947359393467,38796100
QQQ,2024-02-16,425.3302307128906,429.6964251039184,424.6189914716384,429.5976661604037,53716500
QQQ,2024-02-20,422.11981201171875,424.8462041800542,418.34629159155463,423.3348244505183,53999500
QQQ,2024-02-21,420.43060302734375,420.51953431757676,416.49905619784107,419.3835049137998,49779000
QQQ,2024-02-22,432.73895263671875,433.7761626949603,428.43199559983816,429.20250225212544,53887800
QQQ,2024-02-23,431.4646911621094,435.22832371062657,430.48674841765705,434.29976044260496,39853900
QQQ,2024-02-26,431.2374572753906,433.26252819127274,431.0497670405967,432.27469754338847,33043200
QQQ,2024-02-27,432.27471923828125,432.6599575342669,429.7359871107177,432.34387462219166,33713200
QQQ,2024-02-28,429.9730224609375,431.35600944379297,429.0148255551466,430.13107897744095,32938800
QQQ,2024-02-29,433.6576232910156,434.73435500237224,429.7260467420334,432.8970045993775,42495200
QQQ,2024-03-01,440.1872253417969,441.1454223300951,434.487453034906,434.5467204654234,43853000
QQQ,2024-03-04,438.6165771484375,440.6120144586767,438.369619473107,440.1872243459957,34325700
QQQ,2024-03-05,430.7435607910156,435.5839552943135,428.37277316164136,435.5740673406185,57917100
QQQ,2024-03-06,433.4502258300781,436.61126586958386,431.5733535962779,434.9616055413098,46234500
QQQ,2024-03-07,440.0291748046875,441.2837088767111,435.4950055955854,437.0360491430509,44526700
QQQ,2024-03-08,433.6774597167969,443.18041717681746,433.0057420191099,440.3848391776564,72096000
QQQ,2024-03-11,432.0672912597656,433.32182541621614,430.14100930544924,432.18582612227107,45860000
QQQ,2024-03-12,438.2609558105469,438.6165603792511,431.14856297446795,434.3787885378619,55300900
QQQ,2024-03-13,434.8924560546875,437.28301956013377,433.7762025649882,437.26324365300286,37928700
QQQ,2024-03-14,433.79595947265625,436.6507743314446,431.0794252267283,436.12722530080464,52195200
QQQ,2024-03-15,428.6395568847656,433.5293012899479,427.4738936218068,430.7633870898168,73069800
QQQ,2024-03-18,432.7276306152344,436.2489556354407,432.4902172279187,433.96405176519625,47323800
QQQ,2024-03-19,433.8057556152344,434.2113053461235,428.6226579939233,430.71965347253405,43004100
QQQ,2024-03-20,438.94921875,439.28552163345245,433.30125617856413,435.0025726505381,43653500
QQQ,2024-03-21,441.0264892578125,444.45879569880725,440.82867997846824,444.0038011516447,39345700
QQQ,2024-03-22,441.5309143066406,442.62884172673427,439.6614311607801,440.51210455310553,28253900
QQQ,2024-03-25,439.9284973144531,441.4122025295857,437.73261238861454,438.7316200402831,27789200
QQQ,2024-03-26,438.50421142578125,442.37174062409974,438.2766990543278,441.4518202950507,34142000
QQQ,2024-03-27,439.9977722167969,441.6892181200022,437.1292811248904,441.59029838868184,41359200
QQQ,2024-03-28,439.1866455078125,440.79894334096645,438.83054055878017,439.94826998598796,36839600
QQQ,2024-04-01,440.1164245605469,442.668384183983,438.2073676240903,440.1361964292656,38729000
QQQ,2024-04-02,436.3181457519531,436.63467679175466,433.2716175055322,435.2993359937669,44259700
QQQ,2024-04-03,437.29742431640625,439.17677836679945,434.18164915574613,434.19151999810595,39949800
QQQ,2024-04-04,430.61083984375,442.09473456067286,430.38332749747076,441.48144434714544,57267700
QQQ,2024-04-05,435.68511962890625,438.35580126025417,431.22410267243185,432.03520215289296,54744600
QQQ,2024-04-08,435.8136901855469,437.6930441117525,434.42890467076694,436.6148885971717,28144900
QQQ,2024-04-09,437.4259948730469,438.4250025532192,432.68802096544243,438.14804544593466,39443600
QQQ,2024-04-10,433.6079406738281,434.46848495231853,431.54064816251855,432.2528279423145,61502200
QQQ,2024-04-11,440.5318603515625,441.48142324592834,433.20235289872653,435.47738569459614,45474600
QQQ,2024-04-12,433.5090026855469,437.43587724458433,432.1341181408084,436.3082769159413,53665000
QQQ,2024-04-15,426.3773498535156,437.3468744561604,425.5365774509986,437.2578557574557,63453600
QQQ,2024-04-16,426.41693115234375,429.04803897510334,425.0321455051185,426.21909169442733,47619000
QQQ,2024-04-17,421.2140197753906,428.41493461701685,420.2842287497744,428.39516274759995,56880500
QQQ,2024-04-18,418.81048583984375,423.5880040974066,418.23676949612997,421.8570144092069,46549400
QQQ,2024-04-19,410.1455993652344,418.1576140935352,408.58277638390166,417.63337275699286,75231000
QQQ,2024-04-22,414.27032470703125,416.6046733073807,409.44333179355846,412.77671832487005,47807700
QQQ,2024-04-23,420.452392578125,421.6492396704174,414.31973225972354,416.19908616824654,44384700
QQQ,2024-04-24,421.87677001953125,425.06179190259485,419.5918662975575,423.5484137206893,48440300
QQQ,2024-04-25,419.8391418457031,420.6996860627022,413.59769082942586,414.6857171994804,57392200
QQQ,2024-04-26,426.3179931640625,427.85114324602824,422.28232799555997,422.9747056964863,41874900
QQQ,2024-04-29,428.04901123046875,429.0480492004489,425.3091127708003,428.42488809783015,30022200
QQQ,2024-04-30,419.9776306152344,427.86105287563,419.89851294550385,426.4663662313873,43665900
QQQ,2024-05-01,416.94097900390625,425.4673645155584,416.09033575149846,418.5532769953046,52251700
QQQ,2024-05-02,422.2624816894531,423.1625997737883,416.0606049995212,420.6798568179414,36559000
QQQ,2024-05-03,430.74932861328125,431.73846546858186,427.92038151036974,429.7206178316715,48515300
QQQ,2024-05-06,435.467529296875,435.55654799740194,431.7780377160311,432.5495633066614,30227200
QQQ,2024-05-07,435.5367736816406,437.1688435542686,434.80479183797706,435.9126505391316,30996100
QQQ,2024-05-08,435.27960205078125,436.6841897959982,432.79685865672997,432.9155804465462,24896700
QQQ,2024-05-09,436.2291259765625,436.8028422580396,433.69693803654405,435.54661913008255,24580100
QQQ,2024-05-10,437.2578430175781,439.4834009785405,435.71479191286244,437.73263958289897,27116600
QQQ,2024-05-13,438.2667541503906,439.26579205563456,436.85229566102873,439.16687233072867,22994200
QQQ,2024-05-14,441.0857849121094,441.6199272591331,437.65347886134185,437.8414172762935,34478300
QQQ,2024-05-15,447.9801025390625,448.22738676768705,442.04528105207277,443.5586593238126,41464700
QQQ,2024-05-16,447.0700988769531,449.75065137557704,446.90193232511433,447.7921494818684,34780400
QQQ,2024-05-17,446.8525085449219,447.80207154432486,444.65662335588394,447.1986823210974,35803700
QQQ,2024-05-20,449.9682312011719,450.6309359616545,446.88212917453916,447.07006758388434,24474200
QQQ,2024-05-21,450.8485412597656,451.0364796666063,447.92070478454946,448.11854421892684,23167700
QQQ,2024-05-22,450.7595520019531,451.85750961813636,448.15811721893635,451.1057559416888,25120000
QQQ,2024-05-23,448.73187255859375,455.5766833514374,446.94153709318385,455.54701045036677,40899200
QQQ,2024-05-24,452.9752197265625,454.24131365132826,448.64279561626796,450.34411215761514,29669500
QQQ,2024-05-28,454.68646240234375,454.74580820399797,451.72895260433864,454.1918939311823,26216800
QQQ,2024-05-29,451.48162841796875,453.26206268217703,450.3935718404809,450.53206548946173,29739200
QQQ,2024-05-30,446.6447448730469,450.69034126496246,445.31930507978444,450.5518476128299,30536800
QQQ,2024-05-31,445.8138732910156,447.5646648820336,438.2469822206981,446.8722569938479,55941300
QQQ,2024-06-03,448.20758056640625,450.63094770967405,443.03438403283286,449.63194002907153,32997500
QQQ,2024-06-04,449.43414306640625,450.63099030230364,446.22934906552973,447.9504376680651,23767400
QQQ,2024-06-05,458.4946594238281,458.5737770997196,449.47373506895633,453.00496130365275,33817400
QQQ,2024-06-06,458.33636474609375,459.4936682116241,457.1691904379951,459.1771371560527,21966800
QQQ,2024-06-07,457.9307861328125,460.6805853594163,456.82295769418954,457.9703600587807,25829700
QQQ,2024-06-10,459.7804870605469,460.1365920375163,456.5163473996493,456.8032055496993,20660800
QQQ,2024-06-11,462.9358215332031,463.0545433124852,457.0109014117994,458.50450772730306,22053300
QQQ,2024-06-12,468.9992370605469,471.32371472336234,466.17032012465427,466.86269781638856,34532600
QQQ,2024-06-13,471.54132080078125,473.1931926237643,469.26631811797995,472.530457651749,25859000
QQQ,2024-06-14,473.98455810546875,474.0538049396366,470.8786534580396,471.34354905220687,23372600
QQQ,2024-06-17,479.7907409667969,481.5711753074278,472.94593054199913,474.25156830496593,37054500
QQQ,2024-06-18,479.9390869140625,480.6215937616727,478.1784245124455,479.7412776538949,24438600
QQQ,2024-06-20,476.23974609375,481.55140643530837,474.4098367852232,481.13598584006996,33918700
QQQ,2024-06-21,474.9637451171875,477.2981238769037,473.4701689381695,475.96278303672466,37456800
QQQ,2024-06-24,469.5564880371094,475.47102271790493,469.4178044814247,473.7372817505667,37751000
QQQ,2024-06-25,474.9261474609375,475.2233481062476,470.7057168932737,471.6469026601613,29014700
QQQ,2024-06-26,475.90692138671875,476.45182952740066,473.6877426969305,474.10382358424476,22737100
QQQ,2024-06-27,477.1353454589844,478.6115224234326,474.8468100949917,475.6591987285754,26222100
QQQ,2024-06-28,474.6585998535156,482.67346269795496,474.0146450158968,477.92795786872324,34881600
QQQ,2024-07-01,477.4425048828125,478.00718604712443,471.83508819375936,475.5799670851858,24898300
QQQ,2024-07-02,482.45550537109375,482.51494549553286,475.8177426243462,475.94653963864454,26723600
QQQ,2024-07-03,486.4778137207031,486.6066107434774,481.70258851623953,481.70258851623953,18064900
QQQ,2024-07-05,491.5501708984375,491.986085268142,487.0226236059382,487.31985444021234,28495900
QQQ,2024-07-08,492.7192687988281,493.27406348582525,490.89636765097424,491.91679683249146,22109400
QQQ,2024-07-09,493.1452331542969,495.3545252210374,491.6294495164821,494.2350191565913,25614500
QQQ,2024-07-10,498.2870178222656,498.84181247432565,493.7595004189231,495.0672133936126,28046900
QQQ,2024-07-11,487.3594970703125,498.6040508659988,486.1706643474196,498.3960104304496,49966600
QQQ,2024-07-12,490.22265625,494.97804756604864,487.4684863179307,487.934120777822,37109400
QQQ,2024-07-15,491.5403137207031,496.3551756664707,489.49945539424647,491.9960314409882,31151400
QQQ,2024-07-16,491.728515625,493.80901063185854,488.56815140505716,492.99662197224063,25950600
QQQ,2024-07-17,477.2939147949219,484.2585985960934,477.22458813542045,483.74344074557246,56268800
QQQ,2024-07-18,475.03509521484375,481.197307007146,471.8450107133488,481.0189866258677,49347400
QQQ,2024-07-19,470.8245849609375,477.2146707760449,469.53667521921534,474.69826118608114,42042900
QQQ,2024-07-22,477.83880615234375,478.85923528562404,473.2716216155166,476.6895800024484,40300000
QQQ,2024-07-23,476.154541015625,479.929139778085,475.67902005911884,476.93720956859266,23282500
QQQ,2024-07-24,459.07476806640625,469.7843305630981,458.2128560235188,469.4177730491382,58818600
QQQ,2024-07-25,454.01220703125,463.59237645887646,451.3967509671105,459.4115832282099,59256800
QQQ,2024-07-26,458.6685485839844,461.60103876896824,455.4982676790012,458.35151444667815,39992100
QQQ,2024-07-29,459.58990478515625,463.56265759959666,457.3310894463461,461.3830856787975,28218500
QQQ,2024-07-30,453.27911376953125,462.2252153474391,449.93051231846664,461.5218203822993,41317200
QQQ,2024-07-31,466.6933288574219,468.39734966717026,462.076620963173,463.5230477398301,44552100
QQQ,2024-08-01,455.38934326171875,471.1316949567563,451.74354107209894,467.3769292797384,56653900
QQQ,2024-08-02,444.5806884765625,449.35591337831903,440.340454930092,446.7008203668183,66323200
QQQ,2024-08-05,431.324951171875,438.18067041596953,419.51571740667526,420.7639901258256,87483500
QQQ,2024-08-06,435.44635009765625,442.91630484411263,430.5225248808415,433.16773136287384,63164400
QQQ,2024-08-07,430.73052978515625,444.8283293708516,430.334252242324,442.3416401709685,54929200
QQQ,2024-08-08,443.906982421875,444.81841775754043,433.08842699644043,436.96210275811563,47890100
QQQ,2024-08-09,446.2252197265625,447.8598834396681,441.4697986482107,442.5893045939609,33574000
QQQ,2024-08-12,447.1862487792969,450.1484591172227,444.3825252809175,447.19616554453364,27795000
QQQ,2024-08-13,458.2821960449219,458.5497068481307,451.4463093931689,451.5850231776538,40084500
QQQ,2024-08-14,458.4308166503906,460.78867882910635,454.1410294667669,459.203568511929,34733700
QQQ,2024-08-15,470.01220703125,470.4084846096922,464.02831582443696,464.4047901058715,38280600
QQQ,2024-08-16,470.6165771484375,471.9837606443562,467.2679753069078,468.2289644138909,38383600
QQQ,2024-08-19,476.79852294921875,476.838159775864,468.9719276760101,470.75522206656456,23737700
QQQ,2024-08-20,475.7979431152344,478.4530361414534,474.1038088531109,475.8871033026028,29209300
QQQ,2024-08-21,478.0170593261719,479.86968019015586,474.8666121809787,476.58051928225035,25658800
QQQ,2024-08-22,470.43817138671875,481.0288529409239,469.40782556843743,480.33534455218785,37739600
QQQ,2024-08-23,475.540283203125,478.25481597818435,470.86413587559946,474.7873347464949,36061500
QQQ,2024-08-26,470.92364501953125,475.91682719058724,468.8431499287544,474.9954750129997,27452600
QQQ,2024-08-27,472.3304443359375,473.400396779738,467.32734562030106,469.28896037364865,27510000
QQQ,2024-08-28,466.970703125,472.5880063433666,463.5428583776521,471.86480810777596,37372400
QQQ,2024-08-29,466.2871398925781,473.4895840302983,465.00911671200544,468.8827928484705,41081500
QQQ,2024-08-30,471.844970703125,472.4691222187162,466.13850734780476,470.62641796700854,33466500
QQQ,2024-09-03,457.51934814453125,468.9323056206166,455.1416524496019,468.8035388395337,44985200
QQQ,2024-09-04,456.3304443359375,460.13479338816336,453.4772278978257,454.4084967487091,32505100
QQQ,2024-09-05,456.7565002441406,461.0363402813741,453.6852962003829,454.70572529323357,34452400
QQQ,2024-09-06,444.521240234375,456.9348232587385,444.0258857158704,456.05307770346093,50624400
QQQ,2024-09-09,450.2376708984375,451.22838004635804,445.64079617378894,448.8506841381575,32981200
QQQ,2024-09-10,454.39862060546875,454.90389190042566,448.02836861259885,452.0010913798349,29680300
QQQ,2024-09-11,464.26611328125,465.0091451377414,447.08722038725296,455.63704512006154,57843000
QQQ,2024-09-12,468.8233337402344,469.635722410282,462.51252198450715,464.29578616525714,40067800
QQQ,2024-09-13,470.92364501953125,472.1025912298367,467.86235762577684,468.0902315957997,29111800
QQQ,2024-09-16,468.8431396484375,469.4573744200276,465.524288528779,468.79361628971213,22585600
QQQ,2024-09-17,469.0908203125,473.16265024621885,466.59424438062723,471.86482380417743,30084400
QQQ,2024-09-18,467.05987548828125,474.38119962315574,466.4555272479723,470.2895966560615,39909200
QQQ,2024-09-19,478.86907958984375,481.71243976811724,476.0257496456091,478.1260478524707,52782500
QQQ,2024-09-20,477.95770263671875,479.19608901693704,473.85615243309553,478.0072259983105,34577700
QQQ,2024-09-23,479.2245788574219,480.3158962480575,477.7959506872309,479.1352933813507,24843000
QQQ,2024-09-24,481.5362243652344,482.48863317779313,476.37731554372175,480.6334085092504,25952600
QQQ,2024-09-25,481.9826354980469,483.93707616737726,480.732578237264,480.91114919551086,26549900
QQQ,2024-09-26,485.6037902832031,489.80038938586057,481.96276544725106,489.47297902508933,32020200
QQQ,2024-09-27,482.9053039550781,486.7645925142839,481.7247009952947,486.6256838006488,22851100
QQQ,2024-09-30,484.2148742675781,484.55218506630086,479.10555878077656,481.9429538811356,30281100
QQQ,2024-10-01,477.46856689453125,484.1454193353246,473.62913982724353,483.8478010651969,42735400
QQQ,2024-10-02,478.1432189941406,480.05796717810114,473.9466197241842,476.5657513321326,23744000
QQQ,2024-10-03,477.7860107421875,480.722621801194,475.2065415805555,475.9506174766113,25337200
QQQ,2024-10-04,483.47076416015625,484.0263384101603,478.57971250941176,483.5997421604296,30686600
QQQ,2024-10-07,478.2920227050781,482.72671654095666,477.0717272577596,481.55604432247213,24975100
QQQ,2024-10-08,485.43511962890625,486.11967189958807,480.02818609243036,480.8317856664436,28272000
QQQ,2024-10-09,489.2547607421875,489.8301964636314,484.09585203525324,485.13754631242887,24995000
QQQ,2024-10-10,488.69915771484375,490.5643129343177,485.663330270901,486.972911204982,25750400
QQQ,2024-10-11,489.46307373046875,490.48496711592765,486.29829849674525,486.86377321706453,20644500
QQQ,2024-10-14,493.5703430175781,494.88982428126036,491.34804603599724,491.8539970558773,26060100
QQQ,2024-10-15,486.9728698730469,494.5624378387375,484.81999699247893,493.89771672699226,34784500
QQQ,2024-10-16,487.0324401855469,487.8062779684171,483.7188255626652,487.3002966300499,22996800
QQQ,2024-10-17,487.3697509765625,492.56835196515686,487.3102273222296,492.51875901205545,27210700
QQQ,2024-10-18,490.5643005371094,491.6556179545978,489.40352876657005,490.15753539620334,25335000
QQQ,2024-10-21,491.50677490234375,492.31037442782247,487.42922335035456,489.3539020420387,30336500
QQQ,2024-10-22,492.0425720214844,493.520823605862,488.0840973640778,488.8381040708334,26685800
QQQ,2024-10-23,484.5025329589844,490.3460236255654,481.2186803721017,489.69123319300365,39346600
QQQ,2024-10-24,488.4312744140625,489.1058959697234,485.5740180882913,488.2229113611023,22024900
QQQ,2024-10-25,491.4075927734375,496.32840643950317,490.52460813834386,491.22902181685464,38762100
QQQ,2024-10-28,491.4869384765625,494.58228943962433,491.189320221086,494.52276578852906,20477800
QQQ,2024-10-29,496.2093505859375,497.38995346166206,489.94919430030234,491.8044187402905,28014100
QQQ,2024-10-30,492.4591979980469,496.39784096909136,491.9730780990309,495.44543229548987,29756000
QQQ,2024-10-31,480.0281982421875,488.5404136876197,479.92898206139125,488.4908207354854,41245200
QQQ,2024-11-01,483.57989501953125,486.8736783677744,481.36752865476586,481.6651469129995,33655800
QQQ,2024-11-04,482.171142578125,485.5145189767317,480.4250346737851,482.97474217579787,23291600
QQQ,2024-11-05,488.3221130371094,488.9868341489813,483.6691560835817,483.75844155654505,24353600
QQQ,2024-11-06,501.5865478515625,502.4100088623021,495.6538016210877,496.6062103649232,43082200
QQQ,2024-11-07,509.483642578125,510.2674413018148,504.32473436097143,504.38425801250014,32853100
QQQ,2024-11-08,510.0789489746094,510.8527564586331,508.36257264354634,508.9876012725544,22924500
QQQ,2024-11-11,509.7813720703125,511.5076186893174,506.8844228762925,511.2992556117253,24167500
QQQ,2024-11-12,508.8586120605469,510.5947892022127,505.80295361288677,509.7118651333431,25835300
QQQ,2024-11-13,508.203857421875,510.9122744153452,505.9220366929146,508.35269682828596,24567400
QQQ,2024-11-14,504.6719970703125,508.739588052962,503.75925058094214,507.8665643683169,28679500
QQQ,2024-11-15,492.647705078125,499.35428866917067,490.58411760662926,498.9673849410941,51461100
QQQ,2024-11-18,496.0704650878906,498.17374520817333,492.80647371552027,494.1954094353085,27080800
QQQ,2024-11-19,499.4832763671875,499.96942655752554,493.1536656807539,493.49100674201975,24523000
QQQ,2024-11-20,499.19561767578125,499.50316665248994,492.6378124278811,499.1856869744266,29565500
QQQ,2024-11-21,500.9913024902344,502.95564359753246,493.6298978588017,502.24132948309835,34526700
QQQ,2024-11-22,501.79486083984375,502.52900601947925,498.80862662020473,500.43568707688615,23826600
QQQ,2024-11-25,502.5885314941406,507.41015895691515,500.2769490739955,505.8723839670451,26375200
QQQ,2024-11-26,505.28704833984375,506.11050927210346,503.22349121211295,504.0667529918503,26557100
QQQ,2024-11-27,501.3087158203125,504.2254957213914,497.9653396767726,504.15607164871835,24957400
QQQ,2024-11-29,505.7136535644531,506.308920336892,501.31865253598164,501.93375043277575,15334000
QQQ,2024-12-02,511.21978759765625,512.18215721545,506.58669211119974,506.97362609834516,25147200
QQQ,2024-12-03,512.787353515625,513.0651709231122,509.31499924035353,509.890434903682,18597900
QQQ,2024-12-04,519.1268920898438,519.3848480945504,515.4957677287545,516.2101120920232,26086200
QQQ,2024-12-05,517.6882934570312,519.9006596223231,517.3013594796879,519.1764451670765,18169600
QQQ,2024-12-06,522.3214111328125,522.5595057281002,518.2240284052577,518.3530064032137,23762600
QQQ,2024-12-09,518.2538452148438,522.1924580312864,517.102973878682,521.3987891581372,20674400
QQQ,2024-12-10,516.4879150390625,521.2301883413037,515.0592867380795,519.4840803564292,24350000
QQQ,2024-12-11,525.7341918945312,526.418744067759,520.4463366907022,520.8530714936718,32168600
QQQ,2024-12-12,522.3412475585938,524.7818381497026,521.8650583907863,523.5119196314856,23577500
QQQ,2024-12-13,526.339599609375,528.9587013587017,523.1350708211727,526.2701452430541,28780400
QQQ,2024-12-16,533.9190673828125,534.8913677012594,528.7899213110657,528.8693063591745,31979900
QQQ,2024-12-17,531.5678100585938,533.234532805748,529.911018011913,532.1233843076452,28579100
QQQ,2024-12-18,512.3904418945312,532.6392598813255,510.9420129976954,530.922944302232,54703200
QQQ,2024-12-19,510.1086730957031,517.6387480839205,509.7713925868022,517.0732431157651,46441800
QQQ,2024-12-20,514.563232421875,520.674610325421,505.2672783831969,506.4081888202465,60530000
QQQ,2024-12-23,519.576416015625,519.9540272324169,512.8788812504641,516.2773215508976,29672800
QQQ,2024-12-24,526.6218872070312,526.7112863468017,520.8882121206394,521.5241954175411,17558200
QQQ,2024-12-26,526.2639770507812,527.8936610974116,522.994722895012,524.9920714258506,19090500
QQQ,2024-12-27,519.2683715820312,523.1338828752066,514.5979649367405,522.6966520264838,33839600
QQQ,2024-12-30,512.3621215820312,516.088500066774,508.60593328242436,512.2627757493814,34584000
QQQ,2024-12-31,508.009765625,514.3992253569596,507.04587445625845,513.6440635547258,29117000
QQQ,2025-01-02,507.01611328125,513.3857408470585,502.52456498862887,511.0604536321022,36389800
QQQ,2025-01-03,515.3135375976562,516.37680506136,509.3016580240605,510.1164395600479,29059500
QQQ,2025-01-06,521.2359008789062,524.5946151120777,518.7417623146622,520.7192176012078,36109700
QQQ,2025-01-07,511.9348449707031,522.676749747613,510.0468495678178,522.2793057604914,36690300
QQQ,2025-01-08,512.0242919921875,513.6638621182858,507.35388554228564,511.8354863915311,30777800
QQQ,2025-01-10,503.9952392578125,508.35757110922964,500.74584773317105,508.2582252642564,40532500
QQQ,2025-01-13,502.37548828125,502.83258226211484,496.5524148250259,498.04296636403393,31694200
QQQ,2025-01-14,501.8984680175781,506.94648588143957,498.4304613679452,505.53541717372644,33737200
QQQ,2025-01-15,513.4453125,514.5880322454942,508.2382987029594,509.79844685715614,34957600
QQQ,2025-01-16,509.84814453125,515.7904573182853,509.71895854451463,515.7109442532102,28229000
QQQ,2025-01-17,518.4535522460938,520.768892568159,509.8779077274795,519.5565458046289,51837900
QQQ,2025-01-21,521.4942626953125,522.6568758608805,516.7841297495139,521.1762711033113,23628000
QQQ,2025-01-22,528.1620483398438,530.4574953112844,525.926221004647,526.2342659003573,33593000
QQQ,2025-01-23,529.2848510742188,529.4040903277174,525.121241962605,525.7074915171922,23096600
QQQ,2025-01-24,526.2938842773438,530.427653898665,524.8232261530454,529.6625453438141,19878300
QQQ,2025-01-27,510.9710388183594,514.7271972494635,506.9365846555357,507.7812366132107,60771700
QQQ,2025-01-28,518.5231323242188,519.7056389765987,508.5563122008364,511.9746158466005,33194200
QQQ,2025-01-29,517.54931640625,519.2982398960235,513.6440786970315,519.1690539120722,26649000
QQQ,2025-01-30,519.7553100585938,522.7860860608997,514.9458310521527,520.4111867008249,27431300
QQQ,2025-01-31,519.0000610351562,528.1719622881295,517.9070142215932,523.6009014071057,38755200
QQQ,2025-02-03,514.8463745117188,517.5691053570011,507.8308483688725,510.23558763833256,40580800
QQQ,2025-02-04,521.1663208007812,521.8023039804046,514.9656364261884,515.3631410761267,26046800
QQQ,2025-02-05,523.5313720703125,523.6903982021383,517.3406339590531,518.533087344952,21134100
QQQ,2025-02-06,526.2639770507812,526.472676075882,522.4283060989018,524.038096719135,19434500
QQQ,2025-02-07,519.6260986328125,528.748266336267,518.9007163268166,526.8006512350846,29605500
QQQ,2025-02-10,525.9161987304688,527.0191921678618,523.4319464927245,523.8989568010895,20852800
QQQ,2025-02-11,524.6642456054688,526.5820814924964,522.5178778686476,522.6470638665404,19325500
QQQ,2025-02-12,524.9722290039062,525.8566374548477,518.6622518801204,519.0100229717194,25009400
QQQ,2025-02-13,532.5243530273438,532.8422839525621,525.856597948036,526.6415998490472,28714800
QQQ,2025-02-14,534.76025390625,535.445910069072,532.2958340155867,532.6337190649526,17862600
QQQ,2025-02-18,535.9725341796875,536.5985706975572,532.6634926781901,536.3302520039847,20565000
QQQ,2025-02-19,536.1216430664062,537.4034956659445,533.0809200913482,535.177614880373,19666900
QQQ,2025-02-20,533.8460083007812,535.7042244561445,529.1060954227281,535.3365599110106,26550800
QQQ,2025-02-21,522.7662963867188,535.0087013272569,522.3986318284577,534.9888078968528,47093800
QQQ,2025-02-24,516.5953369140625,525.7373982954535,516.2575125365582,524.5548916727963,39268400
QQQ,2025-02-25,510.08660888671875,516.048814936847,506.2310441222468,515.9693018739836,48940000
QQQ,2025-02-26,511.3187255859375,516.3865758453701,508.1488173328768,512.2826469839265,34457600
QQQ,2025-02-27,497.1187744140625,515.8003708854543,496.90015898717843,514.8662895456173,52448000
QQQ,2025-02-28,504.9690856933594,505.5752287894212,493.7998650539851,496.97972060565854,47654000
QQQ,2025-03-03,493.9190673828125,509.80833658708485,490.4709237175102,508.29792199196845,44587200
QQQ,2025-03-04,492.42852783203125,500.5669416036149,484.6677252997208,491.0671622880661,67875400
QQQ,2025-03-05,498.84783935546875,500.4576300932126,488.1655538058739,493.07443907980854,46323700
QQQ,2025-03-06,485.1248474121094,495.43943846939203,483.1374453830968,490.58025627763743,57574300
QQQ,2025-03-07,488.6922302246094,490.172835031535,477.5031471015196,484.0913896771833,54714700
QQQ,2025-03-10,469.7522888183594,480.92147845342646,465.7079184343633,480.4047648459635,76668000
QQQ,2025-03-11,468.62939453125,475.7939702022416,464.0683106107926,469.37467027626616,68760800
QQQ,2025-03-12,473.9159240722656,478.02983070184774,468.8182327695673,476.14180474816123,46971100
QQQ,2025-03-13,465.3899230957031,473.2799114684233,463.4919505450515,473.2501016514119,46563300
QQQ,2025-03-14,476.638671875,477.5329967973217,470.13985820885455,470.7460316472692,43563000
QQQ,2025-03-17,479.72900390625,482.77967314656735,474.7903088976975,476.5889052181335,41744400
QQQ,2025-03-18,471.5509033203125,476.5889445811857,469.4343152382102,476.3902225670012,39072300
QQQ,2025-03-19,477.86090087890625,482.27290553437547,471.8788012950444,473.80658371122826,40430300
QQQ,2025-03-20,476.2411804199219,481.4978372007988,473.18056416842603,473.87616704158864,36780500
QQQ,2025-03-21,477.8111572265625,478.5762960346407,469.9311160359985,471.09372915573624,42234900
QQQ,2025-03-24,488.2964172363281,489.14232872672443,482.06656292253706,485.3904699726368,34567200
QQQ,2025-03-25,491.08294677734375,491.2421796862816,488.05761261924056,489.022941249908,26035200
QQQ,2025-03-26,482.0466613769531,490.7843653609929,480.49417860042263,489.92849233925097,34627100
QQQ,2025-03-27,479.29998779296875,484.2360865180512,477.9365920668743,480.08619079487124,33469800
QQQ,2025-03-28,466.68109130859375,478.2052964153207,465.79536391222956,477.49872503017417,46363800
QQQ,2025-03-31,466.6611633300781,467.5966072840796,455.12696717610356,459.6948832614754,53000300
QQQ,2025-04-01,470.4229736328125,471.3484864500327,462.18286035410387,465.04896162318204,41156200
QQQ,2025-04-02,473.8562927246094,477.2498697785152,463.61585302345657,463.8746102747231,49894500
QQQ,2025-04-03,448.4891357421875,457.85381060895133,447.9716515602276,454.24129177123984,70456300
QQQ,2025-04-04,420.63397216796875,438.24869137872236,420.63397216796875,436.0294529358994,117088400
QQQ,2025-04-07,421.6490478515625,441.0053675205171,400.4516641030583,406.6914499899583,161557000
QQQ,2025-04-08,414.0557861328125,441.0053554988176,407.81600041600757,436.0493338288811,101248100
QQQ,2025-04-09,463.7552185058594,465.5763897991723,413.4288133631856,413.56815354318593,142876900
QQQ,2025-04-10,444.03070068359375,453.3953754518723,430.5459844866977,451.3751553721857,108384100
QQQ,2025-04-11,452.2110900878906,453.5944088551687,439.2040426870755,442.50805710466096,52483800
QQQ,2025-04-14,455.2762756347656,462.80978696729005,450.4496325846052,462.2226327115798,43941200
QQQ,2025-04-15,455.7837829589844,460.152650240748,453.9526501626425,456.33115174787315,35404200
QQQ,2025-04-16,442.0403137207031,450.43965945558847,435.6512567922465,446.8669566467618,48980600
QQQ,2025-04-17,441.9607238769531,445.59313532137156,439.2339021288606,445.0159426129849,44837000
QQQ,2025-04-21,431.0236511230469,436.96489424924215,425.86861099139634,436.1190130809314,44149300
QQQ,2025-04-22,442.33892822265625,445.42397106891866,435.5119573980011,436.7061890853483,52304400
QQQ,2025-04-23,452.3703308105469,461.14785116525866,450.6984308488603,455.9629568263105,55801100
QQQ,2025-04-24,465.0987243652344,465.4072286279397,453.6341981671536,454.28109133466916,45956100
QQQ,2025-04-25,470.2835998535156,470.8110455432342,463.1481559071448,464.72053142933055,38697100
QQQ,2025-04-28,470.1343688964844,472.5228018406058,463.7850969803822,470.75137745023704,33550800
QQQ,2025-04-29,473.23931884765625,474.1250461983433,467.32793004665405,467.9051531308386,30613100
QQQ,2025-04-30,473.1795959472656,474.90127322951986,460.2024029412006,464.87977453427817,46810600
QQQ,2025-05-01,479.35968017578125,484.83318599096134,478.4242058431775,481.08135748377987,43316500
QQQ,2025-05-02,486.4752502441406,488.54524771174533,482.49451859013254,484.19630323903306,39218100
QQQ,2025-05-05,483.5892028808594,486.6742758401759,481.768031598775,482.26562303187217,28309500
QQQ,2025-05-06,479.09100341796875,482.71345338039805,475.88651326591844,477.2499089792982,32786300
QQQ,2025-05-07,480.9718933105469,483.4598506116992,474.4833116025476,479.7577689327616,38006300
QQQ,2025-05-08,485.9378967285156,490.3266572327833,481.83774778681624,486.17673092066934,39577600
QQQ,2025-05-09,485.619384765625,489.172194889319,483.8579220246552,487.8485846688506,27767400
QQQ,2025-05-12,505.4036560058594,505.44347182673556,499.0643456144565,504.5477828951714,45090600
QQQ,2025-05-13,513.1063842773438,514.8977013705513,505.97090943590337,506.707335072133,53269600
QQQ,2025-05-14,516.1814575195312,516.7287959644325,513.2655789214306,514.2806849131285,47014500
QQQ,2025-05-15,516.7486572265625,519.4157397813761,512.6882944867682,514.0318276811001,50153300
QQQ,2025-05-16,518.9978637695312,519.1869509574169,514.6090729974479,518.1519218274547,48394600
QQQ,2025-05-19,519.4954833984375,520.0129979914711,511.7628921130437,511.7628921130437,52536200
QQQ,2025-05-20,517.7637939453125,518.4205878915068,514.171137741155,516.967599082951,42517600
QQQ,2025-05-21,510.568603515625,520.4806468794133,508.77728647765286,513.7830855259509,71292800
QQQ,2025-05-22,511.5240783691406,515.2162292841061,509.8322550667711,511.185689412206,55607200
QQQ,2025-05-23,506.7868957519531,509.3743771897922,503.1445229416255,503.7416387150606,58368100
QQQ,2025-05-27,518.709228515625,519.1969191841325,512.1112214329714,513.6637044067394,47226300
QQQ,2025-05-28,516.4102172851562,521.1572581016201,515.8927635959934,519.6644840829716,46637200
QQQ,2025-05-29,517.4254150390625,523.943850597734,514.8280023627366,523.7946096140164,58513300
QQQ,2025-05-30,516.609375,518.1718194248762,509.46396914496165,516.937802360934,67662800
QQQ,2025-06-02,520.6896362304688,520.9284703937832,513.4844614373544,514.7483630828904,44762800
QQQ,2025-06-03,524.7599487304688,526.1930145844751,520.1721699845227,521.0379742774489,44070300
QQQ,2025-06-04,526.2228393554688,527.2876922621837,523.4362788655679,525.4664906934179,41359300
QQQ,2025-06-05,522.261962890625,530.4821825867151,520.1422186545674,527.6260127928042,61031200
QQQ,2025-06-06,527.3673095703125,529.2382582965394,525.6655856720602,527.4469412104685,42467000
QQQ,2025-06-09,528.1435546875,529.7855699578893,526.4616932284755,527.5862547168781,33688700
QQQ,2025-06-10,531.6366577148438,532.3233363181573,526.342277608641,528.6112629449328,40664800
QQQ,2025-06-11,529.84521484375,534.1942192909098,527.5563066944417,533.0397732997268,53701000
QQQ,2025-06-12,531.0892333984375,532.0645538594068,528.282871317245,528.5316670205602,34104900
QQQ,2025-06-13,524.421630859375,529.3079524332428,523.197514523019,525.1381334298933,55814400
QQQ,2025-06-16,531.7162475585938,532.7910620936354,527.8947792535579,527.9445262501218,37622100
QQQ,2025-06-17,526.5313720703125,530.7608992855103,525.366964373918,529.1487078886557,42180900
QQQ,2025-06-18,526.4417724609375,529.9846210200801,524.8594657253662,527.5464108599048,43983500
QQQ,2025-06-20,524.292236328125,530.989797962704,522.3516174800588,529.6960723110417,61643500
QQQ,2025-06-23,529.6832275390625,530.2012624901581,521.7128229011945,524.8611059770333,50666100
QQQ,2025-06-24,537.783203125,538.6997827118523,534.2861780549605,534.90387960364,45442000
QQQ,2025-06-25,539.157958984375,541.3000294115662,537.3845756916884,540.0546537700266,44804200
QQQ,2025-06-26,544.1992797851562,544.6476272131085,539.5167156535897,541.339901952907,43811400
QQQ,2025-06-27,546.0623779296875,547.9553124291843,542.5254624415982,545.2354314727291,57577100
QQQ,2025-06-30,549.5992431640625,550.7549250315776,546.9789678853869,549.2206440950201,45548700
QQQ,2025-07-01,544.9664306640625,548.6727003482655,542.6450333450836,547.6962844543337,56166700
QQQ,2025-07-02,548.7623291015625,548.9616013728256,544.099649838931,544.1394799694398,36538300
QQQ,2025-07-03,554.1622924804688,555.1387084222483,551.1335605372531,551.1335605372531,26443500
QQQ,2025-07-07,549.9878540039062,552.2893059767699,547.5469053516296,551.4723321808171,45349300
QQQ,2025-07-08,550.2966918945312,551.9604968449189,549.0612280892235,551.3328226115977,36153300
QQQ,2025-07-09,554.1921997070312,555.5670993773455,551.0538285444961,552.4287282148103,43045500
QQQ,2025-07-10,553.3952026367188,555.2383344969288,550.7051787469096,554.8298779906593,34710900
QQQ,2025-07-11,552.1497802734375,553.733864104168,550.0077097543851,551.2530854493318,39618600
QQQ,2025-07-14,554.1524047851562,554.8896575344722,549.5893307950605,551.9405857278426,36453300
QQQ,2025-07-15,554.660400390625,558.7253235687808,554.6006247913591,558.177370440617,43277700
QQQ,2025-07-16,555.2283325195312,558.1375740177878,549.519549612121,555.2184205935204,52314700
QQQ,2025-07-17,559.7216186523438,560.229741645841,555.1486333295833,555.9556343165032,40423800
QQQ,2025-07-18,559.1836547851562,562.6407884950407,557.9083608963978,561.0367592084838,50484700
QQQ,2025-07-21,562.0828857421875,563.9659084478778,559.9807060956166,560.0106243017523,39595200
QQQ,2025-07-22,559.1737060546875,562.2622135594852,556.5434579032301,562.212410691865,43270600
QQQ,2025-07-23,561.7242431640625,561.7640732969975,557.5099110527195,560.2597104593184,40215300
QQQ,2025-07-24,562.9197387695312,564.1451688896942,561.2060703387892,563.0392899612859,42275500
QQQ,2025-07-25,564.2747192382812,565.5998159531918,562.1825124752501,562.8400440606903,30630800
QQQ,2025-07-28,566.0382690429688,566.9349031473512,564.7729477514129,565.639724456999,31498700
QQQ,2025-07-29,565.1614990234375,569.9935327032099,564.434219030358,568.6485511909246,45463300
QQQ,2025-07-30,565.9186401367188,568.508997161805,562.9595959750744,566.0780214636062,43433800
QQQ,2025-07-31,562.9197387695312,572.5041444344463,561.7839416385068,572.4144506359528,64613600
QQQ,2025-08-01,551.8309936523438,556.951993446216,549.6391201209816,556.7626938955674,69400800
QQQ,2025-08-04,562.0131225585938,562.2323403030458,556.8822111512052,556.9818168836358,47669800
QQQ,2025-08-05,558.1973266601562,564.4640352064246,557.6592854470431,563.2983805936119,48666600
QQQ,2025-08-06,565.2212524414062,565.6596271290572,558.5559991276681,559.0342039471559,41823700
QQQ,2025-08-07,567.1340942382812,571.1990173575662,563.0193682552224,569.5550971875249,44463000
QQQ,2025-08-08,572.4244995117188,572.6437172653317,568.0408133424522,568.3396913615944,35255500
QQQ,2025-08-11,570.730712890625,574.6661119984625,569.4554798808987,572.5639325532171,33112900
QQQ,2025-08-12,577.9041137695312,578.2029917684722,570.372084149425,573.0321895540377,42143300
QQQ,2025-08-13,578.193115234375,581.1620715545174,576.7982700747931,580.6041456525571,41209300
QQQ,2025-08-14,577.7447509765625,579.7273793774012,575.7720345015408,576.1407216563158,45425000
QQQ,2025-08-15,575.2042236328125,577.6949751695009,573.4407520858407,577.6550842269212,49480200
QQQ,2025-08-18,574.9750366210938,575.6326290840033,573.1119593251236,574.3075322318431,29831000
QQQ,2025-08-19,567.1740112304688,574.4270476767487,566.1477924665415,574.2576936083949,53752600
QQQ,2025-08-20,563.8065185546875,566.3470728538312,556.7726389420532,566.2275216498264,76781100
QQQ,2025-08-21,561.1962280273438,564.3943140175195,558.9046880126308,562.2622161511607,46436900
QQQ,2025-08-22,569.85400390625,571.8665505027725,561.186237654488,562.5810219572568,51502100
QQQ,2025-08-25,568.210205078125,571.1691888777926,567.0544622483576,568.289926158301,34044700
QQQ,2025-08-26,570.4915771484375,570.8004278507278,566.6956749257416,567.7218935616645,34103000
QQQ,2025-08-27,571.368408203125,572.2849877073902,568.2599552674767,569.4754735923461,36927100
QQQ,2025-08-28,574.9451293945312,575.8617088595212,570.3422257905413,571.9860851866184,46787900
QQQ,2025-08-29,568.2898559570312,572.9027323513419,566.4366907257225,572.5340452045847,56030400
QQQ,2025-09-02,563.527587890625,563.8762688061983,557.4700627066655,559.2335343759405,65876800
QQQ,2025-09-03,567.9610595703125,569.585034325084,564.6333889904666,567.1241403555323,54230200
QQQ,2025-09-04,573.1019287109375,573.4705550386212,566.9249141338813,568.6285491052419,47526300
QQQ,2025-09-05,573.9288940429688,578.9701724080204,569.4156841594208,578.3424981949754,68342500
QQQ,2025-09-08,576.728515625,578.6912594012136,575.6326093036281,576.2303653317651,46371400
QQQ,2025-09-09,578.3624267578125,578.7908286858918,574.9052323196163,577.5255075617649,44007600
QQQ,2025-09-10,578.5517578125,581.6104078841153,576.4096872460331,581.5804896782814,49308000
QQQ,2025-09-11,581.9192504882812,582.7162787776647,579.4683292093007,581.0823312583443,44745800
QQQ,2025-09-12,584.4896850585938,585.6852579441866,581.939157947032,582.8756829463206,50745900
QQQ,2025-09-15,589.4910888671875,589.6006673309763,586.1136154844122,586.263084887294,44360300
QQQ,2025-09-16,588.992919921875,590.6666974580144,588.3054701472681,590.417622334017,36942100
QQQ,2025-09-17,587.8173217773438,589.560847731768,582.2081448420756,588.9132280535239,69384800
QQQ,2025-09-18,593.11767578125,595.9272507480725,590.7664209781601,592.7091584852494,61069300
QQQ,2025-09-19,597.1326904296875,597.83011295333,593.6456386208329,595.1202047360832,58196100
QQQ,2025-09-22,600.667724609375,601.3360027595129,596.1990824942005,596.2190510860968,57154800
QQQ,2025-09-23,596.6779174804688,601.0367933292055,595.4609900615409,600.8372900448078,64635500
QQQ,2025-09-24,594.583251953125,598.3736318933126,591.8502333814113,598.0544387994095,49850300
QQQ,2025-09-25,592.0198364257812,593.6057566967052,587.0026056631178,590.6932034651784,70920200
QQQ,2025-09-26,594.4535522460938,594.7827296224774,589.5560723046866,592.8376791327265,54337400
QQQ,2025-09-29,597.20654296875,600.5181027058711,595.8898943349653,597.5855809487724,48332900
QQQ,2025-09-30,598.8424072265625,599.1815689140329,594.5832523790604,596.9073409482912,46533800
QQQ,2025-10-01,601.7150268554688,602.2536309055715,594.8226361779185,595.6504804045827,46899600
QQQ,2025-10-02,604.188720703125,605.6150748101588,601.3958573858611,605.5153536087707,43765400
QQQ,2025-10-03,601.645263671875,605.7847287787447,599.859840058186,604.9668078782124,46482100
QQQ,2025-10-06,606.1636962890625,607.8094613156995,604.4280726015548,606.9018036091138,41962100
QQQ,2025-10-07,602.9718627929688,608.1586438162234,601.4956480641417,607.4703970532165,58209500
QQQ,2025-10-08,609.8842163085938,610.193425090037,603.7199483921797,603.869530194898,50629800
QQQ,2025-10-09,609.1461181640625,610.0537759298148,605.9342796270852,609.9241018375851,45551000
QQQ,2025-10-10,588.0000610351562,611.6198017284072,587.5511938507611,609.8443624637231,97614800
QQQ,2025-10-13,600.4782104492188,601.415821078074,595.7103438165695,598.1541220292103,65872600
QQQ,2025-10-14,596.4784545898438,601.1565238344467,588.628483812035,593.7952965646048,69203200
QQQ,2025-10-15,600.6876831054688,605.1563255984365,594.4137092888615,602.4731675952409,62805500
QQQ,2025-10-16,598.46337890625,606.7622168482491,593.9848129790577,603.5703467351942,70982000
QQQ,2025-10-17,602.393310546875,603.9693073296388,594.8525491800316,596.4285459627954,72024900
QQQ,2025-10-20,609.9839477539062,611.2407514930889,605.5253506485595,605.5951798429426,45761700
QQQ,2025-10-21,609.8244018554688,611.1609582497778,607.7696457807522,610.0837500489531,44538200
QQQ,2025-10-22,603.9493408203125,609.8542605281881,598.2139715066553,609.2657958565487,61478800
QQQ,2025-10-23,609.0264282226562,609.8143961922938,602.9818500103868,603.3708114071275,42844300
QQQ,2025-10-24,615.52978515625,616.8464337655934,613.5648269782704,614.4226241256162,47632500
QQQ,2025-10-27,626.4918823242188,626.9506729134798,622.4422152319877,622.930958710038,54098600
QQQ,2025-10-28,631.3095703125,633.0651018787079,627.648925370604,628.7560864561588,61195700
QQQ,2025-10-29,634.15234375,635.3891789092543,628.6463695521778,633.9728090539653,67422800
QQQ,2025-10-30,624.45703125,631.8880872300178,624.3473257513068,630.5614543099158,61628600
QQQ,2025-10-31,627.4694213867188,632.5863736464859,625.0954721134605,632.5564207552092,66305100
QQQ,2025-11-03,630.4716796875,634.2021534587442,628.2473125587718,633.4939381480045,37154300
QQQ,2025-11-04,617.67431640625,625.3547359077402,616.8863484805083,621.6940912807667,63830800
QQQ,2025-11-05,621.6941528320312,625.0056518350635,615.6395900613109,616.9163015661201,48688500
QQQ,2025-11-06,610.1136474609375,620.4572571227977,608.7471381645778,620.2078932237561,72115100
QQQ,2025-11-07,608.1885375976562,608.3980251800011,597.1466973484642,606.7621834660789,81835400
QQQ,2025-11-10,621.6442260742188,622.7214951546598,615.3203917446493,617.3451949289606,55919900
QQQ,2025-11-11,619.9884643554688,621.1355017301039,615.9487814833327,618.9910087880348,44868800
QQQ,2025-11-12,619.4996948242188,623.2700450530867,616.2379957742788,623.2501373408774,47444400
QQQ,2025-11-13,606.8519897460938,616.5472286099415,604.5378855310528,615.9686873362173,71333600
QQQ,2025-11-14,607.310791015625,611.7893568378086,595.6505328274214,598.0244819828539,80087300
QQQ,2025-11-17,602.1240234375,610.9215891749508,598.3436886131177,604.7573208445992,63850400
QQQ,2025-11-18,594.7926635742188,600.7773963408275,589.8353391548725,598.0942387152705,83327300
QQQ,2025-11-19,598.3436279296875,604.6176011290698,593.0770945294743,595.5507646962523,73111500
QQQ,2025-11-20,584.1797485351562,612.4676329241026,583.262106516965,610.0637310644662,117743200
QQQ,2025-11-21,588.568603515625,595.4609945768989,579.2623261905873,585.9751825584982,103344200
QQQ,2025-11-24,603.6201782226562,605.1363301511908,593.6456226504143,593.7653733267485,60168100
QQQ,2025-11-25,607.3407592773438,608.7072685888149,595.8001905964915,601.9744432402352,57560900
QQQ,2025-11-26,612.70703125,614.6221288317284,608.8368989020178,610.9514997668095,42393600
QQQ,2025-11-28,617.67431640625,617.7441455966097,613.8540448070679,614.5422915350683,23034400
QQQ,2025-12-01,615.599609375,617.8638528985133,610.961477711232,612.0686387329198,40957600
QQQ,2025-12-02,620.4172973632812,622.1628444217793,616.0185455630003,617.8837824065502,54541800
QQQ,2025-12-03,621.9334716796875,622.6316418245013,616.4574507356939,618.0433708850139,47841600
QQQ,2025-12-04,621.35498046875,623.3498916256304,617.9636071501104,623.339907329069,47067800
QQQ,2025-12-05,623.8884887695312,627.3197383563271,622.1230338136666,622.7913119974152,53614200
QQQ,2025-12-08,622.6915283203125,627.2399228158015,620.1080918729878,625.6140655337878,43462400
QQQ,2025-12-09,623.4595336914062,624.2774544880871,619.4198511857304,621.4247464351753,37156000
QQQ,2025-12-10,626.0130615234375,627.6090269272694,619.4099106697121,622.2626189242517,55031400
QQQ,2025-12-11,623.98828125,624.1877845427603,616.148234091509,622.2327496814814,58272800
QQQ,2025-12-12,612.0586547851562,621.9533965533452,609.8043955563878,620.497150448988,75158700
QQQ,2025-12-15,608.9865112304688,616.8464661142882,607.7696446385382,616.7966055109866,49538200
QQQ,2025-12-16,610.1934204101562,611.9489518835392,605.3657088583533,606.7123103516171,55152800
QQQ,2025-12-17,598.8822631835938,612.0886258751325,598.7526499708691,611.5001003103562,70654300
QQQ,2025-12-18,607.5601196289062,611.3704070362718,605.375689596093,608.248366375679,78875800
QQQ,2025-12-19,615.47998046875,616.0485374798797,610.313167643226,610.392981139488,60369800
QQQ,2025-12-22,618.4302368164062,620.8671665076671,616.9920478025754,620.5674955378034,43703100
QQQ,2025-12-23,621.3265380859375,621.6261480926279,617.0020349130734,617.42148892244,41120400
QQQ,2025-12-24,623.144287109375,623.4938829346665,620.9370481838333,621.2067276835874,18468700
QQQ,2025-12-26,623.1043090820312,624.7322611929134,622.3552536061636,623.873297918951,28959800
QQQ,2025-12-29,620.088134765625,621.995763643064,617.9508150333834,619.3190849184411,32458300
QQQ,2025-12-30,618.64990234375,621.3964390816567,618.4401448660525,619.0594201394988,31226800
QQQ,2025-12-31,613.536376953125,619.1792861072609,613.2766946262738,618.8696789386981,40746500
QQQ,2026-01-02,612.347900390625,622.0656280105537,609.381669736326,619.2791633693975,61859200
QQQ,2026-01-05,617.2117309570312,620.0281869343077,615.9433108116908,618.5400731036631,46828400
QQQ,2026-01-06,622.6348876953125,623.2341686687002,617.7610283782293,618.4501618747352,43137500
QQQ,2026-01-07,623.2341918945312,627.1492383750701,621.7760085257346,622.2553845556755,44880300
QQQ,2026-01-08,619.6885986328125,622.6348958217857,617.0219780933957,622.2454332860368,50435900
QQQ,2026-01-09,625.86083984375,627.0992684709724,618.280371644388,620.6273877403378,49688700
QQQ,2026-01-12,626.3801879882812,628.0580650499223,621.4763979710708,621.5263228144307,37388700
QQQ,2026-01-13,625.4513549804688,628.6772678768714,622.9145755930199,626.4800871429724,44481400
QQQ,2026-01-14,618.769775390625,622.6648884214621,613.7860691564842,621.4563902550666,72598700
QQQ,2026-01-15,620.9970092773438,629.206628407055,619.9682771169513,625.8108857116995,53934900
QQQ,2026-01-16,620.4776611328125,625.2915986535979,618.1006533744517,624.7123119754499,61058100
QQQ,2026-01-20,607.2942504882812,614.2854351912486,606.2855126563834,609.7611716460692,81988900
QQQ,2026-01-21,615.50390625,619.6386461402016,607.0944662344775,608.7024240227943,79837900
QQQ,2026-01-22,619.978271484375,621.6761428244047,617.0020437780021,621.5662350217955,42254800
QQQ,2026-01-23,621.935791015625,624.612469784726,617.8709699342951,618.949566020391,43645800
QQQ,2026-01-26,624.67236328125,626.81961915323,621.3365426117721,622.425196766994,35983000
QQQ,2026-01-27,630.335205078125,631.2440322678261,626.5499998769385,628.1179690883873,38997200
QQQ,2026-01-28,632.4225463867188,635.7982947738302,631.014348844542,634.6597767228699,50691700
QQQ,2026-01-29,628.6373291015625,632.8719797654484,617.4914101080947,631.8533057393616,79944000
QQQ,2026-01-30,621.0868530273438,627.4688205124429,618.5200822009824,624.9220440060533,65650700
QQQ,2026-02-02,625.3515014648438,627.6985176699922,617.8808797571519,617.9208683974972,49020300
QQQ,2026-02-03,615.7435913085938,629.1866011443993,610.1905958568021,627.5087242048245,81234000
QQQ,2026-02-04,604.9871826171875,614.3253838343164,599.7138024298947,614.2455284678144,81850700
QQQ,2026-02-05,596.2781982421875,604.0483693053457,594.0110373128413,599.4541864003901,89354500
QQQ,2026-02-06,608.8822631835938,610.6399955270392,598.0159600076653,599.434154665902,78019300
QQQ,2026-02-09,613.54638671875,615.6837064208919,604.3080353554789,606.7748955946631,56797600
QQQ,2026-02-10,610.699951171875,616.2430108652889,610.2405694597212,614.5351423104305,53938900
QQQ,2026-02-11,612.337890625,616.7423712103644,606.9247331463698,615.6037921922693,58575100
QQQ,2026-02-12,599.8836059570312,615.0344847338599,598.8149461335121,613.9358943887876,81378900
QQQ,2026-02-13,601.1619873046875,605.7162424752422,595.6689134343201,599.673873409497,69237500
QQQ,2026-02-17,600.542724609375,603.1894116444834,592.5927882610704,597.626419057608,69013800
QQQ,2026-02-18,605.027099609375,609.0021290003773,599.9634770047899,601.3517411914925,64250700
QQQ,2026-02-19,602.7100219726562,605.0570991965415,599.993476524114,602.0508799312083,60960800
QQQ,2026-02-20,608.0433349609375,609.581373723881,598.4753818004266,599.3642756707148,74127300
QQQ,2026-02-23,600.652587890625,607.2443127599432,598.2955745850619,605.8460514657053,63859100
QQQ,2026-02-24,607.1044921875,608.2230768722754,598.9747284234804,601.6414099286677,55023700
QQQ,2026-02-25,615.9033813476562,616.053216829597,610.2305417280922,610.3004608891118,55710700
QQQ,2026-02-26,608.4727783203125,614.8148183820397,603.2193924504018,614.8148183820397,96178900
QQQ,2026-02-27,606.5252075195312,607.5539396831472,601.4316544188312,602.2206376135266,68125200
QQQ,2026-03-02,607.32421875,609.1518702196468,597.2369017749593,598.1058012495889,75264600
QQQ,2026-03-03,600.8224487304688,603.1994564784976,591.1246545665933,595.5790600436336,97015500
QQQ,2026-03-04,609.9808959960938,612.108218610738,602.6701065956436,603.3991678160902,70943900
QQQ,2026-03-05,608.1431274414062,611.9883154244911,601.5015388569162,606.6350803018902,89602400
QQQ,2026-03-06,598.9946899414062,605.2368188486739,597.5764953219963,599.5539822531658,86302300
QQQ,2026-03-09,606.99462890625,608.5027370453225,590.5853272955466,593.4816386137257,93068200
QQQ,2026-03-10,607.004638671875,612.5176457382476,604.65756151405,607.0146358319374,64078900
QQQ,2026-03-11,606.9247436523438,611.6587648578186,604.2681201890963,608.1831666985171,60114800
QQQ,2026-03-12,596.5078735351562,603.3792143506387,596.2981160455262,602.0009473234562,71836600
QQQ,2026-03-13,592.9722900390625,602.8398528802119,591.8237748266745,598.9747313072235,63145500
QQQ,2026-03-16,599.6239013671875,603.099499235842,598.3554812666724,599.2843027330098,49077200
QQQ,2026-03-17,602.5502319335938,605.1369970937805,601.1120429286618,602.3804630878033,47106600
QQQ,2026-03-18,594.15087890625,602.400426051188,593.8112802396884,600.7325461165636,56128000
QQQ,2026-03-19,592.273193359375,595.0496606380132,586.3406715242521,588.7676039624899,75597600
QQQ,2026-03-20,581.3269653320312,590.4254777892629,577.8113788279011,590.3156309505814,91964700
QQQ,2026-03-23,588.0,595.0800170898438,585.9600219726562,590.52001953125,89936100
QQQ,2026-03-24,583.97998046875,587.9299926757812,581.9299926757812,584.8099975585938,57750900
QQQ,2026-03-25,587.8200073242188,591.3699951171875,585.6900024414062,589.1400146484375,60475500
QQQ,2026-03-26,573.7899780273438,584.6300048828125,573.4299926757812,582.5999755859375,81492100
QQQ,2026-03-27,562.5800170898438,571.02001953125,561.5700073242188,570.8099975585938,82702200
QQQ,2026-03-30,558.280029296875,568.0499877929688,555.5999755859375,567.3800048828125,70602600
QQQ,2026-03-31,577.1799926757812,578.6400146484375,564.2100219726562,564.2899780273438,95878000
QQQ,2026-04-01,584.3099975585938,587.739990234375,580.4199829101562,581.47998046875,79435100
QQQ,2026-04-02,584.97998046875,586.0499877929688,571.9199829101562,573.969970703125,50941700
QQQ,2026-04-06,588.5,590.6099853515625,584.6900024414062,586.22998046875,35108500
QQQ,2026-04-07,588.5900268554688,588.97998046875,578.4000244140625,585.6400146484375,49948200
QQQ,2026-04-08,606.0900268554688,609.9000244140625,602.1199951171875,608.7100219726562,63086000
QQQ,2026-04-09,610.1900024414062,610.5,603.030029296875,605.9299926757812,37837500
QQQ,2026-04-10,611.0700073242188,613.6699829101562,609.5800170898438,611.8400268554688,34038500
QQQ,2026-04-13,617.3900146484375,626.739990234375,608.1099853515625,609.47998046875,32972100
QQQ,2026-04-14,628.5999755859375,628.5999755859375,620.0999755859375,620.219970703125,49921100
QQQ,2026-04-15,637.4000244140625,637.8300170898438,628.2000122070312,629.0800170898438,50102400
QQQ,2026-04-16,640.469970703125,642.1799926757812,635.260009765625,639.2100219726562,42320600
QQQ,2026-04-17,648.8499755859375,650.0,644.0700073242188,645.5900268554688,53488900
QQQ,2026-04-20,646.7899780273438,648.760009765625,642.52001953125,648.0399780273438,37138500
QQQ,2026-04-21,644.3300170898438,650.2000122070312,642.2100219726562,648.4099731445312,39580500
QQQ,2026-04-22,655.1099853515625,655.3300170898438,648.52001953125,650.1500244140625,37368400
QQQ,2026-04-23,651.4199829101562,656.9199829101562,645.52001953125,653.5499877929688,40099800
QQQ,2026-04-24,663.8800048828125,664.510009765625,656.530029296875,658.510009765625,45563100
QQQ,2026-04-27,664.22998046875,664.4299926757812,660.6900024414062,663.4000244140625,32717000
QQQ,2026-04-28,657.5499877929688,659.6400146484375,653.8099975585938,657.4099731445312,34147900
QQQ,2026-04-29,661.5700073242188,661.719970703125,656.5900268554688,658.6300048828125,31724900
QQQ,2026-04-30,667.739990234375,668.9000244140625,657.5599975585938,665.3499755859375,40622200
QQQ,2026-05-01,674.1500244140625,675.969970703125,668.7999877929688,669.1599731445312,39172600
QQQ,2026-05-04,672.8800048828125,676.72998046875,668.9000244140625,674.6599731445312,34542000
QQQ,2026-05-05,681.6099853515625,682.77001953125,677.510009765625,677.9600219726562,37101100
QQQ,2026-05-06,695.77001953125,695.9299926757812,686.47998046875,687.780029296875,38778500
QQQ,2026-05-07,694.9400024414062,701.239990234375,691.77001953125,696.5800170898438,43779100
QQQ,2026-05-08,711.22998046875,711.22998046875,699.5,699.9199829101562,44320400
QQQ,2026-05-11,713.2899780273438,714.5900268554688,708.9099731445312,710.3599853515625,36019100
QQQ,2026-05-12,707.239990234375,710.1799926757812,696.6400146484375,708.219970703125,45873000
QQQ,2026-05-13,714.7100219726562,716.6500244140625,704.8300170898438,709.9600219726562,40012500
QQQ,2026-05-14,719.7899780273438,722.030029296875,714.219970703125,714.6199951171875,33327500
QQQ,2026-05-15,708.9299926757812,715.1300048828125,705.5499877929688,710.1400146484375,51792700
QQQ,2026-05-18,705.8800048828125,712.0700073242188,698.8499755859375,711.5399780273438,49834500
QQQ,2026-05-19,701.530029296875,706.489990234375,695.25,699.8099975585938,46827500
QQQ,2026-05-20,713.1500244140625,713.1500244140625,703.7899780273438,705.2899780273438,36779200
QQQ,2026-05-21,714.510009765625,717.1199951171875,706.77001953125,708.989990234375,36415400
QQQ,2026-05-22,717.5399780273438,722.1199951171875,715.9500122070312,718.0700073242188,33118600
QQQ,2026-05-26,730.280029296875,731.1699829101562,724.1599731445312,725.9600219726562,34254700
QQQ,2026-05-27,729.4500122070312,733.3200073242188,725.4400024414062,732.9600219726562,35148700
QQQ,2026-05-28,735.5999755859375,736.5999755859375,726.4099731445312,729.72998046875,32840000
QQQ,2026-05-29,738.3099975585938,741.6300048828125,735.25,737.8400268554688,37541700
QQQ,2026-06-01,742.739990234375,745.6500244140625,735.989990234375,737.0399780273438,33890600
QQQ,2026-06-02,746.1599731445312,746.4400024414062,739.22998046875,742.4000244140625,30085200
QQQ,2026-06-03,744.2100219726562,748.6500244140625,741.010009765625,747.3099975585938,40270200
QQQ,2026-06-04,740.6099853515625,743.5,732.6199951171875,735.47998046875,40782600
QQQ,2026-06-05,705.0599975585938,731.6900024414062,704.3200073242188,730.0599975585938,99606600
QQQ,2026-06-08,716.0700073242188,723.030029296875,713.0700073242188,717.8099975585938,47401500
QQQ,2026-06-09,707.8300170898438,725.6599731445312,686.3699951171875,722.97998046875,91337800
