"Open Time ET","Side","Qty Open","Symbol","Descrip","Avg Price Open","Qty Closed","Closed Time ET","Avg Price Closed","DD as %","DD $","DD Time ET","DD Quant","DD Worst Price","Trade P/L","Trade ID"
"2026-04-24 09:51:06","SHORT","1","@MNQM6","MICRO E-MINI NASDAQ 100","27212.7429","1","2026-04-24 09:54:10","27186.3208","0.00","0.00","2026-04-24 09:51:06","","0.0000","52.06","155757162"
"2026-04-23 11:05:42","SHORT","200","TQQQ","PROSHARES ULTRAPRO QQQ","60.4745","200","2026-04-23 13:54:34","58.4144","-0.10","-51.10","2026-04-23 11:33:00","200","60.7300","408.00","155737206"
"2026-04-23 08:04:40","SHORT","1","@MNQM6","MICRO E-MINI NASDAQ 100","27041.8000","1","2026-04-23 09:30:23","26969.8000","-0.15","-76.40","2026-04-23 08:11:00","1","27080.0000","143.06","155732755"
"2026-04-22 15:20:45","SHORT","2","@MNQM6","MICRO E-MINI NASDAQ 100","27051.1944","2","2026-04-22 20:11:25","27019.1500","-0.67","-347.22","2026-04-22 16:08:00","2","27138.0000","126.12","155720775"
"2026-04-22 08:00:48","SHORT","3","@MNQM6","MICRO E-MINI NASDAQ 100","26867.9027","3","2026-04-22 08:43:02","26845.1811","-0.38","-195.58","2026-04-22 08:14:00","3","26900.5000","133.18","155707798"
"2026-04-21 15:39:44","SHORT","1","@MNQM6","MICRO E-MINI NASDAQ 100","26711.0564","1","2026-04-21 15:42:05","26655.2000","0.00","0.00","2026-04-21 15:39:44","","0.0000","111.06","155697267"
"2026-04-21 15:11:33","SHORT","2","@MNQM6","MICRO E-MINI NASDAQ 100","26754.6365","2","2026-04-21 15:15:25","26733.9278","-0.14","-71.45","2026-04-21 15:14:00","2","26772.5000","81.12","155696651"
"2026-04-21 14:21:05","SHORT","3","@MNQM6","MICRO E-MINI NASDAQ 100","26696.9885","3","2026-04-21 14:48:55","26679.4164","-0.12","-64.57","2026-04-21 14:34:00","3","26707.8000","102.18","155695816"
"2026-04-21 13:34:51","SHORT","1","@MNQM6","MICRO E-MINI NASDAQ 100","26664.7692","1","2026-04-21 14:16:35","26685.2000","-0.39","-201.96","2026-04-21 13:43:00","1","26765.8000","-41.94","155694805"
"2026-04-21 08:30:11","SHORT","2","@MNQM6","MICRO E-MINI NASDAQ 100","26864.5456","2","2026-04-21 08:39:36","26834.7986","-0.06","-29.82","2026-04-21 08:34:00","2","26872.0000","117.12","155687375"
"2026-04-21 08:07:52","SHORT","1","@MNQM6","MICRO E-MINI NASDAQ 100","26872.8513","1","2026-04-21 08:16:27","26844.7513","-0.02","-12.80","2026-04-21 08:10:00","1","26879.2000","55.06","155687195"
"2026-04-20 11:04:06","LONG","2","@MNQM6","MICRO E-MINI NASDAQ 100","26594.5512","2","2026-04-20 11:11:32","26631.3000","-0.18","-93.28","2026-04-20 11:07:00","1","26569.0000","145.12","155670611"
"2026-04-19 20:35:34","SHORT","3","@MNQM6","MICRO E-MINI NASDAQ 100","26693.8882","3","2026-04-20 10:54:37","26674.0667","-1.56","-792.67","2026-04-20 09:30:00","3","26826.0000","116.18","155659203"
"2026-04-17 07:22:42","SHORT","6","@MNQM6","MICRO E-MINI NASDAQ 100","26713.6003","6","2026-04-19 20:07:28","26621.5131","-3.45","-1694.00","2026-04-17 12:36:00","5","26883.0000","1099.36","155623425"
"2026-04-16 02:24:48","SHORT","5","@MNQM6","MICRO E-MINI NASDAQ 100","26477.6758","5","2026-04-16 04:05:10","26455.5111","-0.15","-75.24","2026-04-16 02:51:00","4","26486.5000","217.30","155596050"
"2026-04-13 01:45:24","SHORT","1","@MNQM6","MICRO E-MINI NASDAQ 100","25076.2338","1","2026-04-15 12:11:20","26220.5049","-4.59","-2294.03","2026-04-15 12:08:00","1","26223.2000","-2289.94","155524237"
"2026-04-12 18:06:31","SHORT","1","@MNQM6","MICRO E-MINI NASDAQ 100","24974.0308","1","2026-04-12 18:25:49","24962.8538","-0.18","-91.94","2026-04-12 18:12:00","1","25020.0000","21.06","155521639"
"2026-04-09 10:14:43","LONG","3","@MNQM6","MICRO E-MINI NASDAQ 100","25004.4740","3","2026-04-09 10:48:32","25012.2208","-0.51","-265.34","2026-04-09 10:36:00","3","24960.2000","43.18","155469411"
"2026-04-09 03:44:24","LONG","2","@MNQM6","MICRO E-MINI NASDAQ 100","24976.0523","2","2026-04-09 04:00:16","24988.6703","-0.08","-44.21","2026-04-09 03:47:00","2","24965.0000","48.12","155463073"
"2026-04-09 01:13:42","LONG","1","@MNQM6","MICRO E-MINI NASDAQ 100","25026.6090","1","2026-04-09 01:19:55","25027.2000","-0.06","-29.72","2026-04-09 01:16:00","1","25011.8000","0.06","155461677"
"2026-04-06 15:49:59","SHORT","1","@MNQM6","MICRO E-MINI NASDAQ 100","24367.6121","1","2026-04-06 15:54:49","24342.2000","0.00","0.00","2026-04-06 15:49:59","","0.0000","50.06","155415580"
"2026-04-03 02:35:21","LONG","1","@MNQM6","MICRO E-MINI NASDAQ 100","24158.3071","1","2026-04-03 04:02:18","24163.6486","-0.15","-76.11","2026-04-03 03:10:00","1","24120.2000","10.06","155374330"
"2026-04-02 10:18:20","SHORT","1","@MNQM6","MICRO E-MINI NASDAQ 100","23982.2000","1","2026-04-02 10:25:46","23943.0000","-0.09","-47.60","2026-04-02 10:21:00","1","24006.0000","77.06","155362457"
"2026-04-02 10:11:46","SHORT","1","@MNQM6","MICRO E-MINI NASDAQ 100","23952.6567","1","2026-04-02 10:14:26","23930.5090","0.00","0.00","2026-04-02 10:11:46","","0.0000","43.06","155362302"
"2026-04-01 04:54:58","SHORT","2","@MNQM6","MICRO E-MINI NASDAQ 100","24074.5289","2","2026-04-01 05:10:57","24037.9905","-0.09","-45.88","2026-04-01 04:58:00","2","24086.0000","144.12","155336125"
"2026-04-01 01:24:49","SHORT","1","@MNQM6","MICRO E-MINI NASDAQ 100","24053.2353","1","2026-04-01 01:58:42","24039.6750","-0.05","-23.53","2026-04-01 01:33:00","1","24065.0000","26.06","155334236"
"2026-03-30 22:52:26","LONG","1","@MNQM6","MICRO E-MINI NASDAQ 100","23398.5348","1","2026-03-31 08:09:12","23408.5000","-0.64","-329.07","2026-03-31 01:15:00","1","23234.0000","19.06","155314812"
"2026-03-30 03:10:29","SHORT","2","@MNQM6","MICRO E-MINI NASDAQ 100","23452.6785","2","2026-03-30 09:36:02","23445.2245","-0.74","-381.01","2026-03-30 07:26:00","1","23580.0000","28.12","155299135"
"2026-03-26 02:08:25","LONG","1","@MNQM6","MICRO E-MINI NASDAQ 100","24247.2279","1","2026-03-26 02:39:48","24282.6971","-0.06","-29.96","2026-03-26 02:19:00","1","24232.2000","70.06","155240093"
"2026-03-25 11:17:12","SHORT","1","@MNQM6","MICRO E-MINI NASDAQ 100","24310.5943","1","2026-03-25 19:16:38","24306.5000","-0.71","-366.31","2026-03-25 13:43:00","1","24493.8000","7.06","155227960"
"2026-03-25 08:24:53","SHORT","1","@MNQM6","MICRO E-MINI NASDAQ 100","24440.9143","1","2026-03-25 08:31:43","24382.5000","-0.04","-18.17","2026-03-25 08:27:00","1","24450.0000","116.06","155221968"
"2026-03-25 04:03:12","SHORT","1","@MNQM6","MICRO E-MINI NASDAQ 100","24435.2000","1","2026-03-25 05:34:41","24453.8000","-0.39","-199.10","2026-03-25 04:21:00","1","24534.8000","-37.94","155212482"
"2026-03-24 15:16:28","SHORT","1","@MNQM6","MICRO E-MINI NASDAQ 100","24307.0221","1","2026-03-24 15:28:00","24279.8000","-0.02","-10.46","2026-03-24 15:19:00","1","24312.2000","53.06","155191516"
"2026-03-23 06:50:53","LONG","2","@MNQM6","MICRO E-MINI NASDAQ 100","23883.5887","2","2026-03-23 07:06:44","24498.2619","-0.25","-121.36","2026-03-23 06:56:00","2","23853.2000","2457.12","155161745"
"2026-03-23 02:26:11","LONG","3","@MNQM6","MICRO E-MINI NASDAQ 100","23912.2096","3","2026-03-23 04:32:46","23940.6716","-1.73","-836.76","2026-03-23 03:28:00","3","23772.8000","168.18","155158791"
"2026-03-20 09:57:41","LONG","1","@MNQM6","MICRO E-MINI NASDAQ 100","24320.0538","1","2026-03-20 12:21:20","24348.2000","-0.36","-177.11","2026-03-20 10:54:00","1","24231.5000","55.06","155127537"
"2026-03-20 09:30:58","LONG","2","@MNQM6","MICRO E-MINI NASDAQ 100","24416.6500","2","2026-03-20 09:45:20","24460.7027","-0.31","-149.60","2026-03-20 09:38:00","2","24379.2000","174.12","155125717"
"2026-03-20 05:53:40","LONG","1","@MNQM6","MICRO E-MINI NASDAQ 100","24423.1594","1","2026-03-20 07:06:15","24457.6172","-0.43","-208.32","2026-03-20 06:10:00","1","24319.0000","68.06","155123456"
"2026-03-19 14:50:36","LONG","1","@MNQM6","MICRO E-MINI NASDAQ 100","24424.8857","1","2026-03-19 14:57:26","24471.8000","0.00","0.00","2026-03-19 14:50:36","","0.0000","93.06","155114033"
"2026-03-19 11:41:35","LONG","1","@MNQM6","MICRO E-MINI NASDAQ 100","24420.6460","1","2026-03-19 11:59:57","24473.0000","-0.10","-48.29","2026-03-19 11:45:00","1","24396.5000","104.06","155111344"
"2026-03-19 09:27:17","LONG","1","@MNQM6","MICRO E-MINI NASDAQ 100","24429.2672","1","2026-03-19 09:50:32","24477.2885","-0.43","-210.03","2026-03-19 09:35:00","1","24324.2000","95.06","155108063"
"2026-03-19 08:31:50","LONG","1","@MNQM6","MICRO E-MINI NASDAQ 100","24458.2311","1","2026-03-19 08:43:33","24508.8000","0.00","0.00","2026-03-19 08:31:50","","0.0000","100.06","155107592"
"2026-03-19 04:26:34","LONG","2","@MNQM6","MICRO E-MINI NASDAQ 100","24536.3215","2","2026-03-19 05:02:32","24575.4787","-0.26","-123.29","2026-03-19 04:44:00","2","24505.5000","155.12","155104921"
"2026-03-19 03:44:33","LONG","1","@MNQM6","MICRO E-MINI NASDAQ 100","24560.6246","1","2026-03-19 03:47:18","24585.5508","0.00","0.00","2026-03-19 03:44:33","","0.0000","49.06","155104609"
"2026-03-09 00:20:16","SHORT","11","@MNQH6","MICRO E-MINI NASDAQ 100","24518.4646","11","2026-03-18 15:58:08","24649.8205","-21.76","-9384.48","2026-03-10 00:00:00","5","25217.8000","-2900.34","154941091"
"2026-03-13 10:12:11","LONG","2","@MESH6","MICRO E-MINI S&P 500","6701.2737","2","2026-03-13 10:30:08","6706.0694","-0.22","-102.74","2026-03-13 10:18:00","2","6691.0000","45.60","155021956"
"2026-03-13 10:03:31","LONG","1","@MESH6","MICRO E-MINI S&P 500","6711.8775","1","2026-03-13 10:05:17","6716.1716","0.00","0.00","2026-03-13 10:03:31","","0.0000","19.80","155021687"
"2026-03-13 02:56:11","LONG","6","@MESH6","MICRO E-MINI S&P 500","6667.7404","6","2026-03-13 05:03:29","6679.8313","-1.76","-832.21","2026-03-13 04:15:00","6","6640.0000","355.80","155015889"
"2026-03-12 15:52:31","LONG","8","@MESH6","MICRO E-MINI S&P 500","6678.3053","8","2026-03-12 18:32:52","6685.5755","-0.55","-257.55","2026-03-12 16:11:00","7","6671.7500","281.40","155008807"
"2026-03-12 11:09:09","LONG","7","@MESH6","MICRO E-MINI S&P 500","6692.0327","7","2026-03-12 11:44:36","6714.9804","-0.55","-255.74","2026-03-12 11:13:00","6","6684.5000","794.60","155004313"
"2026-03-12 10:39:43","LONG","6","@MESH6","MICRO E-MINI S&P 500","6693.8048","6","2026-03-12 10:45:44","6705.4172","-0.16","-74.33","2026-03-12 10:42:00","5","6691.2500","340.80","155003769"
"2026-03-08 21:00:48","LONG","1","@MNQH6","MICRO E-MINI NASDAQ 100","24112.5000","1","2026-03-08 23:01:28","24098.8000","-0.46","-227.00","2026-03-08 22:18:00","1","23999.0000","-27.94","154938233"
"2026-03-06 11:48:33","SHORT","1","@MNQH6","MICRO E-MINI NASDAQ 100","24877.8000","1","2026-03-06 11:55:12","24857.6349","-0.15","-75.40","2026-03-06 11:51:00","1","24915.5000","39.06","154910486"
"2026-03-06 09:57:50","LONG","1","@MNQH6","MICRO E-MINI NASDAQ 100","24662.9079","1","2026-03-06 10:00:30","24761.4714","0.00","0.00","2026-03-06 09:57:50","","0.0000","196.06","154907159"
"2026-03-06 01:10:34","SHORT","1","@MNQH6","MICRO E-MINI NASDAQ 100","25114.1476","1","2026-03-06 02:07:40","25103.8000","-0.05","-25.20","2026-03-06 01:13:00","1","25126.8000","20.06","154901557"
"2026-03-05 12:43:57","LONG","2","@MNQH6","MICRO E-MINI NASDAQ 100","24848.6648","2","2026-03-05 13:14:16","24880.0000","-0.52","-253.66","2026-03-05 12:56:00","2","24785.2000","123.12","154891864"
"2026-03-04 21:50:15","LONG","6","@MNQH6","MICRO E-MINI NASDAQ 100","25104.1557","6","2026-03-05 04:06:39","25131.7389","-3.28","-1573.87","2026-03-05 03:30:00","6","24973.0000","325.36","154879789"
"2026-03-04 15:21:20","LONG","2","@MNQH6","MICRO E-MINI NASDAQ 100","25130.7512","2","2026-03-04 15:29:28","25146.6554","-0.05","-22.67","2026-03-04 15:24:00","1","25123.8000","62.12","154875597"
"2026-03-04 09:50:27","LONG","1","@MNQH6","MICRO E-MINI NASDAQ 100","24867.8000","1","2026-03-04 09:52:30","24916.9302","0.00","0.00","2026-03-04 09:50:27","","0.0000","97.06","154868428"
"2026-03-04 09:42:00","LONG","1","@MNQH6","MICRO E-MINI NASDAQ 100","24855.1345","1","2026-03-04 09:47:20","24909.8000","-0.17","-83.27","2026-03-04 09:45:00","1","24813.5000","108.06","154868164"
"2026-03-03 11:08:47","SHORT","2","@MNQH6","MICRO E-MINI NASDAQ 100","24573.0552","2","2026-03-03 22:21:30","24571.9186","-2.33","-1108.78","2026-03-03 14:46:00","2","24850.2000","3.12","154850846"
"2026-03-02 20:02:31","LONG","1","@MNQH6","MICRO E-MINI NASDAQ 100","24917.8000","1","2026-03-02 20:09:40","24936.4415","0.00","0.00","2026-03-02 20:02:31","","0.0000","36.06","154839211"
"2026-03-02 11:59:01","SHORT","1","@MNQH6","MICRO E-MINI NASDAQ 100","25038.9585","1","2026-03-02 13:35:33","25015.8235","-0.16","-75.08","2026-03-02 12:24:00","1","25076.5000","45.06","154832770"
"2026-03-01 18:04:50","SHORT","3","@MNQH6","MICRO E-MINI NASDAQ 100","24775.5744","3","2026-03-01 18:35:32","24739.2624","-0.51","-244.05","2026-03-01 18:12:00","3","24816.2000","215.18","154821056"
"2026-02-27 10:05:47","SHORT","4","@MNQH6","MICRO E-MINI NASDAQ 100","24945.1410","4","2026-02-27 13:17:08","24918.9010","-1.07","-513.65","2026-02-27 12:08:00","3","25036.8000","206.24","154792142"
"2026-02-26 18:37:35","LONG","2","@MNQH6","MICRO E-MINI NASDAQ 100","24987.8530","2","2026-02-26 19:18:46","25015.5000","-0.10","-49.41","2026-02-26 18:51:00","2","24975.5000","109.12","154782332"
"2026-02-26 18:10:27","LONG","1","@MNQH6","MICRO E-MINI NASDAQ 100","24982.3870","1","2026-02-26 18:13:24","25013.2000","0.00","0.00","2026-02-26 18:10:27","","0.0000","61.06","154782132"
"2026-02-26 10:42:39","SHORT","3","@MNQH6","MICRO E-MINI NASDAQ 100","25016.9710","3","2026-02-26 11:59:48","24964.0410","-0.87","-411.17","2026-02-26 11:26:00","3","25085.5000","315.18","154773098"
"2026-02-26 04:30:59","SHORT","5","@MNQH6","MICRO E-MINI NASDAQ 100","25387.2412","5","2026-02-26 05:51:02","25364.6126","-0.31","-147.59","2026-02-26 04:47:00","5","25402.0000","221.30","154766642"
"2026-02-12 09:43:54","LONG","27","@MNQH6","MICRO E-MINI NASDAQ 100","24915.3259","27","2026-02-25 09:51:13","24890.2115","-27.48","-11141.60","2026-02-13 00:00:00","10","24578.8000","-1381.38","154551256"
"2026-02-17 15:22:26","LONG","1","@NQH6","E-MINI NASDAQ 100 STK IDX","24784.8000","1","2026-02-17 16:15:55","24805.2000","-2.30","-981.00","2026-02-17 15:39:00","1","24735.8000","400.00","154627831"
"2026-02-13 14:46:41","SHORT","1","@NQH6","E-MINI NASDAQ 100 STK IDX","24933.6672","1","2026-02-13 14:48:58","24911.8000","0.00","0.00","2026-02-13 14:46:41","","0.0000","429.00","154575497"
"2026-02-13 12:05:27","SHORT","1","@NQH6","E-MINI NASDAQ 100 STK IDX","24921.8000","1","2026-02-13 14:41:43","24899.5000","-3.50","-1474.00","2026-02-13 13:36:00","1","24995.5000","438.00","154573152"
"2026-02-12 05:07:09","SHORT","1","@MNQH6","MICRO E-MINI NASDAQ 100","25368.5000","1","2026-02-12 05:24:57","25334.8645","0.00","0.00","2026-02-12 05:07:09","","0.0000","66.06","154548211"
"2026-02-10 18:22:32","SHORT","1","@MNQH6","MICRO E-MINI NASDAQ 100","25285.5547","1","2026-02-11 04:47:37","25223.9479","-0.25","-119.39","2026-02-10 22:56:00","1","25345.2000","122.06","154525906"
"2026-02-10 14:53:42","LONG","2","@MNQH6","MICRO E-MINI NASDAQ 100","25254.5000","2","2026-02-10 18:01:33","25271.0000","-0.48","-228.00","2026-02-10 15:56:00","2","25197.5000","64.12","154522999"
"2026-02-10 09:21:37","SHORT","1","@MNQH6","MICRO E-MINI NASDAQ 100","25395.5000","1","2026-02-10 09:30:02","25362.8000","-0.02","-9.00","2026-02-10 09:30:00","1","25400.0000","64.06","154515071"
"2026-02-09 15:26:21","LONG","1","@MNQH6","MICRO E-MINI NASDAQ 100","25372.8000","1","2026-02-09 15:51:20","25383.2000","-0.16","-77.60","2026-02-09 15:37:00","1","25334.0000","20.06","154505009"
"2026-02-09 15:13:52","SHORT","1","@MNQH6","MICRO E-MINI NASDAQ 100","25407.8000","1","2026-02-09 15:18:16","25388.8289","0.00","0.00","2026-02-09 15:13:52","","0.0000","37.06","154504746"
"2026-02-09 03:58:52","LONG","2","@MNQH6","MICRO E-MINI NASDAQ 100","25127.5093","2","2026-02-09 08:09:09","25138.2300","-1.36","-639.04","2026-02-09 05:43:00","2","24967.8000","41.12","154492657"
"2026-02-06 08:30:18","SHORT","1","@MNQH6","MICRO E-MINI NASDAQ 100","24822.8000","1","2026-02-06 09:27:38","24768.8000","-0.10","-46.40","2026-02-06 08:33:00","1","24846.0000","107.06","154457365"
"2026-02-05 09:00:45","LONG","1","@MNQH6","MICRO E-MINI NASDAQ 100","24765.8000","1","2026-02-05 09:01:34","24813.0000","0.00","0.00","2026-02-05 09:00:45","","0.0000","93.06","154411921"
"2026-02-05 03:11:38","SHORT","1","@MNQH6","MICRO E-MINI NASDAQ 100","25105.5000","1","2026-02-05 03:35:16","25077.8000","-0.08","-37.00","2026-02-05 03:19:00","1","25124.0000","54.06","154408135"
"2026-02-04 11:00:38","LONG","1","@MNQH6","MICRO E-MINI NASDAQ 100","25147.0000","1","2026-02-04 16:34:25","25156.1930","-1.56","-726.00","2026-02-04 12:50:00","1","24784.0000","17.06","154396234"
"2026-02-04 10:00:00","LONG","1","@MNQH6","MICRO E-MINI NASDAQ 100","25168.8000","1","2026-02-04 10:09:07","25230.2000","-0.26","-122.10","2026-02-04 10:02:00","1","25107.8000","122.06","154394911"
"2026-02-02 18:30:49","SHORT","1","@MNQH6","MICRO E-MINI NASDAQ 100","25944.2000","1","2026-02-02 21:11:03","25921.8000","-0.20","-93.10","2026-02-02 20:23:00","1","25990.8000","44.06","154347298"
"2026-02-02 14:50:29","LONG","1","@MNQH6","MICRO E-MINI NASDAQ 100","25887.8000","1","2026-02-02 18:04:08","25896.5000","-0.28","-132.60","2026-02-02 15:00:00","1","25821.5000","16.06","154344027"
"2026-02-02 11:01:03","LONG","2","@MNQH6","MICRO E-MINI NASDAQ 100","25811.9264","2","2026-02-02 11:11:23","25853.6514","-0.07","-31.61","2026-02-02 11:06:00","1","25803.2000","165.12","154339666"
"2026-01-30 13:11:41","LONG","2","@MNQH6","MICRO E-MINI NASDAQ 100","25652.8000","2","2026-01-30 13:53:01","25700.1500","-0.73","-336.20","2026-01-30 13:23:00","2","25568.8000","187.12","154304628"
"2026-01-30 11:50:02","LONG","2","@MNQH6","MICRO E-MINI NASDAQ 100","25768.2500","2","2026-01-30 12:26:45","25781.0828","-0.71","-330.00","2026-01-30 12:08:00","2","25685.8000","49.12","154303021"
"2026-01-30 11:37:02","LONG","2","@MNQH6","MICRO E-MINI NASDAQ 100","25812.0049","2","2026-01-30 11:44:11","25843.3000","-0.05","-23.02","2026-01-30 11:40:00","2","25806.2000","123.12","154301981"
"2026-01-29 03:17:12","SHORT","1","@MNQH6","MICRO E-MINI NASDAQ 100","26275.8000","1","2026-01-29 03:38:11","26247.8000","-0.01","-5.40","2026-01-29 03:20:00","1","26278.5000","55.06","154274170"
"2026-01-28 19:01:35","LONG","2","@MNQH6","MICRO E-MINI NASDAQ 100","26140.4287","2","2026-01-28 19:10:41","26159.6533","-0.31","-142.72","2026-01-28 19:04:00","2","26104.8000","75.12","154269768"
"2026-01-28 16:08:25","SHORT","6","@MNQH6","MICRO E-MINI NASDAQ 100","26196.6445","6","2026-01-28 18:58:30","26179.8833","-2.61","-1174.27","2026-01-28 18:00:00","6","26294.5000","195.36","154267970"
"2026-01-28 15:41:08","LONG","1","@MNQH6","MICRO E-MINI NASDAQ 100","26169.2000","1","2026-01-28 16:08:03","26109.7197","-0.75","-345.90","2026-01-28 16:04:00","1","25996.2000","-119.94","154267289"
"2026-01-28 10:57:46","LONG","1","@MNQH6","MICRO E-MINI NASDAQ 100","26166.2274","1","2026-01-28 11:11:08","26192.5000","-0.02","-8.45","2026-01-28 11:00:00","1","26162.0000","52.06","154262138"
"2026-01-28 05:52:52","SHORT","1","@MNQH6","MICRO E-MINI NASDAQ 100","26311.4562","1","2026-01-28 07:12:22","26287.5000","-0.07","-30.59","2026-01-28 06:53:00","1","26326.8000","47.06","154256024"
"2026-01-27 13:56:07","SHORT","1","@MNQH6","MICRO E-MINI NASDAQ 100","26093.9658","1","2026-01-27 14:06:54","26077.6461","-0.00","-0.07","2026-01-27 13:59:00","1","26094.0000","32.06","154245545"
"2026-01-27 09:23:59","SHORT","1","@MNQH6","MICRO E-MINI NASDAQ 100","25991.2000","1","2026-01-27 09:43:42","25946.8000","-0.09","-42.60","2026-01-27 09:32:00","1","26012.5000","88.06","154239314"
"2026-01-26 15:15:41","LONG","2","@MNQH6","MICRO E-MINI NASDAQ 100","25870.8032","2","2026-01-26 15:34:20","25885.7000","-0.02","-8.10","2026-01-26 15:18:00","1","25866.8000","58.12","154229889"
"2026-01-26 13:11:53","LONG","2","@MNQH6","MICRO E-MINI NASDAQ 100","25878.5000","2","2026-01-26 13:24:28","25911.3880","-0.02","-8.50","2026-01-26 13:15:00","1","25875.2000","130.12","154228296"
"2026-01-26 09:30:16","SHORT","1","@MNQH6","MICRO E-MINI NASDAQ 100","25758.2000","1","2026-01-26 09:30:46","25821.2906","-0.28","-126.00","2026-01-26 09:30:46","1","25821.3000","-126.94","154223194"
"2026-01-26 08:16:50","SHORT","1","@MNQH6","MICRO E-MINI NASDAQ 100","25699.9866","1","2026-01-26 08:37:00","25668.8000","-0.04","-16.03","2026-01-26 08:19:00","1","25708.0000","61.06","154222399"
"2026-01-23 14:25:04","SHORT","1","@MNQH6","MICRO E-MINI NASDAQ 100","25771.2000","1","2026-01-23 14:38:02","25735.8000","0.00","0.00","2026-01-23 14:25:04","","0.0000","70.06","154210008"
"2026-01-23 09:01:30","LONG","1","@MNQH6","MICRO E-MINI NASDAQ 100","25561.8000","1","2026-01-23 09:06:28","25582.8111","0.00","0.00","2026-01-23 09:01:30","","0.0000","41.06","154203500"
"2026-01-22 15:49:59","SHORT","1","@MNQH6","MICRO E-MINI NASDAQ 100","25634.8000","1","2026-01-22 18:00:28","25597.7500","-0.19","-87.40","2026-01-22 16:00:00","1","25678.5000","73.06","154196941"
"2026-01-22 15:37:07","LONG","1","@MNQH6","MICRO E-MINI NASDAQ 100","25584.8000","1","2026-01-22 15:39:41","25597.8893","0.00","0.00","2026-01-22 15:37:07","","0.0000","25.06","154196761"
"2026-01-22 09:47:34","LONG","1","@MNQH6","MICRO E-MINI NASDAQ 100","25603.0000","1","2026-01-22 09:54:39","25624.5000","-0.22","-97.50","2026-01-22 09:50:00","1","25554.2000","42.06","154191102"
"2026-01-22 03:24:53","SHORT","2","@MNQH6","MICRO E-MINI NASDAQ 100","25654.4728","2","2026-01-22 09:36:12","25644.6519","-0.76","-341.11","2026-01-22 08:59:00","2","25739.8000","37.12","154186170"
"2026-01-21 07:40:31","LONG","1","@MNQH6","MICRO E-MINI NASDAQ 100","25050.3727","1","2026-01-21 08:09:32","25101.2000","-0.08","-36.25","2026-01-21 07:47:00","1","25032.2000","101.06","154173053"
"2026-01-20 13:46:11","LONG","1","@MNQH6","MICRO E-MINI NASDAQ 100","25213.8833","1","2026-01-21 00:40:51","25224.3000","-0.51","-229.77","2026-01-20 15:54:00","1","25099.0000","20.06","154164953"
"2026-01-20 11:32:36","SHORT","1","@MNQH6","MICRO E-MINI NASDAQ 100","25402.5000","1","2026-01-20 11:42:34","25370.7769","-0.12","-55.00","2026-01-20 11:40:00","1","25430.0000","62.06","154162392"
"2026-01-20 10:09:24","LONG","1","@MNQH6","MICRO E-MINI NASDAQ 100","25263.2000","1","2026-01-20 10:10:35","25281.5000","0.00","0.00","2026-01-20 10:09:24","","0.0000","36.06","154161247"
"2026-01-20 09:51:46","SHORT","1","@MNQH6","MICRO E-MINI NASDAQ 100","25363.7816","1","2026-01-20 09:55:15","25323.6447","0.00","0.00","2026-01-20 09:51:46","","0.0000","79.06","154160931"
"2026-01-20 01:18:01","LONG","1","@MNQH6","MICRO E-MINI NASDAQ 100","25325.8027","1","2026-01-20 09:35:09","25324.0132","-1.03","-461.11","2026-01-20 04:50:00","1","25095.2000","-4.94","154157757"
"2026-01-19 09:38:04","LONG","1","@MNQH6","MICRO E-MINI NASDAQ 100","25254.2000","1","2026-01-19 09:54:22","25280.5000","-0.08","-35.90","2026-01-19 09:45:00","1","25236.2000","52.06","154152168"
"2026-01-19 02:21:02","LONG","1","@MNQH6","MICRO E-MINI NASDAQ 100","25365.5000","1","2026-01-19 03:20:15","25382.5000","-0.18","-80.50","2026-01-19 02:44:00","1","25325.2000","33.06","154149942"
"2026-01-16 09:31:35","SHORT","1","@MNQH6","MICRO E-MINI NASDAQ 100","25888.0000","1","2026-01-16 10:19:38","25675.8294","0.00","0.00","2026-01-16 09:31:35","","0.0000","423.06","154134722"
"2026-01-15 09:35:33","LONG","1","@MNQH6","MICRO E-MINI NASDAQ 100","25870.3739","1","2026-01-15 09:43:22","25897.8000","-0.08","-34.75","2026-01-15 09:39:00","1","25853.0000","54.06","154122937"
"2026-01-15 09:08:41","SHORT","2","@MNQH6","MICRO E-MINI NASDAQ 100","25924.8705","2","2026-01-15 09:30:53","25895.3500","-0.25","-112.52","2026-01-15 09:28:00","2","25953.0000","116.12","154121731"
"2026-01-15 06:38:24","SHORT","1","@MNQH6","MICRO E-MINI NASDAQ 100","25846.9304","1","2026-01-15 07:18:31","25828.5000","-0.04","-17.64","2026-01-15 06:52:00","1","25855.8000","36.06","154121043"
"2026-01-14 09:41:26","LONG","1","@MNQH6","MICRO E-MINI NASDAQ 100","25696.9957","1","2026-01-15 01:43:18","25708.8000","-1.26","-551.49","2026-01-14 13:38:00","1","25421.2000","23.06","154107917"
"2026-01-14 09:28:57","LONG","2","@MNQH6","MICRO E-MINI NASDAQ 100","25715.3109","2","2026-01-14 09:34:10","25765.0717","-0.43","-189.24","2026-01-14 09:32:00","2","25668.0000","197.12","154106709"
"2026-01-14 01:03:59","LONG","1","@MNQH6","MICRO E-MINI NASDAQ 100","25847.9455","1","2026-01-14 03:01:40","25873.8000","-0.06","-24.89","2026-01-14 01:38:00","1","25835.5000","51.06","154103507"
"2026-01-13 15:01:32","LONG","1","@MNQH6","MICRO E-MINI NASDAQ 100","25854.1455","1","2026-01-13 15:50:38","25866.2000","-0.23","-101.79","2026-01-13 15:34:00","1","25803.2000","23.06","154099313"
"2026-01-13 10:46:27","LONG","1","@MNQH6","MICRO E-MINI NASDAQ 100","25838.4045","1","2026-01-13 10:55:36","25891.2000","-0.15","-64.81","2026-01-13 10:49:00","1","25806.0000","105.06","154095822"
"2026-01-13 09:29:38","LONG","1","@MNQH6","MICRO E-MINI NASDAQ 100","25952.2682","1","2026-01-13 09:34:42","25982.0591","-0.08","-33.54","2026-01-13 09:32:00","1","25935.5000","59.06","154093969"
"2026-01-13 01:51:57","SHORT","1","@MNQH6","MICRO E-MINI NASDAQ 100","25925.9900","1","2026-01-13 03:39:19","25903.5000","-0.01","-5.02","2026-01-13 01:54:00","1","25928.5000","44.06","154086552"
"2026-01-12 09:57:53","SHORT","1","@MNQH6","MICRO E-MINI NASDAQ 100","25905.9550","1","2026-01-12 10:05:01","25872.8000","-0.01","-3.59","2026-01-12 10:02:00","1","25907.8000","65.06","154077957"
"2026-01-11 23:26:15","LONG","1","@MNQH6","MICRO E-MINI NASDAQ 100","25726.4900","1","2026-01-12 02:10:24","25740.2000","-0.22","-98.48","2026-01-12 00:49:00","1","25677.2000","26.06","154072079"
"2026-01-08 09:35:42","LONG","2","@MNQH6","MICRO E-MINI NASDAQ 100","25686.4765","2","2026-01-08 10:25:46","25697.7500","-1.07","-467.91","2026-01-08 10:03:00","2","25569.5000","43.12","154043664"
"2026-01-07 09:38:13","SHORT","4","@MNQH6","MICRO E-MINI NASDAQ 100","25841.6266","4","2026-01-07 10:01:45","25821.3795","-0.70","-306.99","2026-01-07 09:56:00","4","25880.0000","158.24","154031355"
"2026-01-07 00:08:35","LONG","1","@MNQH6","MICRO E-MINI NASDAQ 100","25792.5211","1","2026-01-07 00:37:43","25793.5000","-0.06","-24.54","2026-01-07 00:19:00","1","25780.2000","1.06","154027194"
"2026-01-06 15:49:52","SHORT","1","@MNQH6","MICRO E-MINI NASDAQ 100","25831.2000","1","2026-01-06 15:59:53","25819.8000","-0.03","-13.10","2026-01-06 15:58:00","1","25837.8000","22.06","154023189"
"2026-01-06 14:34:05","SHORT","1","@MNQH6","MICRO E-MINI NASDAQ 100","25813.3941","1","2026-01-06 15:07:40","25802.8000","-0.04","-15.71","2026-01-06 14:43:00","1","25821.2000","20.06","154022383"
"2025-12-29 01:56:00","LONG","0.700000000","@MNQH6","MICRO E-MINI NASDAQ 100","25805.0000","0.700000000","2026-01-06 14:22:22","25809.3000","-1.74","-755.65","2026-01-02 00:00:00","1","25265.2000","5.34","153936796"
"2025-05-12 15:46:30","SHORT","101.500000000","MSFT","MICROSOFT","470.4250","101.500000000","2026-01-06 14:01:04","484.0636","-12.01","-2963.00","2025-07-31 00:00:00","32","555.4500","-1386.03","151698590"
"2025-12-26 09:40:25","SHORT","0.350000000","@MNQH6","MICRO E-MINI NASDAQ 100","25913.9600","0.350000000","2025-12-26 10:01:10","25859.8000","-0.01","-5.15","2025-12-26 09:45:00","0","25935.0000","37.67","153924850"
"2025-12-26 09:19:53","SHORT","0.350000000","@MNQH6","MICRO E-MINI NASDAQ 100","25905.8200","0.350000000","2025-12-26 09:31:14","25868.8000","-0.00","-1.21","2025-12-26 09:30:00","0","25910.8000","25.67","153924287"
"2025-12-26 01:08:09","LONG","0.700000000","@MNQH6","MICRO E-MINI NASDAQ 100","25861.7600","0.700000000","2025-12-26 07:24:35","25878.5950","-0.02","-9.19","2025-12-26 03:35:00","0","25843.0000","23.34","153922546"
"2025-12-23 14:19:15","SHORT","0.700000000","@MNQH6","MICRO E-MINI NASDAQ 100","25802.6682","0.700000000","2025-12-24 09:48:38","25787.1500","-0.03","-11.31","2025-12-23 19:10:00","0","25825.8000","21.34","153905249"
"2025-12-23 11:49:07","SHORT","0.700000000","@MNQH6","MICRO E-MINI NASDAQ 100","25760.8750","0.700000000","2025-12-23 12:52:05","25752.5000","-0.02","-8.64","2025-12-23 12:11:00","0","25778.5000","11.34","153903496"
"2025-12-23 07:16:40","LONG","0.700000000","@MNQH6","MICRO E-MINI NASDAQ 100","25672.3571","0.700000000","2025-12-23 09:34:48","25709.0000","-0.07","-31.29","2025-12-23 08:39:00","0","25608.5000","50.34","153900465"
"2025-12-22 04:28:25","SHORT","0.350000000","@MNQH6","MICRO E-MINI NASDAQ 100","25712.0000","0.350000000","2025-12-22 10:17:39","25695.0000","-0.05","-20.33","2025-12-22 09:31:00","0","25795.0000","11.67","153890036"
"2025-12-19 15:29:11","SHORT","0.350000000","@MNQH6","MICRO E-MINI NASDAQ 100","25581.8889","0.350000000","2025-12-19 15:44:26","25556.2000","-0.00","-0.33","2025-12-19 15:32:00","0","25583.2000","17.67","153877431"
"2025-12-18 14:34:26","LONG","0.350000000","@MNQH6","MICRO E-MINI NASDAQ 100","25245.1333","0.350000000","2025-12-18 14:50:42","25273.2000","-0.01","-4.20","2025-12-18 14:46:00","0","25228.0000","19.67","153866573"
"2025-12-18 14:34:03","LONG","0.350000000","EUR/USD","EUR/USD","1.1726","0.350000000","2025-12-18 14:34:51","1.1724","0.00","0.00","2025-12-18 14:34:03","","0.0000","-0.05","153866571"
"2025-12-18 10:45:19","LONG","1.050000000","@MNQH6","MICRO E-MINI NASDAQ 100","25370.1324","1.050000000","2025-12-18 11:06:45","25391.7815","-0.03","-14.25","2025-12-18 11:03:00","0","25350.8000","44.01","153863528"
"2025-12-17 09:35:28","LONG","1.050000000","@MNQH6","MICRO E-MINI NASDAQ 100","25360.0667","1.050000000","2025-12-18 10:34:27","25357.9056","-0.81","-347.15","2025-12-17 15:59:00","0","24887.8000","-5.99","153848348"
"2025-12-16 13:18:20","LONG","0.350000000","@MNQH6","MICRO E-MINI NASDAQ 100","25203.6143","0.350000000","2025-12-16 13:37:01","25277.9714","-0.01","-3.52","2025-12-16 13:21:00","0","25189.2000","51.67","153837193"
"2025-12-15 15:45:09","LONG","0.350000000","@MNQH6","MICRO E-MINI NASDAQ 100","25347.9286","0.350000000","2025-12-16 08:32:19","25379.0000","-0.16","-67.17","2025-12-16 02:44:00","0","25073.8000","21.67","153825864"
"2025-12-15 10:00:16","LONG","0.700000000","@MNQH6","MICRO E-MINI NASDAQ 100","25447.5286","0.700000000","2025-12-15 11:19:59","25489.3143","-0.18","-78.90","2025-12-15 10:29:00","0","25286.5000","58.34","153821038"
"2025-12-12 15:42:16","LONG","0.350000000","@MNQZ5","MICRO E-MINI NASDAQ 100","25186.9714","0.350000000","2025-12-12 15:48:37","25221.2857","-0.01","-2.75","2025-12-12 15:45:00","0","25175.8000","23.67","153797265"
"2025-12-12 09:47:18","LONG","0.700000000","@MNQZ5","MICRO E-MINI NASDAQ 100","25527.8048","0.700000000","2025-12-12 09:54:36","25564.1500","-0.03","-12.89","2025-12-12 09:50:00","0","25501.5000","50.34","153791151"
"2025-12-12 09:30:10","LONG","0.350000000","@MNQZ5","MICRO E-MINI NASDAQ 100","25536.0857","0.350000000","2025-12-12 09:34:46","25587.2000","0.00","0.00","2025-12-12 09:30:10","","0.0000","35.67","153790509"
"2025-12-11 09:31:16","LONG","0.700000000","@MNQZ5","MICRO E-MINI NASDAQ 100","25591.7417","0.700000000","2025-12-11 12:51:42","25625.8500","-0.23","-98.73","2025-12-11 10:00:00","0","25390.2000","47.34","153774556"
"2025-12-11 07:18:16","SHORT","0.700000000","@MNQZ5","MICRO E-MINI NASDAQ 100","25653.6750","0.700000000","2025-12-11 09:28:39","25648.5000","-0.05","-23.07","2025-12-11 07:35:00","0","25700.8000","6.34","153773313"
"2025-12-10 10:34:40","LONG","1.050000000","@MNQZ5","MICRO E-MINI NASDAQ 100","25601.8389","1.050000000","2025-12-10 11:23:13","25640.0667","-0.13","-54.09","2025-12-10 11:03:00","0","25528.2000","79.01","153760516"
"2025-12-10 03:15:28","SHORT","0.700000000","@MNQZ5","MICRO E-MINI NASDAQ 100","25736.2833","0.700000000","2025-12-10 04:38:29","25709.4000","-0.01","-3.41","2025-12-10 03:18:00","0","25743.2000","37.34","153755684"
"2025-12-04 19:37:41","SHORT","1.050000000","@MNQZ5","MICRO E-MINI NASDAQ 100","25674.6792","1.050000000","2025-12-08 13:35:17","25616.8000","-0.32","-136.76","2025-12-08 09:33:00","0","25860.8000","121.01","153689588"
"2025-12-04 18:05:19","SHORT","0.350000000","@MNQZ5","MICRO E-MINI NASDAQ 100","25642.0000","0.350000000","2025-12-04 19:02:04","25616.8000","0.00","0.00","2025-12-04 18:05:19","","0.0000","17.67","153689084"
"2025-12-04 09:57:46","LONG","0.350000000","@MNQZ5","MICRO E-MINI NASDAQ 100","25557.8500","0.350000000","2025-12-04 10:37:25","25609.8000","-0.02","-9.27","2025-12-04 10:25:00","0","25520.0000","35.67","153681643"
"2025-12-04 09:35:08","LONG","0.350000000","@MNQZ5","MICRO E-MINI NASDAQ 100","25586.5625","0.350000000","2025-12-04 09:35:39","25598.9500","0.00","0.00","2025-12-04 09:35:08","","0.0000","8.67","153681248"
"2025-12-03 09:30:39","LONG","0.350000000","@MNQZ5","MICRO E-MINI NASDAQ 100","25463.8375","0.350000000","2025-12-03 09:31:42","25521.7000","0.00","0.00","2025-12-03 09:30:39","","0.0000","40.67","153663495"
"2025-12-03 09:17:39","LONG","0.700000000","@MNQZ5","MICRO E-MINI NASDAQ 100","25466.1813","0.700000000","2025-12-03 09:30:00","25495.6125","-0.02","-10.13","2025-12-03 09:20:00","0","25445.5000","40.34","153663210"
"2025-12-02 10:06:09","SHORT","0.700000000","@MNQZ5","MICRO E-MINI NASDAQ 100","25646.8688","0.700000000","2025-12-02 10:27:00","25610.7000","-0.01","-3.62","2025-12-02 10:09:00","0","25654.2000","50.34","153649523"
"2025-12-02 09:38:48","SHORT","0.700000000","@MNQZ5","MICRO E-MINI NASDAQ 100","25596.3250","0.700000000","2025-12-02 09:55:01","25565.3000","-0.02","-6.46","2025-12-02 09:41:00","0","25609.5000","42.34","153648680"
"2025-12-02 02:59:19","LONG","1.750000000","@MNQZ5","MICRO E-MINI NASDAQ 100","25348.7625","1.750000000","2025-12-02 03:32:09","25364.1400","-0.07","-30.33","2025-12-02 03:10:00","1","25324.0000","52.35","153645107"
"2025-12-01 07:52:30","LONG","1.050000000","@MNQZ5","MICRO E-MINI NASDAQ 100","25224.4167","1.050000000","2025-12-01 08:13:10","25252.0500","-0.02","-7.66","2025-12-01 08:01:00","0","25214.0000","57.01","153630937"
"2025-11-28 11:13:45","SHORT","0.700000000","@MNQZ5","MICRO E-MINI NASDAQ 100","25431.5000","0.700000000","2025-11-28 11:25:44","25397.1500","-0.01","-2.69","2025-11-28 11:16:00","0","25437.0000","47.34","153601368"
"2025-11-26 14:30:59","SHORT","0.700000000","@MNQZ5","MICRO E-MINI NASDAQ 100","25350.4062","0.700000000","2025-11-26 14:39:55","25321.8438","-0.00","-1.64","2025-11-26 14:33:00","0","25353.8000","39.34","153575738"
"2025-11-26 02:34:12","SHORT","0.700000000","@MNQZ5","MICRO E-MINI NASDAQ 100","25230.6500","0.700000000","2025-11-26 03:00:51","25201.8750","-0.01","-2.38","2025-11-26 02:41:00","0","25235.5000","39.34","153563198"
"2025-11-25 15:31:43","SHORT","1.050000000","@MNQZ5","MICRO E-MINI NASDAQ 100","25091.3333","1.050000000","2025-11-25 16:08:35","25073.9542","-0.08","-32.65","2025-11-25 15:54:00","0","25135.8000","36.01","153557359"
"2025-11-25 13:48:02","SHORT","0.350000000","@MNQZ5","MICRO E-MINI NASDAQ 100","25038.0250","0.350000000","2025-11-25 14:12:05","25007.5000","-0.00","-1.89","2025-11-25 13:54:00","0","25045.8000","20.67","153556347"
"2025-11-21 09:47:47","LONG","0.350000000","@MNQZ5","MICRO E-MINI NASDAQ 100","24150.2000","0.350000000","2025-11-21 09:48:47","24205.2000","0.00","0.00","2025-11-21 09:47:47","","0.0000","38.67","153521377"
"2025-11-21 07:35:45","LONG","0.350000000","@MNQZ5","MICRO E-MINI NASDAQ 100","24134.0400","0.350000000","2025-11-21 07:38:54","24187.8000","0.00","0.00","2025-11-21 07:35:45","","0.0000","37.67","153519897"
"2025-11-21 06:54:52","LONG","0.350000000","@MNQZ5","MICRO E-MINI NASDAQ 100","24022.8200","0.350000000","2025-11-21 07:30:23","24076.0000","-0.04","-17.23","2025-11-21 07:23:00","0","23952.5000","36.67","153519670"
"2025-11-20 18:06:05","LONG","1.050000000","@MNQZ5","MICRO E-MINI NASDAQ 100","24063.3667","1.050000000","2025-11-20 18:18:00","24097.0000","-0.08","-33.34","2025-11-20 18:10:00","0","24018.0000","70.01","153514977"
"2025-11-20 08:46:28","SHORT","1.750000000","@MNQZ5","MICRO E-MINI NASDAQ 100","25232.5850","1.750000000","2025-11-20 09:14:03","25205.5200","-0.09","-39.40","2025-11-20 08:52:00","0","25265.0000","93.36","153505816"
"2025-11-20 04:00:10","LONG","4.200000000","@MNQZ5","MICRO E-MINI NASDAQ 100","25091.8042","4.200000000","2025-11-20 05:45:13","25096.3875","-0.49","-205.22","2025-11-20 05:09:00","1","25022.0000","35.05","153504118"
"2025-11-19 09:30:09","LONG","0.700000000","@MNQZ5","MICRO E-MINI NASDAQ 100","24589.8875","0.700000000","2025-11-19 09:35:13","24655.0875","-0.01","-2.64","2025-11-19 09:33:00","0","24584.5000","90.34","153490769"
"2025-11-18 19:45:28","LONG","1.400000000","@MNQZ5","MICRO E-MINI NASDAQ 100","24559.1250","1.400000000","2025-11-18 20:27:55","24603.7125","-0.11","-47.41","2025-11-18 20:11:00","0","24510.8000","123.68","153483156"
"2025-11-18 09:45:05","LONG","0.700000000","@MNQZ5","MICRO E-MINI NASDAQ 100","24566.6000","0.700000000","2025-11-18 11:25:59","24608.0000","-0.22","-91.43","2025-11-18 11:03:00","0","24380.0000","57.34","153473365"
"2025-11-18 02:01:20","LONG","1.050000000","@MNQZ5","MICRO E-MINI NASDAQ 100","24618.3500","1.050000000","2025-11-18 02:23:23","24654.3833","-0.02","-9.75","2025-11-18 02:05:00","0","24603.8000","75.01","153468047"
"2025-11-17 14:31:01","LONG","1.400000000","@MNQZ5","MICRO E-MINI NASDAQ 100","24838.9313","1.400000000","2025-11-17 15:49:10","24843.9437","-0.25","-104.79","2025-11-17 15:03:00","0","24732.0000","12.68","153461690"
"2025-11-17 13:03:10","LONG","0.700000000","@MNQZ5","MICRO E-MINI NASDAQ 100","24978.5125","0.700000000","2025-11-17 13:47:03","25031.4875","-0.03","-11.52","2025-11-17 13:08:00","0","24955.0000","73.34","153460405"
"2025-11-17 09:28:07","LONG","0.700000000","@MNQZ5","MICRO E-MINI NASDAQ 100","24992.9000","0.700000000","2025-11-17 09:32:48","25065.3500","-0.04","-14.77","2025-11-17 09:31:00","0","24962.8000","100.34","153455734"
"2025-11-17 08:50:00","LONG","0.700000000","@MNQZ5","MICRO E-MINI NASDAQ 100","25021.1875","0.700000000","2025-11-17 08:56:00","25051.0000","0.01","3.09","2025-11-17 08:52:00","0","25027.5000","41.34","153455315"
"2025-11-14 09:34:39","LONG","3.500000000","META","META PLATFORMS INC. CLASS A","596.5508","3.500000000","2025-11-14 12:13:42","612.5325","0.00","0.00","2025-11-14 09:34:39","","0.0000","55.93","153439983"
"2025-11-14 06:33:51","LONG","1.750000000","@MNQZ5","MICRO E-MINI NASDAQ 100","24820.5960","1.750000000","2025-11-14 09:52:20","24888.1600","-0.58","-238.38","2025-11-14 09:33:00","1","24626.0000","234.35","153438443"
"2025-11-13 09:52:39","SHORT","1.050000000","@MNQZ5","MICRO E-MINI NASDAQ 100","25379.3067","1.050000000","2025-11-13 11:19:10","25240.4000","-0.21","-86.50","2025-11-13 10:16:00","0","25497.0000","291.01","153429075"
"2025-11-13 09:02:27","LONG","1.050000000","@MNQZ5","MICRO E-MINI NASDAQ 100","25498.5133","1.050000000","2025-11-13 09:52:38","25332.5000","-0.39","-160.06","2025-11-13 09:45:00","0","25280.8000","-349.99","153427471"
"2025-11-12 01:34:11","SHORT","0.350000000","@MNQZ5","MICRO E-MINI NASDAQ 100","25765.8000","0.350000000","2025-11-12 09:58:29","25579.0000","-0.04","-15.85","2025-11-12 05:02:00","0","25830.5000","130.67","153414537"
"2025-11-10 20:26:29","SHORT","0.350000000","@MNQZ5","MICRO E-MINI NASDAQ 100","25759.4250","0.350000000","2025-11-11 02:17:37","25660.5000","-0.00","-1.00","2025-11-10 20:33:00","0","25763.5000","68.67","153400083"
"2025-11-10 07:02:40","SHORT","0.700000000","@MNQZ5","MICRO E-MINI NASDAQ 100","25577.8000","0.700000000","2025-11-10 12:10:42","25546.3875","-0.11","-43.46","2025-11-10 10:25:00","0","25666.5000","43.34","153391121"
"2025-11-04 14:38:27","LONG","7","META","META PLATFORMS INC. CLASS A","628.1700","7","2025-11-10 10:07:47","633.5560","-0.16","-66.08","2025-11-07 00:00:00","2","601.2000","37.86","153344817"
"2025-11-07 09:21:10","LONG","0.700000000","@MNQZ5","MICRO E-MINI NASDAQ 100","25083.4000","0.700000000","2025-11-07 15:57:44","25148.9625","-0.45","-183.46","2025-11-07 12:07:00","0","24709.0000","91.34","153373937"
"2025-11-07 06:14:34","LONG","0.700000000","@MNQZ5","MICRO E-MINI NASDAQ 100","25133.1200","0.700000000","2025-11-07 06:47:47","25151.7300","-0.06","-23.95","2025-11-07 06:32:00","0","25084.2000","25.34","153373010"
"2025-11-06 09:35:54","LONG","0.700000000","@MNQZ5","MICRO E-MINI NASDAQ 100","25609.8100","0.700000000","2025-11-06 09:47:08","25646.9000","-0.03","-10.43","2025-11-06 09:41:00","0","25585.8000","51.34","153362573"
"2025-11-04 19:40:42","LONG","1.400000000","@MNQZ5","MICRO E-MINI NASDAQ 100","25406.9475","1.400000000","2025-11-04 22:02:11","25426.7000","-0.30","-121.71","2025-11-04 20:39:00","0","25282.8000","53.68","153347496"
"2025-11-04 15:02:53","LONG","0.350000000","@MBTX5","MICRO BITCOIN","100725.0000","0.350000000","2025-11-04 21:48:25","102032.5000","-0.05","-18.62","2025-11-04 16:39:00","0","99205.0000","43.20","153344957"
"2025-10-24 05:40:17","SHORT","0.350000000","@MNQZ5","MICRO E-MINI NASDAQ 100","25391.8000","0.350000000","2025-11-04 15:56:56","25547.1000","-0.62","-246.89","2025-10-30 00:00:00","0","26399.5000","-109.33","153246259"
"2025-10-30 09:31:48","LONG","10.500000000","META","META PLATFORMS INC. CLASS A","656.8247","10.500000000","2025-10-30 09:42:20","664.2600","-0.01","-5.75","2025-10-30 09:34:00","4","655.2600","77.79","153300343"
"2025-10-23 13:04:04","SHORT","0.700000000","@MNQZ5","MICRO E-MINI NASDAQ 100","25237.2500","0.700000000","2025-10-23 13:25:17","25206.1250","-0.01","-2.21","2025-10-23 13:07:00","0","25241.8000","43.34","153241219"
"2025-10-23 08:23:56","LONG","0.350000000","@MNQZ5","MICRO E-MINI NASDAQ 100","24960.2000","0.350000000","2025-10-23 08:56:26","24999.6000","-0.02","-6.60","2025-10-23 08:32:00","0","24933.2000","27.67","153236671"
"2025-10-22 13:41:19","LONG","0.350000000","@MNQZ5","MICRO E-MINI NASDAQ 100","24850.5750","0.350000000","2025-10-22 14:01:42","24902.0000","-0.03","-11.10","2025-10-22 13:54:00","0","24805.2000","35.67","153231275"
"2025-10-22 11:48:23","SHORT","0.700000000","@MNQZ5","MICRO E-MINI NASDAQ 100","25108.7500","0.700000000","2025-10-22 12:01:39","25083.6125","-0.03","-11.02","2025-10-22 11:55:00","0","25131.2000","34.34","153230362"
"2025-10-22 11:36:19","LONG","0.350000000","@MNQZ5","MICRO E-MINI NASDAQ 100","25017.2750","0.350000000","2025-10-22 11:44:16","25068.8000","0.00","0.00","2025-10-22 11:36:19","","0.0000","35.67","153229429"
"2025-10-22 09:45:03","SHORT","0.350000000","@MNQZ5","MICRO E-MINI NASDAQ 100","25258.1000","0.350000000","2025-10-22 09:48:39","25237.8000","0.00","0.00","2025-10-22 09:45:03","","0.0000","13.67","153227912"
"2025-10-22 09:30:42","LONG","0.700000000","@MNQZ5","MICRO E-MINI NASDAQ 100","25206.1750","0.700000000","2025-10-22 09:39:56","25221.5250","-0.04","-16.38","2025-10-22 09:35:00","0","25172.8000","20.34","153227355"
"2025-10-21 15:49:56","SHORT","1.400000000","@MNQZ5","MICRO E-MINI NASDAQ 100","25322.5750","1.400000000","2025-10-21 15:59:32","25307.6688","-0.03","-10.66","2025-10-21 15:54:00","0","25334.0000","40.68","153222282"
"2025-10-21 12:53:28","SHORT","0.700000000","@MNQZ5","MICRO E-MINI NASDAQ 100","25305.7250","0.700000000","2025-10-21 13:01:09","25267.9750","0.00","0.00","2025-10-21 12:53:28","","0.0000","52.34","153221015"
"2025-10-20 21:49:15","SHORT","1.050000000","@MNQZ5","MICRO E-MINI NASDAQ 100","25343.4444","1.050000000","2025-10-21 00:56:27","25301.0333","-0.04","-18.05","2025-10-20 22:30:00","0","25368.0000","88.01","153215085"
"2025-10-17 10:04:15","LONG","2.100000000","@MBTV5","MICRO BITCOIN","105755.2778","2.100000000","2025-10-17 11:46:18","106306.9444","-0.20","-78.67","2025-10-17 10:35:00","1","104685.0000","99.20","153192337"
"2025-10-16 03:01:45","SHORT","0.700000000","@MNQZ5","MICRO E-MINI NASDAQ 100","25038.7000","0.700000000","2025-10-16 03:12:08","25006.1500","-0.00","-1.13","2025-10-16 03:04:00","0","25041.0000","45.34","153176577"
"2025-10-15 15:32:48","SHORT","0.700000000","@MNQZ5","MICRO E-MINI NASDAQ 100","24937.6833","0.700000000","2025-10-15 15:36:17","24911.5667","0.00","0.00","2025-10-15 15:32:48","","0.0000","36.34","153172907"
"2025-10-15 09:39:14","LONG","1.050000000","@MNQZ5","MICRO E-MINI NASDAQ 100","24941.7333","1.050000000","2025-10-15 09:45:37","24977.5333","-0.01","-5.64","2025-10-15 09:44:00","0","24920.5000","74.01","153167792"
"2025-10-15 08:41:01","SHORT","1.400000000","@MNQZ5","MICRO E-MINI NASDAQ 100","25001.9833","1.400000000","2025-10-15 09:34:48","24959.5750","-0.06","-22.80","2025-10-15 08:59:00","0","25025.2000","117.68","153166899"
"2025-10-12 21:30:57","SHORT","1.400000000","@MNQZ5","MICRO E-MINI NASDAQ 100","24850.8750","1.400000000","2025-10-13 07:29:38","24764.4375","-0.23","-92.24","2025-10-13 03:31:00","0","24945.0000","240.68","153141890"
"2025-10-10 14:32:11","LONG","11.550000000","@MNQZ5","MICRO E-MINI NASDAQ 100","24508.4167","11.550000000","2025-10-12 21:29:35","24531.6818","-6.18","-2319.66","2025-10-10 16:55:00","3","24157.8000","526.14","153133174"
"2025-10-10 14:22:23","SHORT","1.400000000","@MNQZ5","MICRO E-MINI NASDAQ 100","24705.1875","1.400000000","2025-10-10 14:31:25","24672.3125","-0.03","-11.82","2025-10-10 14:25:00","0","24717.2000","90.68","153133093"
"2025-10-07 11:15:11","SHORT","2.800000000","@MNQZ5","MICRO E-MINI NASDAQ 100","25108.8750","2.800000000","2025-10-07 11:28:36","25078.5625","-0.08","-29.37","2025-10-07 11:20:00","1","25126.0000","167.37","153098333"
"2025-10-07 11:10:03","LONG","0.700000000","@MNQZ5","MICRO E-MINI NASDAQ 100","25059.0000","0.700000000","2025-10-07 11:11:26","25098.5000","0.00","0.00","2025-10-07 11:10:03","","0.0000","54.34","153098236"
"2025-10-01 10:13:02","SHORT","8.400000000","@MNQZ5","MICRO E-MINI NASDAQ 100","25143.1354","8.400000000","2025-10-07 11:09:12","25086.5521","-1.78","-644.91","2025-10-07 09:07:00","2","25274.8000","943.10","153047959"
"2025-09-25 10:07:06","SHORT","3.150000000","@MNQZ5","MICRO E-MINI NASDAQ 100","24589.3244","3.150000000","2025-09-26 11:06:00","24565.8867","-0.63","-236.26","2025-09-26 08:38:00","1","24747.2000","145.04","153000750"
"2025-09-25 09:30:56","LONG","5.250000000","@MNQZ5","MICRO E-MINI NASDAQ 100","24488.5680","5.250000000","2025-09-25 10:05:11","24512.2187","-0.65","-244.64","2025-09-25 09:44:00","2","24422.0000","243.06","152999688"
"2025-09-25 09:20:34","SHORT","0.700000000","@MNQZ5","MICRO E-MINI NASDAQ 100","24586.1300","0.700000000","2025-09-25 09:30:02","24559.2000","0.00","0.00","2025-09-25 09:20:34","","0.0000","37.34","152999446"
"2025-09-25 09:04:02","LONG","2.100000000","@MNQZ5","MICRO E-MINI NASDAQ 100","24552.2400","2.100000000","2025-09-25 09:19:16","24572.9600","-0.05","-17.63","2025-09-25 09:10:00","1","24540.2000","85.03","152999299"
"2025-09-19 09:36:12","LONG","2.100000000","@MNQZ5","MICRO E-MINI NASDAQ 100","24746.4167","2.100000000","2025-09-19 09:41:19","24771.3333","-0.04","-13.48","2025-09-19 09:39:00","1","24737.2000","103.03","152955888"
"2025-09-19 09:13:32","SHORT","2.800000000","@MNQZ5","MICRO E-MINI NASDAQ 100","24771.8125","2.800000000","2025-09-19 09:33:02","24757.4375","-0.06","-23.83","2025-09-19 09:29:00","1","24784.5000","78.37","152955315"
"2025-09-17 09:57:35","LONG","3.150000000","@MNQZ5","MICRO E-MINI NASDAQ 100","24452.7500","3.150000000","2025-09-17 14:03:29","24483.9167","-0.31","-114.66","2025-09-17 12:40:00","1","24374.8000","193.04","152934596"
"2025-09-17 09:50:03","SHORT","2.800000000","@MNQZ5","MICRO E-MINI NASDAQ 100","24506.4688","2.800000000","2025-09-17 09:56:50","24498.6875","-0.07","-27.50","2025-09-17 09:54:00","1","24520.5000","41.37","152934488"
"2025-09-17 09:45:52","LONG","0.700000000","@MNQZ5","MICRO E-MINI NASDAQ 100","24466.7500","0.700000000","2025-09-17 09:48:40","24495.2500","0.00","0.00","2025-09-17 09:45:52","","0.0000","39.34","152934415"
"2025-09-16 09:34:42","SHORT","1.750000000","@MNQZ5","MICRO E-MINI NASDAQ 100","24570.9500","1.750000000","2025-09-16 09:45:29","24549.7500","-0.01","-4.35","2025-09-16 09:37:00","1","24574.5000","72.36","152924317"
"2025-09-15 10:08:09","SHORT","0.700000000","@MNQZ5","MICRO E-MINI NASDAQ 100","24502.2500","0.700000000","2025-09-15 10:13:30","24485.5000","0.00","0.00","2025-09-15 10:08:09","","0.0000","22.34","152913322"
"2025-09-15 10:00:36","SHORT","0.350000000","@MNQZ5","MICRO E-MINI NASDAQ 100","24504.2500","0.350000000","2025-09-15 10:05:50","24489.7500","0.00","0.00","2025-09-15 10:00:36","","0.0000","9.67","152913170"
"2025-08-25 09:59:49","SHORT","3.500000000","@MNQU5","MICRO E-MINI NASDAQ 100","23544.9500","3.500000000","2025-08-25 15:59:54","23495.7500","-0.48","-175.91","2025-08-25 11:53:00","1","23616.8000","340.71","152700933"
"2025-08-25 09:42:13","LONG","6.650000000","@MBTQ5","MICRO BITCOIN","110909.4737","6.650000000","2025-08-25 09:57:24","111550.0000","-0.15","-55.98","2025-08-25 09:46:00","2","110650.0000","372.80","152700683"
"2025-08-22 11:58:59","LONG","2.100000000","@MNQU5","MICRO E-MINI NASDAQ 100","23550.2083","2.100000000","2025-08-22 13:25:31","23598.8750","-0.18","-63.52","2025-08-22 12:57:00","1","23507.0000","202.03","152687599"
"2025-08-22 10:35:37","SHORT","1.750000000","@MNQU5","MICRO E-MINI NASDAQ 100","23602.3500","1.750000000","2025-08-22 11:58:48","23578.2000","-0.16","-58.37","2025-08-22 11:04:00","1","23650.0000","83.36","152685678"
"2025-08-22 10:20:46","LONG","3.850000000","@MNQU5","MICRO E-MINI NASDAQ 100","23542.4773","3.850000000","2025-08-22 10:29:24","23565.2955","-0.34","-122.99","2025-08-22 10:23:00","1","23492.2000","172.38","152685355"
"2025-08-22 10:10:25","SHORT","4.200000000","@MNQU5","MICRO E-MINI NASDAQ 100","23593.1458","4.200000000","2025-08-22 10:19:25","23563.6250","-0.28","-95.81","2025-08-22 10:17:00","1","23632.2000","244.05","152684970"
"2025-08-19 12:25:44","LONG","4.200000000","@MNQU5","MICRO E-MINI NASDAQ 100","23528.9792","4.200000000","2025-08-22 10:09:42","23563.6875","-2.88","-990.54","2025-08-20 00:00:00","1","23035.2000","288.05","152642069"
"2025-08-19 09:31:52","LONG","4.900000000","@MNQU5","MICRO E-MINI NASDAQ 100","23701.1786","4.900000000","2025-08-19 09:41:47","23713.4643","-0.40","-141.24","2025-08-19 09:35:00","2","23660.0000","115.39","152638725"
"2025-08-19 09:26:32","SHORT","3.500000000","@MNQU5","MICRO E-MINI NASDAQ 100","23757.1500","3.500000000","2025-08-19 09:31:21","23745.7500","-0.10","-33.32","2025-08-19 09:30:00","1","23770.8000","76.71","152638479"
"2025-08-19 09:07:47","LONG","1.750000000","@MNQU5","MICRO E-MINI NASDAQ 100","23739.4000","1.750000000","2025-08-19 09:25:00","23751.4000","-0.01","-5.08","2025-08-19 09:14:00","1","23735.2000","40.35","152638390"
"2025-08-18 09:45:39","LONG","4.900000000","@MNQU5","MICRO E-MINI NASDAQ 100","23772.6250","4.900000000","2025-08-18 10:08:43","23787.6429","-0.37","-129.05","2025-08-18 09:58:00","2","23735.0000","142.39","152631213"
"2025-08-18 09:36:20","SHORT","2.800000000","@MNQU5","MICRO E-MINI NASDAQ 100","23810.0938","2.800000000","2025-08-18 09:42:04","23785.1250","-0.01","-3.47","2025-08-18 09:39:00","1","23813.8000","137.37","152630966"
"2025-08-15 10:14:55","SHORT","1.400000000","@MNQU5","MICRO E-MINI NASDAQ 100","23875.4375","1.400000000","2025-08-15 10:21:27","23850.1875","0.00","0.43","2025-08-15 10:17:00","0","23875.0000","69.68","152617479"
"2025-08-15 09:30:52","LONG","7","@MNQU5","MICRO E-MINI NASDAQ 100","23849.5625","7","2025-08-15 10:14:42","23866.3375","-0.97","-327.57","2025-08-15 10:00:00","2","23766.0000","228.42","152616357"
"2025-08-14 09:34:49","SHORT","3.850000000","@MNQU5","MICRO E-MINI NASDAQ 100","23914.5227","3.850000000","2025-08-14 11:45:37","23878.0455","-0.73","-245.18","2025-08-14 10:47:00","1","24005.5000","277.38","152606365"
"2025-08-13 11:16:03","LONG","1.400000000","@MNQU5","MICRO E-MINI NASDAQ 100","23898.1875","1.400000000","2025-08-13 11:20:17","23920.3125","0.00","0.00","2025-08-13 11:16:03","","0.0000","60.68","152597829"
"2025-08-12 13:49:13","SHORT","3.500000000","@MNQU5","MICRO E-MINI NASDAQ 100","23930.1250","3.500000000","2025-08-13 11:14:31","23915.3750","-1.03","-340.24","2025-08-13 09:38:00","1","24069.0000","99.71","152589352"
"2025-08-12 09:53:11","SHORT","1.400000000","@MNQU5","MICRO E-MINI NASDAQ 100","23700.6250","1.400000000","2025-08-12 10:00:00","23655.1875","-0.05","-17.27","2025-08-12 09:56:00","0","23718.2000","125.68","152585208"
"2025-08-12 09:43:26","SHORT","0.700000000","@MNQU5","MICRO E-MINI NASDAQ 100","23803.8750","0.700000000","2025-08-12 09:45:23","23740.7500","0.00","0.00","2025-08-12 09:43:26","","0.0000","87.34","152584896"
"2025-08-11 13:39:57","LONG","4.200000000","@MNQU5","MICRO E-MINI NASDAQ 100","23675.5417","4.200000000","2025-08-12 08:55:00","23762.5208","-0.79","-260.31","2025-08-11 15:56:00","1","23587.0000","727.05","152578380"
"2025-08-11 12:53:22","SHORT","0.700000000","@MNQU5","MICRO E-MINI NASDAQ 100","23748.0000","0.700000000","2025-08-11 13:38:43","23710.7500","-0.01","-2.45","2025-08-11 13:09:00","0","23753.0000","51.34","152578013"
"2025-08-11 10:17:18","SHORT","2.100000000","@MNQU5","MICRO E-MINI NASDAQ 100","23774.5833","2.100000000","2025-08-11 12:52:23","23754.9167","-0.13","-43.98","2025-08-11 12:11:00","1","23804.5000","81.03","152575510"
"2025-08-04 09:29:51","SHORT","17.150000000","@MNQU5","MICRO E-MINI NASDAQ 100","23269.9847","17.150000000","2025-08-07 12:56:35","23263.1837","-3.39","-1081.41","2025-08-07 10:00:00","1","23671.2000","216.88","152508240"
"2025-08-01 14:56:18","LONG","2.800000000","@MNQU5","MICRO E-MINI NASDAQ 100","22855.9688","2.800000000","2025-08-01 16:03:55","22920.4688","-0.13","-41.59","2025-08-01 15:30:00","1","22834.8000","358.37","152497228"
"2025-08-01 12:50:30","LONG","5.250000000","@MNQU5","MICRO E-MINI NASDAQ 100","22913.9500","5.250000000","2025-08-01 14:43:34","22926.4333","-1.47","-461.95","2025-08-01 14:09:00","2","22788.2000","126.06","152496052"
"2025-08-01 10:10:03","SHORT","9.100000000","@MNQU5","MICRO E-MINI NASDAQ 100","22952.8942","9.100000000","2025-08-01 12:48:01","22931.0962","-1.47","-445.72","2025-08-01 10:34:00","2","23022.5000","388.45","152493421"
"2025-08-01 10:01:28","LONG","2.450000000","@MNQU5","MICRO E-MINI NASDAQ 100","22808.7500","2.450000000","2025-08-01 10:09:43","22881.0000","0.00","0.00","2025-08-01 10:01:28","","0.0000","351.70","152493249"
"2025-06-25 15:57:06","SHORT","5.250000000","@MNQU5","MICRO E-MINI NASDAQ 100","22882.3000","5.250000000","2025-08-01 10:01:16","22917.1167","-11.36","-2839.16","2025-07-31 00:00:00","1","23848.0000","-370.94","152149354"
"2025-06-25 09:37:24","SHORT","1.750000000","@MNQU5","MICRO E-MINI NASDAQ 100","22537.3500","1.750000000","2025-06-25 09:50:30","22511.1000","-0.04","-11.52","2025-06-25 09:44:00","0","22548.2000","90.36","152144575"
"2025-06-18 15:16:01","SHORT","1.050000000","@MNQU5","MICRO E-MINI NASDAQ 100","21991.0833","1.050000000","2025-06-18 15:28:21","21937.2500","-0.05","-16.11","2025-06-18 15:23:00","0","22013.0000","112.01","152090192"
"2025-06-18 15:11:39","SHORT","0.700000000","@MNQU5","MICRO E-MINI NASDAQ 100","21951.0000","0.700000000","2025-06-18 15:13:05","21921.3750","0.00","0.00","2025-06-18 15:11:39","","0.0000","40.34","152090140"
"2025-06-17 15:34:55","SHORT","1.050000000","@MNQU5","MICRO E-MINI NASDAQ 100","21987.6667","1.050000000","2025-06-17 15:41:22","21964.4167","-0.01","-4.29","2025-06-17 15:37:00","0","21993.5000","48.01","152079603"
"2025-06-17 14:41:08","LONG","1.050000000","@MNQU5","MICRO E-MINI NASDAQ 100","21926.8333","1.050000000","2025-06-17 14:46:55","21947.4167","-0.04","-13.84","2025-06-17 14:44:00","0","21908.0000","42.01","152079199"
"2025-06-15 18:14:40","SHORT","3.150000000","@MESU5","MICRO E-MINI S&P 500","6042.5833","3.150000000","2025-06-17 14:33:45","6038.6111","-0.65","-211.77","2025-06-17 11:14:00","1","6081.0000","59.22","152058649"
"2025-06-15 18:12:04","LONG","0.350000000","@MNQU5","MICRO E-MINI NASDAQ 100","21803.5000","0.350000000","2025-06-15 18:15:02","21823.0000","0.00","0.00","2025-06-15 18:12:04","","0.0000","13.67","152058645"
"2025-06-13 14:05:11","SHORT","0.700000000","@MNQM5","MICRO E-MINI NASDAQ 100","21772.7500","0.700000000","2025-06-13 14:38:00","21620.0000","0.00","0.00","2025-06-13 14:05:11","","0.0000","213.34","152051632"
"2025-06-13 09:26:24","SHORT","1.750000000","@MNQM5","MICRO E-MINI NASDAQ 100","21682.2500","1.750000000","2025-06-13 10:24:57","21659.2000","-0.43","-139.65","2025-06-13 09:51:00","1","21796.2000","79.36","152046750"
"2025-06-12 08:32:37","SHORT","1.400000000","@MNQM5","MICRO E-MINI NASDAQ 100","21803.0625","1.400000000","2025-06-12 20:12:05","21660.8750","-0.53","-170.95","2025-06-12 11:03:00","0","21977.5000","396.68","152002009"
"2025-06-11 13:09:16","SHORT","1.050000000","@MNQM5","MICRO E-MINI NASDAQ 100","22015.2500","1.050000000","2025-06-11 13:42:17","21989.5833","-0.00","-0.55","2025-06-11 13:12:00","0","22016.0000","53.01","151994350"
"2025-06-11 12:19:51","LONG","1.750000000","@MNQM5","MICRO E-MINI NASDAQ 100","21927.7000","1.750000000","2025-06-11 12:25:25","21944.6000","-0.01","-2.69","2025-06-11 12:22:00","1","21925.5000","57.35","151993903"
"2025-06-11 12:13:38","SHORT","0.350000000","@MNQM5","MICRO E-MINI NASDAQ 100","21964.7500","0.350000000","2025-06-11 12:19:18","21938.7500","0.00","0.00","2025-06-11 12:13:38","","0.0000","17.67","151993830"
"2025-06-11 12:07:25","SHORT","1.400000000","@MNQM5","MICRO E-MINI NASDAQ 100","21966.0000","1.400000000","2025-06-11 12:11:03","21940.6250","-0.03","-9.55","2025-06-11 12:10:00","0","21975.8000","69.68","151993758"
"2025-06-11 09:31:11","LONG","0.700000000","@MNQM5","MICRO E-MINI NASDAQ 100","22009.1250","0.700000000","2025-06-11 10:16:30","22013.8750","-0.14","-46.12","2025-06-11 09:47:00","0","21915.0000","6.34","151990414"
"2025-06-11 04:32:03","SHORT","1.400000000","@MNQM5","MICRO E-MINI NASDAQ 100","21939.1250","1.400000000","2025-06-11 07:16:37","21899.1875","-0.06","-20.21","2025-06-11 04:37:00","0","21959.8000","110.68","151987381"
"2025-06-10 14:46:56","SHORT","1.750000000","@MNQM5","MICRO E-MINI NASDAQ 100","21908.7500","1.750000000","2025-06-10 21:22:27","21899.4000","-0.36","-114.23","2025-06-10 19:17:00","1","22002.0000","31.36","151983102"
"2025-06-10 09:31:15","SHORT","0.700000000","@MNQM5","MICRO E-MINI NASDAQ 100","21851.1250","0.700000000","2025-06-10 09:32:34","21824.7500","0.00","0.00","2025-06-10 09:31:15","","0.0000","36.34","151978276"
"2025-06-09 09:35:58","LONG","1.050000000","@MNQM5","MICRO E-MINI NASDAQ 100","21762.0833","1.050000000","2025-06-09 09:42:43","21788.1667","-0.03","-8.70","2025-06-09 09:39:00","0","21750.2000","54.01","151959072"
"2025-06-09 08:25:02","SHORT","0.700000000","@MNQM5","MICRO E-MINI NASDAQ 100","21811.6250","0.700000000","2025-06-09 09:31:26","21779.7500","-0.01","-1.90","2025-06-09 08:47:00","0","21815.5000","44.34","151958284"
"2025-06-06 15:34:41","LONG","1.750000000","@MNQM5","MICRO E-MINI NASDAQ 100","21801.1000","1.750000000","2025-06-06 15:54:45","21822.6000","-0.03","-10.84","2025-06-06 15:49:00","1","21792.2000","73.36","151947574"
"2025-06-06 14:19:32","SHORT","1.400000000","@MNQM5","MICRO E-MINI NASDAQ 100","21863.1875","1.400000000","2025-06-06 14:45:50","21841.0625","-0.05","-14.95","2025-06-06 14:30:00","0","21880.0000","60.68","151946980"
"2025-06-05 15:56:58","LONG","1.750000000","@MNQM5","MICRO E-MINI NASDAQ 100","21574.1000","1.750000000","2025-06-05 16:00:15","21599.2500","-0.04","-12.68","2025-06-05 15:59:00","1","21563.8000","86.36","151936279"
"2025-06-05 09:43:20","LONG","21","TSLA","TESLA  INC.","314.1300","21","2025-06-05 10:15:40","316.1100","-0.04","-12.72","2025-06-05 09:48:00","6","312.3600","41.58","151931129"
"2025-05-12 15:45:51","SHORT","52.500000000","TSLA","TESLA  INC.","330.8077","52.500000000","2025-06-05 09:30:01","326.4513","-1.49","-419.80","2025-05-29 00:00:00","11","367.7100","227.95","151698586"
"2025-06-04 14:03:56","SHORT","0.700000000","@MNQM5","MICRO E-MINI NASDAQ 100","21792.1250","0.700000000","2025-06-04 15:51:26","21759.7500","-0.02","-5.21","2025-06-04 14:30:00","0","21802.8000","44.34","151923771"
"2025-05-30 09:58:16","LONG","1.400000000","@MNQM5","MICRO E-MINI NASDAQ 100","21264.5000","1.400000000","2025-05-30 10:01:21","21295.2500","0.00","0.00","2025-05-30 09:58:16","","0.0000","84.68","151873988"
"2025-05-30 08:16:57","SHORT","2.100000000","@MNQM5","MICRO E-MINI NASDAQ 100","21314.4583","2.100000000","2025-05-30 09:45:00","21288.8750","-0.19","-56.07","2025-05-30 09:30:00","0","21390.8000","105.03","151872604"
"2025-05-11 21:27:38","SHORT","44.100000000","@MNQM5","MICRO E-MINI NASDAQ 100","21196.2917","44.100000000","2025-05-30 08:16:11","21189.2996","-5.71","-1525.62","2025-05-14 00:00:00","1","21419.8000","575.55","151687342"
"2025-05-27 11:07:18","SHORT","1.400000000","@MESM5","MICRO E-MINI S&P 500","5919.6250","1.400000000","2025-05-28 14:52:14","5905.7500","-0.28","-80.54","2025-05-28 09:40:00","0","5952.5000","95.32","151841061"
"2025-05-26 22:17:03","LONG","2.100000000","@MESM5","MICRO E-MINI S&P 500","5866.5833","2.100000000","2025-05-27 01:54:01","5874.7083","-0.55","-164.30","2025-05-27 00:00:00","1","5813.2500","82.48","151835033"
"2025-05-21 22:33:20","SHORT","2.100000000","@MBTM5","MICRO BITCOIN","112336.6667","2.100000000","2025-05-23 06:30:21","111930.0000","-0.17","-49.06","2025-05-22 00:00:00","0","113065.0000","68.20","151794429"
"2025-05-20 09:47:16","LONG","1.050000000","@MNQU5","MICRO E-MINI NASDAQ 100","21616.7500","1.050000000","2025-05-20 09:54:02","21621.6667","-0.07","-18.01","2025-05-20 09:51:00","0","21580.0000","9.01","151775143"
"2025-05-12 15:45:04","SHORT","8.750000000","META","META PLATFORMS INC. CLASS A","638.9500","8.750000000","2025-05-16 10:40:04","629.2200","-0.27","-72.64","2025-05-14 00:00:00","3","662.6700","84.83","151698577"
"2025-05-09 15:07:54","SHORT","2.100000000","@MNQM5","MICRO E-MINI NASDAQ 100","20171.1667","2.100000000","2025-05-09 15:31:08","20146.1250","-0.08","-23.28","2025-05-09 15:10:00","1","20187.0000","103.03","151680433"
"2025-05-09 11:01:45","SHORT","2.450000000","@MNQM5","MICRO E-MINI NASDAQ 100","20155.7500","2.450000000","2025-05-09 11:21:11","20138.5714","-0.12","-34.73","2025-05-09 11:08:00","1","20176.0000","81.70","151677678"
"2025-05-08 09:29:33","LONG","5.600000000","@MNQM5","MICRO E-MINI NASDAQ 100","20113.4688","5.600000000","2025-05-08 10:38:15","20120.2031","-0.55","-164.53","2025-05-08 09:52:00","2","20065.5000","69.74","151660047"
"2025-05-08 07:43:43","LONG","2.450000000","@MNQM5","MICRO E-MINI NASDAQ 100","20198.0357","2.450000000","2025-05-08 08:05:02","20211.6071","-0.08","-23.21","2025-05-08 07:48:00","1","20184.5000","64.70","151657630"
"2025-05-08 04:31:58","SHORT","3.150000000","@MNQM5","MICRO E-MINI NASDAQ 100","20213.2778","3.150000000","2025-05-08 07:43:28","20215.8333","-0.36","-107.98","2025-05-08 05:50:00","1","20262.2000","-18.96","151656722"
"2025-05-08 04:01:27","SHORT","1.050000000","@MNQM5","MICRO E-MINI NASDAQ 100","20168.4167","1.050000000","2025-05-08 04:08:36","20154.7500","-0.02","-4.66","2025-05-08 04:05:00","0","20174.8000","28.01","151656516"
"2025-05-07 14:36:51","SHORT","1.750000000","@MNQM5","MICRO E-MINI NASDAQ 100","19838.8500","1.750000000","2025-05-07 14:46:08","19823.3500","-0.07","-21.13","2025-05-07 14:42:00","0","19859.2000","52.35","151651385"
"2025-05-07 10:12:23","SHORT","1.400000000","@MNQM5","MICRO E-MINI NASDAQ 100","19958.3750","1.400000000","2025-05-07 10:46:08","19947.5625","-0.04","-11.60","2025-05-07 10:31:00","0","19977.8000","28.68","151647443"
"2025-05-04 18:36:12","LONG","12.250000000","@MNQM5","MICRO E-MINI NASDAQ 100","19944.8071","12.250000000","2025-05-07 10:10:40","19944.9857","-0.96","-280.96","2025-05-04 22:08:00","1","19994.2000","-7.52","151614013"
"2025-05-06 14:21:18","SHORT","1.050000000","@MNQU5","MICRO E-MINI NASDAQ 100","20099.5833","1.050000000","2025-05-07 09:35:52","20069.5833","-0.54","-160.17","2025-05-06 18:07:00","0","20317.5000","62.01","151637598"
"2025-05-06 10:21:24","SHORT","1.750000000","@MNQU5","MICRO E-MINI NASDAQ 100","20096.1500","1.750000000","2025-05-06 13:42:47","20053.8500","-0.50","-146.82","2025-05-06 12:14:00","1","20216.0000","146.35","151633982"
"2025-05-04 18:09:54","SHORT","0.700000000","@MNQM5","MICRO E-MINI NASDAQ 100","20154.0000","0.700000000","2025-05-04 18:34:18","20138.6250","-0.01","-2.51","2025-05-04 18:25:00","0","20163.8000","21.34","151613980"
"2025-05-02 14:53:13","SHORT","0.700000000","@MNQM5","MICRO E-MINI NASDAQ 100","20220.3750","0.700000000","2025-05-02 15:05:29","20189.7500","-0.03","-7.66","2025-05-02 14:57:00","0","20236.0000","42.34","151607163"
"2025-05-02 09:52:38","LONG","0.700000000","@MNQM5","MICRO E-MINI NASDAQ 100","20031.0000","0.700000000","2025-05-02 09:53:29","20057.2500","0.00","0.00","2025-05-02 09:52:38","","0.0000","36.34","151602783"
"2025-05-02 08:32:35","SHORT","3.150000000","@MNQM5","MICRO E-MINI NASDAQ 100","20059.8611","3.150000000","2025-05-02 09:52:32","20043.7500","-0.55","-163.35","2025-05-02 09:11:00","1","20141.5000","99.04","151601360"
"2025-05-01 10:28:58","SHORT","1.750000000","@MNQM5","MICRO E-MINI NASDAQ 100","20045.5000","1.750000000","2025-05-01 11:56:22","19989.3000","-0.33","-97.69","2025-05-01 11:19:00","1","20125.2000","195.35","151590042"
"2025-05-01 09:49:05","SHORT","0.350000000","@MNQM5","MICRO E-MINI NASDAQ 100","19981.7500","0.350000000","2025-05-01 09:54:33","19948.5000","-0.01","-2.76","2025-05-01 09:52:00","0","19993.0000","22.67","151589049"
"2025-05-01 09:36:18","LONG","1.050000000","@MNQM5","MICRO E-MINI NASDAQ 100","19911.5833","1.050000000","2025-05-01 09:45:37","19945.5833","-0.05","-14.33","2025-05-01 09:41:00","0","19888.5000","70.01","151588670"
"2025-05-01 09:28:16","SHORT","0.350000000","@MNQM5","MICRO E-MINI NASDAQ 100","19972.0000","0.350000000","2025-05-01 09:32:41","19943.0000","-0.00","-0.92","2025-05-01 09:31:00","0","19975.8000","19.67","151588301"
"2025-04-30 09:57:22","LONG","0.700000000","@MNQM5","MICRO E-MINI NASDAQ 100","19116.1250","0.700000000","2025-04-30 10:01:08","19163.2500","-0.02","-6.80","2025-04-30 10:00:00","0","19102.2000","65.34","151572896"
"2025-04-30 09:43:01","LONG","0.350000000","@MNQM5","MICRO E-MINI NASDAQ 100","19143.2500","0.350000000","2025-04-30 09:44:26","19169.5000","0.00","0.00","2025-04-30 09:43:01","","0.0000","17.67","151572660"
"2025-04-24 09:37:09","SHORT","4.900000000","@MNQM5","MICRO E-MINI NASDAQ 100","19370.2679","4.900000000","2025-04-30 09:42:11","19366.4107","-1.33","-371.88","2025-04-30 04:16:00","1","19623.2000","33.39","151512596"
"2025-04-24 09:32:19","SHORT","1.400000000","@MNQM5","MICRO E-MINI NASDAQ 100","18880.8125","1.400000000","2025-04-24 09:36:08","18853.0000","-0.01","-4.18","2025-04-24 09:35:00","0","18886.5000","76.68","151512392"
"2025-04-24 07:00:37","SHORT","0.350000000","@MNQM5","MICRO E-MINI NASDAQ 100","18811.7500","0.350000000","2025-04-24 07:05:00","18778.2500","0.00","0.00","2025-04-24 07:00:37","","0.0000","22.67","151511146"
"2025-04-23 12:19:38","SHORT","14","TSLA","TESLA  INC.","253.8300","14","2025-04-23 15:59:59","250.9100","-0.07","-21.56","2025-04-23 13:57:00","5","258.2300","40.72","151502005"
"2025-04-23 13:02:24","SHORT","0.700000000","@MNQM5","MICRO E-MINI NASDAQ 100","18910.2500","0.700000000","2025-04-23 13:40:16","18866.8750","-0.10","-27.44","2025-04-23 13:25:00","0","18966.2000","60.34","151502644"
"2025-04-23 11:44:20","LONG","0.350000000","QGCJ5","Gold 100 oz","3274.5000","0.350000000","2025-04-23 11:56:00","3278.5000","0.00","0.00","2025-04-23 11:44:20","","0.0000","137.20","151500760"
"2025-04-23 04:02:57","SHORT","4.550000000","@MNQM5","MICRO E-MINI NASDAQ 100","18887.7500","4.550000000","2025-04-23 11:48:34","18858.6923","-3.26","-885.43","2025-04-23 10:36:00","2","19165.8000","259.72","151495045"
"2025-04-17 10:45:58","LONG","10.500000000","META","META PLATFORMS INC. CLASS A","496.7083","10.500000000","2025-04-23 09:30:01","499.3175","-0.20","-56.37","2025-04-21 00:00:00","2","479.8000","26.79","151441693"
"2025-04-22 18:42:25","SHORT","3.150000000","@MNQM5","MICRO E-MINI NASDAQ 100","18748.4722","3.150000000","2025-04-22 19:24:21","18741.1667","-0.41","-116.37","2025-04-22 19:14:00","1","18801.2000","43.04","151491212"
"2025-04-22 18:30:53","SHORT","1.050000000","@MNQM5","MICRO E-MINI NASDAQ 100","18704.4167","1.050000000","2025-04-22 18:38:01","18685.5000","-0.01","-3.92","2025-04-22 18:33:00","0","18709.8000","39.01","151491177"
"2025-04-22 10:18:39","LONG","0.350000000","@MNQM5","MICRO E-MINI NASDAQ 100","18249.5000","0.350000000","2025-04-22 10:20:21","18267.5000","0.00","0.00","2025-04-22 10:18:39","","0.0000","12.67","151483550"
"2025-04-22 10:08:56","SHORT","1.050000000","@MNQM5","MICRO E-MINI NASDAQ 100","18284.5833","1.050000000","2025-04-22 10:14:13","18269.3333","-0.05","-13.48","2025-04-22 10:11:00","0","18305.8000","31.01","151483409"
"2025-04-22 09:55:38","LONG","1.050000000","@MNQM5","MICRO E-MINI NASDAQ 100","18206.5000","1.050000000","2025-04-22 09:58:40","18223.9167","0.00","0.00","2025-04-22 09:55:38","","0.0000","36.01","151483147"
"2025-04-21 03:02:33","LONG","1.750000000","@MNQM5","MICRO E-MINI NASDAQ 100","18172.3000","1.750000000","2025-04-22 09:42:37","18180.6000","-2.18","-578.57","2025-04-21 14:02:00","1","17700.0000","27.36","151464413"
"2025-04-21 10:01:49","LONG","35","NVDA","NVIDIA","96.2450","35","2025-04-22 09:30:01","98.8780","-0.04","-10.23","2025-04-21 14:02:00","6","95.0400","91.30","151469266"
"2025-04-21 15:36:36","SHORT","70","VXX","IPATH SERIES B S&P 500 VIX SHORT-TERM FUTURES ETN","76.2300","70","2025-04-22 09:30:01","73.1100","-0.05","-12.25","2025-04-21 15:47:00","24","76.7300","216.60","151474619"
"2025-04-17 10:55:32","LONG","0.700000000","@MNQM5","MICRO E-MINI NASDAQ 100","18313.6250","0.700000000","2025-04-17 11:06:46","18385.1250","-0.04","-10.96","2025-04-17 11:04:00","0","18291.2000","99.34","151441852"
"2025-04-17 09:49:05","LONG","0.350000000","@MNQM5","MICRO E-MINI NASDAQ 100","18420.0000","0.350000000","2025-04-17 09:59:20","18457.2500","0.00","0.00","2025-04-17 09:49:05","","0.0000","25.67","151440647"
"2025-04-17 09:03:16","LONG","1.050000000","@MNQM5","MICRO E-MINI NASDAQ 100","18493.4167","1.050000000","2025-04-17 09:21:17","18532.5833","-0.05","-14.58","2025-04-17 09:10:00","0","18470.2000","81.01","151439644"
"2025-04-17 02:14:01","SHORT","0.700000000","@MNQM5","MICRO E-MINI NASDAQ 100","18580.6250","0.700000000","2025-04-17 02:45:46","18558.2500","-0.04","-10.35","2025-04-17 02:29:00","0","18601.8000","30.34","151435129"
"2025-04-16 08:31:09","LONG","2.450000000","@MNQM5","MICRO E-MINI NASDAQ 100","18651.6786","2.450000000","2025-04-16 09:38:10","18664.0000","-0.49","-135.79","2025-04-16 09:30:00","1","18572.5000","57.70","151424081"
"2025-04-15 09:50:03","SHORT","0.700000000","@MNQM5","MICRO E-MINI NASDAQ 100","19099.3750","0.700000000","2025-04-15 09:59:55","19073.5000","-0.03","-8.51","2025-04-15 09:55:00","0","19116.8000","35.34","151409492"
"2025-04-15 09:32:47","SHORT","0.350000000","@MNQM5","MICRO E-MINI NASDAQ 100","19022.5000","0.350000000","2025-04-15 09:34:01","19002.5000","0.00","0.00","2025-04-15 09:32:47","","0.0000","13.67","151409026"
"2025-04-15 04:57:39","SHORT","0.700000000","@MNQM5","MICRO E-MINI NASDAQ 100","19003.1250","0.700000000","2025-04-15 06:00:09","18970.1250","-0.03","-8.09","2025-04-15 05:31:00","0","19026.5000","45.34","151406888"
"2025-04-14 15:39:29","SHORT","1.050000000","@MNQM5","MICRO E-MINI NASDAQ 100","19052.5833","1.050000000","2025-04-14 15:48:07","19036.0833","-0.06","-16.90","2025-04-14 15:42:00","0","19079.2000","34.01","151400028"
"2025-04-14 08:44:24","SHORT","1.050000000","@MNQM5","MICRO E-MINI NASDAQ 100","19189.0833","1.050000000","2025-04-14 09:36:52","19137.2500","-0.18","-49.00","2025-04-14 09:27:00","0","19255.8000","108.01","151393182"
"2025-04-10 09:53:35","SHORT","140","VXX","IPATH SERIES B S&P 500 VIX SHORT-TERM FUTURES ETN","74.1125","140","2025-04-14 09:30:01","70.5200","-2.61","-633.94","2025-04-10 13:22:00","49","87.0500","500.20","151354796"
"2025-03-26 09:50:01","LONG","19.600000000","@MNQM5","MICRO E-MINI NASDAQ 100","18973.7634","19.600000000","2025-04-14 04:05:18","18974.9375","-24.04","-3648.75","2025-04-07 00:00:00","1","16452.5000","27.58","151194687"
"2025-04-14 01:04:36","SHORT","1.050000000","@MNQU5","MICRO E-MINI NASDAQ 100","19291.4167","1.050000000","2025-04-14 01:30:42","19276.6667","-0.03","-6.68","2025-04-14 01:12:00","0","19300.5000","30.01","151389238"
"2025-04-03 15:34:46","LONG","12.250000000","AAPL","APPLE","196.1714","12.250000000","2025-04-08 09:53:00","187.9400","-0.57","-86.06","2025-04-07 00:00:00","4","176.1000","-101.25","151275610"
"2025-04-03 14:38:08","SHORT","210","VXX","IPATH SERIES B S&P 500 VIX SHORT-TERM FUTURES ETN","70.8875","210","2025-04-08 09:30:01","67.7200","-5.95","-903.25","2025-04-07 00:00:00","49","83.0300","660.80","151275096"
"2025-04-03 15:36:58","LONG","3.500000000","META","META PLATFORMS INC. CLASS A","532.8000","3.500000000","2025-04-08 09:30:01","543.1300","-0.41","-62.35","2025-04-07 00:00:00","1","481.9000","35.93","151275623"
"2025-04-03 15:34:24","LONG","28","NVDA","NVIDIA","97.3525","28","2025-04-07 11:04:56","98.2100","-0.70","-105.18","2025-04-07 09:44:00","10","86.6200","23.44","151275589"
"2025-04-04 15:58:12","LONG","5.250000000","MSFT","MICROSOFT","360.1700","5.250000000","2025-04-07 11:03:31","361.6200","-0.19","-28.26","2025-04-07 09:38:00","2","344.7900","7.89","151290126"
"2025-04-03 14:37:37","LONG","35","VXX","IPATH SERIES B S&P 500 VIX SHORT-TERM FUTURES ETN","60.4800","35","2025-04-03 14:37:58","60.2100","-0.01","-3.31","2025-04-03 14:37:58","12","60.2100","-9.70","151275092"
"2025-04-03 10:05:38","LONG","7","AAPL","APPLE","203.7100","7","2025-04-03 10:27:27","205.7600","-0.00","-0.64","2025-04-03 10:10:00","2","203.4500","13.86","151270945"
"2025-03-31 09:41:45","LONG","17.500000000","GOOGL","ALPHABET INC CLASS A","151.4200","17.500000000","2025-03-31 10:09:05","152.0600","-0.02","-4.64","2025-03-31 09:45:00","6","150.6620","10.65","151233566"
"2025-03-31 09:42:27","LONG","35","NVDA","NVIDIA","103.8500","35","2025-03-31 10:04:38","105.4300","-0.01","-2.45","2025-03-31 09:45:00","12","103.6500","54.30","151233586"
"2025-03-27 11:14:54","LONG","175","PLTK","PLAYTIKA HOLDING CORP. COMMON STOCK","5.1100","175","2025-03-28 11:26:19","5.2600","-0.01","-2.45","2025-03-27 13:29:00","61","5.0700","24.25","151207617"
"2025-02-28 11:37:56","LONG","3500","PLTK","PLAYTIKA HOLDING CORP. COMMON STOCK","4.9685","3500","2025-03-26 09:31:19","4.9950","-3.52","-856.21","2025-03-21 00:00:00","858","3.9700","72.00","150981279"
"2025-03-26 05:33:01","LONG","2.450000000","@MNQM5","MICRO E-MINI NASDAQ 100","20448.5000","2.450000000","2025-03-26 06:39:28","20459.6071","-0.14","-35.16","2025-03-26 06:00:00","1","20428.0000","51.70","151190497"
"2025-03-25 15:54:22","SHORT","3.850000000","@MNQM5","MICRO E-MINI NASDAQ 100","20497.1364","3.850000000","2025-03-25 22:24:16","20487.7500","-0.44","-106.76","2025-03-25 20:42:00","1","20536.8000","68.38","151186326"
"2025-03-25 10:43:39","SHORT","1.050000000","@MNQM5","MICRO E-MINI NASDAQ 100","20481.5000","1.050000000","2025-03-25 11:40:36","20458.9167","-0.05","-11.02","2025-03-25 11:07:00","0","20496.5000","46.01","151181708"
"2025-03-25 10:29:46","SHORT","0.700000000","@MNQM5","MICRO E-MINI NASDAQ 100","20453.5000","0.700000000","2025-03-25 10:33:37","20433.1250","0.00","0.00","2025-03-25 10:29:46","","0.0000","28.34","151181490"
"2025-03-25 09:58:47","SHORT","0.700000000","@MNQM5","MICRO E-MINI NASDAQ 100","20423.3750","0.700000000","2025-03-25 10:01:32","20389.7500","0.00","0.00","2025-03-25 09:58:47","","0.0000","46.34","151181022"
"2025-03-25 08:06:42","SHORT","1.750000000","@MNQM5","MICRO E-MINI NASDAQ 100","20420.2500","1.750000000","2025-03-25 09:28:45","20402.3500","-0.10","-23.89","2025-03-25 08:34:00","0","20447.2000","61.35","151179851"
"2025-03-24 07:17:05","SHORT","2.100000000","@MNQM5","MICRO E-MINI NASDAQ 100","20250.0833","2.100000000","2025-03-24 09:31:55","20243.8333","-0.23","-54.27","2025-03-24 09:10:00","1","20287.0000","24.03","151170125"
"2025-03-20 09:37:16","SHORT","1.400000000","@MNQM5","MICRO E-MINI NASDAQ 100","19922.9375","1.400000000","2025-03-20 12:28:49","19894.8750","-0.74","-178.42","2025-03-20 10:48:00","0","20105.0000","77.68","151143676"
"2025-03-20 09:39:25","LONG","35","AAPL","APPLE","213.5800","35","2025-03-20 09:46:40","214.8000","0.00","0.00","2025-03-20 09:39:25","","0.0000","42.30","151143720"
"2025-03-19 10:56:42","LONG","1.050000000","@MNQM5","MICRO E-MINI NASDAQ 100","19800.5833","1.050000000","2025-03-19 11:05:08","19820.4167","-0.03","-7.78","2025-03-19 11:00:00","0","19790.0000","41.01","151134767"
"2025-03-18 15:57:55","LONG","35","NVDA","NVIDIA","115.5000","35","2025-03-19 10:00:10","117.1200","-0.00","-0.86","2025-03-18 16:00:00","12","115.4300","56.30","151128737"
"2025-03-19 09:47:49","LONG","0.350000000","@MNQM5","MICRO E-MINI NASDAQ 100","19771.7500","0.350000000","2025-03-19 09:48:17","19788.0000","0.00","0.00","2025-03-19 09:47:49","","0.0000","10.67","151133700"
"2025-03-18 15:59:37","LONG","35","GOOGL","ALPHABET INC CLASS A","160.5600","35","2025-03-19 09:46:56","161.7500","0.00","0.00","2025-03-18 15:59:37","","0.0000","41.30","151128805"
"2025-03-18 15:40:09","LONG","1.750000000","@MNQM5","MICRO E-MINI NASDAQ 100","19676.6500","1.750000000","2025-03-18 15:53:14","19709.0000","-0.07","-17.15","2025-03-18 15:49:00","0","19662.2000","111.36","151128475"
"2025-03-14 09:20:49","LONG","1.400000000","@MNQM5","MICRO E-MINI NASDAQ 100","19677.6250","1.400000000","2025-03-14 09:32:38","19714.3125","-0.08","-19.97","2025-03-14 09:30:00","0","19657.2000","101.68","151099647"
"2025-03-14 07:55:18","SHORT","2.100000000","@MNQM5","MICRO E-MINI NASDAQ 100","19697.8750","2.100000000","2025-03-14 09:17:32","19683.8750","-0.24","-58.62","2025-03-14 08:32:00","1","19737.8000","57.03","151098823"
"2025-03-13 07:59:15","LONG","0.700000000","@MNQH5","MICRO E-MINI NASDAQ 100","19503.1250","0.700000000","2025-03-13 08:30:01","19543.3750","-0.05","-12.92","2025-03-13 08:14:00","0","19476.8000","55.34","151087985"
"2025-03-13 07:51:46","LONG","0.350000000","@MNQH5","MICRO E-MINI NASDAQ 100","19522.0000","0.350000000","2025-03-13 07:58:17","19549.2500","-0.02","-5.02","2025-03-13 07:58:00","0","19501.5000","18.67","151087942"
"2025-03-13 03:55:02","LONG","0.350000000","@MNQH5","MICRO E-MINI NASDAQ 100","19430.7500","0.350000000","2025-03-13 04:50:54","19482.7500","-0.02","-5.33","2025-03-13 04:18:00","0","19409.0000","35.67","151087050"
"2025-03-12 14:49:00","SHORT","0.350000000","@MNQH5","MICRO E-MINI NASDAQ 100","19704.2500","0.350000000","2025-03-12 14:50:35","19689.0000","0.00","0.00","2025-03-12 14:49:00","","0.0000","10.67","151082906"
"2025-03-10 09:19:39","LONG","8.750000000","@MNQH5","MICRO E-MINI NASDAQ 100","19544.2700","8.750000000","2025-03-12 14:48:46","19547.6400","-3.66","-823.81","2025-03-10 20:52:00","1","19140.0000","50.77","151052942"
"2025-03-11 14:44:06","SHORT","2.450000000","@MNQM5","MICRO E-MINI NASDAQ 100","19832.2857","2.450000000","2025-03-11 15:01:42","19818.7500","-0.43","-101.00","2025-03-11 14:54:00","1","19893.2000","63.70","151071193"
"2025-03-11 13:35:38","LONG","35","NVDA","NVIDIA","107.5900","35","2025-03-11 14:10:06","109.9000","-0.00","-0.49","2025-03-11 13:38:00","12","107.5500","80.30","151070143"
"2025-03-11 10:25:55","LONG","35","NVDA","NVIDIA","106.8700","35","2025-03-11 11:14:27","109.2900","-0.11","-25.72","2025-03-11 10:38:00","12","104.7700","84.30","151067049"
"2025-03-11 09:50:00","SHORT","1.400000000","@MNQM5","MICRO E-MINI NASDAQ 100","19796.0000","1.400000000","2025-03-11 09:53:02","19764.3750","-0.02","-4.66","2025-03-11 09:52:00","0","19805.5000","87.68","151066367"
"2025-03-10 10:02:16","LONG","35","NVDA","NVIDIA","108.7400","35","2025-03-11 09:39:55","110.0300","-0.18","-40.18","2025-03-10 15:07:00","12","105.4600","44.30","151054583"
"2025-03-11 09:14:48","LONG","0.350000000","@NQH5","E-MINI NASDAQ 100 STK IDX","19456.5000","0.350000000","2025-03-11 09:36:41","19478.5000","-0.75","-173.34","2025-03-11 09:33:00","0","19385.8000","151.20","151065383"
"2025-03-10 09:34:44","LONG","35","NVDA","NVIDIA","109.8000","35","2025-03-10 09:43:01","111.4100","-0.01","-2.69","2025-03-10 09:37:00","12","109.5800","55.30","151053349"
"2025-03-10 04:44:31","LONG","0.700000000","@MNQH5","MICRO E-MINI NASDAQ 100","19981.2500","0.700000000","2025-03-10 05:50:09","20040.0000","-0.07","-16.54","2025-03-10 04:58:00","0","19947.5000","81.34","151051683"
"2025-03-07 10:40:11","LONG","35","NVDA","NVIDIA","109.8900","35","2025-03-07 10:49:08","111.4900","0.00","0.00","2025-03-07 10:40:11","","0.0000","55.30","151039348"
"2025-03-07 10:39:46","LONG","0.700000000","@MNQH5","MICRO E-MINI NASDAQ 100","19907.7500","0.700000000","2025-03-07 10:45:32","19958.6250","-0.02","-5.88","2025-03-07 10:42:00","0","19895.8000","70.34","151039339"
"2025-03-07 08:31:43","SHORT","0.350000000","@MNQH5","MICRO E-MINI NASDAQ 100","20252.2500","0.350000000","2025-03-07 08:32:55","20220.5000","0.00","0.00","2025-03-07 08:31:43","","0.0000","21.67","151037400"
"2025-03-07 07:59:56","LONG","1.050000000","@MNQH5","MICRO E-MINI NASDAQ 100","20118.5000","1.050000000","2025-03-07 08:30:09","20200.5000","-0.18","-43.00","2025-03-07 08:30:00","0","20060.0000","171.01","151037259"
"2025-03-06 09:17:00","LONG","1.050000000","@MNQH5","MICRO E-MINI NASDAQ 100","20312.1667","1.050000000","2025-03-06 10:05:35","20372.6667","-0.22","-51.08","2025-03-06 09:36:00","0","20228.2000","126.01","151028207"
"2025-03-06 07:24:54","LONG","2.450000000","@MNQH5","MICRO E-MINI NASDAQ 100","20336.2857","2.450000000","2025-03-06 08:36:08","20362.8571","-0.27","-63.52","2025-03-06 08:21:00","1","20299.2000","127.70","151027732"
"2025-03-06 04:24:20","LONG","2.800000000","@MNQH5","MICRO E-MINI NASDAQ 100","20403.5312","2.800000000","2025-03-06 06:55:40","20428.9375","-0.25","-57.76","2025-03-06 04:30:00","1","20376.2000","139.37","151026734"
"2025-03-05 12:00:31","LONG","1.400000000","@MNQH5","MICRO E-MINI NASDAQ 100","20377.3125","1.400000000","2025-03-05 12:18:42","20399.9375","-0.20","-45.39","2025-03-05 12:04:00","0","20331.0000","61.68","151020576"
"2025-03-05 09:36:49","LONG","1.050000000","@MNQH5","MICRO E-MINI NASDAQ 100","20338.3333","1.050000000","2025-03-05 09:40:50","20409.5000","-0.06","-14.39","2025-03-05 09:39:00","0","20318.8000","148.01","151017830"
"2025-03-05 09:02:39","LONG","2.100000000","@MNQH5","MICRO E-MINI NASDAQ 100","20394.6667","2.100000000","2025-03-05 09:09:05","20412.4583","-0.09","-20.09","2025-03-05 09:05:00","1","20381.0000","73.03","151016932"
"2025-03-05 06:58:09","SHORT","1.050000000","@MNQH5","MICRO E-MINI NASDAQ 100","20499.6667","1.050000000","2025-03-05 07:21:33","20474.2500","-0.08","-19.35","2025-03-05 07:11:00","0","20526.0000","52.01","151016364"
"2025-03-05 04:44:47","SHORT","0.700000000","@MNQH5","MICRO E-MINI NASDAQ 100","20617.8750","0.700000000","2025-03-05 05:45:20","20573.6250","-0.03","-6.55","2025-03-05 04:49:00","0","20631.2000","61.34","151015916"
"2025-03-05 02:08:03","SHORT","1.400000000","@MNQH5","MICRO E-MINI NASDAQ 100","20591.0625","1.400000000","2025-03-05 03:34:51","20575.5000","-0.07","-16.17","2025-03-05 03:29:00","0","20609.2000","42.68","151015331"
"2025-03-05 00:15:25","SHORT","1.050000000","@MNQH5","MICRO E-MINI NASDAQ 100","20531.5833","1.050000000","2025-03-05 00:30:00","20508.9167","0.00","0.00","2025-03-05 00:15:25","","0.0000","47.01","151015062"
"2025-03-04 14:26:01","SHORT","0.350000000","@MNQH5","MICRO E-MINI NASDAQ 100","20619.0000","0.350000000","2025-03-04 14:26:27","20595.7500","0.00","0.00","2025-03-04 14:26:01","","0.0000","15.67","151011728"
"2025-02-21 09:53:37","LONG","46.550000000","@MNQH5","MICRO E-MINI NASDAQ 100","20943.7105","46.550000000","2025-03-04 14:05:20","20948.7519","-15.59","-3031.65","2025-03-04 10:22:00","2","20075.8000","425.24","150921530"
"2025-03-04 10:10:20","LONG","70","NVDA","NVIDIA","111.1950","70","2025-03-04 11:37:21","112.9250","-0.08","-16.17","2025-03-04 10:20:00","12","110.1100","119.60","151007514"
"2025-03-04 10:06:53","LONG","0.700000000","@MESH5","MICRO E-MINI S&P 500","5772.5000","0.700000000","2025-03-04 10:49:31","5777.2500","-0.18","-35.22","2025-03-04 10:22:00","0","5743.7500","16.16","151007445"
"2025-03-04 00:26:10","SHORT","0.700000000","@MNQM5","MICRO E-MINI NASDAQ 100","20791.7500","0.700000000","2025-03-04 01:09:59","20760.0000","-0.02","-5.14","2025-03-04 00:34:00","0","20802.2000","43.34","151003481"
"2025-02-28 10:12:52","SHORT","0.350000000","@NQH5","E-MINI NASDAQ 100 STK IDX","20648.5000","0.350000000","2025-02-28 12:46:11","20618.7500","-1.52","-317.27","2025-02-28 10:31:00","0","20778.0000","205.20","150980006"
"2025-02-27 07:10:05","SHORT","0.350000000","@NQH5","E-MINI NASDAQ 100 STK IDX","21360.2500","0.350000000","2025-02-27 07:13:52","21353.5000","0.00","0.00","2025-02-27 07:10:05","","0.0000","44.20","150966428"
"2025-02-26 04:16:44","SHORT","0.350000000","@NQH5","E-MINI NASDAQ 100 STK IDX","21320.0000","0.350000000","2025-02-26 04:32:34","21312.7500","-0.10","-20.21","2025-02-26 04:19:00","0","21328.2000","48.20","150955505"
"2025-02-26 00:58:00","SHORT","0.350000000","@NQH5","E-MINI NASDAQ 100 STK IDX","21279.2500","0.350000000","2025-02-26 01:41:32","21263.7500","-0.04","-7.96","2025-02-26 01:00:00","0","21282.5000","106.20","150954280"
"2025-02-23 19:24:34","SHORT","0.350000000","@NQH5","E-MINI NASDAQ 100 STK IDX","21790.7500","0.350000000","2025-02-23 19:53:17","21763.7500","-0.01","-2.45","2025-02-23 19:27:00","0","21791.8000","186.20","150934385"
"2025-02-21 09:46:24","SHORT","0.350000000","@MNQH5","MICRO E-MINI NASDAQ 100","22139.2500","0.350000000","2025-02-21 09:50:15","22118.5000","-0.01","-2.33","2025-02-21 09:49:00","0","22148.8000","14.67","150921429"
"2025-02-20 14:47:37","SHORT","0.700000000","@MNQH5","MICRO E-MINI NASDAQ 100","22111.6250","0.700000000","2025-02-21 09:41:13","22099.6250","-0.30","-65.72","2025-02-21 08:45:00","0","22245.8000","16.34","150915349"
"2025-02-20 14:12:09","SHORT","0.700000000","@MNQH5","MICRO E-MINI NASDAQ 100","22102.5000","0.700000000","2025-02-20 14:34:13","22079.6250","-0.02","-4.35","2025-02-20 14:20:00","0","22112.0000","31.34","150915167"
"2025-02-20 12:19:25","SHORT","0.350000000","@MNQH5","MICRO E-MINI NASDAQ 100","22083.7500","0.350000000","2025-02-20 12:56:46","22047.5000","-0.02","-3.49","2025-02-20 12:43:00","0","22098.0000","24.67","150914453"
"2025-02-20 10:18:01","SHORT","0.700000000","@MNQH5","MICRO E-MINI NASDAQ 100","22083.7500","0.700000000","2025-02-20 10:45:13","22055.1250","-0.06","-11.88","2025-02-20 10:31:00","0","22108.0000","39.34","150912223"
"2025-02-20 10:04:25","SHORT","0.700000000","@MNQH5","MICRO E-MINI NASDAQ 100","22031.0000","0.700000000","2025-02-20 10:08:11","22005.0000","0.00","0.00","2025-02-20 10:07:00","0","22031.0000","35.34","150912005"
"2025-02-13 09:27:34","SHORT","4.200000000","@MNQH5","MICRO E-MINI NASDAQ 100","22150.6208","4.200000000","2025-02-20 10:00:44","22152.4500","-1.38","-292.29","2025-02-19 00:00:00","1","22299.8000","-18.95","150857459"
"2025-02-12 16:48:47","SHORT","1.750000000","@MNQH5","MICRO E-MINI NASDAQ 100","21876.7000","1.750000000","2025-02-13 03:15:45","21846.7000","-0.28","-61.62","2025-02-12 23:38:00","1","21927.0000","103.36","150853149"
"2025-02-12 08:36:28","LONG","0.700000000","@MNQH5","MICRO E-MINI NASDAQ 100","21530.6250","0.700000000","2025-02-12 08:43:45","21562.1250","0.00","0.80","2025-02-12 08:39:00","0","21532.2000","43.34","150845847"
"2025-02-12 08:33:24","SHORT","0.700000000","@MNQH5","MICRO E-MINI NASDAQ 100","21591.0000","0.700000000","2025-02-12 08:35:49","21553.6250","0.00","0.00","2025-02-12 08:33:24","","0.0000","51.34","150845776"
"2025-02-12 08:32:41","LONG","0.350000000","@MNQH5","MICRO E-MINI NASDAQ 100","21554.2500","0.350000000","2025-02-12 08:32:58","21577.5000","0.00","0.00","2025-02-12 08:32:41","","0.0000","15.67","150845762"
"2025-02-11 12:09:33","SHORT","1.050000000","@MNQH5","MICRO E-MINI NASDAQ 100","21737.5833","1.050000000","2025-02-12 08:30:06","21724.7500","-0.13","-27.17","2025-02-12 08:04:00","0","21848.5000","26.01","150839130"
"2025-02-11 09:31:57","SHORT","1.400000000","@MNQH5","MICRO E-MINI NASDAQ 100","21747.5000","1.400000000","2025-02-11 12:08:25","21731.8125","-0.56","-121.28","2025-02-11 10:53:00","0","21871.2000","42.68","150836083"
"2025-02-11 08:28:57","LONG","3.150000000","@MNQH5","MICRO E-MINI NASDAQ 100","21704.7222","3.150000000","2025-02-11 09:31:19","21722.5556","-0.28","-60.41","2025-02-11 09:00:00","1","21669.5000","109.04","150835320"
"2025-02-09 20:04:02","SHORT","4.550000000","@MNQH5","MICRO E-MINI NASDAQ 100","21744.4423","4.550000000","2025-02-11 04:41:54","21739.5577","-0.75","-159.99","2025-02-11 00:10:00","1","21798.0000","39.72","150818451"
"2025-02-07 10:53:40","LONG","0.700000000","@MNQH5","MICRO E-MINI NASDAQ 100","21674.6250","0.700000000","2025-02-07 10:58:49","21707.5000","-0.01","-2.63","2025-02-07 10:57:00","0","21669.2000","45.34","150806903"
"2025-02-07 08:34:44","SHORT","1.050000000","@MNQH5","MICRO E-MINI NASDAQ 100","21855.9167","1.050000000","2025-02-07 10:02:28","21773.4167","-0.39","-82.20","2025-02-07 09:36:00","0","21967.8000","172.01","150804248"
"2025-02-05 09:55:25","SHORT","0.350000000","@MNQH5","MICRO E-MINI NASDAQ 100","21557.2500","0.350000000","2025-02-05 09:57:29","21541.7500","0.00","0.00","2025-02-05 09:55:25","","0.0000","10.67","150771907"
"2025-02-04 09:38:13","SHORT","2.100000000","@MNQH5","MICRO E-MINI NASDAQ 100","21560.5417","2.100000000","2025-02-04 23:02:29","21542.0417","-0.94","-197.29","2025-02-04 11:40:00","1","21694.8000","76.03","150760158"
"2025-02-03 10:04:14","LONG","1.400000000","@MESH5","MICRO E-MINI S&P 500","5959.0000","1.400000000","2025-02-03 10:23:07","5973.6875","-0.10","-22.05","2025-02-03 10:20:00","0","5950.0000","101.32","150748801"
"2025-01-31 09:52:54","SHORT","3.150000000","@MNQH5","MICRO E-MINI NASDAQ 100","21869.8611","3.150000000","2025-01-31 13:26:07","21837.0000","-0.79","-164.45","2025-01-31 11:03:00","1","21965.8000","204.04","150723006"
"2025-01-31 09:36:12","LONG","1.050000000","@MNQH5","MICRO E-MINI NASDAQ 100","21778.4167","1.050000000","2025-01-31 09:38:06","21793.5833","0.00","0.00","2025-01-31 09:36:12","","0.0000","31.01","150722610"
"2025-01-31 09:17:30","LONG","0.700000000","@MNQH5","MICRO E-MINI NASDAQ 100","21757.0000","0.700000000","2025-01-31 09:30:18","21781.7500","-0.01","-2.63","2025-01-31 09:23:00","0","21750.5000","34.34","150721892"
"2025-01-31 01:54:07","SHORT","3.500000000","@MNQH5","MICRO E-MINI NASDAQ 100","21785.1500","3.500000000","2025-01-31 03:03:43","21772.8000","-0.26","-53.04","2025-01-31 02:20:00","1","21807.2000","82.71","150719889"
"2025-01-30 09:28:43","SHORT","1.050000000","@MNQH5","MICRO E-MINI NASDAQ 100","21649.8333","1.050000000","2025-01-30 09:34:59","21621.0833","-0.07","-13.90","2025-01-30 09:31:00","0","21668.8000","59.01","150711062"
"2025-01-29 19:48:01","SHORT","3.500000000","@MNQH5","MICRO E-MINI NASDAQ 100","21620.7750","3.500000000","2025-01-30 07:17:31","21606.7000","-1.08","-217.38","2025-01-30 03:20:00","1","21709.5000","95.71","150707709"
"2025-01-29 19:47:53","SHORT","1.400000000","@MESH5","MICRO E-MINI S&P 500","6085.0000","1.400000000","2025-01-30 07:01:14","6083.5000","-0.20","-40.42","2025-01-30 03:58:00","0","6101.5000","9.32","150707707"
"2025-01-29 18:01:41","SHORT","0.700000000","@MESH5","MICRO E-MINI S&P 500","6072.2500","0.700000000","2025-01-29 18:20:22","6068.1250","-0.02","-3.68","2025-01-29 18:06:00","0","6075.2500","13.16","150707385"
"2025-01-29 18:06:54","SHORT","1.050000000","@MNQH5","MICRO E-MINI NASDAQ 100","21575.0833","1.050000000","2025-01-29 18:19:37","21548.7500","-0.00","-0.49","2025-01-29 18:09:00","0","21575.8000","54.01","150707403"
"2025-01-29 16:23:50","SHORT","2.450000000","@MNQH5","MICRO E-MINI NASDAQ 100","21579.2143","2.450000000","2025-01-29 16:44:37","21550.3214","-0.21","-43.37","2025-01-29 16:28:00","1","21604.5000","139.70","150706173"
"2025-01-27 01:26:23","LONG","16.100000000","@MNQH5","MICRO E-MINI NASDAQ 100","21387.3967","16.100000000","2025-01-29 16:21:55","21387.3533","-2.17","-388.63","2025-01-27 05:50:00","0","20879.2000","-16.13","150674002"
"2025-01-29 07:21:23","SHORT","2.450000000","@MESH5","MICRO E-MINI S&P 500","6098.6429","2.450000000","2025-01-29 08:06:00","6095.3929","-0.03","-5.82","2025-01-29 07:24:00","1","6100.0000","37.06","150698476"
"2025-01-28 15:06:30","LONG","0.350000000","@NQH5","E-MINI NASDAQ 100 STK IDX","21593.2500","0.350000000","2025-01-28 15:10:46","21601.7500","-0.05","-11.02","2025-01-28 15:09:00","0","21588.8000","57.20","150693572"
"2025-01-28 14:41:48","SHORT","0.350000000","@NQH5","E-MINI NASDAQ 100 STK IDX","21595.2500","0.350000000","2025-01-28 15:05:32","21594.2500","-0.37","-75.34","2025-01-28 14:56:00","0","21626.0000","4.20","150693307"
"2025-01-27 11:11:07","LONG","70","NVDA","NVIDIA","120.2650","70","2025-01-28 12:32:30","125.8575","-0.53","-98.37","2025-01-28 09:43:00","24","116.2500","389.60","150678824"
"2025-01-28 05:07:59","SHORT","0.350000000","@ESH5","E-MINI S&P 500","6071.0000","0.350000000","2025-01-28 06:22:38","6065.7500","-0.07","-12.25","2025-01-28 05:21:00","0","6073.0000","89.20","150686441"
"2025-01-28 04:04:43","SHORT","0.350000000","@ESH5","E-MINI S&P 500","6067.7500","0.350000000","2025-01-28 04:05:53","6064.2500","0.00","0.00","2025-01-28 04:04:43","","0.0000","58.20","150686136"
"2025-01-27 01:26:56","LONG","2.450000000","@MESH5","MICRO E-MINI S&P 500","6038.2143","2.450000000","2025-01-27 14:28:08","6040.8214","-0.73","-130.77","2025-01-27 05:52:00","0","5948.0000","29.06","150674004"
"2025-01-27 10:16:37","LONG","0.350000000","@ESH5","E-MINI S&P 500","6023.5000","0.350000000","2025-01-27 10:25:45","6032.5000","-0.20","-36.75","2025-01-27 10:19:00","0","6017.5000","155.20","150678014"
"2025-01-27 10:07:18","LONG","0.350000000","@ESH5","E-MINI S&P 500","6028.5000","0.350000000","2025-01-27 10:08:04","6033.7500","0.00","0.00","2025-01-27 10:07:18","","0.0000","89.20","150677887"
"2025-01-27 07:16:41","SHORT","0.350000000","@NQH5","E-MINI NASDAQ 100 STK IDX","21054.7500","0.350000000","2025-01-27 07:20:15","21032.7500","0.00","0.00","2025-01-27 07:16:41","","0.0000","151.20","150675773"
"2025-01-27 06:07:19","SHORT","0.350000000","@NQH5","E-MINI NASDAQ 100 STK IDX","20943.5000","0.350000000","2025-01-27 06:10:36","20932.2500","-0.17","-30.62","2025-01-27 06:10:00","0","20956.0000","76.20","150675343"
"2025-01-27 06:03:11","SHORT","0.350000000","@NQH5","E-MINI NASDAQ 100 STK IDX","20930.2500","0.350000000","2025-01-27 06:05:42","20913.0000","0.00","0.00","2025-01-27 06:03:11","","0.0000","118.20","150675327"
"2025-01-27 06:00:47","SHORT","0.350000000","@NQH5","E-MINI NASDAQ 100 STK IDX","20902.7500","0.350000000","2025-01-27 06:01:58","20886.0000","0.00","0.00","2025-01-27 06:00:47","","0.0000","114.20","150675313"
"2025-01-26 20:04:24","LONG","0.700000000","@MNQH5","MICRO E-MINI NASDAQ 100","21568.2500","0.700000000","2025-01-26 20:08:05","21583.7500","0.00","0.00","2025-01-26 20:04:24","","0.0000","21.34","150672953"
"2025-01-26 18:15:57","LONG","1.050000000","@MNQH5","MICRO E-MINI NASDAQ 100","21660.1667","1.050000000","2025-01-26 18:54:29","21678.8333","-0.10","-19.78","2025-01-26 18:22:00","0","21633.2000","38.01","150672578"
"2025-01-26 18:00:34","LONG","0.700000000","@MESH5","MICRO E-MINI S&P 500","6102.3750","0.700000000","2025-01-26 18:52:11","6104.7500","-0.02","-4.44","2025-01-26 18:20:00","0","6098.7500","7.16","150672364"
"2025-01-24 15:53:18","SHORT","2.100000000","@MESH5","MICRO E-MINI S&P 500","6131.9583","2.100000000","2025-01-24 16:10:59","6129.0417","-0.06","-12.10","2025-01-24 15:59:00","1","6135.2500","28.48","150664891"
"2025-01-23 10:54:35","SHORT","2.100000000","@MESH5","MICRO E-MINI S&P 500","6125.0833","2.100000000","2025-01-24 15:43:18","6123.4583","-0.74","-139.34","2025-01-24 09:45:00","1","6163.0000","14.48","150649471"
"2025-01-23 03:09:28","LONG","1.750000000","@MNQH5","MICRO E-MINI NASDAQ 100","21901.1000","1.750000000","2025-01-23 05:21:40","21905.9500","-0.18","-33.52","2025-01-23 04:18:00","0","21855.5000","15.36","150646056"
"2025-01-23 03:08:51","LONG","0.700000000","@MESH5","MICRO E-MINI S&P 500","6109.7500","0.700000000","2025-01-23 04:44:13","6106.8750","-0.05","-10.11","2025-01-23 04:18:00","0","6101.5000","-10.84","150646054"
"2025-01-22 13:26:46","LONG","0.700000000","@MNQH5","MICRO E-MINI NASDAQ 100","22013.1250","0.700000000","2025-01-22 13:35:50","22027.2500","-0.01","-1.29","2025-01-22 13:29:00","0","22010.5000","19.34","150641625"
"2025-01-22 04:31:47","SHORT","0.350000000","@MESH5","MICRO E-MINI S&P 500","6114.7500","0.350000000","2025-01-22 04:42:09","6110.5000","0.00","0.00","2025-01-22 04:31:47","","0.0000","6.58","150634953"
"2025-01-22 04:32:07","SHORT","0.350000000","@MNQH5","MICRO E-MINI NASDAQ 100","21905.0000","0.350000000","2025-01-22 04:36:12","21891.7500","0.00","0.00","2025-01-22 04:32:07","","0.0000","8.67","150634957"
"2025-01-20 20:05:52","SHORT","0.350000000","@MNQH5","MICRO E-MINI NASDAQ 100","21545.5000","0.350000000","2025-01-20 20:08:13","21518.7500","-0.01","-2.33","2025-01-20 20:08:00","0","21555.0000","18.67","150617854"
"2025-01-20 19:58:54","LONG","1.400000000","@MESH5","MICRO E-MINI S&P 500","6012.6250","1.400000000","2025-01-20 20:04:37","6019.5625","-0.14","-25.42","2025-01-20 20:01:00","0","6002.2500","47.32","150617769"
"2025-01-13 12:14:42","SHORT","9.450000000","@MESH5","MICRO E-MINI S&P 500","6046.1389","9.450000000","2025-01-20 19:57:22","6043.9815","-1.71","-315.22","2025-01-20 09:44:00","2","6078.0000","90.66","150552892"
"2025-01-17 08:10:29","SHORT","1.050000000","@ESH5","E-MINI S&P 500","6026.5833","1.050000000","2025-01-20 08:01:23","6025.3333","-2.24","-404.25","2025-01-17 13:20:00","0","6051.5000","57.60","150596700"
"2024-12-20 13:21:34","LONG","17.500000000","MOAT","VANECK VECTORS MORNINGSTAR WID","95.1600","17.500000000","2025-01-17 10:48:01","94.2400","-0.15","-27.07","2025-01-13 00:00:00","6","90.7400","-16.35","150377918"
"2025-01-13 12:09:44","LONG","0.350000000","@MNQH5","MICRO E-MINI NASDAQ 100","20786.7500","0.350000000","2025-01-13 12:15:36","20813.2500","0.00","0.00","2025-01-13 12:09:44","","0.0000","18.67","150552836"
"2025-01-13 09:35:02","LONG","0.350000000","@MNQH5","MICRO E-MINI NASDAQ 100","20768.7500","0.350000000","2025-01-13 10:02:55","20800.5000","-0.09","-16.48","2025-01-13 09:42:00","0","20701.5000","21.67","150549710"
"2025-01-13 07:13:03","LONG","0.350000000","@MNQH5","MICRO E-MINI NASDAQ 100","20752.0000","0.350000000","2025-01-13 07:23:10","20783.7500","-0.03","-5.70","2025-01-13 07:16:00","0","20728.8000","21.67","150548170"
"2025-01-12 22:45:47","LONG","0.350000000","@MNQH5","MICRO E-MINI NASDAQ 100","20883.5000","0.350000000","2025-01-12 23:04:07","20898.5000","-0.02","-4.23","2025-01-12 22:55:00","0","20866.2000","10.67","150545596"
"2025-01-10 13:45:04","SHORT","0.350000000","@MNQH5","MICRO E-MINI NASDAQ 100","21121.0000","0.350000000","2025-01-10 14:06:09","21087.0000","-0.07","-13.41","2025-01-10 13:58:00","0","21175.8000","23.67","150536034"
"2025-01-10 10:29:28","SHORT","0.350000000","@MNQH5","MICRO E-MINI NASDAQ 100","21027.5000","0.350000000","2025-01-10 10:32:58","21012.2500","-0.01","-1.90","2025-01-10 10:32:00","0","21035.2000","10.67","150533011"
"2025-01-10 10:24:33","SHORT","0.350000000","@MNQH5","MICRO E-MINI NASDAQ 100","20991.5000","0.350000000","2025-01-10 10:25:33","20982.7500","0.00","0.00","2025-01-10 10:24:33","","0.0000","5.67","150532956"
"2025-01-10 10:02:24","LONG","0.350000000","@MNQH5","MICRO E-MINI NASDAQ 100","20963.5000","0.350000000","2025-01-10 10:24:11","20979.2500","-0.12","-21.74","2025-01-10 10:11:00","0","20874.8000","10.67","150532562"
"2025-01-10 09:30:56","LONG","0.350000000","@MNQH5","MICRO E-MINI NASDAQ 100","21165.7500","0.350000000","2025-01-10 09:34:08","21186.2500","-0.04","-6.74","2025-01-10 09:33:00","0","21138.2000","13.67","150531301"
"2025-01-10 09:15:13","SHORT","0.350000000","@MNQH5","MICRO E-MINI NASDAQ 100","21178.0000","0.350000000","2025-01-10 09:27:14","21162.5000","-0.02","-3.06","2025-01-10 09:18:00","0","21190.5000","10.67","150531014"
"2025-01-10 08:30:06","LONG","0.350000000","@MNQH5","MICRO E-MINI NASDAQ 100","21165.5000","0.350000000","2025-01-10 09:08:44","21169.0000","-0.16","-29.64","2025-01-10 08:35:00","0","21044.5000","1.67","150530511"
"2025-01-09 04:15:26","LONG","0.350000000","@MNQH5","MICRO E-MINI NASDAQ 100","21281.2500","0.350000000","2025-01-09 04:37:15","21307.2500","-0.00","-0.43","2025-01-09 04:25:00","0","21279.5000","17.67","150522517"
"2025-01-08 12:25:11","LONG","0.350000000","@MNQH5","MICRO E-MINI NASDAQ 100","21248.0000","0.350000000","2025-01-08 12:52:21","21261.7500","-0.11","-20.09","2025-01-08 12:31:00","0","21166.0000","9.67","150517166"
"2025-01-08 11:06:05","LONG","0.350000000","@MNQH5","MICRO E-MINI NASDAQ 100","21310.7500","0.350000000","2025-01-08 11:10:35","21344.0000","-0.00","-0.06","2025-01-08 11:09:00","0","21310.5000","22.67","150515535"
"2025-01-08 10:39:53","LONG","0.350000000","@MNQH5","MICRO E-MINI NASDAQ 100","21324.2500","0.350000000","2025-01-08 10:52:40","21349.2500","-0.05","-9.06","2025-01-08 10:47:00","0","21287.2000","17.67","150515134"
"2025-01-08 10:40:10","LONG","0.350000000","@MESH5","MICRO E-MINI S&P 500","5939.2500","0.350000000","2025-01-08 10:51:21","5945.7500","-0.02","-3.52","2025-01-08 10:47:00","0","5933.5000","10.58","150515141"
"2025-01-08 10:29:24","LONG","0.350000000","@MESH5","MICRO E-MINI S&P 500","5931.0000","0.350000000","2025-01-08 10:35:39","5944.0000","-0.00","-0.61","2025-01-08 10:32:00","0","5930.0000","22.58","150514977"
"2025-01-08 10:28:36","LONG","0.350000000","@MNQH5","MICRO E-MINI NASDAQ 100","21292.0000","0.350000000","2025-01-08 10:35:01","21305.2500","-0.02","-3.74","2025-01-08 10:32:00","0","21276.8000","8.67","150514971"
"2025-01-08 07:24:14","LONG","1.050000000","@MNQH5","MICRO E-MINI NASDAQ 100","21263.2500","1.050000000","2025-01-08 07:42:54","21279.0833","-0.10","-17.88","2025-01-08 07:33:00","0","21221.2000","32.01","150513007"
"2025-01-08 07:32:12","LONG","0.350000000","@MESH5","MICRO E-MINI S&P 500","5928.0000","0.350000000","2025-01-08 07:35:41","5935.0000","0.00","0.00","2025-01-08 07:32:12","","0.0000","11.58","150513050"
"2025-01-08 06:45:01","LONG","0.350000000","@MNQH5","MICRO E-MINI NASDAQ 100","21311.5000","0.350000000","2025-01-08 06:45:30","21326.5000","0.00","0.00","2025-01-08 06:45:01","","0.0000","10.67","150512769"
"2025-01-08 05:03:18","SHORT","0.350000000","@MESH5","MICRO E-MINI S&P 500","5973.0000","0.350000000","2025-01-08 06:20:45","5966.7500","-0.01","-1.22","2025-01-08 05:51:00","0","5975.0000","10.58","150512438"
"2025-01-08 06:00:53","SHORT","0.350000000","@MNQH5","MICRO E-MINI NASDAQ 100","21445.0000","0.350000000","2025-01-08 06:20:06","21419.7500","-0.00","-0.67","2025-01-08 06:03:00","0","21447.8000","17.67","150512529"
"2025-01-07 14:48:10","LONG","0.700000000","@MNQH5","MICRO E-MINI NASDAQ 100","21408.1250","0.700000000","2025-01-07 20:34:07","21414.1250","-0.35","-63.03","2025-01-07 15:37:00","0","21279.5000","7.34","150507903"
"2025-01-07 15:02:47","LONG","0.700000000","@MESH5","MICRO E-MINI S&P 500","5960.1250","0.700000000","2025-01-07 19:48:56","5962.3750","-0.17","-30.78","2025-01-07 15:36:00","0","5935.0000","7.16","150507995"
"2025-01-07 14:34:06","LONG","0.700000000","@MNQH5","MICRO E-MINI NASDAQ 100","21424.2500","0.700000000","2025-01-07 14:44:31","21434.8750","-0.06","-10.66","2025-01-07 14:43:00","0","21402.5000","14.34","150507818"
"2025-01-07 14:03:51","LONG","0.350000000","@MNQH5","MICRO E-MINI NASDAQ 100","21447.0000","0.350000000","2025-01-07 14:07:23","21461.2500","0.00","0.00","2025-01-07 14:03:51","","0.0000","9.67","150507661"
"2025-01-07 13:41:18","LONG","0.350000000","@MNQH5","MICRO E-MINI NASDAQ 100","21450.2500","0.350000000","2025-01-07 14:02:51","21458.0000","-0.03","-5.27","2025-01-07 13:56:00","0","21428.8000","4.67","150507426"
"2025-01-07 12:38:05","LONG","0.350000000","@MNQH5","MICRO E-MINI NASDAQ 100","21428.7500","0.350000000","2025-01-07 12:59:39","21444.2500","-0.06","-10.29","2025-01-07 12:52:00","0","21386.8000","10.67","150506942"
"2025-01-07 12:32:58","LONG","0.350000000","@MNQH5","MICRO E-MINI NASDAQ 100","21441.7500","0.350000000","2025-01-07 12:33:53","21461.2500","0.00","0.00","2025-01-07 12:32:58","","0.0000","13.67","150506889"
"2025-01-07 12:24:48","LONG","0.350000000","@MNQH5","MICRO E-MINI NASDAQ 100","21433.7500","0.350000000","2025-01-07 12:32:11","21452.7500","-0.03","-5.76","2025-01-07 12:28:00","0","21410.2000","12.67","150506839"
"2025-01-07 12:02:41","LONG","0.700000000","@MNQH5","MICRO E-MINI NASDAQ 100","21450.2500","0.700000000","2025-01-07 12:14:54","21465.5000","-0.07","-12.25","2025-01-07 12:10:00","0","21425.2000","20.34","150506680"
"2025-01-07 10:37:45","LONG","0.350000000","@MNQH5","MICRO E-MINI NASDAQ 100","21499.5000","0.350000000","2025-01-07 10:55:38","21511.7500","-0.13","-24.56","2025-01-07 10:47:00","0","21399.2000","8.67","150504820"
"2025-01-07 10:16:39","LONG","0.700000000","@MESH5","MICRO E-MINI S&P 500","5991.0000","0.700000000","2025-01-07 10:20:02","5996.8750","0.00","0.31","2025-01-07 10:19:00","0","5991.2500","20.16","150504476"
"2025-01-06 09:41:59","SHORT","0.350000000","@MNQH5","MICRO E-MINI NASDAQ 100","21808.7500","0.350000000","2025-01-06 09:44:48","21775.7500","-0.01","-1.47","2025-01-06 09:44:00","0","21814.8000","22.67","150492108"
"2025-01-03 15:21:12","LONG","0.700000000","@MNQH5","MICRO E-MINI NASDAQ 100","21514.5000","0.700000000","2025-01-03 15:59:37","21518.1250","-0.11","-19.48","2025-01-03 15:51:00","0","21474.8000","4.34","150480639"
"2024-12-30 15:43:35","LONG","210","F","FORD MOTOR","9.8183","210","2025-01-03 15:12:52","9.9300","-0.12","-21.19","2025-01-03 09:57:00","74","9.5300","20.02","150439600"
"2025-01-02 13:49:49","LONG","1.050000000","@MESH5","MICRO E-MINI S&P 500","5877.8333","1.050000000","2025-01-02 13:59:04","5888.0833","-0.02","-4.44","2025-01-02 13:54:00","0","5874.7500","52.74","150467165"
"2025-01-02 13:39:38","LONG","0.350000000","@MESH5","MICRO E-MINI S&P 500","5883.7500","0.350000000","2025-01-02 13:44:20","5892.7500","-0.01","-1.99","2025-01-02 13:42:00","0","5880.5000","15.58","150467035"
"2025-01-02 13:34:31","LONG","0.350000000","@MESH5","MICRO E-MINI S&P 500","5881.0000","0.350000000","2025-01-02 13:37:07","5887.5000","0.00","0.00","2025-01-02 13:34:31","","0.0000","10.58","150467016"
"2025-01-02 13:13:51","LONG","0.700000000","@MESH5","MICRO E-MINI S&P 500","5884.1250","0.700000000","2025-01-02 13:20:07","5891.7500","-0.01","-1.68","2025-01-02 13:16:00","0","5882.7500","26.16","150466778"
"2025-01-02 13:01:05","LONG","0.700000000","@MESH5","MICRO E-MINI S&P 500","5889.1250","0.700000000","2025-01-02 13:09:07","5895.7500","-0.04","-8.12","2025-01-02 13:04:00","0","5882.5000","22.16","150466600"
"2025-01-02 09:35:44","LONG","0.350000000","@MESH5","MICRO E-MINI S&P 500","5945.5000","0.350000000","2025-01-02 09:49:41","5951.7500","-0.04","-6.74","2025-01-02 09:40:00","0","5934.5000","10.58","150462697"
"2025-01-02 08:31:40","LONG","0.350000000","@MESH5","MICRO E-MINI S&P 500","5977.7500","0.350000000","2025-01-02 08:32:59","5982.0000","0.00","0.00","2025-01-02 08:31:40","","0.0000","6.58","150461777"
"2025-01-02 06:47:42","SHORT","0.700000000","@MESH5","MICRO E-MINI S&P 500","5982.7500","0.700000000","2025-01-02 08:17:43","5979.1250","-0.09","-15.31","2025-01-02 07:16:00","0","5995.2500","12.16","150461122"
"2025-01-02 06:47:12","SHORT","0.350000000","@MNQH5","MICRO E-MINI NASDAQ 100","21437.5000","0.350000000","2025-01-02 07:51:48","21426.7500","-0.07","-13.05","2025-01-02 07:16:00","0","21490.8000","7.67","150461120"
"2024-12-30 15:44:46","LONG","35","CELH","CELSIUS HOLDINGS INC. COMMON STOCK","25.9500","35","2024-12-31 12:58:41","26.6200","-0.01","-1.22","2024-12-30 15:59:00","12","25.8500","22.30","150439624"
"2024-12-31 12:29:59","LONG","0.700000000","@MESH5","MICRO E-MINI S&P 500","5930.8750","0.700000000","2024-12-31 12:57:08","5937.6250","-0.06","-11.48","2024-12-31 12:41:00","0","5921.5000","23.16","150447689"
"2024-12-30 15:44:02","LONG","70","GT","THE GOODYEAR TIRE & RUBBER COM","8.8000","70","2024-12-31 11:45:17","9.1500","-0.01","-0.98","2024-12-30 15:59:00","24","8.7600","23.60","150439606"
"2024-12-31 11:37:01","LONG","0.700000000","@MESH5","MICRO E-MINI S&P 500","5941.0000","0.700000000","2024-12-31 11:43:47","5947.0000","-0.02","-2.76","2024-12-31 11:40:00","0","5938.7500","20.16","150446498"
"2024-12-31 11:37:10","LONG","0.350000000","@MNQH5","MICRO E-MINI NASDAQ 100","21299.5000","0.350000000","2024-12-31 11:42:37","21313.2500","-0.01","-2.02","2024-12-31 11:40:00","0","21291.2000","9.67","150446501"
"2024-12-31 09:40:10","LONG","0.350000000","@MNQH5","MICRO E-MINI NASDAQ 100","21386.2500","0.350000000","2024-12-31 09:43:44","21406.2500","-0.00","-0.18","2024-12-31 09:43:00","0","21385.5000","13.67","150444973"
"2024-12-30 23:31:44","LONG","0.700000000","@MNQH5","MICRO E-MINI NASDAQ 100","21387.3750","0.700000000","2024-12-31 05:20:23","21482.2500","-0.08","-13.41","2024-12-31 03:28:00","0","21360.0000","132.34","150442249"
"2024-12-30 18:19:19","LONG","0.700000000","@MESH5","MICRO E-MINI S&P 500","5951.2500","0.700000000","2024-12-31 04:14:43","5967.7500","-0.03","-5.21","2024-12-30 19:36:00","0","5947.0000","57.16","150441226"
"2024-12-30 18:24:10","LONG","0.700000000","@MNQH5","MICRO E-MINI NASDAQ 100","21373.7500","0.700000000","2024-12-30 20:49:17","21421.2500","-0.02","-4.29","2024-12-30 19:59:00","0","21365.0000","66.34","150441246"
"2024-12-30 16:01:30","LONG","1.400000000","@MESH5","MICRO E-MINI S&P 500","5951.1875","1.400000000","2024-12-30 16:25:19","5955.1875","-0.02","-2.68","2024-12-30 16:08:00","0","5949.0000","26.32","150440039"
"2024-12-30 11:32:05","SHORT","2.100000000","@MESH5","MICRO E-MINI S&P 500","5964.1667","2.100000000","2024-12-30 15:59:23","5964.2083","-0.61","-106.88","2024-12-30 13:16:00","1","5993.2500","-2.52","150436703"
"2024-12-27 15:27:14","LONG","0.350000000","@MNQH5","MICRO E-MINI NASDAQ 100","21641.2500","0.350000000","2024-12-27 15:50:41","21671.5000","-0.05","-8.45","2024-12-27 15:44:00","0","21606.8000","20.67","150424883"
"2024-12-27 09:43:52","LONG","0.350000000","@MNQH5","MICRO E-MINI NASDAQ 100","21701.0000","0.350000000","2024-12-27 09:48:36","21735.5000","-0.00","-0.55","2024-12-27 09:46:00","0","21698.8000","23.67","150420971"
"2024-12-24 08:37:10","SHORT","0.700000000","@MNQH5","MICRO E-MINI NASDAQ 100","21803.0000","0.700000000","2024-12-27 09:36:00","21779.7500","-0.88","-150.92","2024-12-26 00:00:00","0","22111.0000","32.34","150398113"
"2024-12-20 13:15:39","LONG","140","CELH","CELSIUS HOLDINGS INC. COMMON STOCK","27.1500","140","2024-12-26 14:41:06","27.7400","-0.18","-30.62","2024-12-23 00:00:00","24","26.3600","80.20","150377843"
"2024-12-20 13:17:24","LONG","175","F","FORD MOTOR","9.9100","175","2024-12-24 10:16:10","9.9620","-0.06","-9.80","2024-12-23 00:00:00","61","9.7500","5.50","150377876"
"2024-12-20 13:24:38","LONG","280","GT","THE GOODYEAR TIRE & RUBBER COM","8.6375","280","2024-12-24 10:12:30","8.7100","-0.08","-14.69","2024-12-23 00:00:00","61","8.4802","17.20","150377927"
"2024-12-24 05:25:45","SHORT","0.700000000","@MNQH5","MICRO E-MINI NASDAQ 100","21799.0000","0.700000000","2024-12-24 06:37:36","21786.0000","-0.02","-2.69","2024-12-24 06:07:00","0","21804.5000","17.34","150397502"
"2024-12-20 13:50:08","LONG","0.350000000","@MNQH5","MICRO E-MINI NASDAQ 100","21664.5000","0.350000000","2024-12-20 13:53:29","21685.2500","0.00","0.00","2024-12-20 13:50:08","","0.0000","14.67","150378127"
