Ticker,Date,Open,High,Low,Close,Volume
QQQ,2010-01-04,40.21268097128189,40.351554758572014,40.1606020594185,40.290794372558594,62822800
QQQ,2010-01-05,40.264756572133024,40.36023292170979,40.06512570984174,40.290794372558594,62935600
QQQ,2010-01-06,40.27343962171721,40.40363193995022,39.98701056178227,40.047767639160156,96033000
QQQ,2010-01-07,40.10852603977451,40.16060495539331,39.85681624746908,40.07380676269531,77094100
QQQ,2010-01-08,39.98700417663958,40.40362548828125,39.86549004128724,40.40362548828125,88886600
QQQ,2010-01-11,40.45569894026077,40.481736734037156,40.03039621284839,40.23870849609375,104673400
QQQ,2010-01-12,39.995677878966404,40.04775346342141,39.518296281387364,39.735286712646484,90673900
QQQ,2010-01-13,39.856798644189,40.35153984652735,39.58773264319301,40.23002243041992,100661000
QQQ,2010-01-14,40.15191165785241,40.3775835814054,40.117195702007855,40.264747619628906,75209000
QQQ,2010-01-15,40.33420137581533,40.40363662472143,39.6224726917108,39.79606246948242,126849300
QQQ,2010-01-19,39.89153367735717,40.48174811632345,39.882855513995466,40.438350677490234,84388200
QQQ,2010-01-20,40.15191487866609,40.44702204859195,39.431508244177905,39.856807708740234,145680000
QQQ,2010-01-21,39.969630281574396,40.23001809457601,39.318659093565,39.48357391357422,204939600
QQQ,2010-01-22,39.35340397490146,39.47491814602041,38.22505384320903,38.32920837402344,171098700
QQQ,2010-01-25,38.5635508723786,38.71110281906562,38.294481467757805,38.45939636230469,154218700
QQQ,2010-01-26,38.41599340161354,38.96281034227189,38.23372219173142,38.494110107421875,140816500
QQQ,2010-01-27,38.42467723742429,38.92809346390802,38.19900526854261,38.79790115356445,161632700
QQQ,2010-01-28,38.53751721277269,38.56355501533542,37.60011658836422,37.799747467041016,221439800
QQQ,2010-01-29,38.112191696815195,38.20766799749964,37.001201967419256,37.14007568359375,212099600
QQQ,2010-02-01,37.23557491213149,37.56539812175337,37.21821527304414,37.548038482666016,136827100
QQQ,2010-02-02,37.608784333850345,37.999364473757055,37.348393159230774,37.886531829833984,110727700
QQQ,2010-02-03,37.70426510154748,38.164287176598286,37.68690546560103,38.0948486328125,93581600
QQQ,2010-02-04,37.8171068904333,37.89522360868923,36.9925422668457,36.9925422668457,151652500
QQQ,2010-02-05,37.08799846288479,37.33970811943843,36.558541361517044,37.304988861083984,213618600
QQQ,2010-02-08,37.244231426398535,37.478581451333106,37.00988140146396,37.035919189453125,94354400
QQQ,2010-02-09,37.47859229916312,37.76501798297929,37.11404660674697,37.4178352355957,118956000
QQQ,2010-02-10,37.417834561170594,37.59142758723934,37.105367776449164,37.339717864990234,94102900
QQQ,2010-02-11,37.348404978721895,38.00805797369912,37.114054834007284,37.903900146484375,93050800
QQQ,2010-02-12,37.56540745263823,38.08618682157756,37.46125290325573,37.98202896118164,93938500
QQQ,2010-02-16,38.25976957099613,38.49411641581376,38.06013538153846,38.46807861328125,83861400
QQQ,2010-02-17,38.64166497476304,38.685062408447266,38.41599302198595,38.685062408447266,82691700
QQQ,2010-02-18,38.659023077068575,38.997527681795816,38.58090637513061,38.9280891418457,65752600
QQQ,2010-02-19,38.82393790176101,39.10168546285157,38.728461556821365,38.910736083984375,80416500
QQQ,2010-02-22,39.06697319929238,39.08433283885169,38.67639289775234,38.83262634277344,72055000
QQQ,2010-02-23,38.80658689385337,38.8326280098166,38.14693711734502,38.32920837402344,95814400
QQQ,2010-02-24,38.52882349939302,38.876009541338995,38.4680664387042,38.71977615356445,86591000
QQQ,2010-02-25,38.311836055444175,38.79789589008433,38.04276999729609,38.711097717285156,97961300
QQQ,2010-02-26,38.70243124353079,38.936781414344004,38.537519631927154,38.84998321533203,66222400
QQQ,2010-03-01,39.02356671596432,39.48358878018868,39.01488855370134,39.41415023803711,77290100
QQQ,2010-03-02,39.553015607191156,39.79604383105971,39.448861127106234,39.5356559753418,76368500
QQQ,2010-03-03,39.63112704538788,39.770000770776015,39.4314962720806,39.57904815673828,65735500
QQQ,2010-03-04,39.60511213613997,39.76134558133285,39.40548124750745,39.709266662597656,54470900
QQQ,2010-03-05,40.004354533105406,40.3949379568676,39.917559688274295,40.30813980102539,68136300
QQQ,2010-03-08,40.32551154389038,40.48174496031969,40.308151907508,40.386268615722656,58712400
QQQ,2010-03-09,40.2994678745227,40.83760327993951,40.27343007924802,40.611934661865234,98002800
QQQ,2010-03-10,40.63797189146716,41.03723353150871,40.62061225785515,40.94175720214844,102578900
QQQ,2010-03-11,40.846285525247744,41.097991943359375,40.776846988519246,41.097991943359375,67510300
QQQ,2010-03-12,41.22819597684762,41.25423377794063,40.8810098442166,41.10668182373047,64068300
QQQ,2010-03-15,41.01987402284863,41.12403182483797,40.71608871124199,41.00251770019531,60150500
QQQ,2010-03-16,41.13271713064912,41.32366982311858,40.9938433482201,41.26291275024414,74950600
QQQ,2010-03-17,41.323672078793194,41.5753818578768,41.25423352828228,41.37574768066406,75643500
QQQ,2010-03-18,41.410475331876896,41.55803062605196,41.31499896111886,41.51463317871094,77829400
QQQ,2010-03-19,41.63713831956131,41.66320723032536,41.11580650793584,41.263519287109375,86337100
QQQ,2010-03-22,41.09840955876052,41.802210165940856,41.05496581340143,41.63711929321289,71902800
QQQ,2010-03-23,41.697945358710896,41.96729857411985,41.5067888978049,41.92385482788086,59182600
QQQ,2010-03-24,41.85434935798545,41.85434935798545,41.628439850084405,41.72401809692383,62995700
QQQ,2010-03-25,42.07157182960799,42.22797199596345,41.61975280963218,41.6631965637207,76294800
QQQ,2010-03-26,41.83696908018222,41.99336922480143,41.48072504289303,41.706634521484375,78067900
QQQ,2010-03-29,41.91516580478202,42.054187776168305,41.79351867959192,41.90647506713867,57993300
QQQ,2010-03-30,42.036802843194046,42.18451221388209,41.75875894521502,42.04549026489258,49437300
QQQ,2010-03-31,41.91517764062182,42.09764340811304,41.76746488988165,41.845664978027344,59947400
QQQ,2010-04-01,42.01944331996735,42.314865506901505,41.52417719989335,41.845664978027344,83728600
QQQ,2010-04-05,41.941226490556865,42.33222677521361,41.82827011620161,42.23664855957031,56220300
QQQ,2010-04-06,42.14106961763822,42.48862615679749,42.04549140364218,42.35829162597656,54097100
QQQ,2010-04-07,42.297491154563936,42.46257877128994,42.0281345345459,42.25404739379883,77211500
QQQ,2010-04-08,42.1324025206613,42.41913398642582,41.91518040753354,42.34962463378906,68314300
QQQ,2010-04-09,42.35831293589317,42.61897881412783,42.254047247508595,42.601600646972656,54227300
QQQ,2010-04-12,42.618970560575505,42.74930513172559,42.523392317004884,42.636348724365234,44280600
QQQ,2010-04-13,42.59291458824935,42.87964606914996,42.45389256109068,42.853580474853516,59376000
QQQ,2010-04-14,43.07947954839833,43.37489836130195,43.009966899800645,43.3662109375,69004800
QQQ,2010-04-15,43.3314564293123,43.60950040626541,43.3314564293123,43.557369232177734,72254200
QQQ,2010-04-16,43.400972263168946,43.548681686642254,42.749306022924806,43.03603744506836,127388000
QQQ,2010-04-19,42.87961802981744,43.1489744814171,42.48862111286056,43.009952545166016,98251700
QQQ,2010-04-20,43.244573904623174,43.3401521541741,42.94915173080488,43.227195739746094,69543700
QQQ,2010-04-21,43.52260872679073,43.60949621828984,43.201121030789615,43.47047424316406,74748700
QQQ,2010-04-22,43.053411095017225,43.75721175392306,42.80143271305205,43.713768005371094,110477200
QQQ,2010-04-23,43.70509512925758,43.93969544477428,43.522629322038,43.8962516784668,77205200
QQQ,2010-04-26,43.93966969503748,44.009182332030846,43.7050695170023,43.8006477355957,67361000
QQQ,2010-04-27,43.62686515547566,43.81802157381193,42.75797716601208,42.870933532714844,112608000
QQQ,2010-04-28,43.096873859864694,43.122942772135104,42.55816384811681,42.897029876708984,130082100
QQQ,2010-04-29,43.140306898792666,43.73115122819849,43.10555057011093,43.64426040649414,84180200
QQQ,2010-04-30,43.62687305090994,43.696385693628606,42.7492974811309,42.784053802490234,110897000
QQQ,2010-05-03,42.96654740307382,43.59214502082807,42.949169231115725,43.38361358642578,74169700
QQQ,2010-05-04,42.853582952499906,42.853582952499906,41.77616300836421,42.08027267456055,141136500
QQQ,2010-05-05,41.637135685387136,42.14109261068283,41.39384796395976,41.8630485534668,128560200
QQQ,2010-05-06,41.576302515107606,41.98468106385493,37.04939541067749,40.46412658691406,274356800
QQQ,2010-05-07,40.160019456215366,40.66397296132793,38.4743739838158,39.45621871948242,288200400
QQQ,2010-05-10,41.21137182489889,41.532859563853314,41.10710615826017,41.50679397583008,136041600
QQQ,2010-05-11,41.08972617566565,42.04550192572374,41.01152610051213,41.463348388671875,113016100
QQQ,2010-05-12,41.68926940939565,42.28011384856638,41.61976005366492,42.245357513427734,85462400
QQQ,2010-05-13,42.0628840489005,42.39306254336385,41.47203971756438,41.5763053894043,102844300
QQQ,2010-05-14,41.26349114554892,41.289556723989506,40.299024968712295,40.776912689208984,147386100
QQQ,2010-05-17,40.85512259607404,41.072344640939676,40.02967816267555,40.907257080078125,120969600
QQQ,2010-05-18,41.2548116600171,41.34170246942206,40.160013977878336,40.34247970581055,153072100
QQQ,2010-05-19,40.194774932516886,40.51626601904715,39.577864979249824,40.020999908447266,159000300
QQQ,2010-05-20,39.23899899059684,39.34326466781138,38.44831069974882,38.53519821166992,189289800
QQQ,2010-05-21,37.93564940937805,39.65604722723234,37.78794004245446,38.9609375,190631100
QQQ,2010-05-24,38.943575990472624,39.386710909768226,38.787175820667834,38.8045539855957,113038000
QQQ,2010-05-25,37.95303572725445,38.89143323214917,37.5620353858211,38.83930206298828,155643000
QQQ,2010-05-26,39.10866269850638,39.59524136181331,38.3353526067576,38.40486526489258,140203200
QQQ,2010-05-27,39.27374256333019,39.873274155741996,39.17816434253736,39.85589599609375,110671600
QQQ,2010-05-28,39.92540875187444,39.960165071272954,39.27374267860515,39.62129592895508,128535300
QQQ,2010-06-01,39.473584930587286,40.18607287642188,39.2129191748384,39.25636291503906,104242700
QQQ,2010-06-02,39.48227277213544,40.2121388847109,39.21291959130369,40.186073303222656,97249300
QQQ,2010-06-03,40.29904424380233,40.63791018378832,40.038378391085885,40.568397521972656,98928400
QQQ,2010-06-04,39.70817998633609,40.220824009526666,39.04782328805103,39.178157806396484,112849900
QQQ,2010-06-07,39.37800716690408,39.49965096668477,38.42223161330294,38.465675354003906,88436600
QQQ,2010-06-08,38.53518590382858,38.6481422848855,37.87483240632014,38.39616394042969,133030100
QQQ,2010-06-09,38.665528438298445,39.02177250031667,37.961727738657,38.074684143066406,101949200
QQQ,2010-06-10,38.54390221321255,39.204256148837736,38.43963650012378,39.16081237792969,76892300
QQQ,2010-06-11,38.76111365060557,39.56918016104744,38.76111365060557,39.534423828125,74346800
QQQ,2010-06-14,39.89933364877808,40.17738084617131,39.456202246283134,39.52571487426758,68085000
QQQ,2010-06-15,39.73426702927988,40.637911781125815,39.49097933245454,40.585777282714844,76332600
QQQ,2010-06-16,40.47281813398142,40.9593934550096,40.40330547980838,40.75086212158203,78399700
QQQ,2010-06-17,40.97678478537781,40.99416295450509,40.52496233170897,40.88120651245117,77111900
QQQ,2010-06-18,40.95865668576617,41.21111254400742,40.79325628941482,40.915130615234375,75921400
QQQ,2010-06-21,41.437456053067805,41.50710043257962,40.33187975534546,40.56692123413086,95488100
QQQ,2010-06-22,40.741049098574834,41.03703121686378,40.1752031777005,40.2535514831543,94493400
QQQ,2010-06-23,40.2970722890656,40.45376887939315,39.774749214364434,40.08814239501953,92397600
QQQ,2010-06-24,39.91401568261219,40.0358933332085,39.348170105705364,39.4787483215332,114145900
QQQ,2010-06-25,39.695943932452565,39.82678226206538,39.207487933592866,39.48660659790039,88740300
QQQ,2010-06-28,39.486612882196674,39.730840920495424,39.08538015431802,39.34705352783203,71350000
QQQ,2010-06-29,38.74520424831807,38.780094921575916,37.56767230840666,37.829345703125,136384200
QQQ,2010-06-30,37.70724245340676,38.09102998688272,37.19261652149014,37.2536735534668,101313200
QQQ,2010-07-01,37.367048489823205,37.47171716140336,36.43374479378721,37.14898681640625,158695000
QQQ,2010-07-02,37.210063990105546,37.34962340365235,36.71288337138512,37.04433822631836,78565300
QQQ,2010-07-06,37.593834413559726,37.829341440476384,36.852425990840786,37.157711029052734,88591900
QQQ,2010-07-07,37.27983234347439,38.387582930067005,37.244941670430826,38.343971252441406,72448400
QQQ,2010-07-08,38.64926955014587,38.71032657993237,38.099752954708734,38.553321838378906,78264600
QQQ,2010-07-09,38.535859862755686,38.92837154720527,38.4486365228145,38.919647216796875,47851200
QQQ,2010-07-12,38.884770154547176,39.2772786153803,38.780098126124194,39.033050537109375,60927500
QQQ,2010-07-13,39.37323423652081,39.687243730280635,39.07667008434304,39.538963317871094,93310500
QQQ,2010-07-14,39.617430436830304,39.957609332497256,39.460429143834176,39.73954772949219,87687100
QQQ,2010-07-15,39.66105871888604,39.89656572838696,39.24238070000344,39.77444839477539,95992500
QQQ,2010-07-16,39.63489671254195,39.80062574792623,38.64053580966732,38.6754264831543,98831900
QQQ,2010-07-19,38.78881999288601,39.08538406651472,38.46608625013626,39.00688171386719,81800800
QQQ,2010-07-20,38.378867891196336,39.47789764404297,38.256753843919846,39.47789764404297,89061200
QQQ,2010-07-21,39.89657300311394,39.91401501231028,38.8673214379286,38.93709945678711,83577000
QQQ,2010-07-22,39.48660994105997,40.10590432196545,39.46044360386479,39.922733306884766,82890300
QQQ,2010-07-23,39.65235090425398,40.21058849527751,39.582572869055284,40.17570114135742,81056100
QQQ,2010-07-26,40.228014820313106,40.524578816279686,40.044843821222344,40.50713348388672,64850900
QQQ,2010-07-27,40.68159570400709,40.751377054546076,40.30652926325487,40.48970031738281,67655600
QQQ,2010-07-28,40.44609956627143,40.62927399725447,40.0187003244816,40.1669807434082,51988200
QQQ,2010-07-29,40.40248213955259,40.48098450530056,39.46917808419239,39.87041091918945,85669500
QQQ,2010-07-30,39.53895206077855,40.20185821536836,39.31216601213838,39.9576301574707,98958100
QQQ,2010-08-02,40.46354317357622,40.81244335087411,40.306538426528036,40.70777130126953,68706800
QQQ,2010-08-03,40.68157498105973,40.73391096730433,40.341399388860395,40.533294677734375,60856600
QQQ,2010-08-04,40.7164850948836,40.98688282865563,40.559480388481504,40.943267822265625,43820600
QQQ,2010-08-05,40.74265234649425,40.925823398933765,40.57692663152868,40.84732437133789,39150200
QQQ,2010-08-06,40.402475084103145,40.864764864246204,40.16696802798561,40.78626251220703,71339200
QQQ,2010-08-09,40.99558733209418,41.161312976652184,40.812416357473786,41.06536865234375,26927600
QQQ,2010-08-10,40.733940977350024,40.952002756321534,40.36759545845137,40.70777130126953,86694500
QQQ,2010-08-11,40.03612950409462,40.05357151204319,39.43427708178682,39.600006103515625,92219700
QQQ,2010-08-12,38.84115530852541,39.46045316687127,38.77137728330891,39.28600311279297,66000200
QQQ,2010-08-13,39.137716750041214,39.303445787495896,38.99815738170757,39.00688171386719,46387300
QQQ,2010-08-16,38.81499054287145,39.347061732128566,38.64054048170152,39.076663970947266,55472900
QQQ,2010-08-17,39.355794543723285,39.93147758912523,39.277292159015786,39.573856353759766,56927100
QQQ,2010-08-18,39.49532416980788,39.96633812267258,39.347043847993056,39.730831146240234,61835400
QQQ,2010-08-19,39.495324514465885,39.65232916679089,38.86730923252252,39.12898254394531,82969500
QQQ,2010-08-20,39.06793051505861,39.277267859864516,38.84986883992749,39.18132019042969,65806700
QQQ,2010-08-23,39.42555754223956,39.5476715665603,38.78009342137017,38.79753875732422,69612200
QQQ,2010-08-24,38.352696618014924,38.483531654417824,37.916573175289656,38.073577880859375,79095800
QQQ,2010-08-25,37.80317871511411,38.60564422216927,37.74212170163633,38.439918518066406,87247900
QQQ,2010-08-26,38.57076651870282,38.657989894801354,37.94274756324609,37.977638244628906,91199000
QQQ,2010-08-27,38.25674747763308,38.518420867874646,37.48044831139476,38.439918518066406,109568800
QQQ,2010-08-30,38.25675422592444,38.59693002597948,38.029968140982234,38.038692474365234,49373200
QQQ,2010-08-31,37.838058915410656,38.24801255996257,37.66360892774589,37.9078369140625,72066900
QQQ,2010-09-01,38.46607306332711,39.17259399494781,38.43990673053412,39.04175567626953,83523100
QQQ,2010-09-02,39.1115555022135,39.4953429832765,39.01560780010819,39.47789764404297,41816800
QQQ,2010-09-03,39.91400696212454,40.1407929642295,39.73083595628695,40.1320686340332,64041100
QQQ,2010-09-07,39.966351585287605,40.149522630650374,39.80062587672478,39.8616828918457,51195200
QQQ,2010-09-08,39.9750733381842,40.515865434659645,39.96634900666824,40.34141540527344,66879800
QQQ,2010-09-09,40.69904092119828,40.73393159636452,40.4024768370011,40.4984245300293,61476400
QQQ,2010-09-10,40.542025512826854,40.707751185100975,40.341409174592805,40.64669418334961,66995700
QQQ,2010-09-13,40.96069745008067,41.318318404762074,40.94325211968688,41.21364974975586,64523400
QQQ,2010-09-14,41.1613364657217,41.606184317777746,41.06539208666179,41.38812255859375,91405800
QQQ,2010-09-15,41.2834571592244,41.693411036789186,41.16133976929927,41.64979934692383,67108200
QQQ,2010-09-16,41.57128934522393,41.85040810196986,41.46662064328371,41.81551742553711,66885800
QQQ,2010-09-17,42.08828326044742,42.08828326044742,41.7473109922497,41.9571418762207,76372600
QQQ,2010-09-20,42.1145170270061,42.77897881076166,42.06206179970646,42.691551208496094,84475000
QQQ,2010-09-21,42.717795569829335,42.988823244199615,42.49922314332399,42.682823181152344,82272000
QQQ,2010-09-22,42.507949027106314,42.857666115678164,42.33309048282039,42.569149017333984,88315900
QQQ,2010-09-23,42.2893725073994,42.9800618548391,42.24565870942895,42.551658630371094,85040000
QQQ,2010-09-24,43.03251972534993,43.44343342187993,42.97131974214016,43.417205810546875,79495900
QQQ,2010-09-27,43.390983264355405,43.49589705708344,43.14617996779087,43.18115234375,43859800
QQQ,2010-09-28,43.28606575110224,43.31229670041272,42.48172112209949,43.163665771484375,104922900
QQQ,2010-09-29,43.102460907770705,43.30354704228314,42.93634714495146,43.093719482421875,81679200
QQQ,2010-09-30,43.31229954930536,43.57458571361701,42.62161009300336,42.90138244628906,122458600
QQQ,2010-10-01,43.259847524040985,43.303561335511645,42.647844158001654,42.84893035888672,77675400
QQQ,2010-10-04,42.72651995363244,42.883892304744464,42.14074768516485,42.38554763793945,71359900
QQQ,2010-10-05,42.86640262651004,43.5046334050897,42.84017501517698,43.417205810546875,99301300
QQQ,2010-10-06,43.36474585720201,43.460918209193544,42.761487469912645,43.041259765625,81831200
QQQ,2010-10-07,43.286066521541834,43.31229747131919,42.84018039711918,43.198638916015625,75693300
QQQ,2010-10-08,43.216134429599826,43.600820646134274,42.91013440907811,43.495906829833984,83223900
QQQ,2010-10-11,43.522134830555174,43.73196580014,43.382248629215326,43.51339340209961,46880000
QQQ,2010-10-12,43.44343517847927,43.898066025812255,43.067490503476016,43.810638427734375,88571700
QQQ,2010-10-13,44.090400302602966,44.370172552377525,43.959255601393764,44.16908645629883,71122900
QQQ,2010-10-14,44.19532740678249,44.27401358423679,43.86309650918107,44.081668853759766,68464000
QQQ,2010-10-15,44.62373899174797,45.02591138034027,44.26528041319398,45.01716995239258,104654000
QQQ,2010-10-18,45.025909900121114,45.21825466014627,44.851051330566406,44.851051330566406,72399400
QQQ,2010-10-19,44.431392669677734,44.85105123462141,44.081675531316435,44.431392669677734,105739800
QQQ,2010-10-20,44.55379280990496,45.08710994679244,44.47510662027977,44.754878997802734,80861400
QQQ,2010-10-21,45.034649461337416,45.20950802364518,44.40516330623903,44.842308044433594,85885400
QQQ,2010-10-22,44.85104166724581,45.19201397008136,44.77235549465691,45.14830017089844,47406900
QQQ,2010-10-25,45.33190613148441,45.6641370525376,45.33190613148441,45.366878509521484,51413900
QQQ,2010-10-26,45.139563123453186,45.59419401638075,44.95595981283767,45.48927688598633,60498300
QQQ,2010-10-27,45.25321713208938,45.66413421057733,45.16578952758737,45.6291618347168,57483400
QQQ,2010-10-28,45.82150653345228,45.85647890928736,45.32316185082501,45.72533416748047,61220000
QQQ,2010-10-29,45.72534380714929,45.891460959811546,45.61168522929881,45.62042999267578,46668700
QQQ,2010-11-01,45.7865522250076,46.118783256240704,45.44557976394101,45.65541076660156,60555600
QQQ,2010-11-02,46.03133760924411,46.276137570620286,45.97013761890007,46.14499282836914,48137500
QQQ,2010-11-03,46.18871408299717,46.372314070394815,45.77779696678849,46.354827880859375,126225800
QQQ,2010-11-04,46.861910970119816,47.0892280840551,46.77448336331357,46.92311096191406,84201000
QQQ,2010-11-05,46.94934191207547,47.045514280651986,46.78322478993443,46.92311096191406,77937100
QQQ,2010-11-08,46.844416383809445,47.0629886812289,46.730757855309726,46.98430252075195,39623500
QQQ,2010-11-09,47.16790711980601,47.246593288072944,46.52093158792799,46.73076248168945,66828700
QQQ,2010-11-10,46.79196884645172,47.01054119532239,46.424765566071315,46.966827392578125,83553700
QQQ,2010-11-11,46.25866138382442,46.757006175882594,46.04008898958311,46.669578552246094,85163600
QQQ,2010-11-12,46.42477800592823,46.660836606180105,45.55923314015497,45.9089469909668,99164300
QQQ,2010-11-15,46.14500657928355,46.232437545221295,45.71660651921479,45.734092712402344,56723400
QQQ,2010-11-16,45.410585255102646,45.681616140032084,44.45760978021085,44.98218536376953,101097000
QQQ,2010-11-17,45.0084170489176,45.34938937475686,44.89475849525474,45.11333084106445,77836200
QQQ,2010-11-18,45.602930741486084,46.153733946247726,45.57670312916617,45.8389892578125,71488300
QQQ,2010-11-19,45.77778242862167,45.97886854169356,45.58543773996657,45.87395477294922,54506100
QQQ,2010-11-22,45.69037359636755,46.258663177490234,45.611687397983644,46.258663177490234,69918900
QQQ,2010-11-23,45.78652468060157,45.85646941779439,45.261952492249996,45.52423858642578,76818300
QQQ,2010-11-24,45.970143136053444,46.55591549540545,45.95265694597805,46.442256927490234,53444200
QQQ,2010-11-26,46.144990968297684,46.450994242832465,46.048818605876725,46.13624954223633,23640300
QQQ,2010-11-29,46.075056409863926,46.24991497345111,45.550480719102374,46.10128402709961,89269100
QQQ,2010-11-30,45.62044189143517,46.11004537859369,45.358155619266675,45.54175567626953,118862100
QQQ,2010-12-01,46.21493474031419,46.73950700678451,46.19744855341196,46.503448486328125,81758800
QQQ,2010-12-02,46.573394559265296,47.04551161361299,46.520935997065806,46.97556686401367,56844600
QQQ,2010-12-03,46.77449427643151,47.159180505340615,46.77449427643151,47.09798049926758,38014200
QQQ,2010-12-06,47.106721066249165,47.16792106686977,46.9318624922689,47.08049011230469,39312000
QQQ,2010-12-07,47.64877081861433,47.66625700628862,47.054253778285734,47.106712341308594,59067300
QQQ,2010-12-08,47.229123303439536,47.342781882180084,46.94060614244046,47.28158187866211,48066900
QQQ,2010-12-09,47.57009833694482,47.59632595843246,47.16792591009983,47.32529830932617,51679800
QQQ,2010-12-10,47.46517516443893,47.69248895456459,47.29031660695404,47.64003372192383,44696200
QQQ,2010-12-13,47.82362067568622,47.85859304468399,47.44767604683187,47.47390365600586,53110200
QQQ,2010-12-14,47.59630555260859,47.75367788436515,47.41270561060887,47.561336517333984,69884800
QQQ,2010-12-15,47.5351090496704,47.823626124048644,47.23785054962118,47.35150909423828,76951900
QQQ,2010-12-16,47.395233775481266,47.78866472399366,47.26409234941035,47.71872329711914,65519400
QQQ,2010-12-17,47.778274484998796,47.90091711708667,47.66439060873387,47.7607536315918,36844200
QQQ,2010-12-20,47.84838139149118,47.971024092360295,47.44541156241753,47.79582214355469,48159600
QQQ,2010-12-21,47.97976285705095,48.08488464355469,47.84835811760028,48.08488464355469,35775400
QQQ,2010-12-22,48.067375442364224,48.14621763679697,47.997295348291864,48.07613754272461,35766500
QQQ,2010-12-23,47.988537219386856,48.06737942034445,47.839614918557174,47.95349884033203,21664800
QQQ,2010-12-27,47.81333512914729,48.058620490472734,47.48920422538162,47.97977828979492,29263700
QQQ,2010-12-28,48.07613729964693,48.11117567562488,47.78704814093447,47.89216995239258,24160500
QQQ,2010-12-29,48.0235673636409,48.09365078838109,47.944725181689,47.99728775024414,24132700
QQQ,2010-12-30,47.99728002467306,48.006038780474974,47.78703312605514,47.88339614868164,27553300
QQQ,2010-12-31,47.82207861767079,47.848358228917526,47.48918906091295,47.708194732666016,38540100
QQQ,2011-01-03,48.15499090982758,48.7857252698671,48.137470046803855,48.45283889770508,90994300
QQQ,2011-01-04,48.628013942189085,48.66305564885059,48.1111604650956,48.41777038574219,43851500
QQQ,2011-01-05,48.26884859506686,48.84702343335592,48.242568983886876,48.829505920410156,43787400
QQQ,2011-01-06,48.88207606600466,49.02223959322122,48.77695425603276,48.98719787597656,46139600
QQQ,2011-01-07,49.07480611602485,49.10108573519089,48.46158938197246,48.94340133666992,72261700
QQQ,2011-01-10,48.83828733226692,49.2149775288075,48.689365010815614,49.127376556396484,55551800
QQQ,2011-01-11,49.328845859880296,49.37264633222838,49.013477112155165,49.19744110107422,56663800
QQQ,2011-01-12,49.4339600491289,49.54784393310547,49.232475233946545,49.54784393310547,51979300
QQQ,2011-01-13,49.58289379863263,49.69677770901849,49.41645065403953,49.56537628173828,47364500
QQQ,2011-01-14,49.5828819828156,49.95081324339717,49.46023934320884,49.933292388916016,43867400
QQQ,2011-01-18,49.55661740155464,50.13479240773691,49.48653730413737,50.07347106933594,65805600
QQQ,2011-01-19,50.161056768935964,50.161056768935964,49.33759665962368,49.5040397644043,67767200
QQQ,2011-01-20,49.293808089553764,49.36388818256581,48.77695445426181,49.15364456176758,92357800
QQQ,2011-01-21,49.39893396241719,49.486538263089265,48.75067884625574,48.77695846557617,59673300
QQQ,2011-01-24,48.87331357158154,49.46024725263363,48.77695052740599,49.45148849487305,64103300
QQQ,2011-01-25,49.20621850459802,49.53910823575697,49.101096662776335,49.52158737182617,55305100
QQQ,2011-01-26,49.59165956345189,49.91578711814255,49.45149602560493,49.784385681152344,60547700
QQQ,2011-01-27,49.94207013972425,50.239918095661615,49.86322793545369,50.09099578857422,53656100
QQQ,2011-01-28,50.08222284362578,50.12602665788506,48.59298672814175,48.82075119018555,123359900
QQQ,2011-01-31,48.89083834924843,49.197445021881975,48.522907000326086,49.057281494140625,70571300
QQQ,2011-02-01,49.425212614444305,50.090991919472685,49.37265337683207,49.977108001708984,76952900
QQQ,2011-02-02,49.87199003248665,50.082233682681114,49.793147828223084,49.89826965332031,48661000
QQQ,2011-02-03,49.801906804103425,50.05595427914024,49.4076991228369,49.98587417602539,45341900
QQQ,2011-02-04,49.97710803050671,50.301235582430756,49.845706594638095,50.266197204589844,47647800
QQQ,2011-02-07,50.362544941049315,50.78303542307716,50.283702766809014,50.502708435058594,45627100
QQQ,2011-02-08,50.520229274217044,50.870639703193284,50.42386958092202,50.83559799194336,38099900
QQQ,2011-02-09,50.75677511768496,50.91445953652287,50.590331938583965,50.748016357421875,62540800
QQQ,2011-02-10,50.41512661149941,50.89693862783701,50.36256736644321,50.82685852050781,70194700
QQQ,2011-02-11,50.67792856007166,51.22982397865141,50.6078484586915,51.19478225708008,47853500
QQQ,2011-02-14,51.194786368215844,51.38751251057232,51.14222712340064,51.31743240356445,48506100
QQQ,2011-02-15,51.194767145072824,51.308651035681414,51.01080317377077,51.24732971191406,39723800
QQQ,2011-02-16,51.378742041538786,51.72039042202967,51.36122118333899,51.58022689819336,53061700
QQQ,2011-02-17,51.32618321800939,51.659072864609946,51.291141499048855,51.56270980834961,38361900
QQQ,2011-02-18,51.56270975179734,51.65907280795199,51.25609972387233,51.44882583618164,44334300
QQQ,2011-02-22,50.7480052033707,50.92321044598871,49.8807410903807,49.9595832824707,92598100
QQQ,2011-02-23,49.959572319886234,50.13477752405912,49.17115391375023,49.54784393310547,97842900
QQQ,2011-02-24,49.652976930732784,49.959583600947276,49.179923775177215,49.81066131591797,98716100
QQQ,2011-02-25,50.090976709385764,50.56402975482758,50.0384141459718,50.502708435058594,54094600
QQQ,2011-02-28,50.704204541873196,50.85312682540604,50.30999358287149,50.60784149169922,51402800
QQQ,2011-03-01,50.82685546030073,50.82685546030073,49.67050535400744,49.793148040771484,91993900
QQQ,2011-03-02,49.76686054017694,50.38007387690636,49.74933968173295,50.055946350097656,61552900
QQQ,2011-03-03,50.52023316251707,51.133449789541075,50.52023316251707,51.04584884643555,64146600
QQQ,2011-03-04,51.028351221677006,51.03710998327054,50.45017604536802,50.78306579589844,62328400
QQQ,2011-03-07,50.99330208021124,51.037102565339374,49.64422575098251,50.09975814819336,98470000
QQQ,2011-03-08,50.03842139794484,50.528995368955925,49.73181475466402,50.30122756958008,62399100
QQQ,2011-03-09,50.117267666650704,50.16983024196472,49.68801833108674,49.9595832824707,84764200
QQQ,2011-03-10,49.39895272161791,49.51283668485773,48.97846194399816,49.17994689941406,102894400
QQQ,2011-03-11,48.899597049473044,49.635456404679246,48.899597049473044,49.486534118652344,81679400
QQQ,2011-03-14,49.21496202888123,49.57413124946906,48.93463499533765,49.31132507324219,73565800
QQQ,2011-03-15,47.86587904724278,48.899586084471515,47.716956794609466,48.61050033569336,101276500
QQQ,2011-03-16,48.20753556757945,48.479103849615235,47.10374826523893,47.43663787841797,176507700
QQQ,2011-03-17,48.19001062008591,48.39149879589897,47.41911299634869,47.8746452331543,94434500
QQQ,2011-03-18,48.44222465192238,48.44222465192238,47.73164392707774,47.7667350769043,94887200
QQQ,2011-03-21,48.494868192922425,48.933497618246186,47.81060736028998,48.6878662109375,57423000
QQQ,2011-03-22,48.75805029919681,48.78436699480106,48.49486995724607,48.60014343261719,36162100
QQQ,2011-03-23,48.42468506831308,49.01244684148512,48.0913257966687,48.87208557128906,60365100
QQQ,2011-03-24,49.24054797132208,49.84585546877571,48.96859648010105,49.74058532714844,69502400
QQQ,2011-03-25,49.898490667229865,50.19675884799953,49.76690048441367,49.863399505615234,74131100
QQQ,2011-03-28,50.082723682681575,50.09149480149923,49.56514066401242,49.59145736694336,37824000
QQQ,2011-03-29,49.47740771878556,50.073944091796875,49.32827195229401,50.073944091796875,47994800
QQQ,2011-03-30,50.31957692377007,50.38098478623289,50.07394547391879,50.3108024597168,44935900
QQQ,2011-03-31,50.223074567600115,50.42484372323765,50.13535001174981,50.3809814453125,50004300
QQQ,2011-04-01,50.63539590930727,50.79330281373579,50.258174231670004,50.40730667114258,68031800
QQQ,2011-04-04,50.54766662441155,50.60030337328942,50.02131252154387,50.24062728881836,48659100
QQQ,2011-04-05,50.14412283937425,50.433619907215366,50.00376153733906,50.109031677246094,55349400
QQQ,2011-04-06,50.49502238243128,50.6441547858549,49.94234835052628,50.231842041015625,49532100
QQQ,2011-04-07,50.21430003483841,50.53011042230326,49.837078446683016,50.196754455566406,60697000
QQQ,2011-04-08,50.42482299267817,50.50377639907519,49.69670010832875,49.959877014160156,42782200
QQQ,2011-04-11,50.152885057728184,50.25815852543331,49.61775998937283,49.793209075927734,42451700
QQQ,2011-04-12,49.565136379997725,49.68795211169757,49.25809705074811,49.45109176635742,50422800
QQQ,2011-04-13,49.81951323584675,50.003736725893226,49.47738294105307,49.87214660644531,49979800
QQQ,2011-04-14,49.53002942538059,49.854617580230915,49.32826030955497,49.7844352722168,53544100
QQQ,2011-04-15,49.591450447996166,49.8897186433521,49.37213569689556,49.69672393798828,68530000
QQQ,2011-04-18,49.19668134263717,49.36335933102062,48.52996269614901,49.3458137512207,69065000
QQQ,2011-04-19,49.477413410153765,49.652862548828125,49.214233009186614,49.652862548828125,38608400
QQQ,2011-04-20,50.53011822000342,50.82838642070145,50.468710356313615,50.775753021240234,67397500
QQQ,2011-04-21,51.26700387017576,51.29332391019216,51.02137247320142,51.17927932739258,43666800
QQQ,2011-04-25,51.22313942403494,51.3371840019926,51.12664042318436,51.31086730957031,25376800
QQQ,2011-04-26,51.442465432236624,51.78459589487992,51.32842082919639,51.600372314453125,49400000
QQQ,2011-04-27,51.69687277515306,52.01268654837457,51.46001244523693,51.95127868652344,56465500
QQQ,2011-04-28,51.79336483513394,51.96004281681949,51.65300354885216,51.872318267822266,48100000
QQQ,2011-04-29,51.775812518832254,52.012672786076315,51.7407213652087,51.82844924926758,44831200
QQQ,2011-05-02,51.90739792296398,52.056533648596975,51.60035870324386,51.73194885253906,48149400
QQQ,2011-05-03,51.70564670006713,51.75828344728786,51.1705214958059,51.486331939697266,38100000
QQQ,2011-05-04,51.51263735614369,51.64422416710628,50.977508957389716,51.40736389160156,53097200
QQQ,2011-05-05,51.1529832586364,51.731974175293075,50.95121405170069,51.12666320800781,72200000
QQQ,2011-05-06,51.63546159642715,51.93372976903475,51.15296985010003,51.293331146240234,72507000
QQQ,2011-05-09,51.38106179173348,51.688101117660224,51.17929261377052,51.486331939697266,40022000
QQQ,2011-05-10,51.635444588056195,52.00389161413126,51.56526228986504,51.9249382019043,38053600
QQQ,2011-05-11,51.8459938037077,52.030220695251394,51.196824164954634,51.547725677490234,61900000
QQQ,2011-05-12,51.389832106230024,51.92495726727764,51.09156392235432,51.85477828979492,66100000
QQQ,2011-05-13,51.731962177940886,51.81968673574992,51.22315037251186,51.24069595336914,63506600
QQQ,2011-05-16,51.00383358212516,51.16174045701845,50.24061925112574,50.35466384887695,73115300
QQQ,2011-05-17,50.091468843447295,50.503781490248905,49.98619873979787,50.49501037597656,63136000
QQQ,2011-05-18,50.42483343497105,51.00382408629156,50.363425589109525,50.916099548339844,42351100
QQQ,2011-05-19,51.07402104622966,51.17929119126752,50.74943280044011,51.06524658203125,35015800
QQQ,2011-05-20,51.01261581995306,51.0652492219542,50.60907410790381,50.679256439208984,44703300
QQQ,2011-05-23,49.98621141492374,50.13534716718038,49.696717719861134,49.93357467651367,43700000
QQQ,2011-05-24,50.05640336593973,50.06517448412416,49.61777383420815,49.62654495239258,39314800
QQQ,2011-05-25,49.56512841470481,50.05639460903367,49.53881171827766,49.81953430175781,41369000
QQQ,2011-05-26,49.6704004180117,50.26693676699829,49.66162930103129,50.1265754699707,40564100
QQQ,2011-05-27,50.214303450606,50.43361818670906,50.17043782620355,50.3809814453125,30127200
QQQ,2011-05-31,50.85470030853461,51.19683074951172,50.591519957188666,51.19683074951172,47590100
QQQ,2011-06-01,51.074017641051654,51.196833359820445,50.03885180217559,50.08271408081055,51795000
QQQ,2011-06-02,50.17922097743457,50.36344458450207,49.907269452850734,50.187992095947266,50198100
QQQ,2011-06-03,49.608996631239144,49.99499273960256,49.36336517790065,49.43354415893555,57773700
QQQ,2011-06-06,49.3194996562473,49.59144779129771,49.00368589614471,49.03000259399414,50175600
QQQ,2011-06-07,49.161586899413926,49.35458157136809,48.907181029023285,48.9422721862793,46311100
QQQ,2011-06-08,48.83699721450268,48.92472510494817,48.451004535973034,48.591365814208984,46426400
QQQ,2011-06-09,48.60891771513569,48.91595700544115,48.4510108382708,48.679100036621094,45307500
QQQ,2011-06-10,48.45100493383269,48.54750394087672,47.88955981627854,47.93342208862305,53740600
QQQ,2011-06-13,47.95973878273438,48.18782795328879,47.76674411512318,47.93342208862305,37736800
QQQ,2011-06-14,48.301888201873936,48.661564306097425,48.27556815275069,48.54751968383789,40565300
QQQ,2011-06-15,48.08257130163754,48.380839522213456,47.529897145119094,47.62639617919922,59022400
QQQ,2011-06-16,47.6527094792562,47.8106163698473,47.038627498788344,47.442169189453125,66316200
QQQ,2011-06-17,47.82991148948169,48.005754064192644,47.152906844101736,47.293582916259766,70337000
QQQ,2011-06-20,47.16168170041949,47.680425170146655,47.16168170041949,47.53974914550781,37402900
QQQ,2011-06-21,47.706803895878046,48.61240900616098,47.50458230728548,48.559654235839844,55892800
QQQ,2011-06-22,48.357432669169256,48.63878473638047,48.1991717121153,48.20796585083008,36833300
QQQ,2011-06-23,47.689228449480346,48.68275159656625,47.530967472178205,48.656375885009766,80743300
QQQ,2011-06-24,48.427771979731055,48.47173261101345,47.71559767862401,47.812313079833984,56298300
QQQ,2011-06-27,47.86507318917466,48.82342988270761,47.75956698413833,48.577247619628906,49968900
QQQ,2011-06-28,48.682754933049246,49.30700809918286,48.61241857941757,49.298213958740234,47028800
QQQ,2011-06-29,49.41250217245214,49.597138828623876,49.14873504163809,49.500423431396484,65407300
QQQ,2011-06-30,49.67626602983621,50.19500947297958,49.649890324687156,50.15983963012695,50347200
QQQ,2011-07-01,50.18622164278276,50.98631716787218,50.0455422630931,50.915977478027344,53203900
QQQ,2011-07-05,50.96873407337405,51.22370707325349,50.84564296571202,51.170955657958984,43128800
QQQ,2011-07-06,51.109403986351516,51.425925856155565,50.94234891396564,51.3380012512207,49282700
QQQ,2011-07-07,51.724859525484995,52.19084816316235,51.64572906305106,52.041378021240234,54799800
QQQ,2011-07-08,51.59298329314149,51.90950519802891,51.320422018603736,51.90071105957031,69519500
QQQ,2011-07-11,51.35559426360627,51.61936141200758,50.784095980419046,50.95994186401367,52080800
QQQ,2011-07-12,50.95114943384152,51.05665561899885,50.5203272006456,50.573081970214844,84000700
QQQ,2011-07-13,50.94237202966403,51.294063901026334,50.59947429977603,50.78411102294922,82378100
QQQ,2011-07-14,50.91597617141906,51.15336758758191,50.00158035078756,50.195011138916016,98774200
QQQ,2011-07-15,50.75772926637216,50.86323547363281,50.388455863968936,50.86323547363281,68281500
QQQ,2011-07-18,50.58188121394776,50.81048189966366,50.09830748429265,50.590675354003906,59512200
QQQ,2011-07-19,51.07424793547401,51.78642233483484,51.07424793547401,51.74245834350586,73904600
QQQ,2011-07-20,52.03259675054259,52.04138753509542,51.43472278151588,51.52264404296875,57085500
QQQ,2011-07-21,51.575400968087116,52.155690038283176,51.29404889490001,51.86554718017578,70148800
QQQ,2011-07-22,51.83916659766189,52.48979534407061,51.80399675104927,52.40187072753906,43620400
QQQ,2011-07-25,51.98865123084506,52.58652537364995,51.89193580274689,52.29637908935547,48916100
QQQ,2011-07-26,52.26119426608279,52.60409523676933,52.15568808109216,52.42824935913086,40918900
QQQ,2011-07-27,52.08536850327953,52.12932914834021,50.942371607808376,51.074256896972656,83969500
QQQ,2011-07-28,51.10061722541337,51.812791535277235,50.89839563584292,51.16216278076172,61031900
QQQ,2011-07-29,50.74893493642067,51.531445680764215,50.502749331359716,50.9951171875,82860500
QQQ,2011-08-01,51.610582950341374,51.716089164097696,50.142273328811754,50.75773239135742,85421100
QQQ,2011-08-02,50.52035363987142,50.748954406992475,49.42132052020498,49.47407531738281,90853300
QQQ,2011-08-03,49.53558101329347,50.01036374360783,48.66514600771714,49.94881820678711,103612300
QQQ,2011-08-04,49.236655460362215,49.31578593365418,47.62767028808594,47.62767028808594,132830000
QQQ,2011-08-05,48.11124980229881,48.3838077271324,46.00110597259122,47.328739166259766,214111800
QQQ,2011-08-08,45.87802271991188,46.70449412850946,44.48005294799805,44.48005294799805,204804500
QQQ,2011-08-09,45.14825478494243,46.669318751030126,43.89975544646622,46.6253547668457,193707100
QQQ,2011-08-10,45.570295866624335,46.634158770922475,44.664690593742016,44.717445373535156,205917900
QQQ,2011-08-11,45.359271256124245,47.205644587067674,45.13946474748902,46.6869010925293,143825300
QQQ,2011-08-12,46.9770370923597,47.390274312129776,46.49346354917071,47.100128173828125,90483300
QQQ,2011-08-15,47.293576308171424,47.794734954833984,47.064975626616985,47.794734954833984,73554300
QQQ,2011-08-16,47.328747556176246,47.785942224810846,46.75724918941036,47.39029312133789,89219200
QQQ,2011-08-17,47.451830111620005,47.847479143596395,46.61656470881657,47.10893249511719,84416600
QQQ,2011-08-18,45.834064681769405,45.84285546838886,44.383340048878345,44.79657745361328,130019400
QQQ,2011-08-19,44.330587686488514,45.429620542904615,43.95252346954491,43.98768997192383,96674600
QQQ,2011-08-22,45.042749840831725,45.05154397950298,44.014056979052825,44.145938873291016,77107700
QQQ,2011-08-23,44.44487415780509,45.96593475341797,44.26023750056457,45.96593475341797,75688400
QQQ,2011-08-24,45.834062932254824,46.41435209246487,45.46478618267654,46.3264274597168,80197700
QQQ,2011-08-25,46.30004939434328,46.51106514823498,45.412032449590306,45.57029342651367,93623700
QQQ,2011-08-26,45.42080526451685,46.87152919433614,44.97240157663433,46.7132682800293,91573300
QQQ,2011-08-29,47.17928359129875,48.067300687345174,47.16169866264666,48.014549255371094,45985800
QQQ,2011-08-30,47.83869446772153,48.62120520099211,47.57492729472876,48.33106231689453,61617900
QQQ,2011-08-31,48.621202969392,49.008064602408155,48.00574402466928,48.41019058227539,60900400
QQQ,2011-09-01,48.53328526699183,48.92014357445564,47.88265642527641,47.9705810546875,57158400
QQQ,2011-09-02,47.10894727281249,48.01454929832109,46.5902036160494,46.845176696777344,58185700
QQQ,2011-09-06,45.754929266319046,46.924298291918376,45.64062892866506,46.85396194458008,52992200
QQQ,2011-09-07,47.522165331649546,48.04970295183592,47.39028344208875,48.04090881347656,48952200
QQQ,2011-09-08,47.794730247903914,48.506901226192625,47.66284499430458,47.82110595703125,61422800
QQQ,2011-09-09,47.487000026599056,47.68922498042707,46.467097888165696,46.75724411010742,63663500
QQQ,2011-09-12,46.23849653505687,47.39028382891668,46.22091161217568,47.3551139831543,65973000
QQQ,2011-09-13,47.53096879019586,48.08487887213146,47.30236810376191,47.98816680908203,59020000
QQQ,2011-09-14,48.23434855140965,49.219080929402786,47.75956561141983,48.6739616394043,90757300
QQQ,2011-09-15,49.20148954252961,49.482841613582,48.7003309563437,49.394920349121094,83536100
QQQ,2011-09-16,49.504153150997055,49.90053938559139,49.407258364740436,49.847686767578125,91902100
QQQ,2011-09-19,49.231092612678125,50.12956707232248,48.82589923681964,49.86531066894531,73042900
QQQ,2011-09-20,50.12076706400443,50.517150044980305,49.5305910982042,49.645103454589844,66570100
QQQ,2011-09-21,49.90054521395971,50.14718407309151,48.77304608606627,48.781856536865234,79938000
QQQ,2011-09-22,47.53983021698742,47.97144805510883,46.46518412499334,47.19629669189453,151885500
QQQ,2011-09-23,46.79992047927746,47.90099142644528,46.76468540251964,47.698394775390625,85940600
QQQ,2011-09-26,47.936232641552984,48.341429384153784,46.87039655994785,48.25334167480469,96261400
QQQ,2011-09-27,49.07251430037366,49.50413545939233,48.429489465256715,48.75540542602539,81148600
QQQ,2011-09-28,48.966832488218365,49.301559032500926,47.91861404505731,48.03312301635742,76757100
QQQ,2011-09-29,48.764219516260454,48.825879206413006,46.658972883391876,47.46055221557617,116900200
QQQ,2011-09-30,46.826336398043146,47.22272253734455,46.20973611026333,46.23616409301758,104870100
QQQ,2011-10-03,45.82216718710169,46.55327652073908,45.020587702645315,45.04701232910156,99149500
QQQ,2011-10-04,44.58895646120252,46.05998860877251,44.13091066388376,45.971900939941406,137013700
QQQ,2011-10-05,45.85741755427937,47.28440498219442,45.50507340309407,47.15227508544922,108825700
QQQ,2011-10-06,47.09060563579929,47.953844931666,46.87039142684752,47.945037841796875,71939200
QQQ,2011-10-07,47.91860254742813,48.14762379527904,47.319619763570174,47.6279182434082,72525200
QQQ,2011-10-10,48.4383086523223,49.27511978149414,48.35022097121901,49.27511978149414,48230200
QQQ,2011-10-11,49.14300261423029,49.73317506857139,49.06372536631262,49.60985565185547,66449100
QQQ,2011-10-12,50.08553105622237,50.41144721511721,49.82127462035621,49.85650634765625,85627600
QQQ,2011-10-13,49.75959216520424,50.37618911380543,49.70673955809499,50.31452941894531,63443700
QQQ,2011-10-14,50.93114006732567,51.25705614349388,50.658073248794345,51.24824905395508,65643600
QQQ,2011-10-17,51.01041556104694,51.16897004891304,50.18241140456996,50.455474853515625,65161300
QQQ,2011-10-18,50.376206243280976,51.3451508752138,49.909353149109414,51.080894470214844,91434600
QQQ,2011-10-19,50.79900306099626,50.95755753201979,49.92695683056844,50.09431838989258,67639400
QQQ,2011-10-20,50.08551850833473,50.13836776614594,49.14300199507823,49.847686767578125,80378300
QQQ,2011-10-21,50.37618492319053,50.79018857727014,50.01503387182354,50.473079681396484,60455800
QQQ,2011-10-24,50.658062641294336,51.662242008752216,50.48189400579071,51.521305084228516,61449500
QQQ,2011-10-25,51.35395693665394,51.371574477994415,50.40263322568493,50.50833511352539,65299200
QQQ,2011-10-26,50.79020415471839,50.895906032361545,49.51296109247274,50.44667053222656,98193800
QQQ,2011-10-27,51.653441748038404,52.14672276125778,51.116118567257054,51.83842086791992,104455500
QQQ,2011-10-28,51.54773588069274,51.97935379364757,51.530118342992296,51.917694091796875,42950000
QQQ,2011-10-31,51.46844978957624,51.65342886331553,51.01040396874479,51.04563903808594,60520200
QQQ,2011-11-01,49.78603489622609,51.01042551119935,49.43369077441681,49.7155647277832,99933000
QQQ,2011-11-02,50.23525766134413,50.349769975789236,49.66270280952205,50.138362884521484,65003800
QQQ,2011-11-03,50.534743772504896,51.248238850363244,49.953378532835586,51.17776870727539,78994200
QQQ,2011-11-04,50.93114216769172,51.13373883745945,50.40262940831523,50.91352462768555,61527800
QQQ,2011-11-07,50.8782910155419,51.30991235764023,50.358585331073584,51.27467727661133,65559000
QQQ,2011-11-08,51.64463109307056,51.952929604921536,51.06326578486458,51.864845275878906,62906900
QQQ,2011-11-09,50.86065492986937,50.93993214793907,49.88290369374342,50.04145812988281,69539000
QQQ,2011-11-10,50.53475078267723,50.578792948115975,49.53057462578575,50.015045166015625,66052400
QQQ,2011-11-11,50.44667387963679,51.107316539097404,50.38501416690332,50.95756912231445,54471000
QQQ,2011-11-14,50.81662199107795,51.09849586724778,50.45547087722275,50.64045333862305,44617600
QQQ,2011-11-15,50.490709371828615,51.406801211533704,50.43785675639113,51.20420455932617,52203900
QQQ,2011-11-16,50.834260423387825,51.23064677474616,50.26170534716181,50.35859680175781,68342800
QQQ,2011-11-17,50.22645242604544,50.24406996431801,48.869932220874716,49.1782341003418,101706900
QQQ,2011-11-18,49.18704093886022,49.23989355340872,48.71137748852919,48.79946517944336,60417000
QQQ,2011-11-21,48.13882763319968,48.20929443306984,47.37247976332286,47.865760803222656,52283700
QQQ,2011-11-22,47.742433378353205,48.16524418728824,47.45174905709696,48.02430725097656,51940100
QQQ,2011-11-23,47.66315532514524,47.71600457523074,46.91442513365217,46.940853118896484,48437300
QQQ,2011-11-25,46.73825493536852,47.275574667881756,46.57089002178113,46.5797004699707,25448100
QQQ,2011-11-28,47.716015077100195,48.26214875632767,47.68959044624162,48.20048904418945,46710700
QQQ,2011-11-29,48.17404912959912,48.535200222821366,47.7600487877404,47.90098571777344,52056700
QQQ,2011-11-30,49.20467470741661,49.7155700424325,49.03730971957454,49.67152786254883,66918600
QQQ,2011-12-01,49.66270448230382,50.147175022533695,49.63627649487911,50.015045166015625,45362200
QQQ,2011-12-02,50.508325284872015,50.508325284872015,49.83006519616023,49.874107360839844,36938900
QQQ,2011-12-05,50.62283513067346,50.75496161826419,50.13836126223594,50.42023849487305,40492200
QQQ,2011-12-06,50.464306586369915,50.60524359500223,50.11196238468745,50.279327392578125,38670000
QQQ,2011-12-07,50.13838702374247,50.508348771529384,49.636298720477136,50.279327392578125,44576200
QQQ,2011-12-08,49.95339097676681,50.340970139897436,49.33679051195172,49.433685302734375,51692600
QQQ,2011-12-09,49.55699886759027,50.376195907146794,49.53938468971324,50.2264518737793,55757900
QQQ,2011-12-12,49.69792854918605,50.217634085856226,49.23988606688134,49.662696838378906,55411700
QQQ,2011-12-13,49.98862692033857,50.19122359538175,48.91398047339432,49.1165771484375,68557700
QQQ,2011-12-14,48.93159654776869,48.96683162764282,48.07716770213524,48.3502311706543,63682800
QQQ,2011-12-15,48.76424333662501,48.81709260531382,48.14764277370125,48.21811294555664,58732900
QQQ,2011-12-16,48.47517980876608,49.12893805773192,48.38683564787699,48.466346740722656,60978900
QQQ,2011-12-19,48.65187975956571,48.76672988430889,47.85676869613489,47.989288330078125,46733900
QQQ,2011-12-20,48.76671839883986,49.47348174981452,48.74021245622529,49.41164016723633,81758800
QQQ,2011-12-21,49.12010520607195,49.15544422105334,48.13947281619302,48.70488357543945,78552300
QQQ,2011-12-22,48.81090157490741,49.14661550674691,48.74022353868257,49.12010955810547,40334100
QQQ,2011-12-23,49.21728952159556,49.54417037963867,49.102442769421266,49.54417037963867,26594600
QQQ,2011-12-27,49.50790504352908,49.888119810121026,49.454850172975014,49.72896194458008,21443500
QQQ,2011-12-28,49.66707862921853,49.74665927370742,49.02159267861384,49.15422821044922,38180100
QQQ,2011-12-29,49.233807460920374,49.543285862358026,49.07464617644912,49.50791931152344,28077900
QQQ,2011-12-30,49.4018101853299,49.62286715297706,49.35759946641279,49.3664436340332,21832400
QQQ,2012-01-03,50.32138275179638,50.56896535205665,50.179906498353375,50.31254196166992,39514100
QQQ,2012-01-04,50.232983035807386,50.595516302518746,50.01192608359164,50.524776458740234,29403400
QQQ,2012-01-05,50.41866274188616,50.98456791766039,50.22413157281593,50.94035720825195,41260600
QQQ,2012-01-06,50.94919734292143,51.23214992715433,50.75466954942436,51.11720275878906,46325200
QQQ,2012-01-09,51.24984106987041,51.26752603015171,50.781201428130544,50.94920349121094,39195500
QQQ,2012-01-10,51.48858924173425,51.638909735893,50.9668946556451,51.320587158203125,35949900
QQQ,2012-01-11,51.311727170008396,51.54162823770645,51.11719938933386,51.42667770385742,37144100
QQQ,2012-01-12,51.541629245604064,51.700790488488764,51.16141109571958,51.63005065917969,26188300
QQQ,2012-01-13,51.35594884485078,51.462055229372545,51.002256399030024,51.44437026977539,35980400
QQQ,2012-01-17,51.89533612423583,52.13407807068677,51.7184932362531,51.913021087646484,41790800
QQQ,2012-01-18,52.01026505776416,52.602699279785156,51.886473738462584,52.602699279785156,48692700
QQQ,2012-01-19,52.841445811726075,53.027136192055195,52.74418359820062,52.92987060546875,47774500
QQQ,2012-01-20,52.69998695202991,52.876833224968685,52.66462039589184,52.85030746459961,41041700
QQQ,2012-01-23,52.85914823229665,53.239366538341365,52.558510580379014,52.86799240112305,40958300
QQQ,2012-01-24,52.62923369280752,52.91218629010264,52.53196810503838,52.77070999145508,38440200
QQQ,2012-01-25,53.283551782296,53.56650770737129,52.90333703113777,53.43387222290039,61591800
QQQ,2012-01-26,53.66378039282699,53.76104598403736,52.99176879374078,53.24819564819336,37852700
QQQ,2012-01-27,53.13324445149734,53.50461847917392,53.106718698966475,53.40735626220703,45532300
QQQ,2012-01-30,52.956403624482874,53.531153056971974,52.75303163055664,53.45157241821289,42797800
QQQ,2012-01-31,53.71682806182873,53.8140936399843,53.177448672464685,53.52229690551758,51449600
QQQ,2012-02-01,53.83179031065419,54.150112863678956,53.6372591120143,53.95558166503906,46146700
QQQ,2012-02-02,54.132417468580535,54.30041950671165,53.91136055748448,54.123573303222656,46373600
QQQ,2012-02-03,54.627602497029535,54.92824013949457,54.539181049918284,54.8663444519043,36453800
QQQ,2012-02-06,54.66296700842025,54.83981325818064,54.52149068322427,54.82212829589844,28541300
QQQ,2012-02-07,54.77791909142153,55.043186786866364,54.530332985686165,54.93708038330078,37935700
QQQ,2012-02-08,54.94590636581632,55.228858947753906,54.742534408364975,55.228858947753906,41171100
QQQ,2012-02-09,55.441102003365366,55.68868478956831,55.105094384188156,55.62678909301758,46856400
QQQ,2012-02-10,55.228872507101066,55.38803379514956,55.04318546206504,55.23771667480469,58090500
QQQ,2012-02-13,55.653291357130115,55.82129678231074,55.39686788243416,55.75055694580078,36810200
QQQ,2012-02-14,55.626776375232375,55.90088823518946,55.43224516022659,55.89204406738281,51648200
QQQ,2012-02-15,56.15732139876703,56.46680323694892,55.41456970941771,55.502994537353516,105709100
QQQ,2012-02-16,55.520664797660075,56.32531196691335,55.37918848349669,56.2634162902832,83642300
QQQ,2012-02-17,56.27226542655914,56.316476148840415,55.83899562591594,56.086578369140625,76112300
QQQ,2012-02-21,56.14846194718074,56.49331022889884,55.89203509095815,56.2457275390625,38141300
QQQ,2012-02-22,56.13960494299011,56.30760695214379,55.909703906190124,55.98928451538086,43174700
QQQ,2012-02-23,56.060042049302226,56.42257530061056,55.785930225898845,56.360679626464844,54250000
QQQ,2012-02-24,56.51984019146841,56.65247571265137,56.41373379835889,56.55521011352539,41364900
QQQ,2012-02-27,56.245741309195026,56.82049083480999,55.99815855874525,56.634803771972656,42678500
QQQ,2012-02-28,56.6878387683353,57.209529876708984,56.61709893278977,57.209529876708984,43717500
QQQ,2012-02-29,57.25375926223368,57.43944632057634,56.76743119553352,56.953125,59784400
QQQ,2012-03-01,57.165333250812516,57.45713006752362,56.99732779644128,57.40407180786133,67558900
QQQ,2012-03-02,57.324478108197624,57.54553501275234,57.17416103216954,57.35984802246094,33358200
QQQ,2012-03-05,57.324485698471136,57.39522553636436,56.58173426589795,56.767417907714844,45788800
QQQ,2012-03-06,56.21034240722656,56.34297788263535,55.909704919618854,56.21034240722656,54638600
QQQ,2012-03-07,56.47563271632313,56.77627032493693,56.38721127916798,56.64363479614258,42741800
QQQ,2012-03-08,56.979633796273305,57.42174763579468,56.855842460897065,57.25374221801758,43711100
QQQ,2012-03-09,57.35101972570546,57.5986024479305,57.31564980165571,57.49249267578125,43117200
QQQ,2012-03-12,57.474802181127096,57.57206777066185,57.22721949726486,57.51901626586914,32687300
QQQ,2012-03-13,57.828514465945304,58.588951110839844,57.713560504615636,58.588951110839844,61559100
QQQ,2012-03-14,58.65083585707158,59.013365773444214,58.42977889100041,58.79230880737305,59926900
QQQ,2012-03-15,58.9691522415807,59.08409942327449,58.66851129127941,58.96030807495117,65531200
QQQ,2012-03-16,59.05153131194729,59.05153131194729,58.77695757502386,58.918670654296875,53023100
QQQ,2012-03-19,59.01609049145725,59.47667311887023,58.856659083133145,59.33495330810547,60966200
QQQ,2012-03-20,59.02495251548335,59.50324676352126,58.86552109947071,59.441246032714844,47290600
QQQ,2012-03-21,59.45010757446289,59.777822839938544,59.370388484500495,59.45010757446289,39648100
QQQ,2012-03-22,59.09583468706444,59.467839212045774,59.060404719317354,59.32612609863281,56953900
QQQ,2012-03-23,59.39697451287432,59.41469287411453,58.95411008791683,59.29069137573242,45541700
QQQ,2012-03-26,59.68924731490817,60.32697296142578,59.636105763555925,60.32697296142578,40855300
QQQ,2012-03-27,60.371267854104865,60.663553172009,60.34469031831967,60.415550231933594,37278200
QQQ,2012-03-28,60.45099207672696,60.68128346247348,59.82212542427363,60.17641830444336,44421900
QQQ,2012-03-29,59.87525748482452,60.16754957137578,59.520964660905435,59.94611740112305,53975300
QQQ,2012-03-30,60.21184585660445,60.24726906138549,59.59183165174665,59.83098220825195,39480900
QQQ,2012-04-02,59.76896550087599,60.530685836572076,59.66267564219692,60.45097351074219,40031600
QQQ,2012-04-03,60.504141753690284,60.7167215648315,60.09670725203292,60.43328857421875,45539900
QQQ,2012-04-04,59.98152807781708,60.01695802457716,59.264090239246855,59.60952377319336,54088100
QQQ,2012-04-05,59.50327292448958,60.034708958989775,59.45898377262464,59.9815673828125,42979900
QQQ,2012-04-09,59.237550199141474,59.76899297929173,59.13126704917195,59.529842376708984,36908200
QQQ,2012-04-10,59.50326011586225,59.73355149235111,58.38723995334243,58.5732421875,69254200
QQQ,2012-04-11,59.086973226415196,59.246404696339226,58.70610953479531,58.85668182373047,62950000
QQQ,2012-04-12,58.97183556664201,59.591843133383094,58.883264022475515,59.529842376708984,57407400
QQQ,2012-04-13,59.326122798738716,59.52097747414622,58.59982539426069,58.62639617919922,55227500
QQQ,2012-04-16,58.918680688524795,58.95411065377044,57.78494883096381,57.970951080322266,57588000
QQQ,2012-04-17,58.21895280966273,59.334966151934644,58.13037452997457,59.148963928222656,47362400
QQQ,2012-04-18,58.98067565277893,59.34382769274329,58.82125096117417,58.99839401245117,42536100
QQQ,2012-04-19,58.78582239222358,59.494401371694266,58.12152579783421,58.33409881591797,81110900
QQQ,2012-04-20,58.652942486927486,58.9098045634305,58.086076786221604,58.17464828491211,59906900
QQQ,2012-04-23,57.625527332546795,57.73181724666669,57.120662066235425,57.643245697021484,70514400
QQQ,2012-04-24,57.53694290778245,57.77609347164316,57.085219320825786,57.333229064941406,49661500
QQQ,2012-04-25,58.520107279479795,58.89211179011082,58.43153574231648,58.85668182373047,57526900
QQQ,2012-04-26,58.84784692455512,59.33499390280793,58.76812778706607,59.20213317871094,41799500
QQQ,2012-04-27,59.450124787840856,59.742410182137256,59.14011427414836,59.5564079284668,46003800
QQQ,2012-04-30,59.37925525360825,59.49439755652528,59.08696314900275,59.13125228881836,37787700
QQQ,2012-05-01,59.06927104979584,59.901851741105695,58.98069274091981,59.228702545166016,37643800
QQQ,2012-05-02,58.936392856906444,59.44125798284962,58.79467301081577,59.396968841552734,38299300
QQQ,2012-05-03,59.43241658477201,59.476705739319854,58.617547498671016,58.76811981201172,51297600
QQQ,2012-05-04,58.22780310266849,58.768098152657124,57.29779201811129,57.306644439697266,107554000
QQQ,2012-05-07,56.96120505609574,57.634360695472836,56.94349345713166,57.35978698730469,50267800
QQQ,2012-05-08,56.996640724385436,57.342074378178935,56.226057698324034,57.147212982177734,72659700
QQQ,2012-05-09,56.482938684933565,57.28895193906111,56.252647253018274,56.970088958740234,85715300
QQQ,2012-05-10,57.226950691149625,57.244662297649235,56.642369691811766,56.85494613647461,49448900
QQQ,2012-05-11,56.66007091846376,57.44836898900607,56.60692597550612,56.846073150634766,47099900
QQQ,2012-05-14,56.35892199274896,56.75750061084506,56.226061327121236,56.31463623046875,46360000
QQQ,2012-05-15,56.46521331032596,56.92578933183809,56.03120469390172,56.12863540649414,66908600
QQQ,2012-05-16,56.32349731682716,56.49178458079894,55.63262989982074,55.747772216796875,52825900
QQQ,2012-05-17,55.765503755706256,55.85407869366325,54.56091162979838,54.56977081298828,62253900
QQQ,2012-05-18,54.7380297473466,54.87974619581482,53.81687114290984,53.86116027832031,79496500
QQQ,2012-05-21,53.96744804370296,55.420042519482706,53.8965881284031,55.36689758300781,61473000
QQQ,2012-05-22,55.5263333073014,55.756624671046815,54.90632589441832,55.304901123046875,62954800
QQQ,2012-05-23,54.835483887785685,55.544066433128854,54.35718940263351,55.41120910644531,56951100
QQQ,2012-05-24,55.49090666539102,55.54404822713068,54.64060451089965,55.04804229736328,83131200
QQQ,2012-05-25,55.10119342902715,55.198624147520846,54.81776045456597,54.97719192504883,32078900
QQQ,2012-05-29,55.49091197363221,55.933776384024206,55.16318987721527,55.67691421508789,44216700
QQQ,2012-05-30,55.17205904351884,55.4023470919377,54.63176382444284,55.207489013671875,56431800
QQQ,2012-05-31,55.136617638444285,55.27833411087755,54.55203676730865,54.96833038330078,55260100
QQQ,2012-06-01,53.976309244551985,54.31288711833058,53.489159103875146,53.506874084472656,71430800
QQQ,2012-06-04,53.65745926736583,53.99403382218093,53.17916484258099,53.9143180847168,74119500
QQQ,2012-06-05,53.728315330831066,54.242039718397066,53.70174454484925,54.13574981689453,47916900
QQQ,2012-06-06,54.54319414388898,55.420063973054624,54.49004918684123,55.37577819824219,58781800
QQQ,2012-06-07,55.960344257119196,55.960344257119196,55.11004544429681,55.15433120727539,38414800
QQQ,2012-06-08,55.06575729816955,55.75662805251805,54.879755063024156,55.685768127441406,39730800
QQQ,2012-06-11,56.11091844288767,56.13749260461189,54.71146868801559,54.74689865112305,51008900
QQQ,2012-06-12,55.003771186433404,55.4377798960244,54.63176661717378,55.41120910644531,48802600
QQQ,2012-06-13,55.25177051550937,55.66806080686676,54.844332647823975,55.030338287353516,50840100
QQQ,2012-06-14,55.021466743405206,55.45547529974044,54.7380338253529,55.23404312133789,65170600
QQQ,2012-06-15,55.38761979022709,56.00017938716273,55.36098794220464,55.92028045654297,41536100
QQQ,2012-06-18,55.68946704677112,56.58611109416832,55.60069195080536,56.444068908691406,32191200
QQQ,2012-06-19,56.72813928467241,57.26967604150244,56.68374836108805,57.02997589111328,36476500
QQQ,2012-06-20,57.15426687894947,57.32294427421308,56.648244852815445,57.074371337890625,51389700
QQQ,2012-06-21,57.02999562510267,57.092138875761705,55.59181793098159,55.653961181640625,42492700
QQQ,2012-06-22,55.84039965599417,56.31091385210194,55.68947789957724,56.239891052246094,29504200
QQQ,2012-06-25,55.77825431924188,55.79600663199031,54.9970204827298,55.15681838989258,33136400
QQQ,2012-06-26,55.34325003053051,55.66284585569996,55.09467700497804,55.503047943115234,30611100
QQQ,2012-06-27,55.71609556891268,56.08895840010453,55.653952328139475,55.84038543701172,35705800
QQQ,2012-06-28,55.42312994848966,55.45864133609968,54.633020200204555,55.21894454956055,49793400
QQQ,2012-06-29,56.28428133055359,56.958984375,56.11560387616526,56.958984375,44761300
QQQ,2012-07-02,57.0388875346598,57.154294518590106,56.70153596754267,57.127662658691406,33425600
QQQ,2012-07-03,57.16315813568551,57.60704040527344,57.0743830363891,57.60704040527344,15895100
QQQ,2012-07-05,57.55379917633769,57.926658802856,57.24308282090578,57.642574310302734,37016200
QQQ,2012-07-06,57.37622462040146,57.42949510300578,56.50621909077348,56.92346954345703,40684100
QQQ,2012-07-09,56.86132743379767,57.04775719389227,56.53285208137959,56.81693649291992,35628300
QQQ,2012-07-10,57.12764972608424,57.269695310864655,56.03569969223336,56.25764083862305,47365700
QQQ,2012-07-11,56.18660381277583,56.33752211944762,55.48526919734884,55.94690704345703,43432000
QQQ,2012-07-12,55.50305952594484,55.653977926795584,54.91713485304315,55.423160552978516,57680400
QQQ,2012-07-13,55.57405899331073,56.39080413323357,55.53855098539902,56.266517639160156,32357200
QQQ,2012-07-16,56.14222754819542,56.39080052041681,55.88477503465026,56.10671615600586,27621400
QQQ,2012-07-17,56.46181670142891,56.58610656701116,55.6006875024864,56.39967346191406,42467800
QQQ,2012-07-18,56.293145813825824,57.33183202146102,56.275390117753545,57.16315460205078,44489700
QQQ,2012-07-19,57.562644005895955,57.97989438340501,57.45611660609298,57.79346466064453,53017800
QQQ,2012-07-20,57.77570141408579,57.79345371965713,57.00334404620426,57.02997589111328,40573100
QQQ,2012-07-23,55.92029640778375,56.53285279289845,55.49416639855669,56.33754348754883,48657800
QQQ,2012-07-24,56.43519847686619,56.5150974307537,55.52967812832552,55.89366149902344,57269700
QQQ,2012-07-25,55.45863923801273,55.88476571355494,55.17455492098459,55.520782470703125,46264400
QQQ,2012-07-26,56.31978408868791,56.5772366312727,55.90253703633143,56.25764083862305,41928200
QQQ,2012-07-27,56.66600713783258,57.69581038997187,56.49732972294812,57.58928298950195,42621000
QQQ,2012-07-30,57.73133256024986,57.97990557189811,57.34959350004531,57.54490280151367,37821300
QQQ,2012-07-31,57.63368808369651,57.864508823734205,57.47389015184084,57.52716064453125,34588300
QQQ,2012-08-01,57.935515403957695,57.95326771447682,57.12764642666684,57.35846710205078,30920200
QQQ,2012-08-02,56.923463901163906,57.72244655686142,56.737030776741186,57.15427780151367,40534900
QQQ,2012-08-03,58.07754497278571,58.485915780851286,57.87336295530532,58.237342834472656,42117400
QQQ,2012-08-06,58.539205069934546,58.93869646603211,58.41491855678833,58.681243896484375,23523600
QQQ,2012-08-07,58.929813460332134,59.40920717134644,58.84103835231614,59.16951370239258,28223300
QQQ,2012-08-08,59.0185967918831,59.26716980967941,58.92094213873359,59.14288330078125,20723500
QQQ,2012-08-09,59.133997198250896,59.400329272407284,59.02746301396714,59.32042694091797,20726200
QQQ,2012-08-10,59.10738776145517,59.37371316350732,58.95646935631477,59.355960845947266,20312000
QQQ,2012-08-13,59.33817270880222,59.506850122042394,59.0363360462727,59.49797058105469,19890300
QQQ,2012-08-14,59.719926408964824,59.84421969410276,59.35594641604741,59.52462387084961,24218700
QQQ,2012-08-15,59.48024302379164,59.76432749566751,59.47136347910887,59.67555236816406,29100400
QQQ,2012-08-16,59.89747574500937,60.51890822567238,59.8264529549033,60.3857421875,35699900
QQQ,2012-08-17,60.51893351555467,60.66097915512539,60.37689464909284,60.652099609375,22584800
QQQ,2012-08-20,60.60768250489316,60.74972808317913,60.36798905791805,60.740848541259766,26924000
QQQ,2012-08-21,60.900643354391086,61.14921633073097,60.2614518305996,60.50115203857422,41391000
QQQ,2012-08-22,60.36797117085618,60.86511700134056,60.19929378989729,60.74971008300781,44555700
QQQ,2012-08-23,60.47453134542658,60.66983388208204,60.09279226901116,60.25259017944336,28800400
QQQ,2012-08-24,60.110552564666925,60.767496606748,60.012897896817435,60.625457763671875,38384800
QQQ,2012-08-27,60.88291194948843,60.96280753084273,60.58994793830675,60.723114013671875,20671400
QQQ,2012-08-28,60.66984351966106,60.891784720900276,60.465661407461425,60.723114013671875,27337900
QQQ,2012-08-29,60.723114013671875,60.87403240496863,60.465661407461425,60.723114013671875,26672400
QQQ,2012-08-30,60.45675845128064,60.483390301418986,60.01287622069399,60.110530853271484,24425400
QQQ,2012-08-31,60.54552200636869,60.76746307937313,59.897457866134,60.51001739501953,42128000
QQQ,2012-09-04,60.39460846753484,60.67869279247122,59.853071664827276,60.447872161865234,32017200
QQQ,2012-09-05,60.421253582553035,60.67870611685801,60.22594429631437,60.3857421875,26129300
QQQ,2012-09-06,60.758623668659204,61.7440431156277,60.74086458013112,61.72628402709961,43100000
QQQ,2012-09-07,61.58421037079985,61.74400821168,61.45992391379351,61.637474060058594,32958600
QQQ,2012-09-10,61.477697448427286,61.61086349066246,60.802994468047,60.84738540649414,25490000
QQQ,2012-09-11,60.85624423515616,61.095937611109996,60.65205547014782,60.74971008300781,29810100
QQQ,2012-09-12,60.97168663398413,61.087093619474224,60.55443609497763,60.92729568481445,42203400
QQQ,2012-09-13,60.98054458873729,62.01922740973399,60.91840134576583,61.75289535522461,45417800
QQQ,2012-09-14,61.97482751490826,62.52524385385656,61.95707520795713,62.30330276489258,38880300
QQQ,2012-09-17,62.33884322825149,62.35659554348273,62.108022491599286,62.32996368408203,31798400
QQQ,2012-09-18,62.1701590472805,62.40985930224187,62.16127950406902,62.38322067260742,27169800
QQQ,2012-09-19,62.37432498333089,62.658409303750226,62.19676804987851,62.49861145019531,36484600
QQQ,2012-09-20,62.196777457990294,62.49862090396505,62.028106812077375,62.43647766113281,42520200
QQQ,2012-09-21,62.74806873653407,62.8014843260822,62.391948957233595,62.45426940917969,23678500
QQQ,2012-09-24,61.937903754477226,62.196090456697085,61.804357971615836,62.08925247192383,32341600
QQQ,2012-09-25,62.24951413740014,62.39196480226496,61.19006618525964,61.216773986816406,41299600
QQQ,2012-09-26,61.136648683999866,61.17226135306703,60.4066059491782,60.71820831298828,32770400
QQQ,2012-09-27,60.869555309671206,61.69753107008959,60.76271731746778,61.55508041381836,25339500
QQQ,2012-09-28,61.350342317244866,61.53730378922327,60.9942223167233,61.047637939453125,30112600
QQQ,2012-10-01,61.34143451353517,61.72426230709963,60.76274038943674,60.9586067199707,37715300
QQQ,2012-10-02,61.225670723442306,61.41263891510415,60.65588166125584,61.13664245605469,33254300
QQQ,2012-10-03,61.30579965815873,61.64410978424361,61.06541586949161,61.52837371826172,38236000
QQQ,2012-10-04,61.62629505358068,61.91118952429032,61.43042883138905,61.74203109741211,26128600
QQQ,2012-10-05,62.05364722589943,62.14268228672739,61.252386017819674,61.41263961791992,25207900
QQQ,2012-10-08,61.05654734610655,61.181188336690845,60.709332187703914,60.851776123046875,30911500
QQQ,2012-10-09,60.691510115694044,60.84285888886878,59.73889314273662,59.881343841552734,67974000
QQQ,2012-10-10,59.86353075870316,60.0326892559773,59.47180494372175,59.578636169433594,45134300
QQQ,2012-10-11,60.02378369208012,60.06830123055786,59.3560613694504,59.39167404174805,30469400
QQQ,2012-10-12,59.38275883893816,59.70326604140424,59.249219831595234,59.36495590209961,24891200
QQQ,2012-10-15,59.5875392586196,59.881338705410684,59.23141933454762,59.80120849609375,22220100
QQQ,2012-10-16,59.890245675601626,60.71822173528384,59.8724427333436,60.647003173828125,33960600
QQQ,2012-10-17,60.33538122608601,60.807244001719425,60.2552578141847,60.61137771606445,33439400
QQQ,2012-10-18,60.41551156145704,60.611377847536865,59.68546881760998,59.908042907714844,61707600
QQQ,2012-10-19,59.83680335782125,59.89021895318544,58.40342601457062,58.47465133666992,75362600
QQQ,2012-10-22,58.44794993009906,58.92871071820823,58.31440413466518,58.7773551940918,38621500
QQQ,2012-10-23,58.296602822193215,58.71503636398979,58.03841608847522,58.21647262573242,52591200
QQQ,2012-10-24,58.54589140071275,58.643824545153855,57.92267986404916,58.011714935302734,39872400
QQQ,2012-10-25,58.41234558625467,58.51027873069578,57.842556450827686,58.011714935302734,52688700
QQQ,2012-10-26,58.01172215773752,58.42125772528629,57.557669049019566,58.18087387084961,54213100
QQQ,2012-10-31,58.109639738341954,58.21647774554498,57.62888568698359,57.824745178222656,38524500
QQQ,2012-11-01,58.18976868602254,58.7595577939642,58.020610209707314,58.643821716308594,26945000
QQQ,2012-11-02,58.91089940227494,58.94651206625921,57.967187580165806,58.02060317993164,44083000
QQQ,2012-11-05,58.02951194507783,58.51917761725296,57.90487100896444,58.40343475341797,28094700
QQQ,2012-11-06,58.50139099970194,58.910926636213595,58.27881684122228,58.51029586791992,29608400
QQQ,2012-11-07,57.88706439540427,57.95828973199474,56.889936852825656,57.130313873291016,70737800
QQQ,2012-11-08,57.29057256743148,57.424118387281766,56.23112106323242,56.23112106323242,58585800
QQQ,2012-11-09,56.26673263418467,57.076902214776055,56.231119963426295,56.471500396728516,51542100
QQQ,2012-11-12,56.80088745593039,56.86320790789288,56.31122530642089,56.46257400512695,32663700
QQQ,2012-11-13,56.02635149132491,56.60504549708028,55.89280567577793,56.070865631103516,43288300
QQQ,2012-11-14,56.34686274125661,56.409183220623554,55.32302047243723,55.412052154541016,82655300
QQQ,2012-11-15,55.44766031863469,55.63462514919556,55.0203184417452,55.2250862121582,55124200
QQQ,2012-11-16,55.26959504284186,55.6257115193722,54.584066495352154,55.465457916259766,70873100
QQQ,2012-11-19,56.07084865986954,56.82760239190021,56.05304233010539,56.783084869384766,55306400
QQQ,2012-11-20,56.76529065318455,56.88103012324495,56.25782203334935,56.8009033203125,52012700
QQQ,2012-11-21,56.86321080276814,56.996753179682074,56.62283044887095,56.916629791259766,19611700
QQQ,2012-11-23,57.237172860167135,57.79805730847651,57.20156017881702,57.78025436401367,16462900
QQQ,2012-11-26,57.63777418112919,58.065119346498825,57.45971765780408,58.02950668334961,26430900
QQQ,2012-11-27,58.02061009552649,58.225381239737835,57.73571554211632,57.833648681640625,25828600
QQQ,2012-11-28,57.55765710753966,58.37672807270464,57.201537229339586,58.332210540771484,37295800
QQQ,2012-11-29,58.64382306086486,58.88420008686757,58.38563630409329,58.67943572998047,41136100
QQQ,2012-11-30,58.68833604077561,58.732853576973135,58.412346335133584,58.581504821777344,33497400
QQQ,2012-12-03,59.035532986584705,59.08895537212647,58.439036221993945,58.46574401855469,28240000
QQQ,2012-12-04,58.49246955338342,58.55479002839771,58.047321362589265,58.43014907836914,49584500
QQQ,2012-12-05,58.341138812323045,58.35004368076669,57.46865189273068,57.78025436401367,54076200
QQQ,2012-12-06,57.602184677873765,58.296621699861724,57.45083589295309,58.154170989990234,47512300
QQQ,2012-12-07,58.43905543272042,58.50137590932224,57.61107950505481,57.80694580078125,30089400
QQQ,2012-12-10,57.646703998015795,58.278813759582704,57.646703998015795,57.97611618041992,33219600
QQQ,2012-12-11,58.3767178610965,59.062242902967554,58.33220033695062,58.73283767700195,40750800
QQQ,2012-12-12,59.04443946327358,59.04443946327358,58.44794268238045,58.60819625854492,45917700
QQQ,2012-12-13,58.49246725959277,58.902009556394795,57.89597033750167,58.1452522277832,45467700
QQQ,2012-12-14,57.753526777838545,57.94048819659773,57.39740687868776,57.5932731628418,39630300
QQQ,2012-12-17,57.64667757633177,58.376720171238674,57.5665541806031,58.358917236328125,42302900
QQQ,2012-12-18,58.65272189158978,59.33825389418324,58.492468274710205,59.24922561645508,55596000
QQQ,2012-12-19,59.418389256222234,59.43619899080295,58.95543804347697,58.991050720214844,34832500
QQQ,2012-12-20,59.097881958004905,59.12459655987599,58.69725123144504,58.991050720214844,40754300
QQQ,2012-12-21,58.08412802529269,58.4422313055489,57.83345777818893,58.370609283447266,51152900
QQQ,2012-12-24,58.2184385488228,58.316917157069746,58.11995994057586,58.254249572753906,11418300
QQQ,2012-12-26,58.29901432336891,58.35272744345946,57.55595095426272,57.743953704833984,21751300
QQQ,2012-12-27,57.79766000677224,57.86928204528024,56.93821603543681,57.654422760009766,52933200
QQQ,2012-12-28,57.215745523085175,57.681278521588204,57.07250486317091,57.099361419677734,33082100
QQQ,2012-12-31,57.03669621291801,58.415389756298644,56.92031551980446,58.30795669555664,57544000
QQQ,2013-01-02,59.74035355102824,60.1879809341072,59.516539859488766,60.16111755371094,70695900
QQQ,2013-01-03,60.16115829628733,60.28649350200929,59.66877193959574,59.84782028198242,47366500
QQQ,2013-01-04,59.87464303188251,59.87464303188251,59.50759208823083,59.65082931518555,33972500
QQQ,2013-01-07,59.49864631303941,59.76722554438552,59.31064358319857,59.66874694824219,26766200
QQQ,2013-01-08,59.659789773675975,59.82093593910726,59.2390188511469,59.5523567199707,28734900
QQQ,2013-01-09,59.64188604760217,59.9373149842633,59.57921847555246,59.77616882324219,25600300
QQQ,2013-01-10,60.18798583457276,60.22379001751263,59.57921227080937,60.1342658996582,37528000
QQQ,2013-01-11,60.107410707991285,60.241700302939044,59.982075574107384,60.21484375,21158600
QQQ,2013-01-14,59.91046278418604,60.11637443889081,59.6866490348456,59.94627380371094,36768500
QQQ,2013-01-15,59.65082931518555,59.7403602660664,59.38225695330073,59.65082931518555,31675300
QQQ,2013-01-16,59.73142049205268,60.0984715259571,59.6239874227309,59.8925666809082,33822300
QQQ,2013-01-17,60.134277333597,60.411811031044074,60.035798736156686,60.17904281616211,32024200
QQQ,2013-01-18,59.99997710957688,60.107410150589324,59.77616339682365,60.044742584228516,31992000
QQQ,2013-01-22,60.10741179418785,60.18798828471361,59.74036084696705,60.14322280883789,32123100
QQQ,2013-01-23,60.48340880064818,60.68932039871878,60.393884691585534,60.5102653503418,31975700
QQQ,2013-01-24,59.67768096923828,60.23273450619199,59.5881500359543,59.67768096923828,42596300
QQQ,2013-01-25,59.865709295535005,60.15219064618795,59.74932176447795,59.98208999633789,39240100
QQQ,2013-01-28,59.99102839493356,60.322268312461944,59.919406368885994,60.116363525390625,32926100
QQQ,2013-01-29,60.04474013483754,60.259599377845255,59.65082583077991,60.12531661987305,35554700
QQQ,2013-01-30,60.23274528555915,60.4118003539199,59.86569434836142,59.999977111816406,34445000
QQQ,2013-01-31,59.97313745318349,60.29542983676813,59.81199126139117,59.8657112121582,34870500
QQQ,2013-02-01,60.28644894721919,60.68036320565469,60.04473318061193,60.57293701171875,53120800
QQQ,2013-02-04,60.22379737000704,60.39389799587404,59.498643047526805,59.51655197143555,48483700
QQQ,2013-02-05,59.776181237104176,60.5819122095378,59.63294396992403,60.3939094543457,35120300
QQQ,2013-02-06,60.19694519042969,60.4744788891649,60.01789691984556,60.19694519042969,43593200
QQQ,2013-02-07,60.26855440437942,60.31331987762529,59.58815882650522,60.25065231323242,46017900
QQQ,2013-02-08,60.555055022257946,60.99372811316714,60.54610055869731,60.86839294433594,39837200
QQQ,2013-02-11,60.904201229362535,60.93105778858224,60.6803874621929,60.88629913330078,17650400
QQQ,2013-02-12,60.805736863676444,60.92212442122064,60.57297540909949,60.635643005371094,22057900
QQQ,2013-02-13,60.8146795462435,61.083258809802786,60.67143545094404,60.85049057006836,23494700
QQQ,2013-02-14,60.57293601229617,60.92208479732999,60.53712500482458,60.83255386352539,24478800
QQQ,2013-02-15,60.82361929120008,60.97581098293645,60.48341806231554,60.65351867675781,25333600
QQQ,2013-02-19,60.7699126707998,61.11011397423798,60.75201057442348,61.09220504760742,23436500
QQQ,2013-02-20,61.07427569176048,61.1011322394651,60.14320999990991,60.152164459228516,38200300
QQQ,2013-02-21,59.92836596351554,59.99103353411254,59.292735795959416,59.50759506225586,45855600
QQQ,2013-02-22,59.84777810683282,60.11635726139966,59.61500996155833,60.10740280151367,21968000
QQQ,2013-02-25,60.49238020957603,60.70723949757666,59.31064388019215,59.364356994628906,40927600
QQQ,2013-02-26,59.444939464332506,59.69560979720746,59.05102503824083,59.58817672729492,42088800
QQQ,2013-02-27,59.58817150808848,60.56400302445696,59.507601835401736,60.19694519042969,36339500
QQQ,2013-02-28,60.205868528132854,60.64454134545887,60.0626245215161,60.07157897949219,28557300
QQQ,2013-03-01,59.86567545405941,60.42968337332028,59.57023980719643,60.32225036621094,31617200
QQQ,2013-03-04,60.12531751026148,60.59980147612901,60.044741024032724,60.59084701538086,19380500
QQQ,2013-03-05,60.948981767621405,61.566703272997046,60.948981767621405,61.48613357543945,35581900
QQQ,2013-03-06,61.6741024451688,61.69201136605757,61.25333159755932,61.33390808105469,29071100
QQQ,2013-03-07,61.40550615987032,61.59351562554311,61.28017106958856,61.49503707885742,21775900
QQQ,2013-03-08,61.70097051893937,61.79049464934575,61.32496507308055,61.566680908203125,26159900
QQQ,2013-03-11,61.48611421125198,61.76364107799937,61.29811147923727,61.7457389831543,23187900
QQQ,2013-03-12,61.56666644595904,61.70991048516335,61.22647209822638,61.521907806396484,27575400
QQQ,2013-03-13,61.602491380247855,61.6741134160393,61.22648593772271,61.44134521484375,34297300
QQQ,2013-03-14,61.65620177510383,61.781536903204774,61.51295772570148,61.647247314453125,31530800
QQQ,2013-03-15,61.691259218109025,61.72715313590916,61.323351695206284,61.47590255737305,30752600
QQQ,2013-03-18,60.91053534969302,61.59250557446903,60.77594181840661,61.34125518798828,36163000
QQQ,2013-03-19,61.5296971949051,61.646347212034684,60.67723949005494,61.224609375,33125100
QQQ,2013-03-20,61.65531921386719,61.78991959348968,61.36817493216706,61.65531921386719,28035400
QQQ,2013-03-21,61.09001039332863,61.242554306789266,60.81183442906843,60.95541000366211,30050800
QQQ,2013-03-22,61.206667622810244,61.592518467405725,61.13487982705736,61.54764938354492,28837200
QQQ,2013-03-25,61.74507859332146,61.87967903414584,61.02722098569611,61.323333740234375,24909800
QQQ,2013-03-26,61.55661272521467,61.67326958238202,61.42201234559218,61.65531921386719,19725200
QQQ,2013-03-27,61.23356877487439,61.780938579915215,61.143837478945855,61.73607635498047,22539500
QQQ,2013-03-28,61.73608219651453,61.969382218792006,61.59250663259636,61.88862609863281,23662800
QQQ,2013-04-01,61.93350305872626,61.996315671365544,61.29640174593885,61.466896057128906,28112800
QQQ,2013-04-02,61.76302392864426,62.15784318448943,61.709179649071814,61.95146179199219,29431900
QQQ,2013-04-03,61.987342467417264,62.07707378613846,61.23358432882546,61.38613510131836,35131200
QQQ,2013-04-04,61.35919510663335,61.55660806900585,61.07205084665313,61.4040641784668,32287400
QQQ,2013-04-05,60.434985115763666,60.982355251508636,60.29141632474998,60.89262390136719,55610800
QQQ,2013-04-08,60.91952150743823,61.23358454711241,60.74005886935608,61.215641021728516,17891600
QQQ,2013-04-09,61.37717130597664,61.87967226091789,61.09899526643811,61.628421783447266,30931400
QQQ,2013-04-10,61.84376759618838,62.96542620833367,61.807873699072424,62.83082580566406,55271300
QQQ,2013-04-11,62.67825743099927,62.94745813134185,62.60646966476682,62.80388259887695,37233600
QQQ,2013-04-12,62.65137057253378,62.80391451876405,62.28347006421008,62.75905227661133,32783700
QQQ,2013-04-15,62.52574151806588,62.62444802925342,61.44895192737057,61.52073287963867,48795800
QQQ,2013-04-16,61.87069310857981,62.409094778441464,61.74506787789518,62.33730697631836,27682600
QQQ,2013-04-17,61.798894519347336,61.81683804172745,60.7579922237494,61.11692428588867,60204800
QQQ,2013-04-18,61.278461460233935,61.31435536164929,60.013227108074005,60.27345275878906,56798200
QQQ,2013-04-19,60.39008647464667,61.224600535631495,60.30034833251529,61.098968505859375,43062800
QQQ,2013-04-22,61.31435746385914,61.951458832186404,61.090025706868055,61.72712707519531,34412100
QQQ,2013-04-23,62.07704554378227,62.543652296483195,61.7540074665056,62.31932067871094,53078300
QQQ,2013-04-24,62.166798047131266,62.51675494265628,62.02322932268871,62.292423248291016,44500700
QQQ,2013-04-25,62.45394495391504,62.857746128295574,62.44496976886828,62.62443923950195,26437100
QQQ,2013-04-26,62.47188628459519,62.60647981051997,62.1578164679459,62.42701721191406,24079800
QQQ,2013-04-29,62.624444235944914,63.24360197842458,62.59752552471725,63.001319885253906,31664000
QQQ,2013-04-30,63.08208202781181,63.46793285776286,62.848775123500275,63.45895767211914,30135800
QQQ,2013-05-01,63.47690868554421,63.57561520108705,63.03722038198349,63.162845611572266,28537200
QQQ,2013-05-02,63.27054028264876,64.09607963089263,63.216695997458615,63.96147918701172,31744200
QQQ,2013-05-03,64.58060957447017,64.91261610222153,64.52677215830727,64.7152099609375,34061700
QQQ,2013-05-06,64.83185317989258,65.06516003556804,64.7780157693749,64.9664535522461,19244300
QQQ,2013-05-07,65.07414889450166,65.11901798145547,64.68829802330798,64.93058013916016,25838100
QQQ,2013-05-08,64.89467960059942,65.29847395763278,64.78699791056215,65.24463653564453,24252100
QQQ,2013-05-09,65.11899045320186,65.5945724511952,65.02925916328853,65.1548843383789,29337200
QQQ,2013-05-10,65.28947999113481,65.5766242057993,65.17282316120173,65.5497055053711,20663700
QQQ,2013-05-13,65.44205532439945,65.79201229035388,65.37924271117843,65.6304931640625,29730100
QQQ,2013-05-14,65.64844229344543,66.1688867162488,65.62151673452243,65.97147369384766,36009800
QQQ,2013-05-15,65.84586104681973,66.16889935498587,65.68434189273667,66.10608673095703,27214400
QQQ,2013-05-16,66.15993385733381,66.4919405217328,65.99841469630682,66.0343017578125,27253400
QQQ,2013-05-17,66.37526721952446,66.69830542848679,66.15991069556974,66.67138671875,31114500
QQQ,2013-05-20,66.54575890362193,66.78803412782698,66.30347683335668,66.57267761230469,25132400
QQQ,2013-05-21,66.5367801271358,66.88673701324184,66.30347325437849,66.64445495605469,25900000
QQQ,2013-05-22,66.72522293333485,67.25464247142618,65.72021442959326,66.06120300292969,59843200
QQQ,2013-05-23,65.47797053063292,66.13301558936493,65.3523452633127,65.90868377685547,48222100
QQQ,2013-05-24,65.46894824891531,65.89069284843913,65.289485666422,65.87274932861328,26430300
QQQ,2013-05-28,66.64448680849465,66.8867689814795,66.09712352574081,66.30350494384766,27057100
QQQ,2013-05-29,66.04329362867847,66.22276321185497,65.61258032118404,65.98945617675781,32090300
QQQ,2013-05-30,66.01629457000593,66.65339541137347,65.99835105655535,66.3393325805664,32390500
QQQ,2013-05-31,66.0880960818172,66.59059671577744,65.65737636266721,65.72916412353516,38347600
QQQ,2013-06-03,65.73815038192524,65.86377556158293,64.99336764105549,65.8458251953125,47613100
QQQ,2013-06-04,65.98044205853422,66.2406676660622,65.2356591314087,65.5048599243164,35251900
QQQ,2013-06-05,65.2894983472298,65.54074874994284,64.59855289370891,64.65239715576172,48654200
QQQ,2013-06-06,64.74212188034335,64.97542873601881,64.13193945892552,64.9664535522461,62524100
QQQ,2013-06-07,65.23568517640157,65.92663095922613,65.07416600538342,65.85484313964844,31969800
QQQ,2013-06-10,65.98045089898636,66.18683911401014,65.73817562975638,65.88174438476562,25390000
QQQ,2013-06-11,65.22669219970703,65.8099491868264,65.00236048279629,65.22669219970703,40278900
QQQ,2013-06-12,65.60359567561841,65.63051439769917,64.37425488077606,64.47296142578125,42081900
QQQ,2013-06-13,64.3831879019365,65.43305845184767,64.20372530822931,65.28948974609375,28221500
QQQ,2013-06-14,65.28947674263819,65.36125765818926,64.76005055834527,64.85875701904297,27690700
QQQ,2013-06-17,65.37025110226539,65.86378354363109,65.14591941911002,65.48690795898438,32441900
QQQ,2013-06-18,65.5766433076767,66.15093190429072,65.55869293812371,66.02530670166016,24853100
QQQ,2013-06-19,66.04324085493488,66.1150286308414,65.21770197018724,65.28948974609375,43145100
QQQ,2013-06-20,64.535734162276,64.75109749790815,63.52175746306394,63.73711395263672,60908400
QQQ,2013-06-21,63.71369231346556,63.88472590062784,62.8675348204086,63.39863586425781,51558900
QQQ,2013-06-24,62.87657781421715,63.254645790285934,62.24646452076917,62.76856231689453,41492300
QQQ,2013-06-25,63.37166423293538,63.47967971746918,62.84056291900785,63.22763442993164,28897400
QQQ,2013-06-26,63.767747097962975,63.91177693403852,63.542705629885376,63.79475784301758,23742300
QQQ,2013-06-27,64.12780014028772,64.46986748880074,64.02878136758332,64.06478881835938,23545000
QQQ,2013-06-28,63.86671731214203,64.53284449571073,63.722694453340246,64.15476989746094,28301100
QQQ,2013-07-01,64.58691841824808,65.0820125260344,64.48789959669081,64.55091094970703,24942800
QQQ,2013-07-02,64.52386549582451,64.97394826103876,64.22680922253079,64.57787322998047,23067900
QQQ,2013-07-03,64.34384882561889,65.14499576872235,64.28983421225365,64.83893585205078,18847500
QQQ,2013-07-05,65.20803034296713,65.3610569220013,64.68593238985093,65.33405303955078,28795900
QQQ,2013-07-08,65.67609815994068,65.70310203601665,65.15400033007106,65.39704895019531,20558500
QQQ,2013-07-09,65.70309088488563,65.93713588402234,65.39703785100761,65.79310607910156,26108600
QQQ,2013-07-10,65.73011733498545,66.27022242124794,65.69411673910798,66.17120361328125,25598900
QQQ,2013-07-11,66.8823033254843,67.53942033315877,66.83729230075343,67.48541259765625,47768900
QQQ,2013-07-12,67.53043377470067,67.82749013026941,67.35040336583954,67.78248596191406,31412600
QQQ,2013-07-15,67.85447500053805,67.98049762498913,67.66544106386144,67.93549346923828,19783600
QQQ,2013-07-16,67.98948950219092,68.04349722688434,67.67443299528466,67.84546661376953,31747100
QQQ,2013-07-17,68.05253272447898,68.17855538635402,67.82749127574213,68.01652526855469,24631500
QQQ,2013-07-18,68.00749665556657,68.17852340633468,67.73744429666591,67.84546661376953,36278800
QQQ,2013-07-19,67.26037461698942,67.27837490716281,66.94531803106639,67.14334869384766,37732400
QQQ,2013-07-22,67.39543003463665,67.49444884279416,67.13438107383244,67.34141540527344,21135900
QQQ,2013-07-23,67.46744630235492,67.47644988629774,66.79232172881144,66.8463363647461,24739500
QQQ,2013-07-24,67.50343437988901,67.53043825623826,66.90932849704463,67.0623550415039,24426900
QQQ,2013-07-25,67.37739025893306,67.56642420091002,67.02632624273039,67.48541259765625,23162200
QQQ,2013-07-26,67.21534673224025,67.85446332274059,67.10733128285341,67.84546661376953,20885600
QQQ,2013-07-29,67.71045595493977,67.99850866552688,67.5394222972505,67.7194595336914,20958400
QQQ,2013-07-30,67.96250974102124,68.36758155530389,67.82748351368728,68.07952880859375,24104600
QQQ,2013-07-31,68.21453183609593,68.60160322669297,68.07950565468452,68.20552825927734,25007600
QQQ,2013-08-01,68.67365543065496,68.99771569508572,68.6016405123991,68.89869689941406,16880000
QQQ,2013-08-02,68.90766824160691,69.30373637126633,68.75463489498209,69.28573608398438,18105300
QQQ,2013-08-05,69.24973790653544,69.38476411622592,69.11471169684498,69.33074951171875,15462800
QQQ,2013-08-06,69.24071656718715,69.30372786651749,68.63760743535144,68.91665649414062,23675400
QQQ,2013-08-07,68.71863452209143,68.92567561957874,68.2955624841271,68.7906494140625,20281200
QQQ,2013-08-08,69.16872916110343,69.29475867753199,68.68264572620721,69.13272857666016,19994000
QQQ,2013-08-09,69.0156830088844,69.25873152491731,68.6556154573984,68.85365295410156,18558500
QQQ,2013-08-12,68.59263748918713,69.14173922684793,68.58364077512235,69.01571655273438,20515900
QQQ,2013-08-13,69.10572987358995,69.55581280243837,68.61064277248896,69.40278625488281,23917000
QQQ,2013-08-14,69.37573801152328,69.47475674196413,69.04267438479353,69.14169311523438,29921000
QQQ,2013-08-15,68.36759541429947,68.4036028734023,67.77348950840403,67.97152709960938,39406600
QQQ,2013-08-16,67.98051199869963,68.29557549416188,67.82748547489874,67.94451141357422,23825000
QQQ,2013-08-19,67.9535067794593,68.52961227812163,67.80948383865336,67.82748413085938,29586900
QQQ,2013-08-20,67.95347811021438,68.43956820732902,67.89947038866266,68.12451171875,18842800
QQQ,2013-08-21,67.90850246017717,68.4936046697482,67.63845000366805,67.89049530029297,30705100
QQQ,2013-08-22,68.18753894336898,68.60161426332137,68.1515314980186,68.55661010742188,17269500
QQQ,2013-08-23,69.04272043037004,69.10573176742682,68.7726747862927,69.01571655273438,20697300
QQQ,2013-08-26,69.06973445934884,69.56482159755443,68.90770431811114,69.05172729492188,27525500
QQQ,2013-08-27,68.23257867804405,68.5746392512287,67.47643574295054,67.63846588134766,40068900
QQQ,2013-08-28,67.5574299064978,68.18754306895858,67.5574299064978,67.89949035644531,20490400
QQQ,2013-08-29,67.88149989125017,68.71864741351754,67.78248111314382,68.3765869140625,27287900
QQQ,2013-08-30,68.44858754527993,68.44858754527993,67.69244493085553,67.93549346923828,26228500
QQQ,2013-09-03,68.49358994720939,68.80865336798763,67.99850304031945,68.32256317138672,27241500
QQQ,2013-09-04,68.55664015671628,69.16874639281316,68.34959897213218,69.05172729492188,27142900
QQQ,2013-09-05,69.09670840731125,69.36675394724982,69.0697045400892,69.16871643066406,17809700
QQQ,2013-09-06,69.40276710591984,69.61880492919822,68.45759733675284,69.24974060058594,27715100
QQQ,2013-09-09,69.54680419999694,70.17691744558233,69.51980032771746,70.05989837646484,25161900
QQQ,2013-09-10,70.46497360788287,70.50098106190535,70.14091338940017,70.40196228027344,27619400
QQQ,2013-09-11,69.93386513245542,70.31193302252986,69.84384308153633,70.26692199707031,28132900
QQQ,2013-09-12,70.28495042099229,70.43797696550791,70.07790925603793,70.22193908691406,18332700
QQQ,2013-09-13,70.29392586525873,70.33893689071827,69.88885410699588,70.26692199707031,16932500
QQQ,2013-09-16,70.86104272436162,70.86104272436162,69.91586602266523,70.07789611816406,25704300
QQQ,2013-09-17,70.23091889855259,70.6359975496139,70.19491831721791,70.54598236083984,27174300
QQQ,2013-09-18,70.65401516164945,71.5361807104297,70.50999219784636,71.39215087890625,31714700
QQQ,2013-09-19,71.61717912971785,71.73420506317473,71.43714874124143,71.56317138671875,26435700
QQQ,2013-09-20,71.73289218802431,71.8141539265989,71.28145798447893,71.31757354736328,26328900
QQQ,2013-09-23,71.61554521503263,71.6968069802046,70.83907757972567,71.17314147949219,30319400
QQQ,2013-09-24,71.32662750573293,71.55234468138399,70.93839368807946,71.17314147949219,21871300
QQQ,2013-09-25,71.22731540726465,71.32663152120963,70.7849116468182,70.92936706542969,22746400
QQQ,2013-09-26,71.21830023476527,71.65168036126255,71.19121526842358,71.48013305664062,22421700
QQQ,2013-09-27,71.0647906483539,71.51622497356644,70.9564439305001,71.38982391357422,25151600
QQQ,2013-09-30,70.64945706816324,71.40786326894558,70.4237399529295,71.21826171875,28031900
QQQ,2013-10-01,71.22730758253941,71.97669021876695,71.19119200976856,71.9405746459961,33129700
QQQ,2013-10-02,71.45301018803579,72.01279111942067,71.38077905721069,71.9134750366211,25503800
QQQ,2013-10-03,71.82320466253002,71.9766906815371,70.69461883746413,71.07382202148438,42998200
QQQ,2013-10-04,71.07381611545664,71.78708312422881,71.01061559003837,71.6877670288086,22852700
QQQ,2013-10-07,71.0557423465279,71.64260820089477,71.02865739589147,71.09185791015625,20227100
QQQ,2013-10-08,71.09185459280657,71.15505510412224,69.69241273129151,69.71949768066406,43660700
QQQ,2013-10-09,69.8820413496285,69.91815692556902,68.93402642412954,69.50283813476562,64526700
QQQ,2013-10-10,70.2522049142345,71.13701919013899,70.23415057275685,70.97450256347656,48062700
QQQ,2013-10-11,70.79393447815565,71.58845641400315,70.78490386287864,71.53428649902344,25214100
QQQ,2013-10-14,71.09185663057256,72.03987121582031,71.03768673027474,72.03987121582031,31471900
QQQ,2013-10-15,71.9857192949665,72.32880689644252,71.66970976206323,71.76000213623047,38684000
QQQ,2013-10-16,72.09407431374898,72.60870926857355,72.03990438850717,72.57259368896484,46735900
QQQ,2013-10-17,72.2475553004023,73.01499925873375,72.18435476259945,72.98790740966797,32193500
QQQ,2013-10-18,73.65598918241494,74.19770872307944,73.44832646618573,74.17062377929688,39628200
QQQ,2013-10-21,74.34220701615823,74.52278489296347,74.09843549289823,74.33318328857422,31176900
QQQ,2013-10-22,74.6220985618155,74.84781573418134,73.97203200326724,74.44152069091797,43944800
QQQ,2013-10-23,74.0803817998702,74.21580659823618,73.62894743640564,73.9900894165039,38021300
QQQ,2013-10-24,74.03521460186998,74.46859449870165,73.92686790557713,74.31510162353516,23155100
QQQ,2013-10-25,75.01032546255381,75.19089642847254,74.48666001771234,74.84780883789062,35824500
QQQ,2013-10-28,74.8568438877541,74.9832449490543,74.53181061917039,74.8658676147461,28618400
QQQ,2013-10-29,75.11865720476258,75.17283399938198,74.66722295019468,74.99225616455078,36878100
QQQ,2013-10-30,75.25407794854029,75.3804789704266,74.55887232816555,74.9200210571289,33535500
QQQ,2013-10-31,74.73042052354732,75.20894660072581,74.46859472796145,74.74848175048828,31309900
QQQ,2013-11-01,75.00130357983048,75.09158907330139,74.39638319639957,74.76655578613281,30867800
QQQ,2013-11-04,74.99225598518655,75.00128659899151,74.61305286545809,74.87488555908203,16834000
QQQ,2013-11-05,74.58597370555918,75.13672408865936,74.3692871757898,74.95614624023438,27975600
QQQ,2013-11-06,75.27215896033913,75.29924391667186,74.69432359743801,74.93809509277344,25576800
QQQ,2013-11-07,74.9471284415927,75.05546827087562,73.46642440910274,73.52962493896484,52173200
QQQ,2013-11-08,73.80048367565823,74.54083571472701,73.59282773757016,74.52278137207031,31470500
QQQ,2013-11-11,74.41444212405996,74.61307435493768,74.16163997143087,74.4054183959961,24822900
QQQ,2013-11-12,74.17969375486231,74.63112809303453,74.14357818120757,74.52278137207031,20108500
QQQ,2013-11-13,74.03521046817943,75.43465927504785,74.03521046817943,75.42562866210938,31345900
QQQ,2013-11-14,75.2269976233786,75.71454740419695,75.06448102977247,75.6603775024414,31101200
QQQ,2013-11-15,75.67845427954478,75.80485534667969,75.48885267884242,75.80485534667969,20511300
QQQ,2013-11-18,75.7868042784663,75.94029031114243,74.9200511142259,75.06450653076172,31679600
QQQ,2013-11-19,75.01934918901118,75.38049800918947,74.72140778407935,74.84780883789062,25545300
QQQ,2013-11-20,75.04645407318424,75.32634118549261,74.45055738309827,74.66724395751953,32177400
QQQ,2013-11-21,74.98322506487602,75.48882917599985,74.92002455098553,75.42562866210938,28125000
QQQ,2013-11-22,75.55202220139117,75.85899412747892,75.49785230580832,75.8319091796875,25361300
QQQ,2013-11-25,76.10280533087071,76.18406020936864,75.82291823158893,76.01251983642578,21695100
QQQ,2013-11-26,76.03057158354945,76.59937637863543,75.86805494376182,76.40977478027344,26621000
QQQ,2013-11-27,76.56327874317435,76.96053634017046,76.50007820126525,76.9424819946289,21638100
QQQ,2013-11-29,77.2494154672881,77.50221750853905,77.16816062045987,77.40290832519531,16708900
QQQ,2013-12-02,77.49321056677616,77.61058100039271,77.0598306248203,77.17720794677734,26354600
QQQ,2013-12-03,77.12302213807412,77.32165430124898,76.81605016832364,77.11399841308594,37147000
QQQ,2013-12-04,76.78896084631819,77.43902031379346,76.54518251871808,77.18621826171875,37193200
QQQ,2013-12-05,77.2494153855344,77.33970773303332,76.89729727297339,77.08689880371094,39829300
QQQ,2013-12-06,77.73698347851601,77.80921461822757,77.2765185732806,77.64669799804688,36842900
QQQ,2013-12-09,77.96269989013672,78.12521650878794,77.82726822653727,77.96269989013672,22590000
QQQ,2013-12-10,77.83630004881223,78.0529865809294,77.75504518239603,77.90853118896484,26965900
QQQ,2013-12-11,77.89951101250726,78.0078577372541,76.7980100867766,76.90635681152344,36830600
QQQ,2013-12-12,76.93344270460898,77.12304430896155,76.65355560604209,76.70772552490234,33662600
QQQ,2013-12-13,77.06887102210892,77.1049865958847,76.48200500285002,76.60840606689453,34072000
QQQ,2013-12-16,76.9875915530115,77.47514135434307,76.9334216489768,77.0327377319336,24902500
QQQ,2013-12-17,77.03274320003499,77.22234476595489,76.73479493001501,76.87925720214844,24454900
QQQ,2013-12-18,76.96954929178776,77.8453329489139,75.88610971105203,77.77310180664062,68387200
QQQ,2013-12-19,77.64670486100779,77.65573547635509,77.2133248727739,77.5564193725586,44964100
QQQ,2013-12-20,77.70311945052333,78.50922421968913,77.64877748278352,78.34619140625,40475400
QQQ,2013-12-23,78.98929681699913,79.17044830322266,78.75380334001984,79.17044830322266,28181800
QQQ,2013-12-24,79.18856860237227,79.26102920473618,79.04364739764446,79.20668029785156,13852500
QQQ,2013-12-26,79.35157894189197,79.5327234860766,79.1976053883129,79.46932220458984,15241100
QQQ,2013-12-27,79.56895239011702,79.61424198048451,79.1704330178125,79.27005767822266,15827400
QQQ,2013-12-30,79.15232849121094,79.26101938128586,78.92589431955506,79.15232849121094,18983700
QQQ,2013-12-31,79.29724592970476,79.66859436035156,79.2700680258038,79.66859436035156,24890500
QQQ,2014-01-02,79.29724456782219,79.32441556103431,78.81719835026044,79.04363250732422,29177500
QQQ,2014-01-03,79.04364943001126,79.11611003423828,78.4549260237816,78.47303771972656,35723700
QQQ,2014-01-06,78.49114345444268,78.58171573976207,77.89335393293433,78.18318939208984,32073100
QQQ,2014-01-07,78.54546466446224,79.02550386886129,78.40054351811203,78.90776062011719,25860600
QQQ,2014-01-08,78.9258757012133,79.29723097203433,78.75378356007957,79.07984924316406,27197400
QQQ,2014-01-09,79.36970729547119,79.37876659764879,78.54549046310332,78.81720733642578,23674700
QQQ,2014-01-10,79.00738425484812,79.16135777473353,78.41865424974638,79.07078552246094,38008900
QQQ,2014-01-13,78.9621381194556,79.23386193599879,77.60353285718708,77.90242767333984,48842300
QQQ,2014-01-14,78.16506679659912,79.45121103532054,78.16506679659912,79.38780975341797,37178900
QQQ,2014-01-15,79.73201626610732,80.19394400875817,79.6505032639934,80.03997039794922,39835600
QQQ,2014-01-16,79.97651943001647,80.1667232270624,79.8497168986525,80.0489730834961,31630100
QQQ,2014-01-17,79.80445283077115,80.03994628296694,79.4059265132432,79.59613037109375,36895800
QQQ,2014-01-21,80.10334846101235,80.23920342511722,79.53272997088392,80.2029800415039,26412700
QQQ,2014-01-22,80.41126251220703,80.61052559121363,80.17576915427021,80.41126251220703,29376900
QQQ,2014-01-23,80.16673550215289,80.17578789133663,79.5780054248343,80.13956451416016,35011900
QQQ,2014-01-24,79.75010290759042,79.86784616685746,78.5364123842096,78.56358337402344,63974600
QQQ,2014-01-27,78.56360332968615,78.69946522348636,77.21405751444277,77.80278778076172,63519300
QQQ,2014-01-28,77.4404780133465,77.8390043219961,77.26838585093478,77.75748443603516,44378800
QQQ,2014-01-29,77.08724245888179,77.65785402831413,76.77023603141937,76.92420959472656,51939300
QQQ,2014-01-30,77.86615226396246,78.61791506538846,77.78463240213304,78.34619140625,65833600
QQQ,2014-01-31,77.47672495616428,78.5092643320898,77.39520505268425,78.13790893554688,45187000
QQQ,2014-02-03,77.99294492159758,78.34618148762601,76.14524223994638,76.3445053100586,65596900
QQQ,2014-02-04,76.73401286052744,77.21405219670125,76.49851938817375,76.9061050415039,37675500
QQQ,2014-02-05,76.65246874421608,76.97853439975712,75.84636390418972,76.70681762695312,41721800
QQQ,2014-02-06,76.93327192154176,77.78465965875336,76.91515331913305,77.68502807617188,32308600
QQQ,2014-02-07,78.1197595980489,79.12512749178052,77.89332551225745,79.07078552246094,38359400
QQQ,2014-02-10,79.04362023878325,79.5598897603484,78.98927826079355,79.52366638183594,30205400
QQQ,2014-02-11,79.69576905666855,80.58339404933945,79.60519677012398,80.4294204711914,38635500
QQQ,2014-02-12,80.59241043215066,80.76449561187586,80.33879849057354,80.5833511352539,32507200
QQQ,2014-02-13,79.99464736991479,81.244561251709,79.97653568041969,81.18115997314453,40454500
QQQ,2014-02-14,81.15398105837001,81.5253363038536,80.90943526785236,81.34418487548828,33212400
QQQ,2014-02-18,81.48004192581602,81.89667982121522,81.28077882144683,81.74270629882812,29546600
QQQ,2014-02-19,81.5887455441056,81.778949379799,81.01812712680432,81.18115997314453,41749900
QQQ,2014-02-20,81.23551874032617,81.71555803786157,80.89133440607668,81.56158447265625,41814800
QQQ,2014-02-21,81.82423688218923,81.94198705662254,81.3532569151205,81.45288848876953,31192200
QQQ,2014-02-24,81.64309678377178,82.25899794978439,81.55252450558031,81.88764953613281,31500400
QQQ,2014-02-25,82.00538053333,82.1684133737629,81.53439370087014,81.79705810546875,26771700
QQQ,2014-02-26,82.01444478546958,82.27710229570845,81.39854367444406,81.724609375,42953700
QQQ,2014-02-27,81.73640932660015,82.33667308798036,81.60908043967393,82.25482177734375,28742400
QQQ,2014-02-28,82.23666366079405,82.72779255446832,81.43630931864355,82.16390228271484,48609800
QQQ,2014-03-03,81.39084052197464,81.77283432873529,80.82695712816532,81.55455017089844,38885700
QQQ,2014-03-04,82.44584619055125,82.74598165384705,82.36398791014942,82.59136199951172,33189000
QQQ,2014-03-05,82.72776972849157,82.96424067254924,82.55496323796038,82.81871795654297,27203300
QQQ,2014-03-06,83.00972713903076,83.07339160469188,82.44584385429114,82.74597930908203,24063900
QQQ,2014-03-07,83.00971807915012,83.09157634829812,81.91832537581762,82.3366928100586,31167800
QQQ,2014-03-10,82.29123757014662,82.45494720019035,81.88196002558385,82.40946960449219,18131700
QQQ,2014-03-11,82.60956481696938,82.81874511619588,81.80920349427376,82.05477142333984,27484300
QQQ,2014-03-12,81.68186092559701,82.40946074510599,81.38173241853772,82.36398315429688,27977200
QQQ,2014-03-13,82.67320784767705,82.7004916240726,80.82693162991966,81.19982147216797,48542000
QQQ,2014-03-14,80.93608098373056,81.29078401712667,80.60866173153313,80.6450424194336,38732300
QQQ,2014-03-17,81.16343017425737,81.77279783597469,81.11795953251432,81.35442352294922,28467200
QQQ,2014-03-18,81.45448035439378,82.43673795073639,81.42719657764631,82.3366928100586,31250200
QQQ,2014-03-19,82.36394892804005,82.45490407186195,81.35440789396552,81.8910140991211,40869400
QQQ,2014-03-20,81.63640669236749,82.36399971930348,81.47269704699808,82.11843872070312,31634500
QQQ,2014-03-21,82.58880002944981,82.63438162009044,80.97531326047637,81.13027954101562,62754000
QQQ,2014-03-24,81.42199060458753,81.48580066407898,79.68088357859278,80.41925811767578,77735300
QQQ,2014-03-25,80.8385676449845,81.35816573620122,80.00903006781424,80.68360137939453,41723300
QQQ,2014-03-26,81.08469418303756,81.26701358235488,79.63529147102815,79.6444091796875,40930400
QQQ,2014-03-27,79.53503201087857,79.89054621076293,78.7601935484325,79.19774627685547,64784500
QQQ,2014-03-28,79.45297320336711,80.22781146804934,79.13391601663902,79.35269927978516,39895100
QQQ,2014-03-31,79.97256122477059,80.45569536593695,79.87228731379955,79.91786193847656,33924300
QQQ,2014-04-01,80.30985104726588,81.37639338893429,79.95433693337641,81.32170104980469,38683800
QQQ,2014-04-02,81.66808764291882,81.75013309652874,81.16672503333278,81.53135681152344,34631600
QQQ,2014-04-03,81.61341972257603,81.75015754964514,80.41925707270694,80.88416290283203,30319100
QQQ,2014-04-04,81.4219728084295,81.50401826971456,78.52316068053578,78.73282623291016,131213200
QQQ,2014-04-07,78.24057649294721,78.96983318294038,77.43838509274913,77.98533630371094,83995800
QQQ,2014-04-08,78.07648452357667,78.81485884606366,77.80300894610669,78.7054672241211,51495700
QQQ,2014-04-09,78.99719409652505,80.10020042578162,78.78752851767995,80.05461883544922,45685200
QQQ,2014-04-10,80.10931503482507,80.10931503482507,77.35635793372421,77.57513427734375,73659600
QQQ,2014-04-11,76.88229647015409,77.88503537271049,76.4903255688635,76.67263793945312,93657400
QQQ,2014-04-14,77.34725028538324,77.68453603153311,76.56329408443254,77.27432250976562,46500700
QQQ,2014-04-15,77.55690244683272,77.97622665172544,75.91606255397053,77.52955627441406,84631500
QQQ,2014-04-16,78.20413999710144,78.55965423583984,77.56603234581448,78.55965423583984,46970900
QQQ,2014-04-17,78.25880772335748,78.96983597703704,78.0582598662122,78.5778579711914,53719500
QQQ,2014-04-21,78.76016618026063,79.1612548828125,78.39553439676297,79.1612548828125,25947900
QQQ,2014-04-22,79.4347233820838,79.99078523755283,79.2979856061079,79.79023742675781,38593400
QQQ,2014-04-23,79.79026665822441,79.81761283248353,79.0427744244514,79.0883560180664,34376700
QQQ,2014-04-24,80.39192208752843,80.41015055477986,78.98809364679273,79.844970703125,48926300
QQQ,2014-04-25,79.37091754617741,79.46207375005966,78.37730310074754,78.56873321533203,44334000
QQQ,2014-04-28,78.94249990340398,79.40740572672384,77.58425327188877,78.8239974975586,58623800
QQQ,2014-04-29,79.0609868379211,79.59881332124804,78.67811964537947,79.45296478271484,36742700
QQQ,2014-04-30,79.08833020808402,79.74466599521067,78.88778238926504,79.6626205444336,38689400
QQQ,2014-05-01,79.79026655146016,80.35544631956635,79.58971866746202,79.899658203125,37127200
QQQ,2014-05-02,80.17313899306762,80.3189945506209,79.56238449405879,79.75381469726562,40074200
QQQ,2014-05-05,79.27979295910535,80.19136927100993,79.08836276817843,80.17313385009766,27924400
QQQ,2014-05-06,80.04549485928956,80.09107644605317,79.09745488375088,79.13391876220703,33698500
QQQ,2014-05-07,79.29803743659241,79.3800829377131,77.96713658705782,78.90605926513672,67489100
QQQ,2014-05-08,78.62347946958066,79.79029637097355,78.44116693677952,78.83314514160156,46556900
QQQ,2014-05-09,78.78752360014172,79.17950160630258,78.25880778629242,79.12480926513672,35081500
QQQ,2014-05-12,79.59880731917426,80.45569089080216,79.52587957802034,80.4283447265625,38951100
QQQ,2014-05-13,80.50129120786129,80.77476684709204,80.32809646080459,80.48306274414062,30311900
QQQ,2014-05-14,80.23694599521072,80.53776785508909,79.8723210248102,80.06375122070312,26483600
QQQ,2014-05-15,80.0454847686926,80.18222255697245,78.92425020529807,79.43473052978516,59680300
QQQ,2014-05-16,79.52590378688696,79.99992729391495,78.97895947127907,79.954345703125,66804100
QQQ,2014-05-19,79.71731006533676,80.63800367620321,79.58057924348174,80.51038360595703,32017000
QQQ,2014-05-20,80.47392148148025,80.76562549905462,79.8905134463315,80.21868133544922,33716000
QQQ,2014-05-21,80.36454810799925,81.0299947314964,80.31896652347551,80.98441314697266,36837700
QQQ,2014-05-22,81.07557740943284,81.56782931887983,80.94795731677327,81.33993530273438,30617100
QQQ,2014-05-23,81.42199932777638,81.95071528007816,81.23968683963295,81.93247985839844,22687300
QQQ,2014-05-27,82.29707909279738,82.9716433766541,82.224151344604,82.95341491699219,29725200
QQQ,2014-05-28,82.92609046784128,83.0445928736108,82.63438635344544,82.69819641113281,30468100
QQQ,2014-05-29,82.98990168253043,83.23602420710603,82.82581768122178,83.22691345214844,33036100
QQQ,2014-05-30,83.24513302858307,83.36363542335194,82.79846266623605,83.23601531982422,29906400
QQQ,2014-06-02,83.33628888616242,83.35452430360009,82.62526061112118,83.15397644042969,30409900
QQQ,2014-06-03,82.8804809892108,83.25423045475544,82.77109632984931,83.11749267578125,21774500
QQQ,2014-06-04,82.90786150522793,83.5641975524256,82.78024137991451,83.42745971679688,20118300
QQQ,2014-06-05,83.50037424243413,84.28433029057058,83.21778786046893,84.12936401367188,35583100
QQQ,2014-06-06,84.43927850598561,84.61248016357422,84.27519455531552,84.61248016357422,22680600
QQQ,2014-06-09,84.63073695070207,84.7583640259634,84.32080435945659,84.54869842529297,23399500
QQQ,2014-06-10,84.47575104191296,84.74010893147882,84.37547711984406,84.69453430175781,20626000
QQQ,2014-06-11,84.40283205240753,84.7948100735297,84.32079353752744,84.67630767822266,22878200
QQQ,2014-06-12,84.49399933108232,84.58515555918619,83.61888702269127,83.91059112548828,35275900
QQQ,2014-06-13,84.27521015645935,84.36637333297547,83.79207592192913,84.15670776367188,39447100
QQQ,2014-06-16,84.01086081864442,84.47575964491999,83.82854141687297,84.2296371459961,25212300
QQQ,2014-06-17,84.16583807775673,84.50311684419438,84.0291002472773,84.27522277832031,19977900
QQQ,2014-06-18,84.35726662603258,84.86774709818367,83.8467861538815,84.7492446899414,34514000
QQQ,2014-06-19,84.87684673018852,84.93153906776305,84.31166707441598,84.69453430175781,38422200
QQQ,2014-06-20,84.73020791168524,84.88559763243754,84.57482516439794,84.794189453125,25897500
QQQ,2014-06-23,84.78502693865141,84.83986624982515,84.55652051081053,84.81244659423828,20837900
QQQ,2014-06-24,84.8033025619764,85.52538369525027,84.48339496456711,84.73017883300781,31945800
QQQ,2014-06-25,84.53826189199202,85.41572600588204,84.52912665298355,85.26948547363281,32818600
QQQ,2014-06-26,85.32431249924115,85.33345471039635,84.65707752765277,85.31517028808594,22563900
QQQ,2014-06-27,85.20548596113174,85.70819596569302,85.17806630296012,85.6899185180664,22877800
QQQ,2014-06-30,85.67164907336831,86.04639605915962,85.61680277843823,85.83617401123047,19751900
QQQ,2014-07-01,86.1377733951169,87.00610192745715,86.10121153311142,86.77759552001953,31862500
QQQ,2014-07-02,86.83244220773662,87.05180642495503,86.75018324132824,86.92384338378906,18777300
QQQ,2014-07-03,87.20719819658363,87.47225952148438,86.96954955435022,87.47225952148438,15291700
QQQ,2014-07-07,87.37172467894658,87.4814102876584,87.04268179973828,87.20720672607422,23266400
QQQ,2014-07-08,87.0426729646,87.10665448648831,85.79959741923021,86.15606689453125,40612400
QQQ,2014-07-09,86.38457438630392,86.89642656769274,86.13778353208936,86.79588317871094,29919000
QQQ,2014-07-10,85.68076617574486,86.87814457086874,85.5802227920292,86.52167510986328,44245300
QQQ,2014-07-11,86.74106899263647,87.07925415039062,86.47600061521578,87.07925415039062,19566300
QQQ,2014-07-14,87.4722414499606,87.80129120246829,87.326000989658,87.60020446777344,19579000
QQQ,2014-07-15,87.73732001977478,87.86528305264818,86.67705389404352,87.29859161376953,39467500
QQQ,2014-07-16,87.92928848449328,88.02069665294641,87.55454149299932,87.64594268798828,22052600
QQQ,2014-07-17,87.40828370682095,87.71905610133594,86.21091215453104,86.48512268066406,43111500
QQQ,2014-07-18,86.93298745860703,87.90185249778311,86.83244407075334,87.85615539550781,36682200
QQQ,2014-07-21,87.67333623733916,87.89270740813421,87.33515121925545,87.7464599609375,29750700
QQQ,2014-07-22,88.15776866614506,88.44112135160591,88.06636749841599,88.30401611328125,25770400
QQQ,2014-07-23,88.61479446905473,88.97126395687951,88.45026955363845,88.8707275390625,28947500
QQQ,2014-07-24,89.0261058323967,89.12664921869411,88.64221670660439,88.77017974853516,24707200
QQQ,2014-07-25,88.31317293246492,88.54167937632235,87.95670343792439,88.4228515625,29898900
QQQ,2014-07-28,88.51423786223971,88.67876275309177,87.7647371313497,88.45025634765625,25603400
QQQ,2014-07-29,88.64222562629568,88.84330544566157,88.22176761939966,88.29489135742188,27022200
QQQ,2014-07-30,88.78847531996539,88.95300026081472,88.29490049741739,88.6422348022461,35348500
QQQ,2014-07-31,87.91098875607933,88.0572292363079,86.72275260195863,86.85071563720703,50047900
QQQ,2014-08-01,86.66792802167524,87.14321838001567,85.9549889974328,86.53082275390625,60708000
QQQ,2014-08-04,86.7136301442868,87.46313102124316,86.39371553556091,87.12493896484375,33230500
QQQ,2014-08-05,86.77757132031925,87.02435510320784,86.05549043736794,86.45765686035156,50331100
QQQ,2014-08-06,85.91840938580225,86.9329783949371,85.84528566163021,86.3936996459961,34431900
QQQ,2014-08-07,86.79589931350489,86.96042425574441,85.81789187171007,86.11952209472656,33274700
QQQ,2014-08-08,86.25658780976866,86.84156356418983,85.89097621989018,86.74102020263672,40236900
QQQ,2014-08-11,87.07921681369045,87.52709438357213,87.01523529991621,87.25288391113281,28277500
QQQ,2014-08-12,87.16148454630255,87.44483025980738,86.76845324686256,87.21632385253906,28152300
QQQ,2014-08-13,87.57279742239616,88.17605771331306,87.52710032286342,88.13949584960938,27996500
QQQ,2014-08-14,88.25829701880001,88.6147663936864,88.13947621832484,88.59648895263672,25006600
QQQ,2014-08-15,89.10838966612496,89.23635274376545,88.1852284593564,89.02613067626953,55205500
QQQ,2014-08-18,89.49228276157109,89.79390602068734,89.36431271491439,89.7116470336914,38938300
QQQ,2014-08-19,89.92183703480156,90.26917122974643,89.86699772968899,90.21432495117188,21363400
QQQ,2014-08-20,90.14120820217579,90.39713425731706,90.05894227104496,90.21432495117188,23435600
QQQ,2014-08-21,90.26004287503662,90.44284523577805,90.12293761774902,90.39714813232422,19339500
QQQ,2014-08-22,90.43372782996356,90.71707363701891,90.2326410094219,90.53427124023438,24692000
QQQ,2014-08-25,90.96383511575158,91.11008257584982,90.63479227745599,90.85415649414062,24124700
QQQ,2014-08-26,90.99127598121134,91.04611530059705,90.73534288599586,90.94557189941406,20100400
QQQ,2014-08-27,90.97299414002252,91.07353754405794,90.77190733195168,90.96385192871094,15589100
QQQ,2014-08-28,90.65305992159948,90.97296748914677,90.56165875565196,90.86328887939453,23563900
QQQ,2014-08-29,91.06437942830352,91.32031248608102,90.73532961319525,91.20148468017578,17906300
QQQ,2014-09-02,91.42085628496542,91.49398002166664,91.09181341673663,91.46656036376953,18326800
QQQ,2014-09-03,91.71330918495461,91.71330918495461,90.76272886521667,90.92725372314453,25950700
QQQ,2014-09-04,91.1375350491266,91.60369027921999,90.61654048848054,90.84504699707031,24663500
QQQ,2014-09-05,90.98212484987864,91.35687178471214,90.51596976041263,91.30203247070312,30798200
QQQ,2014-09-08,91.32943767413214,91.70419152312111,91.05523417401871,91.4756851196289,25571300
QQQ,2014-09-09,91.48479609229187,91.82298799021515,90.54335107533754,90.7170181274414,36449200
QQQ,2014-09-10,90.83588033828235,91.50312223212013,90.57995423329143,91.46656036376953,31080100
QQQ,2014-09-11,91.07354780805206,91.43915959361587,90.70793602248824,91.3934555053711,28691900
QQQ,2014-09-12,91.31114273382262,91.33856238123381,90.64390109515392,90.92725372314453,30444400
QQQ,2014-09-15,91.02781957411297,91.03696178402986,89.77560878055445,90.04981231689453,32972200
QQQ,2014-09-16,89.71163623318992,91.00955123271878,89.62023504526574,90.83588409423828,38166900
QQQ,2014-09-17,90.81759398940747,91.40256987875448,90.42456265999031,90.97297668457031,37196500
QQQ,2014-09-18,91.25632711173394,91.6676428814142,91.15579069528377,91.65850067138672,30196700
QQQ,2014-09-19,92.04147201430858,92.13309063705564,91.23521834806047,91.60169982910156,46918000
QQQ,2014-09-22,91.38181486460967,91.39097882471434,90.35567501459798,90.74964141845703,48658000
QQQ,2014-09-23,90.3831547863794,90.90538864191534,90.31902104938561,90.50225830078125,33989600
QQQ,2014-09-24,90.59386788840673,91.51923199275808,90.28236319410072,91.47341918945312,35959000
QQQ,2014-09-25,91.18024323970455,91.29935374248831,89.51275911120884,89.54940795898438,68642500
QQQ,2014-09-26,89.84259301167204,90.66717462305856,89.68684064898045,90.50225830078125,56106200
QQQ,2014-09-29,89.60437944665578,90.63051916370426,89.55856664212216,90.38314819335938,33342700
QQQ,2014-09-30,90.63052471662456,90.97868527628567,90.08080597880274,90.51142120361328,41834300
QQQ,2014-10-01,90.25489066309741,90.34650929219657,88.77980766742506,89.06382751464844,58164900
QQQ,2014-10-02,89.0271786649981,89.33869039199922,87.92774113570162,89.06382751464844,54501300
QQQ,2014-10-03,89.5860495052715,90.30984846222779,89.2745448096473,89.94336700439453,41627800
QQQ,2014-10-06,90.2273892719795,90.4472753396139,89.47610546668098,89.75096130371094,36038700
QQQ,2014-10-07,89.32953703076795,89.58607201870404,88.46830643693603,88.47747039794922,45154000
QQQ,2014-10-08,88.52327934495942,90.48394751286209,88.0102024014518,90.19992065429688,64931600
QQQ,2014-10-09,90.08080020976298,90.30985025169078,88.60571738054374,88.74314880371094,62497100
QQQ,2014-10-10,88.22089317580495,88.7156419828526,86.50759676936497,86.52592468261719,77579400
QQQ,2014-10-13,86.37017217311445,87.02983730106007,85.09665471390609,85.16995239257812,80835900
QQQ,2014-10-14,85.7013950739157,86.27859886889335,84.94094698604869,85.17916107177734,71814500
QQQ,2014-10-15,83.89644687905766,84.98672728687808,82.67789901032336,84.62940979003906,108847800
QQQ,2014-10-16,82.84281807642647,84.8218138079924,82.81533318960793,84.09801483154297,93165800
QQQ,2014-10-17,85.2066421508789,86.02205999505391,84.71189306732529,85.2066421508789,69546700
QQQ,2014-10-20,85.19744391078005,86.55342311162745,85.02337064793923,86.4801254272461,41479300
QQQ,2014-10-21,87.55209980032642,88.75232696533203,87.33221368210282,88.75232696533203,53609800
QQQ,2014-10-22,89.02719904955826,89.14630958570791,88.23926607679653,88.29424285888672,39178000
QQQ,2014-10-23,89.18291678735149,90.11744482901956,89.02716444375754,89.62269592285156,48123800
QQQ,2014-10-24,89.81511293995345,90.41980848408575,89.45779538753106,90.35567474365234,43157600
QQQ,2014-10-27,90.18158579592092,90.58471611997932,89.80594035940238,90.4197998046875,29545700
QQQ,2014-10-28,90.84124237256543,91.80324829475487,90.77710864441946,91.78492736816406,34495100
QQQ,2014-10-29,91.48257169160638,91.72994961438972,90.79542166839946,91.4459228515625,40552800
QQQ,2014-10-30,91.03366287389187,91.85824454649216,90.83209768836142,91.63835144042969,35935800
QQQ,2014-10-31,93.15920666909193,93.22334038287372,92.60032416754339,92.90267181396484,54254100
QQQ,2014-11-03,93.0676345877462,93.42495217025237,92.93020313523135,93.17757415771484,33481000
QQQ,2014-11-04,92.88438690997452,93.10428002194458,92.23388551468412,92.8660659790039,22773300
QQQ,2014-11-05,93.4798944205297,93.4798944205297,92.55453036888872,92.87520599365234,25818600
QQQ,2014-11-06,92.86607108124727,93.19590377727022,92.46294067720717,93.16841888427734,24671900
QQQ,2014-11-07,93.33329251564115,93.36994135287632,92.60032975103944,93.0859146118164,20931700
QQQ,2014-11-10,93.1317820841941,93.53490555035576,92.88440403513198,93.41580200195312,20360000
QQQ,2014-11-11,93.43409799579501,93.70895385742188,93.17755607220285,93.70895385742188,15454000
QQQ,2014-11-12,93.33331609146201,93.97465342995088,93.33331609146201,93.87387084960938,22050300
QQQ,2014-11-13,94.04794277015515,94.62514632353134,93.83721366905152,94.27699279785156,28027800
QQQ,2014-11-14,94.2495065348227,94.57017517089844,93.9379948668834,94.57017517089844,19251300
QQQ,2014-11-17,94.35029706270262,94.5610191884463,93.83722021165404,94.28616333007812,23361600
QQQ,2014-11-18,94.36862933968725,95.11991329366319,94.35946537962376,94.99164581298828,26336800
QQQ,2014-11-19,94.89085252201788,94.89085252201788,94.12124772475343,94.56101989746094,23760200
QQQ,2014-11-20,94.1579012466011,95.06494457153852,94.08461053543783,94.98248291015625,22874000
QQQ,2014-11-21,95.82537635643244,95.91700196923355,94.86337033249646,95.16571807861328,34049100
QQQ,2014-11-24,95.42226710953089,95.95366498601739,95.33980544384319,95.90785217285156,17928300
QQQ,2014-11-25,96.05441284179688,96.3384396192698,95.80704189630947,96.05441284179688,17526000
QQQ,2014-11-26,96.1460612285527,96.73242885835842,96.04527863686232,96.67745208740234,18973800
QQQ,2014-11-28,96.93398733989449,97.34627464826592,96.86985360325775,97.12638854980469,17360400
QQQ,2014-12-01,96.86068491774073,97.04392215917582,95.66962187825453,96.02693939208984,35969500
QQQ,2014-12-02,96.12773158316043,96.58583172260369,95.92616640339685,96.41175842285156,26031300
QQQ,2014-12-03,96.55833054436583,96.72324684634806,95.98112698245414,96.5858154296875,32974300
QQQ,2014-12-04,96.49418049164522,96.91563163873707,96.13686306280539,96.53999328613281,31008800
QQQ,2014-12-05,96.69575154829717,96.84233991757803,96.33843409748896,96.54915618896484,25622200
QQQ,2014-12-08,96.30179389791058,96.72324510872667,95.358108905208,95.86201477050781,32685800
QQQ,2014-12-09,94.74423155902286,96.23763482514217,94.40523509196746,96.16433715820312,46035100
QQQ,2014-12-10,95.99029276189242,96.22850677329977,94.47856801002041,94.65264129638672,39330100
QQQ,2014-12-11,94.9274974945838,96.23766398032038,94.90916957727148,95.10157775878906,47576000
QQQ,2014-12-12,94.19457458331718,95.27569149211654,94.05715009537876,94.0663070678711,46889400
QQQ,2014-12-15,94.55187857316362,94.9000391991268,92.82942433595849,93.09512329101562,52968400
QQQ,2014-12-16,92.5087360773873,93.88303638875175,91.58337191052043,91.60169982910156,65348600
QQQ,2014-12-17,91.66582249874422,93.5348645453351,91.5467120125037,93.26917266845703,79715300
QQQ,2014-12-18,94.60682644732955,95.52302656828748,94.35029153186969,95.51386260986328,49840900
QQQ,2014-12-19,95.61227192936883,96.32037164618318,95.37317031679201,95.93413543701172,51419900
QQQ,2014-12-22,95.77779113673053,96.20081269784652,95.73180763430813,96.17322540283203,33869200
QQQ,2014-12-23,96.52265708071633,96.53185518260152,95.72259060300956,95.83294677734375,30156900
QQQ,2014-12-24,95.95253461648848,96.28359626340337,95.88816190826053,95.91575622558594,14291300
QQQ,2014-12-26,96.19161245122051,96.79856099240733,96.16402515682061,96.59624481201172,13924300
QQQ,2014-12-29,96.50431705510606,96.78939521390964,96.44913543177985,96.577880859375,17073800
QQQ,2014-12-30,96.30198245264569,96.52268785558678,95.80539003395457,95.93413543701172,18604000
QQQ,2014-12-31,96.09967480675648,96.4767199608071,94.81221364536006,94.95015716552734,24367100
QQQ,2015-01-02,95.41916048692802,95.82378591788782,94.20527016185112,94.66507720947266,31314600
QQQ,2015-01-05,94.25123973505653,94.36159594417659,93.00976220087338,93.27645111083984,36521300
QQQ,2015-01-06,93.41437570107455,93.57070837026235,91.61193341371167,92.0257568359375,66205500
QQQ,2015-01-07,92.6327124118197,93.43277202468944,92.41200002142352,93.21206665039062,37577400
QQQ,2015-01-08,94.0029395132594,95.1800442519641,93.90178141701782,94.99612426757812,40212600
QQQ,2015-01-09,95.29042565979668,95.31801296314258,93.81903733108612,94.37081146240234,41410100
QQQ,2015-01-12,94.55470161852308,94.655859709561,93.14769346366504,93.38679504394531,34129800
QQQ,2015-01-13,94.2972173317954,95.29040210332273,92.60512397851573,93.35920715332031,56162300
QQQ,2015-01-14,92.42117107126418,93.32239552799625,92.02573692434531,92.84419250488281,51354200
QQQ,2015-01-15,93.27643021788224,93.42356478098746,91.52916255339156,91.63951873779297,51005400
QQQ,2015-01-16,91.519998656432,92.83504719363975,91.37286403833495,92.71549987792969,35362200
QQQ,2015-01-20,93.27644297981581,93.6902664497706,92.2280836409059,93.451171875,30964100
QQQ,2015-01-21,93.1752914850627,94.37079250799837,92.84422987920661,93.92937469482422,40128800
QQQ,2015-01-22,94.29722696037922,95.76860805949534,93.4695728995956,95.66744995117188,40887200
QQQ,2015-01-23,95.65826246311265,96.17325116703566,95.38238242296393,95.87897491455078,34783000
QQQ,2015-01-26,95.76860809326172,95.94333701062723,95.28121376176689,95.76860809326172,19960900
QQQ,2015-01-27,94.2604408156352,94.31561541388797,92.97297973298245,93.28565216064453,45253200
QQQ,2015-01-28,94.78460539108379,94.88576348243745,92.78904489092028,92.80743408203125,43591700
QQQ,2015-01-29,92.73388810872085,93.87421471357285,91.9246301773639,93.6994857788086,46539700
QQQ,2015-01-30,93.61669534839994,94.33399304883747,92.84421604447694,92.97296142578125,42927600
QQQ,2015-02-02,93.18448371809127,93.86499608009461,91.73149198573202,93.78223419189453,43624700
QQQ,2015-02-03,94.12247615227398,94.74781385097096,93.50633655658491,94.68344116210938,30750400
QQQ,2015-02-04,94.29721845143713,95.22603053673254,94.08570414872908,94.60069274902344,34073200
QQQ,2015-02-05,94.8397899915894,95.48352400598178,94.60069540142185,95.41915130615234,23605500
QQQ,2015-02-06,95.56627087853845,95.79617434409465,94.49952244672811,94.83977508544922,34169300
QQQ,2015-02-09,94.47192797435962,94.98690945292019,94.30639721109422,94.53630065917969,22604700
QQQ,2015-02-10,95.06051947280734,96.13646637004057,94.91337783757922,96.00772094726562,23686500
QQQ,2015-02-11,96.11803801815579,96.57784495034693,95.93411805171812,96.35713958740234,20303600
QQQ,2015-02-12,96.98249540814881,97.51587323296677,96.83536081073942,97.47908782958984,22520300
QQQ,2015-02-13,97.75497572854802,98.33433005073877,97.5710487100045,98.3159408569336,29030200
QQQ,2015-02-17,98.31595319524457,98.472285918552,98.06765344307466,98.40791320800781,17675300
QQQ,2015-02-18,98.28834720404313,98.60101962962375,98.15960179824476,98.54584503173828,15149600
QQQ,2015-02-19,98.48144445738954,99.0975910730561,98.45385716428895,99.03321838378906,19828100
QQQ,2015-02-20,98.96886993971728,99.75054050547946,98.65619750375322,99.69536590576172,28336700
QQQ,2015-02-23,99.64017609199216,99.82410310274967,99.41947069518119,99.7965087890625,17868000
QQQ,2015-02-24,99.66777806574093,99.98964862793778,99.36431073147683,99.8700942993164,19745000
QQQ,2015-02-25,99.72295376507935,100.1091899974677,99.40108322199038,99.62179565429688,19472300
QQQ,2015-02-26,99.72296850729296,100.18277561842419,99.44708143417434,100.12759399414062,22255500
QQQ,2015-02-27,100.0907902687666,100.15516998800052,99.52983215064201,99.68616485595703,27757600
QQQ,2015-03-02,99.87927974391448,100.62416485847145,99.86088353441286,100.5873794555664,22988600
QQQ,2015-03-03,100.28390848450397,100.38506658476098,99.4838417868617,100.11837768554688,20788900
QQQ,2015-03-04,99.78730593338238,99.9344405085398,99.18955549708056,99.73212432861328,21007400
QQQ,2015-03-05,99.98964452801093,100.21034994827124,99.49305207035111,99.90687561035156,15381000
QQQ,2015-03-06,99.77812516070668,99.97124327069882,98.52744948219704,98.77574920654297,30990400
QQQ,2015-03-09,98.9780602475758,99.30912187546606,98.57343482600882,99.06082916259766,26237100
QQQ,2015-03-10,98.35271708494793,98.38031139919732,97.22159576416016,97.22159576416016,34234500
QQQ,2015-03-11,97.36872897395739,97.48828328570869,96.62384387008348,96.66062927246094,25459700
QQQ,2015-03-12,96.58705929198742,97.40551520760103,96.522686591302,97.295166015625,21473200
QQQ,2015-03-13,97.2031852796535,97.58942844534202,96.26518219977491,96.87212371826172,42021100
QQQ,2015-03-16,97.2307906830172,98.15959576546518,97.12963258237863,98.12281036376953,25674100
QQQ,2015-03-17,97.85613031322444,98.43548461456626,97.62622681039224,98.2791519165039,19603800
QQQ,2015-03-18,98.01247146285019,99.69536693256062,97.50668090656606,99.2447509765625,40622200
QQQ,2015-03-19,99.3459003431744,99.66776384334285,99.19876574999658,99.39188385009766,31314000
QQQ,2015-03-20,100.21035563577229,100.53295930731247,100.01679343284817,100.03522491455078,31761400
QQQ,2015-03-23,99.9799584668968,100.25647298271315,99.80482768431523,99.8416976928711,17268500
QQQ,2015-03-24,99.83249335481248,100.29335798229438,99.46380727861587,99.48223876953125,22445300
QQQ,2015-03-25,99.63891543655205,99.73108694115315,97.1686811391735,97.20555114746094,41581400
QQQ,2015-03-26,96.40362690174051,97.42674659241659,96.0810231777061,96.87371063232422,47846300
QQQ,2015-03-27,96.85529298752941,97.49128126800848,96.70781295990629,97.26084899902344,33878400
QQQ,2015-03-30,97.85075154434264,98.45908901221786,97.85075154434264,98.37613677978516,30570200
QQQ,2015-03-31,98.09961621351722,98.30239771549597,97.30692872336435,97.33457946777344,30488100
QQQ,2015-04-01,97.33459113160593,97.35302965157757,96.20086828157221,96.82764434814453,32970500
QQQ,2015-04-02,96.91981688571298,97.20555065820874,96.5787745849469,96.89216613769531,19164200
QQQ,2015-04-06,96.32066035366324,97.95211724824625,96.17318036903761,97.68482208251953,24451100
QQQ,2015-04-07,97.62955441852634,98.34850206378862,97.51895141601562,97.51895141601562,19379400
QQQ,2015-04-08,97.55579634233148,98.4314431328353,97.54658411531744,98.29318237304688,25866900
QQQ,2015-04-09,98.24708250502158,98.94759845536959,97.91526656247106,98.91072845458984,23114700
QQQ,2015-04-10,98.87387402108848,99.32552632757597,98.65266101381454,99.3163070678711,17164300
QQQ,2015-04-13,99.39003996247945,99.89698669418324,98.95682620642955,99.06743621826172,17783500
QQQ,2015-04-14,98.9660501627475,99.2517839165831,98.21944485385377,98.78170013427734,23755700
QQQ,2015-04-15,99.03976488745826,99.61123932203309,98.9199426652135,99.39923858642578,21128600
QQQ,2015-04-16,99.131952465692,99.43611767800897,98.99369171523853,99.26099395751953,16195300
QQQ,2015-04-17,98.31162683301405,98.57892207726216,97.28850699387544,97.7125015258789,46514000
QQQ,2015-04-20,98.20100150137155,99.35316266921348,98.16413150013257,99.17803192138672,28945900
QQQ,2015-04-21,99.74950790025194,99.92463865072632,99.4822056614035,99.6020278930664,22759800
QQQ,2015-04-22,99.86010277317394,100.31175498436816,99.21489537465821,100.14584350585938,21429200
QQQ,2015-04-23,99.80482562196401,100.9754255146595,99.78639413418449,100.52377319335938,29473200
QQQ,2015-04-24,101.5837519375238,102.02618495036275,101.41784043673846,101.88792419433594,32508100
QQQ,2015-04-27,102.2658252362227,102.45939450606949,101.40861702266044,101.62983703613281,31121300
QQQ,2015-04-28,101.70358512727105,101.89715442589315,100.56986227668409,101.42707061767578,36849200
QQQ,2015-04-29,100.8648090416345,101.45471506414776,100.23803301368484,100.79106903076172,34043900
QQQ,2015-04-30,100.21960369682249,100.62515970093403,98.68031082352431,99.20569610595703,44080500
QQQ,2015-05-01,99.59282026461018,100.57907000343499,99.57438174674387,100.5145492553711,32874300
QQQ,2015-05-04,100.8371579466287,101.30724172402265,100.62515717416177,100.68046569824219,23507300
QQQ,2015-05-05,100.28411173153881,100.4684547070987,98.99368980591831,99.0397720336914,47843300
QQQ,2015-05-06,99.21490474777592,99.50063847522222,97.7032698151021,98.35769653320312,42687200
QQQ,2015-05-07,98.33005219173315,99.22413046680751,98.25631218235428,98.9476089477539,29335800
QQQ,2015-05-08,99.9707308549914,100.39472536961004,99.82325786532316,100.18273162841797,33023300
QQQ,2015-05-11,100.24724552373016,100.45002702386034,99.7218602880447,99.79559326171875,19679300
QQQ,2015-05-12,99.20570284832901,99.85091745293398,98.44067302172908,99.34396362304688,33665000
QQQ,2015-05-13,99.77716228697035,100.29332826650028,99.39925002893304,99.5467300415039,20738400
QQQ,2015-05-14,100.35782974565001,101.08599634538706,99.98914384947712,101.00304412841797,23904200
QQQ,2015-05-15,101.26112706863208,101.39938779581325,100.7541734130453,101.00304412841797,23937400
QQQ,2015-05-18,100.83715809754943,101.64827711885334,100.76341808682149,101.44549560546875,17631100
QQQ,2015-05-19,101.55612056423628,101.71281283591254,101.1689959993059,101.33490753173828,14212900
QQQ,2015-05-20,101.40862628972778,102.00775157455627,100.8648095294386,101.3994140625,21131900
QQQ,2015-05-21,101.22428860851022,102.06306545775567,101.0768156105431,101.9248046875,16771800
QQQ,2015-05-22,101.80492574691367,102.19205712124315,101.74040502323066,101.8233642578125,13543800
QQQ,2015-05-26,101.60218826741844,101.74044198823364,100.24724554555723,100.65280151367188,25488400
QQQ,2015-05-27,100.95696704171625,102.38564967437279,100.73575407090736,102.27503967285156,30572700
QQQ,2015-05-28,102.08148670306991,102.3211382119853,101.73123221483525,102.04461669921875,17302400
QQQ,2015-05-29,101.98011904247572,102.11837983016616,101.19665062187754,101.4363021850586,30383000
QQQ,2015-06-01,101.98011766885533,102.05385769226177,100.94777843787226,101.77733612060547,24570200
QQQ,2015-06-02,101.39941042374222,101.95244642364779,100.90167591415693,101.4547119140625,19449600
QQQ,2015-06-03,101.91556521267353,102.13677818186422,101.51000224229601,101.75887298583984,20507200
QQQ,2015-06-04,101.18742356416527,101.83263817959428,100.6620382372117,100.9846420288086,31374600
QQQ,2015-06-05,100.86480973210561,101.10446125296545,100.12742368279899,100.74498748779297,22641700
QQQ,2015-06-08,100.69888557882979,100.77262558094853,99.5190736738645,99.72185516357422,24549200
QQQ,2015-06-09,99.48220634599744,99.9154200797939,98.8093411149922,99.55594635009766,27554600
QQQ,2015-06-10,99.89697768862055,101.21505032380288,99.78637471899329,100.92009735107422,30297900
QQQ,2015-06-11,101.26112812514889,101.52843032522604,100.8924351928965,101.06756591796875,17593500
QQQ,2015-06-12,100.53295952530642,100.74496024262545,100.09974586591338,100.23800659179688,27201800
QQQ,2015-06-15,99.49141645071832,99.89697237148806,98.91072276214898,99.74028015136719,31238800
QQQ,2015-06-16,99.63888896827304,100.45001487065761,99.59280674433138,100.28410339355469,16456900
QQQ,2015-06-17,100.450020199831,100.88322688258465,99.94306648394523,100.56062316894531,23296700
QQQ,2015-06-18,100.92933942912914,102.20132309306966,100.87403793181198,102.02619934082031,43032400
QQQ,2015-06-19,102.07606698523092,102.15921705465949,101.44784942669061,101.52175903320312,27877600
QQQ,2015-06-22,102.27006530761719,102.57493712102271,102.03910309414162,102.27006530761719,19120900
QQQ,2015-06-23,102.38090952283761,102.44557864792478,101.92822564722744,102.35319519042969,18127900
QQQ,2015-06-24,102.23312542115214,102.6673284952285,101.79891529866784,101.82662963867188,15815900
QQQ,2015-06-25,102.22389345860415,102.32551741267459,101.45709709549396,101.6233901977539,18326700
QQQ,2015-06-26,101.60492894354111,101.83589122268788,100.57021539553627,100.94898986816406,32311700
QQQ,2015-06-29,99.83109801916513,100.38541293204199,98.51923442862463,98.5654296875,50874900
QQQ,2015-06-30,99.30454174026814,99.51703014303061,98.61165488767378,98.9165267944336,34809900
QQQ,2015-07-01,99.8957820261982,100.09902991806072,99.23985013326514,99.70177459716797,21293000
QQQ,2015-07-02,99.98816816719486,100.0713111838107,99.42461978210635,99.72948455810547,20499400
QQQ,2015-07-06,99.10126460374902,100.0713087309362,98.88878331200048,99.49851989746094,24311000
QQQ,2015-07-07,99.60939183120455,99.84035406481877,97.77093442518961,99.74797058105469,44230800
QQQ,2015-07-08,99.03661959887472,99.1567244915205,97.82637954682936,98.01114654541016,39691500
QQQ,2015-07-09,99.31375509405821,99.40613857283627,97.94645564355693,97.95569610595703,28381000
QQQ,2015-07-10,99.25833935650937,99.82188781345373,98.89803880841819,99.45234680175781,26415800
QQQ,2015-07-13,100.31151593000837,101.28155305250459,100.3022754673919,101.19841003417969,25780700
QQQ,2015-07-14,101.3369852202692,102.14072922947578,101.28154949492534,101.86357879638672,21977200
QQQ,2015-07-15,102.05757632528649,102.37168152870065,101.6880354018999,101.97442626953125,28631500
QQQ,2015-07-16,102.81516138206129,103.43413855250884,102.61191346378685,103.41566467285156,29838900
QQQ,2015-07-17,104.24711570517523,104.94000244140625,104.07158919158107,104.94000244140625,35926800
QQQ,2015-07-20,105.16172947298169,105.67908263836044,104.83838374461996,105.30030822753906,26539000
QQQ,2015-07-21,105.33722019970612,105.5035132390023,104.93073158574224,105.23560333251953,35468900
QQQ,2015-07-22,103.62814036998088,104.55198936758808,103.62814036998088,104.04387664794922,35575000
QQQ,2015-07-23,104.14549148863989,104.48731107686329,103.38793565882584,103.65584564208984,25698300
QQQ,2015-07-24,104.2101886174415,104.39495563105291,102.48258814169479,102.63964080810547,30844700
QQQ,2015-07-27,102.05758988039187,102.50103340862766,101.5679510874446,101.7896728515625,35994800
QQQ,2015-07-28,102.24235062590785,102.87056812638501,101.42936617463457,102.66732025146484,33553500
QQQ,2015-07-29,102.8890886358436,103.27710361084398,102.49183319522606,103.05538177490234,26714100
QQQ,2015-07-30,102.81514903358955,103.72051704464462,102.19617193748338,103.54499053955078,25438100
QQQ,2015-07-31,103.86834687658207,103.92377556297225,103.21241491013284,103.42489624023438,22081700
QQQ,2015-08-03,103.44339687353774,103.72978787232172,102.4179236895182,103.10157012939453,25001800
QQQ,2015-08-04,103.05535859065553,103.24012557097173,102.48256967422175,102.90753936767578,22132300
QQQ,2015-08-05,103.48034269721683,104.39495135946635,103.36023779971502,103.70206451416016,28989900
QQQ,2015-08-06,103.79441483697133,103.93299357141466,101.5771762310997,102.03910064697266,42125400
QQQ,2015-08-07,101.78965409374258,102.14995453719085,101.06905320684605,101.90975189208984,30006800
QQQ,2015-08-10,102.55647648141326,103.2955514308773,102.54723601812756,103.0738296508789,21500800
QQQ,2015-08-11,102.52878354666464,102.92603896999144,101.18919802688372,101.75274658203125,36123300
QQQ,2015-08-12,101.05061806882775,102.30705348390282,99.97895671385766,102.10380554199219,41889000
QQQ,2015-08-13,102.20541706822286,102.69506298157356,101.71577820328098,101.9375,22510500
QQQ,2015-08-14,101.69729574957556,102.24236325564007,101.4940478495487,102.09455108642578,17924900
QQQ,2015-08-17,101.84511357004115,102.97221049752515,101.58643697325634,102.94449615478516,21224900
QQQ,2015-08-18,102.80591497148825,102.88906504615859,102.27932132660429,102.41790008544922,13984400
QQQ,2015-08-19,102.10378503138573,102.64885958868874,101.15222172032662,101.74348449707031,42511400
QQQ,2015-08-20,100.80113971695846,101.12448537632285,98.91648738299737,98.92572784423828,57747300
QQQ,2015-08-21,97.53074207527682,98.36220761417607,94.60214233398438,94.60214233398438,97763400
QQQ,2015-08-24,87.05428145983109,94.72222279351412,78.28695067530492,90.962158203125,150829900
QQQ,2015-08-25,94.29726823293807,94.91624537844125,90.54644350527617,90.62034606933594,75088300
QQQ,2015-08-26,93.2717912377481,95.36893234838362,91.39637895493854,95.18415832519531,104103800
QQQ,2015-08-27,96.56067708768217,97.66005945630765,95.41510650637265,97.59539031982422,69377700
QQQ,2015-08-28,97.07804791366999,97.92798724340996,96.86555955703099,97.5769271850586,49919600
QQQ,2015-08-31,97.03185634717444,97.56769044225291,96.12648830222918,96.36668395996094,39549400
QQQ,2015-09-01,93.96470202155953,95.42438546060143,92.96694318613265,93.35496520996094,73155500
QQQ,2015-09-02,95.04556997813148,96.00637365652379,93.955428020764,95.98789978027344,43963600
QQQ,2015-09-03,96.36669359753948,97.02262558708321,95.24883707605716,95.51675415039062,45131800
QQQ,2015-09-04,94.20488330528322,95.01786788481442,93.85381617561526,94.38041687011719,49379600
QQQ,2015-09-08,96.19115259964084,97.16118974175748,95.79389727999082,97.04109191894531,37343500
QQQ,2015-09-09,98.18667115310568,98.21438549551861,95.70151507341951,95.95095825195312,47146700
QQQ,2015-09-10,95.84009986458533,97.63236930309135,95.72924248795789,96.99491119384766,47686700
QQQ,2015-09-11,96.55146114422467,97.5307388305664,96.27430362434265,97.5307388305664,29106100
QQQ,2015-09-14,97.89103168636426,97.90951261205561,96.86555881114099,97.23509979248047,19718800
QQQ,2015-09-15,97.46607530797887,98.68555577871106,97.10577474038132,98.38068389892578,30020200
QQQ,2015-09-16,98.39917802100248,99.02739574460881,98.05735128737217,98.93500518798828,31329100
QQQ,2015-09-17,98.83337499679752,100.45011084291006,98.51926265295158,98.9719467163086,56139800
QQQ,2015-09-18,97.45315057631673,98.72189842564667,97.39757997445571,97.56427764892578,48384000
QQQ,2015-09-21,98.10142010153389,98.67560257799308,96.9901069286752,97.8698959350586,35772600
QQQ,2015-09-22,96.36964015200603,96.70303559778766,95.50836976132992,96.40668487548828,47359700
QQQ,2015-09-23,96.66595990070893,96.92527288199585,95.98065039976991,96.48074340820312,21775100
QQQ,2015-09-24,95.54539215888478,96.49001472305724,94.7119037391905,96.12883758544922,38284300
QQQ,2015-09-25,97.1568108619288,97.24941912136568,94.72117195195085,95.31387329101562,44700000
QQQ,2015-09-28,94.90640423585032,94.97123072995409,92.32259328704323,92.60041809082031,44077500
QQQ,2015-09-29,92.83192676507893,93.77654931036119,91.45204472679758,92.11883544921875,49315500
QQQ,2015-09-30,93.43389447150302,94.34147233637955,93.07271732771466,94.2396011352539,41411400
QQQ,2015-10-01,94.40629769811969,94.67486658283929,93.15606152929057,94.66560363769531,39339100
QQQ,2015-10-02,93.35056374918558,96.32333374023438,93.0542130447509,96.32333374023438,59370900
QQQ,2015-10-05,97.03638781127145,97.96248428905118,96.82338957809313,97.70317840576172,32853500
QQQ,2015-10-06,97.47165167672293,97.79578402215681,96.48072875465067,97.24012756347656,33051500
QQQ,2015-10-07,97.85137434451315,98.03659084623493,96.58261940449337,97.8235855102539,37389300
QQQ,2015-10-08,97.45314837251249,98.37924497294647,96.50852588335827,98.2125473022461,50188900
QQQ,2015-10-09,98.25884453800279,98.84228989831121,97.99027568518014,98.65706634521484,23916200
QQQ,2015-10-12,98.84230938070193,99.0830894488522,98.49038809323118,98.89787292480469,16162000
QQQ,2015-10-13,98.33295479338145,99.33314099534638,98.16625709305396,98.25886535644531,26999600
QQQ,2015-10-14,98.25884463322679,98.74967468468463,97.69392516045858,98.10140991210938,30902600
QQQ,2015-10-15,98.46259292927849,99.72208490505898,98.33293996696783,99.71282196044922,38393800
QQQ,2015-10-16,99.92582000471457,100.18512591042254,99.44424583792319,100.12956237792969,27091100
QQQ,2015-10-19,99.99992222350971,100.76857709507534,99.77765393397942,100.70375061035156,23776300
QQQ,2015-10-20,100.52777787742514,100.74077611566359,99.84246138038736,100.18511962890625,23404700
QQQ,2015-10-21,100.69448136276341,100.79634548332868,99.53686067098194,99.57389831542969,30195200
QQQ,2015-10-22,100.46297862280717,101.68542605108485,100.17588382551672,101.6020736694336,42778700
QQQ,2015-10-23,104.3340404777119,104.87117110567051,103.78763984036269,104.4451675415039,53170900
QQQ,2015-10-26,104.3710786108892,104.71373687881704,103.97285681080504,104.50999450683594,25918000
QQQ,2015-10-27,104.23216193809266,104.87116370647978,104.20437310854935,104.72299194335938,31390500
QQQ,2015-10-28,104.88043749112151,105.5935287475586,104.03768621341243,105.5935287475586,42221900
QQQ,2015-10-29,105.11197225886649,105.60280236447606,105.00083811463989,105.42684173583984,24913300
QQQ,2015-10-30,105.47314064082319,105.64910125485373,104.92674704123235,104.95452880859375,27199200
QQQ,2015-11-02,105.2323756506964,106.26960659857083,105.01011439956537,106.13995361328125,22176900
QQQ,2015-11-03,105.9269229869167,106.89006426625517,105.76948826596727,106.51036834716797,20418400
QQQ,2015-11-04,106.86230403399627,106.93639347015767,106.07512320506467,106.51964569091797,28633000
QQQ,2015-11-05,106.61223929972341,106.87154520790465,105.6768797890216,106.23253631591797,25004100
QQQ,2015-11-06,106.02880878986402,106.42703065192848,105.35276215822066,106.306640625,29924900
QQQ,2015-11-09,105.90839779383346,106.0473136838971,104.52851596779418,105.1767807006836,33479800
QQQ,2015-11-10,104.62111549085756,105.01007429819023,104.3062390285727,104.908203125,35452100
QQQ,2015-11-11,105.19530507977748,105.70466101506922,104.60260384537767,104.778564453125,22748800
QQQ,2015-11-12,104.35256607099835,104.86192203161572,103.68577538275612,103.7598648071289,31196900
QQQ,2015-11-13,103.32459278251906,103.43572691317505,101.66687909440314,101.72244262695312,52836000
QQQ,2015-11-16,101.62060074065164,103.20422535483148,101.38907655029394,103.18569946289062,33980600
QQQ,2015-11-17,103.36164530849305,103.99139129871686,102.99120524385143,103.2505111694336,30579500
QQQ,2015-11-18,103.66725477447179,105.33422440081864,103.56538358410236,105.23235321044922,32966500
QQQ,2015-11-19,105.28791580975876,105.78800877932781,105.10269226609111,105.30643463134766,26188100
QQQ,2015-11-20,105.80654878670438,106.10289945035558,105.7046775836783,106.0195541381836,22727600
QQQ,2015-11-23,106.05658709656315,106.4455530661617,105.26015046400214,105.71393585205078,20696200
QQQ,2015-11-24,105.0286213586272,105.87136561108854,104.50073950082054,105.62132263183594,26374400
QQQ,2015-11-25,105.77876233605774,105.90841530407162,105.49167463053507,105.71393585205078,14159900
QQQ,2015-11-27,105.94544342543992,106.07509637314762,105.50091398647373,105.86209106445312,8828000
QQQ,2015-11-30,106.17697411383601,106.17697411383601,105.25087753554797,105.5935287475586,25041600
QQQ,2015-12-01,106.01954599709137,106.6492919921875,105.88988596774055,106.6492919921875,28639400
QQQ,2015-12-02,106.73263272780359,107.19568102597194,105.834317898868,105.99175262451172,22395500
QQQ,2015-12-03,106.27884672353662,106.46406321544794,103.57463930896022,104.19512939453125,42754300
QQQ,2015-12-04,104.50998321081626,106.80670552096618,104.29698498353513,106.63074493408203,40037300
QQQ,2015-12-07,106.70484934634428,106.769675824485,105.6398368635556,106.1491928100586,25892100
QQQ,2015-12-08,105.03787881275696,106.50111319411403,105.00083409943134,106.15845489501953,30792600
QQQ,2015-12-09,105.69540063296905,106.2788460030915,103.90803394247176,104.54704284667969,48509200
QQQ,2015-12-10,104.78783923667523,105.72319884827728,104.47296269594835,105.01936340332031,30154600
QQQ,2015-12-11,103.80613968071786,104.0839714205061,102.53739216405305,102.60221862792969,56022200
QQQ,2015-12-14,102.74117080704038,103.42648039100712,101.29645514134869,103.38017272949219,53098500
QQQ,2015-12-15,104.3340424042962,104.90821775263993,103.88025000024614,104.00990295410156,48428000
QQQ,2015-12-16,104.71375192083556,105.73245686152096,103.62095754959489,105.55650329589844,44944100
QQQ,2015-12-17,106.01952144218014,106.01952144218014,104.00063096068763,104.01914978027344,45668800
QQQ,2015-12-18,103.6958949725896,103.92812622208336,102.02383422851562,102.02383422851562,53746100
QQQ,2015-12-21,102.98992820857208,103.17571039339332,102.22820991138731,103.15713500976562,26432800
QQQ,2015-12-22,103.70517904254727,103.98385935754142,103.15711673342952,103.8352279663086,26540300
QQQ,2015-12-23,104.37403091842442,104.6805779202982,104.18824872239355,104.60626220703125,25656900
QQQ,2015-12-24,104.60624421185236,104.87563331075025,104.54121974571392,104.58766174316406,11468600
QQQ,2015-12-28,104.33687084706973,104.55052674639288,103.58444375583879,104.53194427490234,19183600
QQQ,2015-12-29,105.15430145849925,106.4083558101509,105.08927699551349,106.1761245727539,27725700
QQQ,2015-12-30,106.08323804474549,106.12039589726118,105.20076208068892,105.2193374633789,19520100
QQQ,2015-12-31,104.84776208616786,105.04283547600853,103.89096343056603,103.9095458984375,29886800
QQQ,2016-01-04,101.67083607246614,101.81017623668255,100.43537123715633,101.71728515625,50807600
QQQ,2016-01-05,102.2189127735579,102.34896171285054,101.06704770247927,101.5407943725586,38795200
QQQ,2016-01-06,99.77585236786493,101.15065760184054,99.77585236786493,100.56543731689453,41891100
QQQ,2016-01-07,98.41960789143243,99.66437116497548,97.3606338833399,97.41637420654297,61386300
QQQ,2016-01-08,98.12234666246475,98.73544057343611,96.51531035728603,96.61749267578125,69344000
QQQ,2016-01-11,97.30489595343005,97.59286044206759,95.4284705292787,96.91474914550781,50024100
QQQ,2016-01-12,97.84366867242234,98.54036239907792,96.6825124613297,98.03874206542969,46734200
QQQ,2016-01-13,98.43819564037351,98.6797181548431,94.50883928279411,94.657470703125,69870700
QQQ,2016-01-14,95.02902375561123,97.51854286673719,93.5148715746755,96.6732177734375,78445700
QQQ,2016-01-15,93.4684482127371,94.69462908879255,92.4373407616068,93.67280578613281,91443900
QQQ,2016-01-19,94.94541657995524,95.09404797110452,92.78101978450361,93.87715148925781,56563800
QQQ,2016-01-20,92.40017236633082,94.59243596847244,90.33795769930477,93.58919525146484,86675000
QQQ,2016-01-21,93.98863772958322,95.07547834742863,92.72529908268852,93.68209075927734,61660100
QQQ,2016-01-22,95.56779624141222,96.43169672782614,95.24267392655427,96.39453887939453,42229800
QQQ,2016-01-25,96.05082190008532,96.5988841083654,94.88037471444859,94.96398162841797,38881500
QQQ,2016-01-26,95.36345508482982,96.22734863248628,94.52742106936338,95.8186264038086,36143900
QQQ,2016-01-27,95.26125772383335,95.66997988801548,93.03183639676665,93.4312744140625,54524700
QQQ,2016-01-28,94.98259750067018,95.0197553574838,93.13403841879621,94.7503662109375,47641500
QQQ,2016-01-29,94.72247633511162,96.7661083481794,94.694609721127,96.72895050048828,54245100
QQQ,2016-02-01,96.26450716377784,97.35135493508986,95.8929427873027,96.98907470703125,32750300
QQQ,2016-02-02,96.5431874127755,96.58034526780386,94.60173023857584,94.88970184326172,44928100
QQQ,2016-02-03,95.52136515006521,95.52136515006521,92.78103198428576,94.43452453613281,61572900
QQQ,2016-02-04,94.18374748768346,95.17769740065201,93.30127117615439,94.4252700805664,49321600
QQQ,2016-02-05,94.09083216674074,94.12799002433162,90.77456956347396,91.1461410522461,70749900
QQQ,2016-02-08,89.44619959515171,90.15218466238261,88.0992539348338,89.75274658203125,91673100
QQQ,2016-02-09,88.55441869738485,90.83028202891451,88.4150785350772,89.47405242919922,73778400
QQQ,2016-02-10,90.50513607549995,91.67558321126683,89.75270931750212,89.81773376464844,59421700
QQQ,2016-02-11,88.67518166472628,90.40298277096214,88.42437502736612,89.68771362304688,76839200
QQQ,2016-02-12,90.70024891781922,91.14613609753465,89.85493073677246,91.05323791503906,49186500
QQQ,2016-02-16,92.40017041469521,93.10615539550781,91.82423436625133,93.10615539550781,40565900
QQQ,2016-02-17,93.78425284142652,95.34484688682119,93.5427303938763,95.21479797363281,41766500
QQQ,2016-02-18,95.51208726428577,95.53066264965068,94.00722591280578,94.12799072265625,38991500
QQQ,2016-02-19,93.6727875460782,94.69461064976758,93.46843001247518,94.4066390991211,28257900
QQQ,2016-02-22,95.28913213903542,96.03226791746664,95.19624105262346,95.93937683105469,23979100
QQQ,2016-02-23,95.38202272342855,95.6421205988673,94.29518213514422,94.3602066040039,29869700
QQQ,2016-02-24,93.25477959710989,95.38201868420069,92.67884354935977,95.26126098632812,40739100
QQQ,2016-02-25,95.45634234439703,96.19947814941406,94.60172589228044,96.19947814941406,29389300
QQQ,2016-02-26,96.93333715190967,96.95191962354636,95.84649643666405,96.07872772216797,30925000
QQQ,2016-02-29,95.9858073069169,96.70107632945292,95.21479797363281,95.21479797363281,27553900
QQQ,2016-03-01,96.12514387197658,98.27095794677734,95.8278882118867,98.27095794677734,37699800
QQQ,2016-03-02,98.15022043477421,98.32671136827871,97.54641775791671,98.30813598632812,29209800
QQQ,2016-03-03,98.20596717760988,98.23383379793697,97.41638222408447,98.12236022949219,25474600
QQQ,2016-03-04,98.23382345593745,98.79117706521068,97.50926305516869,98.15950775146484,31655400
QQQ,2016-03-07,97.65785397881496,98.22449862914348,96.8589781467824,97.55567169189453,25861200
QQQ,2016-03-08,96.8868758665673,97.73219389227205,96.58032892979233,96.7475357055664,28898500
QQQ,2016-03-09,97.10984378260702,97.3885170975684,96.57106545168986,97.36994171142578,31047400
QQQ,2016-03-10,97.77862113255865,98.33597456492198,95.96721361846106,97.22126770019531,44236100
QQQ,2016-03-11,98.27098938114555,98.92123413085938,97.96444239036494,98.92123413085938,31454000
QQQ,2016-03-14,98.54967685165283,99.32068651382873,98.52181022795878,99.08845520019531,25374900
QQQ,2016-03-15,98.73544604027067,99.16275071984839,98.419607832761,99.05127716064453,26524600
QQQ,2016-03-16,98.80974801553825,100.19384418608657,98.78187431425883,99.93374633789062,31693100
QQQ,2016-03-17,99.64580519410956,100.11026780393733,99.27424077595694,99.87803649902344,29623700
QQQ,2016-03-18,100.1183937382728,100.28609652610209,99.50348825500456,100.0345458984375,37682300
QQQ,2016-03-21,99.85751660959546,100.51900891383744,99.80161805401839,100.42584228515625,17288600
QQQ,2016-03-22,99.85753242787781,100.96623467683872,99.8389019424536,100.73331451416016,18840300
QQQ,2016-03-23,100.53765686124845,100.61218590697605,99.68050530787187,99.90411376953125,20912900
QQQ,2016-03-24,99.41963308332967,99.96000952158144,99.2519302958777,99.93206024169922,19017300
QQQ,2016-03-28,100.21153541556727,100.2301730029946,99.6152605647171,99.79228210449219,13892300
QQQ,2016-03-29,99.60599577228737,101.46003853737746,99.43829294727378,101.39482116699219,29963900
QQQ,2016-03-30,102.00036926596997,102.52210799462509,101.67427545240345,101.88856506347656,23807200
QQQ,2016-03-31,101.81404572981508,102.19603815358607,101.58112560063518,101.73950958251953,21447200
QQQ,2016-04-01,101.12462340327363,102.8575500631697,100.9848698775092,102.82028198242188,26389000
QQQ,2016-04-04,102.82026683548746,102.89480298600284,102.18672377242382,102.42896270751953,17163000
QQQ,2016-04-05,101.63702015084755,102.01901255956172,101.31093340448054,101.44136810302734,20107900
QQQ,2016-04-06,101.54383892908189,103.14633026164628,101.54383892908189,103.10906219482422,25056000
QQQ,2016-04-07,102.51281743922078,102.69915782803972,101.18983266532193,101.62772369384766,28567200
QQQ,2016-04-08,102.2612407015799,102.50347248298637,101.19912563492929,101.55316162109375,22898000
QQQ,2016-04-11,101.9910607724052,102.50348075889727,101.17117742096546,101.18049621582031,25772100
QQQ,2016-04-12,101.25506174968427,102.22401055926974,100.64014905761356,102.02835845947266,28564100
QQQ,2016-04-13,102.81094146584131,103.49107135652879,102.68050676485875,103.33268737792969,25356700
QQQ,2016-04-14,103.35133692441856,103.72401061375112,102.4848736176881,103.3420181274414,17199700
QQQ,2016-04-15,103.25817548031445,103.47245806446665,102.82028440640374,103.0811538696289,21353300
QQQ,2016-04-18,102.78298859313757,103.6680821914407,102.71777124492742,103.63082122802734,17126100
QQQ,2016-04-19,103.82648671734066,103.82648671734066,102.37306017048815,102.9972915649414,42481400
QQQ,2016-04-20,102.99730601708929,103.55631302516602,102.6432627957182,103.0811538696289,18078300
QQQ,2016-04-21,103.02525199663718,103.46314305650212,102.62462901720326,103.09046936035156,20216000
QQQ,2016-04-22,101.74883608233428,102.22399517212438,100.73330765413063,101.53455352783203,39074000
QQQ,2016-04-25,101.22709722807616,101.54386521583038,101.04075684572771,101.53455352783203,14351900
QQQ,2016-04-26,101.74882009212617,101.91652285580527,100.73329182351657,101.04074096679688,19118300
QQQ,2016-04-27,100.00657803218859,100.46310657942327,99.40099141446048,100.23018646240234,33059800
QQQ,2016-04-28,100.34202038346149,100.9289838429241,98.82338322225476,99.01903533935547,29818200
QQQ,2016-04-29,99.01900750905303,99.22397836692856,97.71465332015653,98.49726867675781,67502800
QQQ,2016-05-02,98.74880995600923,99.56869330995461,98.33887538719434,99.42893981933594,24813800
QQQ,2016-05-03,98.72086670577286,99.16807648142026,98.24570765192718,98.50658416748047,38569400
QQQ,2016-05-04,97.91030784267873,98.27366980505359,97.63080793613632,97.873046875,27474500
QQQ,2016-05-05,98.22706225103781,98.4413518649434,97.64941785942209,97.8450698852539,20788100
QQQ,2016-05-06,97.36061227226894,98.38545940087172,97.26744564387926,98.36682891845703,30758500
QQQ,2016-05-09,98.37613597239903,99.10285269919214,98.329556214477,98.64632415771484,19289600
QQQ,2016-05-10,99.0003708369925,100.04384843635326,98.82334926931892,99.99726867675781,21178900
QQQ,2016-05-11,99.84819529080369,100.14633275994349,99.06558709987095,99.09353637695312,20966300
QQQ,2016-05-12,99.32646605437832,99.44758196944125,97.95689448030325,98.65565490722656,29196300
QQQ,2016-05-13,98.57179671857325,99.17738333846425,98.0966376878693,98.29228973388672,21059300
QQQ,2016-05-16,98.44134921654471,99.88544949449717,98.34817549499677,99.5220947265625,18311900
QQQ,2016-05-17,99.43825933578484,99.7270780058435,98.01278225091988,98.2736587524414,29932700
QQQ,2016-05-18,98.0500639067546,99.15876609031142,97.86373063086755,98.6277084350586,27524400
QQQ,2016-05-19,98.24573014371472,98.48796912382039,97.39790437558469,98.11529541015625,27334600
QQQ,2016-05-20,98.50657289108163,99.5966372649809,98.45066723292652,99.19601440429688,29549600
QQQ,2016-05-23,99.30782936651079,99.6618725352633,98.97243089804013,99.06559753417969,15729800
QQQ,2016-05-24,99.61529785681113,101.17120290608875,99.58734857336393,101.05008697509766,29931300
QQQ,2016-05-25,101.43204672058845,102.08422015098363,101.25502517169949,101.77676391601562,37951700
QQQ,2016-05-26,101.87926097341895,102.20534772589129,101.63702205380031,102.07491302490234,21885900
QQQ,2016-05-27,102.14013203375569,102.61529108544903,102.12150155109397,102.60597229003906,19870000
QQQ,2016-05-31,102.74572955460069,102.96001920793523,102.27988928124239,102.80162811279297,24366100
QQQ,2016-06-01,102.4848644494754,103.04387137938623,102.40101660866021,102.81095123291016,19571500
QQQ,2016-06-02,102.60596232349486,103.03453446466759,102.04695549188511,103.02522277832031,15696600
QQQ,2016-06-03,102.82957437077039,102.87615412862277,101.86993753132867,102.5407485961914,20269900
QQQ,2016-06-06,102.7270883841644,103.18360981427749,102.55006682409376,102.91342163085938,12502400
QQQ,2016-06-07,102.96933298283022,103.07181841369922,102.60597813089782,102.6525650024414,12184300
QQQ,2016-06-08,102.82957458496094,103.04385710947535,102.44758218572373,102.82957458496094,14568700
QQQ,2016-06-09,102.41032276798143,102.77367760821555,102.21467070848293,102.66188049316406,17571600
QQQ,2016-06-10,101.73019643198202,101.92584848469998,101.14323316567003,101.49727630615234,32965000
QQQ,2016-06-13,100.91963278155328,101.48795846255994,100.51900987704298,100.64944458007812,25154700
QQQ,2016-06-14,100.37925637860297,101.01279941112722,99.91341612257509,100.64944458007812,24588500
QQQ,2016-06-15,100.89171450902869,101.03146805041705,100.1929539102473,100.36065673828125,24605700
QQQ,2016-06-16,99.86684065255514,100.75193433377207,99.22397879700607,100.65876770019531,32079900
QQQ,2016-06-17,100.45044942166787,100.59057516201497,99.24537945802872,99.47891998291016,29208800
QQQ,2016-06-20,100.63727705637766,101.11369455273315,100.030070320941,100.10480499267578,20562800
QQQ,2016-06-21,100.23557951950879,100.62792582579043,100.04874285431036,100.42240905761719,22804100
QQQ,2016-06-22,100.47847413120456,101.06700082102458,100.09547137272465,100.1795425415039,22724200
QQQ,2016-06-23,100.95487705224711,101.6274747659402,100.53450704473381,101.6087875366211,18714200
QQQ,2016-06-24,97.99359887182052,99.48825670201958,97.20889905653432,97.42375946044922,68012700
QQQ,2016-06-27,96.77921560256581,96.77921560256581,95.05101672391325,95.49007415771484,48222600
QQQ,2016-06-28,96.54565242706448,97.62928389324372,96.49894859792376,97.58257293701172,28260600
QQQ,2016-06-29,98.34858988392038,99.51629256990365,98.30188605273601,99.31077575683594,31356700
QQQ,2016-06-30,99.47891248006613,100.52517651837704,99.14261357943371,100.45978546142578,36300800
QQQ,2016-07-01,100.41308168520479,101.33790729158235,100.37571434612063,100.96424102783203,19902800
QQQ,2016-07-05,100.4317726948464,100.57189843990834,99.80587865051525,100.34769439697266,21167900
QQQ,2016-07-06,99.87126180259398,101.2164502221859,99.55364301980939,101.16974639892578,24579300
QQQ,2016-07-07,101.26317216433792,101.69288587126321,100.99226430249762,101.46868896484375,19161700
QQQ,2016-07-08,102.01051699796957,103.09414865180013,101.84236750434388,103.03810119628906,29457900
QQQ,2016-07-11,103.38370280792525,104.00958961307686,103.37436631979355,103.6265869140625,20218500
QQQ,2016-07-12,104.26182888148298,104.42997833864831,104.00960113218952,104.14972686767578,21906100
QQQ,2016-07-13,104.3926268028406,104.45801787235376,103.88817835498521,103.89752197265625,21107800
QQQ,2016-07-14,104.58878804755726,104.80364846686116,104.3459039055379,104.60747528076172,20871000
QQQ,2016-07-15,104.85031925650924,104.90637381136816,104.20575245588819,104.43929290771484,17999300
QQQ,2016-07-18,104.50470551662798,105.31742189537466,104.48601828545537,105.1305923461914,20713900
QQQ,2016-07-19,104.76625345141238,105.07452857402777,104.56073670300212,104.74756622314453,18936700
QQQ,2016-07-20,105.31742629052872,106.16751716709696,105.18664417522447,105.97134399414062,24997900
QQQ,2016-07-21,106.04605859395768,106.25157535779958,105.43885904435739,105.72844696044922,18885400
QQQ,2016-07-22,105.80319598567682,106.28895711670765,105.47624069295503,106.16751861572266,20003400
QQQ,2016-07-25,106.08343509238144,106.20488071446695,105.82187087110572,106.1768569946289,12968100
QQQ,2016-07-26,106.13949585702818,106.68130443541303,105.76582960749003,106.29830169677734,21223800
QQQ,2016-07-27,107.19507595102752,107.31651442992569,106.5878693023576,107.03627014160156,27646100
QQQ,2016-07-28,107.20443347532354,107.5313887510026,106.86813458402781,107.40995025634766,16939700
QQQ,2016-07-29,107.65281488100854,107.93306630059638,107.30717954088514,107.64347839355469,22385300
QQQ,2016-08-01,107.71820557884612,108.48421804586386,107.58742348402039,108.21331024169922,13990100
QQQ,2016-08-02,108.05453540670842,108.14795019735061,106.70000312466748,107.39128112792969,21278400
QQQ,2016-08-03,107.30718096896906,107.75557469376942,107.24178992047361,107.74623107910156,15011300
QQQ,2016-08-04,107.70887666063533,108.157270409523,107.45664894068214,108.05451202392578,12835300
QQQ,2016-08-05,108.60566958917302,109.33431476505226,108.48422397513313,109.0914306640625,23196600
QQQ,2016-08-08,109.14751008380878,109.17554093709427,108.62438152262021,108.97002410888672,12358200
QQQ,2016-08-09,109.05408716157767,109.56787919381263,108.98869609630155,109.22223663330078,13276500
QQQ,2016-08-10,109.28761384419393,109.31563756474661,108.65238337900045,108.94197845458984,14688400
QQQ,2016-08-11,109.31566620565903,109.64262870334701,109.09146925540679,109.40908813476562,12969800
QQQ,2016-08-12,109.22223852976403,109.493146412638,109.10080001416883,109.48380279541016,19379000
QQQ,2016-08-15,109.62390381153594,110.20308678842525,109.58653647814727,109.95085906982422,11777800
QQQ,2016-08-16,109.7453713407241,109.754707830618,109.32499410147837,109.34368133544922,14161400
QQQ,2016-08-17,109.37169124919406,109.57720803437407,108.76448450945965,109.53984069824219,15980300
QQQ,2016-08-18,109.43709659315408,109.72668457711985,109.25025988810233,109.56787872314453,10036300
QQQ,2016-08-19,109.37169124919406,109.78271769246345,109.07275968722966,109.53984069824219,18743000
QQQ,2016-08-22,109.3810324941034,109.81075331476013,109.17552282707787,109.62391662597656,14500600
QQQ,2016-08-23,110.05362412067093,110.24046079893076,109.773379793917,109.82008361816406,11997900
QQQ,2016-08-24,109.74536846306638,109.89483069545645,108.74581528458138,109.11013793945312,17728700
QQQ,2016-08-25,108.82991978831096,109.26897725740562,108.69913762225214,108.93267822265625,24266300
QQQ,2016-08-26,108.96999217711264,109.80139573698409,108.43752015419396,109.0914306640625,23896000
QQQ,2016-08-29,109.11946014126907,109.53049369893185,109.10078003732549,109.24090576171875,11184900
QQQ,2016-08-30,109.06343364521169,109.38104536287463,108.51228138441124,108.88594055175781,19843300
QQQ,2016-08-31,108.7177796576273,108.88592911611022,108.31608968053426,108.77383422851562,16169800
QQQ,2016-09-01,108.8111849189589,109.18484398989355,108.2787129030781,109.05406188964844,20944700
QQQ,2016-09-02,109.59591773879372,109.82011468904595,108.99805445339275,109.40908813476562,18088200
QQQ,2016-09-06,109.59589863919436,110.09100341796875,109.35301449461193,110.09100341796875,18525200
QQQ,2016-09-07,110.1937546663876,110.34322401553179,109.73601725704253,110.15638732910156,17546900
QQQ,2016-09-08,109.82941429833801,109.85743801500377,109.22220763791773,109.51180267333984,20125300
QQQ,2016-09-09,108.59635845950852,108.83924263315431,106.7373776307122,106.75605773925781,50813300
QQQ,2016-09-12,106.15816079103273,108.82052085698592,106.14881717617959,108.67105865478516,39646000
QQQ,2016-09-13,108.12929881371485,108.4469106116876,107.17645629270308,107.6995849609375,45863900
QQQ,2016-09-14,107.81162746979848,108.80183679550467,107.783596626259,108.21331024169922,28221800
QQQ,2016-09-15,108.24138004567934,110.06299354148832,108.23203642780302,109.89484405517578,38521400
QQQ,2016-09-16,109.77683707088121,109.95477485313778,109.29921873926764,109.84239196777344,27596500
QQQ,2016-09-19,110.12331073031572,110.46045215655518,109.1493545488974,109.36474609375,16222900
QQQ,2016-09-20,109.75808315255487,110.02030983761163,109.38348789236699,109.57078552246094,18078600
QQQ,2016-09-21,110.0390229157563,110.80695453456205,109.39283402671946,110.64775085449219,31546800
QQQ,2016-09-22,111.29395816681063,111.64983370395446,111.18158243503665,111.52808380126953,22614400
QQQ,2016-09-23,111.44380019020294,111.44380019020294,110.65714150078794,110.81634521484375,22213400
QQQ,2016-09-26,110.18891655876648,110.32002637165202,109.7300250687182,109.88922882080078,16403900
QQQ,2016-09-27,109.81431687323088,111.0317661879537,109.71130099687637,110.97557830810547,20238400
QQQ,2016-09-28,111.11602095972569,111.22839668484157,110.59157471104622,111.162841796875,14794300
QQQ,2016-09-29,110.9755551511234,111.18158686084031,109.87984885302632,110.35746002197266,27207500
QQQ,2016-09-30,110.64777344273571,111.50935404070884,110.53539056889032,111.18157958984375,25543200
QQQ,2016-10-03,111.04112681289688,111.16286959386395,110.59160236518613,111.02239990234375,19216400
QQQ,2016-10-04,111.35016606006617,111.59365874865905,110.4323903230303,110.85382080078125,21239700
QQQ,2016-10-05,111.18159170912652,111.60301502832617,111.1347637203497,111.24714660644531,14481300
QQQ,2016-10-06,111.1066747905112,111.42508940965298,110.64779048860656,111.19096374511719,11987100
QQQ,2016-10-07,111.29398068438572,111.45319157819013,110.40430595141721,110.94747924804688,19984200
QQQ,2016-10-10,111.51871627509172,111.89331869353458,111.47188829343129,111.64982604980469,19687300
QQQ,2016-10-11,111.55617174608906,111.5748986508643,109.57078402742843,110.0577621459961,27774400
QQQ,2016-10-12,110.16079890605783,110.33873668747529,109.62699270675334,109.9641342163086,14267800
QQQ,2016-10-13,109.2149171673038,109.8704660175792,108.57809522205916,109.57078552246094,22821000
QQQ,2016-10-14,110.11398300694414,110.55414039445728,109.63636465613752,109.70191955566406,21313300
QQQ,2016-10-17,109.60827630400762,109.85176900534611,109.26176773460087,109.4022445678711,14182700
QQQ,2016-10-18,110.70394169014585,110.89124644669725,110.3199794428708,110.37616729736328,19276700
QQQ,2016-10-19,110.29190699639086,110.52603264413683,110.17016423174415,110.36682891845703,13702900
QQQ,2016-10-20,110.2544365648156,110.47919515219493,109.59888056295142,110.23570251464844,18132200
QQQ,2016-10-21,110.31997647054078,110.71330573128246,109.95474113628839,110.64775085449219,15707800
QQQ,2016-10-24,111.35949700801274,112.05250674107556,111.34076295998771,111.97758483886719,19143000
QQQ,2016-10-25,112.04313490914005,112.06186895636117,111.45314103069471,111.62171173095703,20341800
QQQ,2016-10-26,110.90063539960764,111.47190255319789,110.53539995976439,110.86317443847656,20463700
QQQ,2016-10-27,111.34079058382243,111.43443941234439,110.19825629899054,110.35746002197266,19099800
QQQ,2016-10-28,110.03905406321947,110.61032121335626,109.32731009592733,109.6644515991211,35369300
QQQ,2016-10-31,110.06713645713789,110.06713645713789,109.50523639237933,109.5614242553711,18749400
QQQ,2016-11-01,109.74875989294452,109.76748680422398,107.79146542411331,108.73733520507812,23498700
QQQ,2016-11-02,108.66238926043704,108.91524894900722,107.59477692967882,107.86636352539062,26960100
QQQ,2016-11-03,107.68841289825409,108.04428839598343,106.68635557954931,106.80810546875,36205200
QQQ,2016-11-04,106.54586264077648,107.26697340694642,106.2461821930676,106.43348693847656,26997500
QQQ,2016-11-07,108.15664362049364,109.07441897579136,107.97871305029193,108.9620361328125,26591200
QQQ,2016-11-08,108.84972349269076,110.17018872416358,108.59686373574,109.67384338378906,20777900
QQQ,2016-11-09,108.39079646336775,110.3574502683018,108.25968668603528,110.17951965332031,70234400
QQQ,2016-11-10,110.7133473817915,110.86318409441846,106.948602627117,108.40018463134766,72825400
QQQ,2016-11-11,107.93191933358361,108.68112423465905,107.54794985692189,108.4469985961914,41115200
QQQ,2016-11-14,108.4750875120331,108.57810335978961,106.78938013506054,107.35128021240234,35906000
QQQ,2016-11-15,108.16606418827102,109.21494980712671,108.0068604406171,108.84034729003906,31796600
QQQ,2016-11-16,108.3252278835822,109.56141073143912,108.3252278835822,109.48649597167969,16538100
QQQ,2016-11-17,109.43034135148525,110.30128916647313,109.20558269937672,110.28256225585938,20598600
QQQ,2016-11-18,110.41364894744953,110.60094659416693,109.76745991986424,109.87047576904297,16428700
QQQ,2016-11-21,110.14203779112096,111.11600105569329,110.10457684114367,111.01298522949219,20268500
QQQ,2016-11-22,111.45315927435927,111.62173000221476,111.07855686301961,111.35014343261719,18850600
QQQ,2016-11-23,110.984923713925,111.1066664781942,110.4136565636005,110.900634765625,22926000
QQQ,2016-11-25,111.03173449899862,111.3033210823349,110.9006247201393,111.25650024414062,7162800
QQQ,2016-11-28,111.11603736663723,111.51873377930568,110.89127873827167,111.00365447998047,13479000
QQQ,2016-11-29,111.10662733615683,111.92138687293375,110.78821999795714,111.38758087158203,18553000
QQQ,2016-11-30,111.52808283387901,111.56554379246118,110.00158628262876,110.03904724121094,30405300
QQQ,2016-12-01,110.00160061771497,110.01096764481802,107.96939157819482,108.1379623413086,39796600
QQQ,2016-12-02,108.2034882214146,108.78412228196028,107.90380773902406,108.35332489013672,32876800
QQQ,2016-12-05,108.9152205885343,109.6269571937455,108.41886836668378,109.1961669921875,21419700
QQQ,2016-12-06,109.50522488915972,109.64570167682942,108.99951274051658,109.4583969116211,27293300
QQQ,2016-12-07,109.23367375536273,110.98493636690816,108.90589924115598,110.8444595336914,26622400
QQQ,2016-12-08,110.89127048495857,111.32206080099175,110.67587175446825,111.04110717773438,18578400
QQQ,2016-12-09,111.45317171522169,111.94951692904847,111.44380468903226,111.91205596923828,21863100
QQQ,2016-12-12,111.4157009487048,111.64045954283533,110.94744970971381,111.40633392333984,23259300
QQQ,2016-12-13,111.74346874279324,113.41980893610014,111.74346874279324,112.81108093261719,54477900
QQQ,2016-12-14,112.95158307279458,113.31681852785877,112.24920609844835,112.57698059082031,28746000
QQQ,2016-12-15,112.72677363059196,113.4197832656577,112.4551871322005,112.75486755371094,22762300
QQQ,2016-12-16,113.03201162183022,113.25744210644194,112.11152889093903,112.33695220947266,26283900
QQQ,2016-12-19,112.4496464880355,113.49223899524266,112.28997196576186,112.79717254638672,21138700
QQQ,2016-12-20,113.15409693898184,113.43587423423692,113.02259943464749,113.22924041748047,11461800
QQQ,2016-12-21,113.27619659739263,113.35134007382183,112.89109882132654,113.14469909667969,7079300
QQQ,2016-12-22,113.15409164584847,113.18226865744826,112.38388894245743,112.82534790039062,16645000
QQQ,2016-12-23,112.63751002096743,112.94747153797807,112.53418951529721,112.90050506591797,9007500
QQQ,2016-12-27,113.14469539551074,114.14032134436178,113.09773609883585,113.48283386230469,16110600
QQQ,2016-12-28,113.72704514803014,113.83036563192987,112.52477824382547,112.59991455078125,17975200
QQQ,2016-12-29,112.57175172276071,112.83474674543056,112.08333341867053,112.44025421142578,13267500
QQQ,2016-12-30,112.65627879970346,112.6656663595305,110.96558644092842,111.28494262695312,41749000
QQQ,2017-01-03,112.02696354162623,112.7032404995524,111.67004277653248,112.28057098388672,22307600
QQQ,2017-01-04,112.40265740243211,113.09772371142135,112.39326984377101,112.89108276367188,19749100
QQQ,2017-01-05,112.80655701812692,113.60493672299364,112.80655701812692,113.52980041503906,20644300
QQQ,2017-01-06,113.65189043230879,114.82598020950206,113.36071846070895,114.5254135131836,24074300
QQQ,2017-01-09,114.6193614675116,115.1077869224495,114.54421798735551,114.9011459350586,18909200
QQQ,2017-01-10,114.94809078906775,115.50226492797516,114.685095807651,115.15473175048828,16176600
QQQ,2017-01-11,115.20172663338548,115.4647216796875,114.6099806131284,115.4647216796875,20686000
QQQ,2017-01-12,115.05143685916634,115.36139837023784,114.21548526827223,115.2862548828125,19622500
QQQ,2017-01-13,115.34259426367505,115.87797896967395,115.34259426367505,115.68073272705078,16930800
QQQ,2017-01-17,115.38015784316009,115.5586217989855,114.99506008689195,115.33319854736328,14538500
QQQ,2017-01-18,115.50225968048447,115.68072362379893,115.2110877022981,115.56800842285156,12499700
QQQ,2017-01-19,115.73709624568832,116.14098348974593,115.26746024869466,115.51167297363281,12710700
QQQ,2017-01-20,116.01885139655924,116.31003053204212,115.45528974096456,115.76525115966797,22091000
QQQ,2017-01-23,115.69013027763711,116.02826877021445,115.12656851203376,115.85919952392578,17434200
QQQ,2017-01-24,116.08463494092942,116.81727319554169,115.88738866063753,116.63880920410156,17640900
QQQ,2017-01-25,117.37143010560737,117.84106611299188,117.26810961069664,117.8128890991211,15036200
QQQ,2017-01-26,117.9725464054471,118.17918736511241,117.72833371074485,117.93497467041016,16052200
QQQ,2017-01-27,118.18859266169312,118.27312369853027,117.77531070539675,118.16041564941406,15053000
QQQ,2017-01-30,117.76590389185496,117.76590389185496,116.59181406022668,117.23991394042969,25006700
QQQ,2017-01-31,116.82666295832203,117.0333039699723,116.3288498844796,117.005126953125,19091100
QQQ,2017-02-01,117.83167138634269,118.04770710281335,117.27750433734583,117.8128890991211,22861900
QQQ,2017-02-02,117.60623609523381,118.06647732895318,117.27749235686284,117.70955657958984,15101400
QQQ,2017-02-03,117.8316861193105,118.1698246601923,117.71897804973501,118.04772186279297,16957200
QQQ,2017-02-06,117.85047535136131,118.20739618113595,117.737760115922,118.18861389160156,11630100
QQQ,2017-02-07,118.43280779671558,118.86487924021566,118.32009973847812,118.62066650390625,17541100
QQQ,2017-02-08,118.46098845678321,118.98697848913118,118.23555801485402,118.81790924072266,12569100
QQQ,2017-02-09,118.9400080097833,119.51296448972376,118.87425925795783,119.24996948242188,17542700
QQQ,2017-02-10,119.51294983912895,119.81351654863967,119.30630888270116,119.64444732666016,13915700
QQQ,2017-02-13,120.01080156278468,120.47104291787612,119.9638422541056,120.32077026367188,19120200
QQQ,2017-02-14,120.36771191412436,120.7340274538489,119.98261408578097,120.72463989257812,16333500
QQQ,2017-02-15,120.64009634318423,121.49483729135268,120.57434042463906,121.43846893310547,17891400
QQQ,2017-02-16,121.51360220776247,121.75782207653243,121.09093271539776,121.40089416503906,15098300
QQQ,2017-02-17,121.22240322014443,121.93625888419722,121.20361377315653,121.9268569946289,15563700
QQQ,2017-02-21,122.16170727963173,122.60316624182137,122.09596569598249,122.52802276611328,18479600
QQQ,2017-02-22,122.41531480740939,122.65952035452337,122.20867383210043,122.57498931884766,12110900
QQQ,2017-02-23,122.76282304945232,122.76282304945232,121.62631218212668,122.1147232055664,17489000
QQQ,2017-02-24,121.56057099080493,122.34955596923828,121.52300641989714,122.34955596923828,18624500
QQQ,2017-02-27,122.12416717862315,122.50925786208032,121.91752616205812,122.49987030029297,12008700
QQQ,2017-02-28,122.47166389919137,122.52801792070575,121.78599941717967,122.12413787841797,16598600
QQQ,2017-03-01,122.90371882862493,123.68330179806377,122.66890088232046,123.4578857421875,25813800
QQQ,2017-03-02,123.42973574760688,123.44851086827211,122.68770284888797,122.8379898071289,19951400
QQQ,2017-03-03,122.75348450312349,123.101010626281,122.42473350456744,123.06344604492188,13722700
QQQ,2017-03-06,122.65955623396162,122.99769480772667,122.30264253487837,122.79105377197266,12026200
QQQ,2017-03-07,122.54682415747257,123.11978067493477,122.3683601767977,122.58438873291016,15500900
QQQ,2017-03-08,122.65953089413264,123.18552093751424,122.53743527616076,122.80043029785156,15776000
QQQ,2017-03-09,122.77229825819977,123.06347040086747,122.2369061258167,122.89439392089844,20855300
QQQ,2017-03-10,123.45790854200123,123.60819549510663,122.8755645139087,123.41094207763672,21922600
QQQ,2017-03-13,123.36394632929225,123.64573071643706,123.29820476050972,123.6175537109375,10731600
QQQ,2017-03-14,123.33584420765938,123.38281068939096,122.81924157292802,123.31705474853516,14019700
QQQ,2017-03-15,123.57060498815092,124.36899181092558,123.17611252240447,124.07781982421875,22709100
QQQ,2017-03-16,124.3126494912694,124.3126494912694,123.7115160108692,123.9932861328125,18457300
QQQ,2017-03-17,124.14763863262577,124.27940962913168,123.88409663961396,123.94998931884766,21234500
QQQ,2017-03-20,123.91233534373963,124.34530540702654,123.73351455699516,124.06293487548828,10105200
QQQ,2017-03-21,124.53353695188659,124.64647941002319,122.10517356822545,122.18047332763672,35841900
QQQ,2017-03-22,122.21814776045365,123.13113772539216,122.0581267727339,123.00877380371094,29177900
QQQ,2017-03-23,122.8487654316427,123.18760721135952,122.49109511917428,122.69816589355469,20311700
QQQ,2017-03-24,123.09344856373933,123.57346831584944,122.48165783877788,122.9522705078125,22967600
QQQ,2017-03-27,122.07700450276565,123.36649383794017,121.79463384153196,123.1500015258789,18472400
QQQ,2017-03-28,123.14996306469985,124.27002390853863,122.87701393999917,123.90294647216797,23721900
QQQ,2017-03-29,123.98765518118246,124.52416071415279,123.85588416006128,124.47709655761719,13710000
QQQ,2017-03-30,124.43003861557105,124.81594461168669,124.31709612381619,124.68417358398438,16092400
QQQ,2017-03-31,124.50535897136089,124.93832919790911,124.36418083333824,124.5994873046875,19841400
QQQ,2017-04-03,124.70298983205248,125.0041745677092,123.82764252131187,124.52415466308594,23700300
QQQ,2017-04-04,124.16645930251136,124.74060739992662,124.11939515774738,124.7217788696289,13400000
QQQ,2017-04-05,124.9006527803194,125.63480770829601,123.97825557680407,124.21356201171875,32011200
QQQ,2017-04-06,124.33589691115412,124.60884599263473,123.95939808605473,124.27941131591797,18832200
QQQ,2017-04-07,124.24179763495131,124.59004656279623,123.77118476512194,124.21356201171875,16743100
QQQ,2017-04-10,124.335896994074,124.77827413763477,123.92175546716932,124.2605972290039,15619300
QQQ,2017-04-11,124.14764683933659,124.33590344275659,122.82993678717106,123.7240982055664,33778400
QQQ,2017-04-12,123.70531607055848,123.8088514964872,123.09352496586834,123.22529602050781,15955200
QQQ,2017-04-13,123.05587518343957,123.7806087613648,122.71703329639605,122.73584747314453,23683000
QQQ,2017-04-17,123.08410283187747,123.77119364979963,123.03703866912312,123.75236511230469,13325500
QQQ,2017-04-18,123.33818000022376,123.92174956121438,123.25347315429255,123.56407928466797,12841100
QQQ,2017-04-19,124.10063693224642,124.51476425175483,123.59236691881125,123.76179504394531,17764800
QQQ,2017-04-20,124.26063552624532,125.07009029777146,124.07239323653447,124.79712677001953,21977900
QQQ,2017-04-21,124.91005231663995,124.957102105797,124.4488466148082,124.76885986328125,22454900
QQQ,2017-04-24,126.15251548375906,126.39722906540523,125.93603753222713,126.2748794555664,22469900
QQQ,2017-04-25,126.68897201352415,127.41370538782114,126.57601517493579,127.18782043457031,19384400
QQQ,2017-04-26,127.23484945495085,127.54545557692931,126.93366477912848,127.00896453857422,25398500
QQQ,2017-04-27,127.31958568605128,127.77136993408203,127.24428591771911,127.77136993408203,16136500
QQQ,2017-04-28,128.27960191563625,128.32666605746647,127.79017505408895,127.99724578857422,22771900
QQQ,2017-05-01,128.42084303719164,129.3055975360363,128.36437179036585,129.13616943359375,24815500
QQQ,2017-05-02,129.29615937570733,129.40911621672467,128.96673902447853,129.35263061523438,18345100
QQQ,2017-05-03,129.06084137528507,129.1079055246506,128.59022860555376,128.93849182128906,23827600
QQQ,2017-05-04,128.91967160296727,129.35262733634198,128.5337656600303,128.9855499267578,14630100
QQQ,2017-05-05,129.31498340512348,129.45616149902344,128.83496352390088,129.45616149902344,19330700
QQQ,2017-05-08,129.52204753710043,129.738525390625,129.25850553403694,129.738525390625,13279900
QQQ,2017-05-09,129.93615750220724,130.4820699078972,129.82320069836751,130.19029235839844,28426100
QQQ,2017-05-10,130.26560974121094,130.3126738908743,129.8044184156113,130.26560974121094,20499400
QQQ,2017-05-11,129.90795829198456,130.19973592323947,129.3055744965659,130.16207885742188,27232100
QQQ,2017-05-12,130.21852058907407,130.482062513167,130.10556379163592,130.45382690429688,19738600
QQQ,2017-05-15,130.51034026731625,130.94329598444284,130.38797634805934,130.8679962158203,20481300
QQQ,2017-05-16,131.20683913708342,131.4327384449197,130.82094756722825,131.41390991210938,21786000
QQQ,2017-05-17,130.36914913824063,130.61387697923763,128.053742267944,128.07257080078125,55642200
QQQ,2017-05-18,128.02548610227603,129.62556644953975,127.88429367160087,129.19259643554688,41319900
QQQ,2017-05-19,129.65381853863218,130.28443792895996,129.56911168663933,129.738525390625,36730100
QQQ,2017-05-22,130.03033564372404,130.89627599906473,129.98328584433943,130.83038330078125,19509700
QQQ,2017-05-23,131.21626261555107,131.2256697011206,130.62328589952884,130.96212768554688,19687500
QQQ,2017-05-24,131.35748908203726,131.63045264566358,130.9904115421696,131.56455993652344,15891900
QQQ,2017-05-25,132.06335798680416,133.02341209361023,131.78098744221853,132.6845703125,23928600
QQQ,2017-05-26,132.71277485431108,132.97631680435583,132.53393973921806,132.9198455810547,13851600
QQQ,2017-05-30,132.85401697152855,133.1928588366758,132.76931009573326,133.03285217285156,20306400
QQQ,2017-05-31,133.50342520287046,133.50342520287046,132.30807912508777,132.98574829101562,33229400
QQQ,2017-06-01,133.2587654387577,133.55995026032764,132.69402415060867,133.50347900390625,20120700
QQQ,2017-06-02,133.97406147796474,135.05647964034185,133.75758359027503,135.0282440185547,37222900
QQQ,2017-06-05,135.01879801417707,135.23527586249605,134.81172725075484,134.99996948242188,15727500
QQQ,2017-06-06,134.84000080460945,135.28237807256858,134.26585250121346,134.46351623535156,22393000
QQQ,2017-06-07,134.83995528791738,135.10349726982957,134.21875739453057,134.9905548095703,18842400
QQQ,2017-06-08,135.2917509873976,135.34822221633118,134.39757532274749,135.13174438476562,25417400
QQQ,2017-06-09,135.2918107970058,135.44239602007897,129.9927045893891,131.75279235839844,109783700
QQQ,2017-06-12,130.6421091311264,131.28213561098644,129.39027742696965,131.0468292236328,104454000
QQQ,2017-06-13,131.7809931465084,132.2986701069965,131.09390246911315,132.1104278564453,51193000
QQQ,2017-06-14,132.6469401681399,132.6469401681399,130.4727109488973,131.5363006591797,60093800
QQQ,2017-06-15,130.20915197101314,131.0939063731113,129.4091187918547,130.95272827148438,55145200
QQQ,2017-06-16,130.88471347996023,130.97909818500915,129.90317879243824,130.38450622558594,48087400
QQQ,2017-06-19,131.64928078954975,132.6874412159642,131.45107854026423,132.56475830078125,39626500
QQQ,2017-06-20,132.43259485941562,132.60247011501139,131.47935792160666,131.52655029296875,40935100
QQQ,2017-06-21,131.82856536728616,132.8950525549321,131.7436277331615,132.82899475097656,35743400
QQQ,2017-06-22,133.0366238261757,133.28200400321427,132.45146432540642,132.79122924804688,24099100
QQQ,2017-06-23,132.64023880669475,133.4707786059223,132.27216128678114,133.3009033203125,21654300
QQQ,2017-06-26,134.06535074380852,134.29185109055507,132.38540596701722,132.677978515625,34411100
QQQ,2017-06-27,132.177776126187,132.33821867832611,130.26188381387357,130.2713165283203,65957800
QQQ,2017-06-28,130.75264048141113,132.2627100133835,129.99762011651532,132.1494598388672,57427200
QQQ,2017-06-29,131.60205019142137,131.60205019142137,128.59135846699238,129.8560333251953,88769400
QQQ,2017-06-30,130.22411383862598,130.8753311111359,129.47852622585165,129.90322875976562,68898300
QQQ,2017-07-03,130.49779793008852,130.64879332809627,128.44977613353402,128.5347137451172,32797000
QQQ,2017-07-05,128.9405709563304,130.14862087087164,128.5064356688717,129.79942321777344,42116600
QQQ,2017-07-06,128.80844225925102,129.35584213252486,128.16667203608998,128.62911987304688,48430500
QQQ,2017-07-07,129.06330240592877,130.36573741515792,129.05386968886722,130.0165252685547,36970400
QQQ,2017-07-10,130.10143827743642,131.17735814440607,129.77110606519793,130.86590576171875,24853500
QQQ,2017-07-11,130.67716092408642,131.39443609132266,130.18638612487658,131.23399353027344,31517700
QQQ,2017-07-12,132.3570939808948,132.9422390805738,132.09283397451782,132.79122924804688,36045800
QQQ,2017-07-13,132.95170175414657,133.40473135381345,132.69688880556419,133.08383178710938,31073600
QQQ,2017-07-14,133.67833276731076,134.3012372402795,133.2536304088625,134.13134765625,34544800
QQQ,2017-07-17,134.2729841631494,134.66937416662017,133.9426519597121,134.19747924804688,25343200
QQQ,2017-07-18,134.1030731245464,135.1223677142947,133.67837064575653,135.09405517578125,25748500
QQQ,2017-07-19,135.49049650605707,136.0850888425376,135.43387140755286,135.8868865966797,33752300
QQQ,2017-07-20,136.23611285878602,136.32105051536604,135.45276531221592,136.06622314453125,36139400
QQQ,2017-07-21,135.5659696329471,136.00955200195312,135.29227692068943,136.00955200195312,39697100
QQQ,2017-07-24,135.99069214402743,136.72684716216858,135.83024957864714,136.63247680664062,26712700
QQQ,2017-07-25,136.17943144157843,136.6041483959535,135.91517143504166,136.2832489013672,28120900
QQQ,2017-07-26,136.62301969395406,136.80234207775618,136.4059520509209,136.72683715820312,18610600
QQQ,2017-07-27,137.62341504069914,137.75554501696632,134.3012714074402,135.8679656982422,80665900
QQQ,2017-07-28,135.0563653043626,135.98127554426495,134.83928321862825,135.7547607421875,38013200
QQQ,2017-07-31,136.1416550571813,136.31153027921965,134.8864131125791,135.17898559570312,33848600
QQQ,2017-08-01,135.64142725579808,135.67917249908803,135.07514779885548,135.49041748046875,20149400
QQQ,2017-08-02,136.36817499569025,136.39648753378486,134.59384580262883,135.8585205078125,41769700
QQQ,2017-08-03,135.99069772761084,136.0662026557885,135.08466739166386,135.33004760742188,27112800
QQQ,2017-08-04,135.63209422010007,135.87747448452444,135.018621957396,135.57545471191406,29472900
QQQ,2017-08-07,135.82082265459735,136.4342803955078,135.63206753440124,136.4342803955078,17933900
QQQ,2017-08-08,136.16997542523256,137.2930874613654,135.81133073441023,136.1982879638672,30810400
QQQ,2017-08-09,135.07516182383992,136.08502359998937,134.76370953029158,136.01895141601562,36169500
QQQ,2017-08-10,135.24509880729113,135.33946915890922,132.97056163725222,133.10269165039062,63331700
QQQ,2017-08-11,133.28200911844192,134.40512138919314,132.97998944179685,134.112548828125,45862500
QQQ,2017-08-14,135.1789954721796,136.0472802730173,135.14125022044232,135.8396453857422,34161000
QQQ,2017-08-15,136.17938583230878,136.18883294436483,135.56592839425582,135.9340057373047,25509200
QQQ,2017-08-16,136.27380035788573,136.81176742368993,135.71696786601333,136.16998291015625,31913000
QQQ,2017-08-17,135.6414756004447,135.8491105152555,133.3858184814453,133.3858184814453,70191000
QQQ,2017-08-18,133.46133254080252,134.20692022155458,132.74404300372916,133.29144287109375,60751900
QQQ,2017-08-21,133.281948216801,133.57452064418155,132.30039911730285,133.1215057373047,37111500
QQQ,2017-08-22,133.83884367209228,135.29228818549706,133.79165129678336,135.1507110595703,36294200
QQQ,2017-08-23,134.47117035867998,134.97137781430771,134.3768000167462,134.66937255859375,25702300
QQQ,2017-08-24,134.97129828532002,135.12230802474264,133.51786914635107,134.2729034423828,38160800
QQQ,2017-08-25,134.79204937832174,135.13179983900565,133.81050004383144,133.9898223876953,26380400
QQQ,2017-08-28,134.39567373407039,134.71657323949017,133.97097116644775,134.40512084960938,15362100
QQQ,2017-08-29,133.25367963281784,135.16013899626418,133.1309823546434,134.93362426757812,24498300
QQQ,2017-08-30,135.04688570005018,136.74571030422769,134.96194807011383,136.51919555664062,33642700
QQQ,2017-08-31,136.90615108757163,137.9915180378941,136.8306461726813,137.98207092285156,38480700
QQQ,2017-09-01,138.16138187233574,138.35013694341026,137.42522701438298,137.79330444335938,22293600
QQQ,2017-09-05,137.38748541691896,137.68005794503406,135.528218395122,136.55694580078125,44794300
QQQ,2017-09-06,136.9061415487829,137.283666096931,135.98123160772576,136.9722137451172,30722700
QQQ,2017-09-07,137.2270491307149,137.64231900127265,136.79291383047098,137.29312133789062,22721100
QQQ,2017-09-08,137.11379053884068,137.1798627419641,135.96236575058236,136.10394287109375,27890100
QQQ,2017-09-11,137.17038589340308,137.90654067700302,137.13264064343605,137.67059326171875,27126300
QQQ,2017-09-12,138.05754059878555,138.18023785430034,137.34969840359037,138.00091552734375,30256700
QQQ,2017-09-13,137.76500995856168,138.2085923543226,137.53849520293141,138.18971252441406,28450900
QQQ,2017-09-14,137.6517435966982,138.06699899822672,137.29309887605777,137.37803649902344,35296400
QQQ,2017-09-15,137.34972238969874,138.35013722944188,137.12320766328773,137.8499298095703,46422400
QQQ,2017-09-18,138.0097895881309,138.44487506777136,137.25310224612633,137.66928100585938,24858200
QQQ,2017-09-19,137.9152303396918,138.1043986110442,137.4423024450038,137.90577697753906,20871200
QQQ,2017-09-20,137.85845426636143,138.00979462680985,136.42074970732384,137.48011779785156,34236200
QQQ,2017-09-21,137.38555591855825,137.3950092808838,136.15594048336672,136.63833618164062,28841800
QQQ,2017-09-22,136.20320916677628,136.70451149035063,136.06133659693876,136.50588989257812,21702400
QQQ,2017-09-25,135.9667515214177,136.04242170635177,134.40609545091235,135.0681915283203,54947700
QQQ,2017-09-26,135.75864517006073,136.0140302082491,134.945208824351,135.4181365966797,29628800
QQQ,2017-09-27,136.13701932610138,137.1490919668912,135.79652509101047,136.63833618164062,33249400
QQQ,2017-09-28,136.30724386649106,136.73287597740244,135.9951098031266,136.59100341796875,24149400
QQQ,2017-09-29,136.86530008463532,137.6787364639798,136.50588477697903,137.57469177246094,43102400
QQQ,2017-10-02,137.78281643160014,138.25574434456615,137.08287792466925,137.69769287109375,27351300
QQQ,2017-10-03,137.87733144993769,138.15162313724295,137.57465082556692,137.99082946777344,19715200
QQQ,2017-10-04,137.7260181837925,138.4164886488959,137.59359899277803,138.12327575683594,26381100
QQQ,2017-10-05,138.62461230393293,139.55154687034013,138.48273971868136,139.47589111328125,31562400
QQQ,2017-10-06,139.00292785345968,139.66502380371094,139.00292785345968,139.66502380371094,23561100
QQQ,2017-10-09,139.84475052275982,139.9960764437963,139.3245270774799,139.50424194335938,13704800
QQQ,2017-10-10,139.9771900299108,140.11906261165407,138.9934920211153,139.60830688476562,19223100
QQQ,2017-10-11,139.5420634614802,140.05283352362844,139.36234860378397,140.02444458007812,12439100
QQQ,2017-10-12,139.81639967650273,140.31770205427694,139.62721698611682,139.76910400390625,14513500
QQQ,2017-10-13,140.3365715309889,140.46899071954635,139.77852026725452,140.30819702148438,18409900
QQQ,2017-10-16,140.6581539498327,140.82840098336686,140.35547331340692,140.7905731201172,21809400
QQQ,2017-10-17,140.74331029881913,140.98922754882662,140.52576756101976,140.97030639648438,13138200
QQQ,2017-10-18,141.11218287175902,141.13110402269092,140.59195946570233,140.800048828125,17218200
QQQ,2017-10-19,139.97716466886433,140.29875208429235,139.2961475346579,140.2798309326172,27680300
QQQ,2017-10-20,140.84738665190747,140.9703380882469,140.48795683965287,140.65821838378906,30173300
QQQ,2017-10-23,140.95137059298577,140.96082395090104,139.54204090280157,139.7406768798828,29297100
QQQ,2017-10-24,140.0149701986889,140.27035519141933,139.45691899049928,139.97714233398438,20289500
QQQ,2017-10-25,139.70286429214494,140.15687092295548,138.40704678441395,139.44747924804688,36179100
QQQ,2017-10-26,139.3623449608876,139.71232130768826,138.96508738549534,139.0029296875,28230200
QQQ,2017-10-27,141.33922786084935,143.31607748792428,141.12168506398797,143.05123901367188,60165100
QQQ,2017-10-30,142.94714014673997,143.94974462413012,142.8147209597754,143.37277221679688,31733400
QQQ,2017-10-31,143.83628577168076,144.12003094061123,143.4201069470989,143.9119415283203,26319300
QQQ,2017-11-01,144.48887767033668,144.55509448147055,143.29710496341,143.8646240234375,29481600
QQQ,2017-11-02,143.7038453522692,143.76060881599645,142.60666374128277,143.59034729003906,31017400
QQQ,2017-11-03,144.11059645654564,144.99023546068165,143.618747378283,144.97132873535156,26199200
QQQ,2017-11-06,144.8577877240061,145.51989822829307,144.81050648736726,145.463134765625,28693900
QQQ,2017-11-07,145.3496580004725,145.73746233948876,145.0375238568214,145.5482940673828,21333100
QQQ,2017-11-08,145.47263887048092,146.17256299269755,145.30237730520153,146.13473510742188,17373500
QQQ,2017-11-09,144.93339997831862,145.44416990989282,143.8740466870627,145.36849975585938,40594500
QQQ,2017-11-10,145.02805949886394,145.47261284254535,144.77267441294606,145.35910034179688,20150800
QQQ,2017-11-13,144.8104591000084,145.72793993931424,144.8104591000084,145.53875732421875,12522400
QQQ,2017-11-14,145.02801538808654,145.18880907991024,144.30917045417917,145.00909423828125,25173800
QQQ,2017-11-15,144.3848740356133,144.71592932017538,143.56198415399368,144.328125,24808000
QQQ,2017-11-16,145.05641320562654,146.50357109719224,145.02803869266336,146.17251586914062,34790600
QQQ,2017-11-17,146.2103804224567,146.3144251300236,145.47261410793246,145.61448669433594,28725800
QQQ,2017-11-20,145.7184581947427,145.85087735306453,145.29282621675145,145.50091552734375,21143900
QQQ,2017-11-21,146.19149004156517,147.1468137664978,146.1252876315116,147.08059692382812,20147800
QQQ,2017-11-22,147.2130040035663,147.40217228715497,146.92924436187587,147.2602996826172,17299000
QQQ,2017-11-24,147.41163330565956,147.84671889465002,147.326495314236,147.79942321777344,8280600
QQQ,2017-11-27,147.75210596711563,148.0831467593504,147.39267622958172,147.73318481445312,22653400
QQQ,2017-11-28,148.0642460761575,148.20613309182565,147.26973074582162,148.11154174804688,25227300
QQQ,2017-11-29,147.94126179722656,147.97908966677053,144.82938912883336,145.52932739257812,71986300
QQQ,2017-11-30,146.14414942895652,147.03325603787806,145.80364082197832,146.74949645996094,56595500
QQQ,2017-12-01,145.850907460367,146.83460521033717,144.015945578692,146.12521362304688,59015800
QQQ,2017-12-04,147.04272286032614,147.20351658580822,144.29973286871925,144.44161987304688,51319100
QQQ,2017-12-05,144.41321275377902,146.181972376732,143.86462925710052,144.5361785888672,40604200
QQQ,2017-12-06,143.99703957900977,145.4158227606631,143.82677809225473,145.18881225585938,28647800
QQQ,2017-12-07,145.17934660989619,146.096827477657,145.02800628616896,145.68064880371094,32666200
QQQ,2017-12-08,146.74949995856878,147.10892972800696,146.09687167619546,146.32386779785156,28081700
QQQ,2017-12-11,146.39010088012526,147.50620375585646,146.38063308559674,147.4589080810547,20821500
QQQ,2017-12-12,147.39271892439075,147.6953852916096,146.94816552001922,147.2602996826172,20310300
QQQ,2017-12-13,147.85617098031946,148.01696471852463,147.32647966123972,147.54403686523438,24418500
QQQ,2017-12-14,147.79934134086523,148.17769211366743,147.27913248124733,147.43992614746094,24594700
QQQ,2017-12-15,148.01690872998984,149.27489807581128,147.77097710243228,149.1140899658203,49816200
QQQ,2017-12-18,150.09891136990166,150.48752657009803,149.82404602268423,150.3643035888672,26844500
QQQ,2017-12-19,150.080001730657,150.23165861105153,149.0563394821881,149.473388671875,31415000
QQQ,2017-12-20,149.99465135996272,150.02308520793656,148.72455794116,149.3122100830078,38972600
QQQ,2017-12-21,149.5207711291126,149.994687994815,149.16058968308437,149.33120727539062,18638700
QQQ,2017-12-22,149.10367002970057,149.21740540975253,148.76244942675476,149.16053771972656,23330400
QQQ,2017-12-26,148.32650083842194,148.54449853972017,147.81466254153716,148.3549346923828,21918700
QQQ,2017-12-27,148.36439771986565,148.77197370354173,148.23170158948605,148.37387084960938,22388200
QQQ,2017-12-28,148.84782704500827,148.8762753673525,148.37391010216365,148.5540008544922,25393800
QQQ,2017-12-29,148.68667858068312,148.7151124367038,147.57771480748988,147.63458251953125,33186000
QQQ,2018-01-02,148.39285648434495,150.26009021567134,148.0232018831725,150.22218322753906,32573300
QQQ,2018-01-03,150.36433548442506,151.81451986809927,150.33590163084668,151.68182373046875,29383600
QQQ,2018-01-04,152.20323070703824,152.40226780704643,151.72931356613805,151.9473114013672,24776100
QQQ,2018-01-05,152.6675709111186,153.57748310381623,152.383217927353,153.4732208251953,26992300
QQQ,2018-01-08,153.47318806661906,154.14615616912735,153.41632037456296,154.07032775878906,23159100
QQQ,2018-01-09,154.37364481042138,154.5347747774991,153.61538954483012,154.07981872558594,24782400
QQQ,2018-01-10,153.39739030731755,153.74809858305758,152.71494894070165,153.7196502685547,34004000
QQQ,2018-01-11,153.98508496802987,154.78126188614814,153.7481265188664,154.7717742919922,20473500
QQQ,2018-01-12,154.63905632860636,156.07029441588074,154.44001935854706,155.90916442871094,37762700
QQQ,2018-01-16,156.94225609550432,157.7384326803737,154.9991947330953,155.46363830566406,41231800
QQQ,2018-01-17,156.20298089216155,157.37828530538852,155.44471111610974,157.14132690429688,33849900
QQQ,2018-01-18,156.8949199172569,157.5299667959894,156.52526533223966,157.1697998046875,26432200
QQQ,2018-01-19,157.63417906850586,157.9185319966287,156.90434326097505,157.66261291503906,38937600
QQQ,2018-01-22,157.6057669013891,159.3497772216797,157.42567620671264,159.3497772216797,26081400
QQQ,2018-01-23,159.84268661036114,160.8094811066508,159.76685817312315,160.66729736328125,37989700
QQQ,2018-01-24,161.00847790933233,161.35918615186537,158.705249362181,159.62464904785156,54287400
QQQ,2018-01-25,160.72412222788344,160.78098991983535,159.05592612907853,159.56776428222656,28925000
QQQ,2018-01-26,160.45875224504908,162.0321595751213,160.14597986780723,162.01319885253906,32038200
QQQ,2018-01-29,161.67193851189933,161.99419837397016,160.88523511016953,161.22645568847656,37277800
QQQ,2018-01-30,159.7573363779669,160.58194687970052,159.06542198527998,159.89950561523438,44987700
QQQ,2018-01-31,160.80000778025146,161.1222822828066,159.55834774374998,160.56304931640625,42449200
QQQ,2018-02-01,159.3308467709357,160.8758058286026,158.6863123503996,159.19815063476562,38037900
QQQ,2018-02-02,158.57260938497438,158.95173714795456,155.89023779663816,156.02293395996094,68478100
QQQ,2018-02-05,154.5632326079805,157.10341972228463,149.75770929786407,149.87144470214844,105372200
QQQ,2018-02-06,147.68196141062802,154.0324440899537,147.0090076059064,153.84288024902344,118537900
QQQ,2018-02-07,153.34999665936536,155.01819310462832,151.8429446584872,151.85243225097656,91028300
QQQ,2018-02-08,152.2409858696941,152.4116033909022,145.4450225830078,145.4450225830078,94184800
QQQ,2018-02-09,147.50189276168467,149.03739336731167,142.298294405293,147.9568634033203,113836600
QQQ,2018-02-12,149.47334243112738,151.60596783999418,148.2980381286497,150.58230590820312,63050600
QQQ,2018-02-13,149.719809938136,151.66285735326272,149.4923246551952,151.35955810546875,31785600
QQQ,2018-02-14,150.468608543384,154.43054669548692,149.757733227431,154.19358825683594,52107400
QQQ,2018-02-15,155.5773970031958,157.05601501464844,153.96608287437675,157.05601501464844,51633900
QQQ,2018-02-16,156.54422388952386,158.0607491950723,156.08925328134373,156.3546600341797,62256300
QQQ,2018-02-20,155.8049169687526,157.9849230307314,155.73856166389126,156.6674346923828,36785600
QQQ,2018-02-21,157.4351495465662,158.97063518273274,156.1271346933628,156.221923828125,41161800
QQQ,2018-02-22,156.90435998507564,157.7384581397299,155.8048840554223,156.20297241210938,37074400
QQQ,2018-02-23,157.46355166462348,159.39712524414062,156.8190174962588,159.39712524414062,50096900
QQQ,2018-02-26,160.14598068480566,161.51084899902344,160.0132845516403,161.51084899902344,39266700
QQQ,2018-02-27,161.55818771546632,161.8235798900375,159.43505031889686,159.5108642578125,42209900
QQQ,2018-02-28,160.42081760131043,160.94212891148004,158.38298139030985,158.48724365234375,42936300
QQQ,2018-03-01,158.57254023498504,159.30237604639353,154.49685347767831,155.89964294433594,76809900
QQQ,2018-03-02,154.02295767885505,157.60576747583823,153.5111339061972,157.33090209960938,57445100
QQQ,2018-03-05,156.59160115936658,159.48248217509507,156.0039344711269,159.07492065429688,38540200
QQQ,2018-03-06,159.85214130965107,160.28815115779622,158.74317766065695,159.7478790283203,29480900
QQQ,2018-03-07,158.52515457958796,160.2502185102771,158.25028922526062,160.1175079345703,34609400
QQQ,2018-03-08,160.78101051071332,161.1127435771806,160.13647617286992,160.99900817871094,25828400
QQQ,2018-03-09,162.14589291679673,164.12686157226562,161.90893452845475,164.12686157226562,38310500
QQQ,2018-03-12,164.61027083474934,165.37801378921114,164.24061628397905,164.99888610839844,37635000
QQQ,2018-03-13,165.37800642158484,166.0699353792937,162.3354685922046,162.7525177001953,55638900
QQQ,2018-03-14,163.60552211484276,163.72874508370208,162.01315449813137,162.72402954101562,40536400
QQQ,2018-03-15,162.83778247319705,163.52969681182228,161.98472372787126,162.5818634033203,28810400
QQQ,2018-03-16,162.8567958655921,163.21696284261856,162.02269756823554,162.09852600097656,31176700
QQQ,2018-03-19,160.5387116976546,160.65263163158704,157.2538802354402,158.6399688720703,71395100
QQQ,2018-03-20,158.7063542988606,159.53230246431488,158.17470883667153,159.16204833984375,34075700
QQQ,2018-03-21,158.74435039364795,160.2158640317878,157.77598780092563,158.46902465820312,43863500
QQQ,2018-03-22,156.27600740878924,157.3772815733106,154.3582733617787,154.55764770507812,66607300
QQQ,2018-03-23,154.37729201963617,155.03236063774952,150.40891182692076,150.48486328125,80110400
QQQ,2018-03-26,153.53229159046967,156.26648492532192,151.10190395338012,156.07659912109375,57481500
QQQ,2018-03-27,157.23488343224142,157.23488343224142,149.69687235185913,151.0260009765625,78889100
QQQ,2018-03-28,150.16203975371738,151.6905279528314,148.13987447843635,149.2886199951172,89369700
QQQ,2018-03-29,150.0956196813061,153.52285091307365,148.70004260581092,152.02284240722656,68692600
QQQ,2018-04-02,150.94055674999305,151.65258526531605,146.08926855280865,147.63673400878906,85549400
QQQ,2018-04-03,148.92787199117498,149.92471475875274,146.62090667325108,149.29812622070312,64090000
QQQ,2018-04-04,146.41205387097497,152.11777059081768,146.2411594914853,151.652587890625,65768700
QQQ,2018-04-05,153.16205944953407,153.3994022526568,151.40571691192355,152.5164794921875,43054900
QQQ,2018-04-06,150.8361128349577,152.33612118808048,147.98799900944118,148.7000274658203,59870900
QQQ,2018-04-09,149.98163597785137,152.73482074314782,149.487973456835,149.74429321289062,41810400
QQQ,2018-04-10,152.09877025496803,153.54180408614096,151.0164876384607,153.0481414794922,48296800
QQQ,2018-04-11,152.08928598110194,153.79815729271687,151.99435753872484,152.1652374267578,41622100
QQQ,2018-04-12,153.08611006721637,154.5291583857069,153.00067013364756,153.9975128173828,30467900
QQQ,2018-04-13,154.7664986534979,154.99433847261096,152.53547051631546,153.2000274658203,44604900
QQQ,2018-04-16,154.2728396661685,154.92790819547514,153.30447686257358,154.36778259277344,28180800
QQQ,2018-04-17,155.92475103817725,158.032356530537,155.6114567637717,157.69058227539062,35536100
QQQ,2018-04-18,157.6905382404215,158.54496639656057,156.94052699366918,158.01332092285156,29573900
QQQ,2018-04-19,157.21590535797452,157.5861596144527,156.0196881553085,156.5608367919922,34705700
QQQ,2018-04-20,156.16210292714638,156.27602285671782,153.54182865694233,154.08297729492188,49197100
QQQ,2018-04-23,154.83292218050698,155.44051907742337,152.86773162573547,153.6936798095703,33040600
QQQ,2018-04-24,154.4247500326172,154.66209287436675,149.421558872385,150.43739318847656,70256800
QQQ,2018-04-25,150.70323703728084,151.24437125911078,148.54815967738335,150.61778259277344,52089300
QQQ,2018-04-26,152.56393837840807,154.3012892924552,152.07026133244153,153.78863525390625,43005500
QQQ,2018-04-27,156.04810968529424,156.08609263833787,153.010125323149,153.883544921875,51043400
QQQ,2018-04-30,154.2443459146138,155.2032056481879,152.41205189577263,152.79180908203125,35615300
QQQ,2018-05-01,152.3930767083481,154.55764199379732,152.03231099868805,154.5386505126953,36513500
QQQ,2018-05-02,154.80446934641603,155.28865794148024,153.44687545056166,153.62725830078125,38646800
QQQ,2018-05-03,152.84876126078336,154.17787512941874,151.15888170512352,153.60826110839844,60337100
QQQ,2018-05-04,152.94372301776755,156.88360813869977,152.82978861052226,156.52284240722656,41543200
QQQ,2018-05-07,157.25382735990206,158.3361098271246,157.13040448213658,157.82345581054688,32500200
QQQ,2018-05-08,157.4911845121246,158.00383857550727,156.51333335536808,157.66207885742188,26040200
QQQ,2018-05-09,157.94690267480092,159.49438256986068,157.3867770698584,159.38046264648438,29122700
QQQ,2018-05-10,159.8931211678611,161.14629830435564,159.76969825665134,161.03236389160156,27067600
QQQ,2018-05-11,160.84252544873803,161.26025124642587,160.17796826435293,160.88050842285156,24688800
QQQ,2018-05-14,161.25076570467192,162.17165727930936,160.88999987527487,161.15582275390625,21821700
QQQ,2018-05-15,159.88359442243134,159.96903434686527,158.5259861826594,159.3709259033203,49361600
QQQ,2018-05-16,159.57983420835427,160.79502843428838,159.50388275845117,160.42477416992188,22941200
QQQ,2018-05-17,159.86462292060756,161.02285699518038,159.02917159173393,159.8076629638672,27480200
QQQ,2018-05-18,159.19055304486287,159.74119006946697,158.7443619161151,158.98170471191406,26217900
QQQ,2018-05-21,160.21591980738657,160.91845989158284,159.1905969086644,159.8741455078125,22954600
QQQ,2018-05-22,160.60513545466347,160.87095825044787,159.38045289453206,159.66525268554688,19477700
QQQ,2018-05-23,158.45008281623265,161.0323742149248,158.43110581810473,161.01339721679688,26557800
QQQ,2018-05-24,160.9658966064453,161.25071087563836,159.34246541242376,160.9658966064453,27696500
QQQ,2018-05-25,160.94693644746897,161.706436484372,160.64314512446273,161.1273193359375,27460500
QQQ,2018-05-29,160.39624594842917,161.31713708294538,159.45637782183783,160.4152374267578,41220500
QQQ,2018-05-30,160.99438129254085,161.84880963884973,160.6526070567661,161.56399536132812,22665800
QQQ,2018-05-31,161.5640422070433,162.53240523689254,161.04189944748958,161.45962524414062,35670900
QQQ,2018-06-01,162.26653734244198,164.08932846060375,162.21906588121905,163.99440002441406,45543300
QQQ,2018-06-04,164.41214272104426,165.51341709289804,164.30772576710564,165.47544860839844,20459600
QQQ,2018-06-05,165.86467446124766,166.26340868876403,165.25707737842407,165.9880828857422,24779300
QQQ,2018-06-06,166.15898293375741,166.98493139850646,165.32353148400634,166.95645141601562,25036600
QQQ,2018-06-07,166.98491966772062,167.02288814628852,164.7633942719543,165.5988311767578,39600300
QQQ,2018-06-08,164.8203726449501,166.02607840332686,164.41213540189386,165.6083526611328,31780300
QQQ,2018-06-11,165.48495196602633,166.46280350009977,165.45647197852983,166.05458068847656,22319700
QQQ,2018-06-12,166.28236801762193,167.08933937158923,166.10199964925502,166.92794799804688,22511800
QQQ,2018-06-13,167.1842645343281,168.17160415179833,166.5481731188738,166.91844177246094,37858600
QQQ,2018-06-14,167.68749167035816,168.88369453809815,167.5640687404987,168.60838317871094,35916000
QQQ,2018-06-15,167.97225815172501,168.35201536573092,167.19378121396173,168.0197296142578,49615700
QQQ,2018-06-18,166.96177160179127,168.06538840499113,166.4384968793943,167.9226837158203,31633200
QQQ,2018-06-19,165.80103700509062,167.48501018899896,165.2682535446048,167.44696044921875,38236000
QQQ,2018-06-20,168.21759548413925,169.33073547293205,168.0653674897931,168.63621520996094,33038000
QQQ,2018-06-21,169.06438026538538,169.23564042533826,166.8476086145721,167.1710968017578,43469400
QQQ,2018-06-22,167.73242008283626,167.79901077096955,166.20066004860738,166.800048828125,30073200
QQQ,2018-06-25,165.2872892705918,165.53466341668593,161.5577901211945,163.04197692871094,77799700
QQQ,2018-06-26,163.64137209380692,164.6498572967393,163.041983352823,163.70797729492188,39008100
QQQ,2018-06-27,164.4025047587715,165.1445982238207,161.36752569458307,161.481689453125,52843500
QQQ,2018-06-28,161.28193115565128,163.422589107246,160.9489341118302,162.8707733154297,46407700
QQQ,2018-06-29,163.65088591554454,164.51666645299272,163.07052928813306,163.30838012695312,36408500
QQQ,2018-07-02,161.77662890289173,164.45008467047194,161.42461428790406,164.4025115966797,31770000
QQQ,2018-07-03,165.02089239525947,165.02089239525947,162.3379427534464,162.4996795654297,25512700
QQQ,2018-07-05,163.5557807968867,164.64988902586936,162.7185410630294,164.51669311523438,31626200
QQQ,2018-07-06,164.8972658273305,167.19966061444674,164.59280973121645,167.0759735107422,37005600
QQQ,2018-07-09,167.94169369044104,168.6171818197497,167.27571436673514,168.57913208007812,27362100
QQQ,2018-07-10,168.89311283386937,169.08339058473092,168.1224785066599,168.7028350830078,23902500
QQQ,2018-07-11,167.3803648040443,168.46497843265436,167.25669225476,167.8465576171875,30280600
QQQ,2018-07-12,168.58868010223097,170.73886108398438,168.4745163393994,170.73886108398438,27930100
QQQ,2018-07-13,170.72930276430316,171.1574313044313,170.253601160325,170.88153076171875,28049800
QQQ,2018-07-16,170.91961865467658,171.20504258422721,170.18704847345563,170.4724578857422,21405300
QQQ,2018-07-17,168.66477463549015,171.87099908763918,168.66477463549015,171.5094757080078,31034100
QQQ,2018-07-18,171.52852572836923,171.6712449596522,170.66275960121806,171.18601989746094,23220800
QQQ,2018-07-19,170.56759327171355,171.13844109479385,170.12995585564676,170.32974243164062,31094100
QQQ,2018-07-20,170.84351799261015,171.41435133055936,170.1014099739274,170.2917022705078,35897300
QQQ,2018-07-23,169.78743422786638,170.91008312000614,169.10242271097164,170.83396911621094,22184700
QQQ,2018-07-24,172.59406783645542,173.2029653384808,170.83396600920034,171.5380096435547,36900300
QQQ,2018-07-25,171.61413570751634,174.04020256253918,171.52849837549678,173.93556213378906,35026600
QQQ,2018-07-26,171.57610204074132,172.1279178074579,171.07185935201613,171.30020141601562,40873500
QQQ,2018-07-27,172.38475194099135,172.4989156819913,168.01781464061128,168.9882354736328,59456100
QQQ,2018-07-30,168.99779088113996,169.09292251094698,165.80107487089546,166.60025024414062,60193000
QQQ,2018-07-31,167.2567004828956,168.5220685945954,166.32432932800285,167.87510681152344,47285100
QQQ,2018-08-01,168.26519833673873,169.01680060133836,167.54213701147435,168.51255798339844,37101900
QQQ,2018-08-02,167.32329557992838,171.00523626347388,167.24718157301334,170.80543518066406,47178200
QQQ,2018-08-03,171.12890375708824,171.33821364059392,170.37730155159926,171.32870483398438,28934400
QQQ,2018-08-06,171.21455498343593,172.38477705092544,171.00524508294015,172.3372039794922,24808800
QQQ,2018-08-07,172.8224296989025,173.28862261241662,172.4513829366409,172.96514892578125,29895700
QQQ,2018-08-08,172.7273081881227,173.48843389095737,172.26111524728591,173.17446899414062,22680700
QQQ,2018-08-09,173.06979370117188,173.7548053015407,172.81291072171766,173.06979370117188,18852900
QQQ,2018-08-10,171.89958902544333,172.4133550798225,171.1004135155938,171.74737548828125,33818500
QQQ,2018-08-13,172.06129520753046,173.1649120190597,171.48093860508502,171.5570526123047,26089200
QQQ,2018-08-14,172.21347563622052,172.8318963821577,171.290613437126,172.63209533691406,20913000
QQQ,2018-08-15,171.26211298798503,171.80441986951,169.4639612247789,170.52001953125,58528000
QQQ,2018-08-16,171.8329314815105,172.19446934082225,170.7483324208359,171.08132934570312,27711800
QQQ,2018-08-17,170.63421999327008,171.54755920466053,169.60670249250703,171.1194305419922,36092600
QQQ,2018-08-20,171.49994658929725,171.56655178584808,170.3011837067378,170.9671630859375,24939000
QQQ,2018-08-21,171.48094427625267,172.62262538778037,171.3762893275223,171.59510803222656,26258700
QQQ,2018-08-22,171.23359091805304,172.4609095129281,171.01477218676501,172.2611083984375,18042400
QQQ,2018-08-23,171.956605269306,173.20294103471784,171.72826329411424,172.01368713378906,25776200
QQQ,2018-08-24,172.58458880289808,173.7548255583614,172.5465390505588,173.6121063232422,23136100
QQQ,2018-08-27,174.4873770930194,175.38169860839844,174.21147649565918,175.38169860839844,29343600
QQQ,2018-08-28,175.8478443984246,176.02861331808444,175.2674879013766,175.63853454589844,20277000
QQQ,2018-08-29,175.94303240607167,177.76021647316557,175.87644171378923,177.6650848388672,29175600
QQQ,2018-08-30,177.32251802776156,178.4071170031166,176.76117915423484,177.35105895996094,29315500
QQQ,2018-08-31,177.13224605964217,178.08364928785105,176.94196831745265,177.57940673828125,28653200
QQQ,2018-09-04,177.03711702067955,177.34155850915607,175.86689509780481,176.81829833984375,29063500
QQQ,2018-09-05,176.5043391097517,176.53288004653456,173.93555317846238,174.53492736816406,42623300
QQQ,2018-09-06,174.6110548079352,174.8203647052899,171.8044178426498,172.97463989257812,46091400
QQQ,2018-09-07,171.72834380509258,173.79288780294888,171.67126191384796,172.30870056152344,46629500
QQQ,2018-09-10,173.2980887211757,173.39323484898486,171.94709790639897,172.8889923095703,26132000
QQQ,2018-09-11,172.194498508081,174.5064016932559,171.74733776969308,174.22097778320312,30116500
QQQ,2018-09-12,173.96412787119988,174.08780044883565,172.2135344776833,173.70724487304688,36204000
QQQ,2018-09-13,174.79180466211247,175.89543590622063,174.71569066073315,175.56243896484375,31133200
QQQ,2018-09-14,175.6861445515152,175.96204513299534,174.3541711628605,175.0487060546875,31224100
QQQ,2018-09-17,174.7537614478204,174.87744852961472,172.36574425066607,172.52748107910156,33071200
QQQ,2018-09-18,172.67021914219114,174.80135360105515,172.5845817976895,173.95460510253906,31877300
QQQ,2018-09-19,173.98316325369032,174.39227433083988,172.6892538397141,173.82142639160156,31843400
QQQ,2018-09-20,175.02016378970254,175.98107593126423,174.60154399979044,175.74322509765625,33295800
QQQ,2018-09-21,176.2189165822095,176.4662762086537,174.56346964974185,174.7823028564453,38605400
QQQ,2018-09-24,173.51465803008836,175.33511189831984,172.79982149429566,175.2683868408203,34945600
QQQ,2018-09-25,175.19212303411214,175.64008839387097,174.59165573414063,175.50665283203125,25277500
QQQ,2018-09-26,175.65914649373795,177.26991362078127,175.2874321216037,175.63055419921875,36210600
QQQ,2018-09-27,176.3454105148666,177.7464912776824,176.2500931601416,177.117431640625,33113300
QQQ,2018-09-28,176.6218086168273,177.546331698249,176.29775287826766,177.0792999267578,28076800
QQQ,2018-10-01,178.10862974636376,178.7376892580963,176.9934867265016,177.4414520263672,27371300
QQQ,2018-10-02,177.2890035172982,178.40414687311264,176.63136605878296,177.04119873046875,25618600
QQQ,2018-10-03,177.78462021874145,178.20399333541255,176.95541444747917,177.2318115234375,29128700
QQQ,2018-10-04,176.51701749281924,176.6314012616348,172.5711192383659,173.82923889160156,80557300
QQQ,2018-10-05,173.81015769941249,174.39155878477706,170.06440590855166,171.70376586914062,83325600
QQQ,2018-10-08,171.10329992451085,172.1707846386894,168.63471970789024,170.65533447265625,66864500
QQQ,2018-10-09,170.7792010826923,172.53294437607687,170.36936846385632,171.20811462402344,49097900
QQQ,2018-10-10,170.14057073237103,170.24541397477788,163.45923913791972,163.67845153808594,114471100
QQQ,2018-10-11,163.0018293507434,165.27023452475777,159.94232196261981,161.64840698242188,143084500
QQQ,2018-10-12,166.00414917219365,166.66180129033444,162.91604926485937,166.14712524414062,102078400
QQQ,2018-10-15,165.5657054019668,165.880220729229,163.51649828288654,164.1360321044922,64885300
QQQ,2018-10-16,165.8611361051867,169.3209349116958,165.55613221452018,168.91110229492188,71979700
QQQ,2018-10-17,169.73079831702663,169.9023521144067,167.2431664513039,168.9778289794922,66987600
QQQ,2018-10-18,168.33923562791134,168.39642022440344,164.3552202761704,165.06051635742188,82486200
QQQ,2018-10-19,166.39487762137185,167.81502471204567,164.30755270210105,164.90802001953125,82923700
QQQ,2018-10-22,165.89924809986746,167.0334576427571,164.49816743434326,165.75628662109375,52909300
QQQ,2018-10-23,162.6396332918771,165.9660117238104,160.90497059160538,165.14633178710938,77567000
QQQ,2018-10-24,164.955697112042,165.2320941921105,157.30216670575658,157.58810424804688,102997400
QQQ,2018-10-25,160.03759434024124,164.01208341656906,159.32275786154807,163.03990173339844,83481100
QQQ,2018-10-26,157.45462161397123,161.99145908594835,156.5300987447683,158.84617614746094,130970900
QQQ,2018-10-29,161.27666706587974,161.89618627324805,152.58424452179858,155.5770263671875,111871900
QQQ,2018-10-30,155.11948079376236,158.25522303867717,154.41417039201647,158.14085388183594,92584000
QQQ,2018-10-31,160.71429748881647,163.22099538570356,160.63804651948843,161.85804748535156,73828600
QQQ,2018-11-01,162.09630630761404,164.16456451148272,160.8667795760813,163.9929962158203,52706800
QQQ,2018-11-02,163.48788246651003,164.46006424111607,160.333072837437,161.43869018554688,75966800
QQQ,2018-11-05,161.648353779864,161.70553836847523,159.24649925449975,161.03836059570312,39573500
QQQ,2018-11-06,161.0479163992154,163.16383383080117,160.80963754019348,162.2583770751953,34410400
QQQ,2018-11-07,164.20272340722025,167.34800720214844,163.81194259457618,167.34800720214844,51169600
QQQ,2018-11-08,166.56637942072018,167.08106968743547,165.48936931329996,166.28045654296875,40296500
QQQ,2018-11-09,164.72694192660921,165.12724866301002,162.18212546731218,163.47836303710938,50602700
QQQ,2018-11-12,162.33462833709405,162.63961771461013,158.388716463189,158.5316925048828,62578400
QQQ,2018-11-13,159.27512392338372,161.53400289297946,158.2171651888792,158.66513061523438,64128100
QQQ,2018-11-14,160.23776144827218,160.79057014291507,156.54920938781314,157.4546661376953,75270700
QQQ,2018-11-15,157.1687419324974,160.63808181049177,155.79626781322642,160.2091827392578,73254300
QQQ,2018-11-16,158.64603088566923,160.4188258372303,158.0074454116371,159.6468048095703,65390700
QQQ,2018-11-19,158.8843856249526,159.07500585788634,153.96630508094813,154.46192932128906,67280500
QQQ,2018-11-20,150.94489135702983,153.81377821100534,149.7630374896163,151.69786071777344,102652800
QQQ,2018-11-21,153.78516825490922,154.3760951207733,151.76455381401144,152.85110473632812,42965800
QQQ,2018-11-23,151.63117591684423,153.29912842148124,151.63117591684423,151.7455596923828,23503700
QQQ,2018-11-26,153.87094584356763,155.32921117898448,153.2228198370567,155.25296020507812,42012600
QQQ,2018-11-27,154.4047025899236,156.16797198623763,153.6231409416671,155.77719116210938,36608100
QQQ,2018-11-28,156.90186034825103,160.7905731201172,155.80578340073876,160.7905731201172,70141000
QQQ,2018-11-29,160.11383951400168,161.32428543620196,158.99869639281278,160.26632690429688,44885700
QQQ,2018-11-30,160.48554814859534,161.5244402657923,159.68492029709873,161.4291229248047,36722800
QQQ,2018-12-03,164.99384098682796,165.18446119686655,161.56261903257453,164.2504119873047,50771700
QQQ,2018-12-04,163.39255192600038,163.85005774971583,157.75965145159,157.9502716064453,70594700
QQQ,2018-12-06,154.76688443768427,159.08449606778777,154.18548345769705,159.0654296875,71715500
QQQ,2018-12-07,158.3696411750251,159.28462371547434,153.31812719431838,153.81375122070312,80432200
QQQ,2018-12-10,153.52782521149555,156.10123379623136,151.93612429225752,155.42453002929688,73960800
QQQ,2018-12-11,157.95983986310952,157.99797263033292,154.62393535714557,155.93923950195312,59058300
QQQ,2018-12-12,158.21714795718518,159.74213833316307,157.22591439316977,157.3116912841797,53780000
QQQ,2018-12-13,158.3410367404072,158.99868857159052,156.33948895362175,157.3593292236328,46378500
QQQ,2018-12-14,155.55795704844547,156.1298175117384,153.1656282986722,153.52781677246094,56547400
QQQ,2018-12-17,152.87016262809442,154.0901490505615,148.84801489223452,150.04893493652344,74834100
QQQ,2018-12-18,151.21176620080695,152.4508192426306,149.67724968494448,150.9925537109375,63642100
QQQ,2018-12-19,150.76379289708794,153.18471425222,146.15071767079144,147.28492736816406,81856500
QQQ,2018-12-20,146.9227280259277,148.56208762086436,143.33901948113328,145.14993286132812,99002100
QQQ,2018-12-21,145.8742817326591,146.86551512433772,139.84106087634035,140.65121459960938,141129400
QQQ,2018-12-24,139.62941977679438,141.44551398558542,137.12511806919983,137.16334533691406,56163300
QQQ,2018-12-26,138.67361591022723,145.80419198328076,137.7273266920349,145.7277374267578,98982100
QQQ,2018-12-27,143.73000672031404,146.41592133822692,140.5852918670806,146.2916717529297,85824300
QQQ,2018-12-28,147.34308159147085,148.71949680792892,145.02039185244467,146.21519470214844,77856600
QQQ,2018-12-31,147.64892966859819,148.13640388673846,145.96665283100268,147.4481964111328,53015300
QQQ,2019-01-02,144.32259237288096,148.87239515395535,144.21744916690065,148.0408172607422,58576700
QQQ,2019-01-03,145.861509261572,146.49235395851213,142.8888397682132,143.2042694091797,74820200
QQQ,2019-01-04,145.61301184560864,150.06724044455302,145.03951521911114,149.33123779296875,74709300
QQQ,2019-01-07,149.70401104388188,151.84510297046558,149.21653673878717,151.10910034179688,52059300
QQQ,2019-01-08,152.49507375198274,153.03991086244955,150.25840627584705,152.47596740722656,49388700
QQQ,2019-01-09,153.06852576415008,154.38759229196657,152.42811342259884,153.718505859375,46491700
QQQ,2019-01-10,152.55242569744468,154.2442559428542,151.69215893969894,154.15823364257812,38943400
QQQ,2019-01-11,153.25021073454872,153.7568060298066,152.73404768108017,153.5943145751953,30176600
QQQ,2019-01-14,152.29436297775848,152.89654832388396,151.58703439000786,152.2370147705078,30710200
QQQ,2019-01-15,152.9347617719515,155.4199574847439,152.84873946885367,155.2096710205078,40874200
QQQ,2019-01-16,155.46775605841046,156.54786260657127,155.1236522208989,155.18101501464844,33812200
QQQ,2019-01-17,154.6839458351271,157.10222544775576,154.43543211234518,156.4044647216797,39329000
QQQ,2019-01-18,157.5036948415565,158.68894455780847,156.586094390584,157.95294189453125,57183200
QQQ,2019-01-22,156.8154893359725,156.89195847208921,153.66120674989125,154.7891082763672,56711700
QQQ,2019-01-23,155.58246984586077,156.28978387979765,153.24065890823684,154.98983764648438,38106100
QQQ,2019-01-24,155.49641192028798,156.22286137258538,154.9037943860415,155.9934539794922,32417800
QQQ,2019-01-25,157.24560710962174,158.3352667176428,156.71033777024235,157.8573455810547,36515900
QQQ,2019-01-28,155.82138737707533,155.91696283862578,154.60746379393683,155.90740966796875,33491200
QQQ,2019-01-29,155.9934376078197,156.0316794618194,153.88103460164268,154.4354248046875,30784200
QQQ,2019-01-30,156.18461820924225,158.9374485633718,155.6971439111132,158.3639373779297,41346500
QQQ,2019-01-31,159.33886968209697,161.52775618353758,159.1190300904432,160.73440551757812,37258400
QQQ,2019-02-01,159.94105923122956,161.15498277358793,159.61607641988726,160.05575561523438,32143700
QQQ,2019-02-04,160.08442044122484,162.0438995361328,159.94104996952095,162.0438995361328,26718800
QQQ,2019-02-05,162.26379825352484,163.66888772823614,162.19689687068004,163.47772216796875,28156400
QQQ,2019-02-06,163.5159964851932,163.80273759000715,162.25427728401078,162.9902801513672,27970000
QQQ,2019-02-07,161.5659612557447,161.9674131186173,159.57780827890625,160.80128479003906,42036200
QQQ,2019-02-08,159.3962715541221,161.1454648763573,159.21467375159273,161.11679077148438,29020700
QQQ,2019-02-11,161.69980866387036,162.0917074309813,160.562354214691,160.96380615234375,21434100
QQQ,2019-02-12,162.13953130186195,163.58284790010117,161.85277569966325,163.34388732910156,29722100
QQQ,2019-02-13,164.07031082358392,164.557799688976,163.27697461773968,163.4585723876953,26094100
QQQ,2019-02-14,162.87556490013833,164.24242733263532,162.33074223012196,163.65936279296875,30326800
QQQ,2019-02-15,164.90189386624917,164.94012113533051,163.58282701553742,164.34750366210938,32521700
QQQ,2019-02-19,163.84093770710066,165.16955796581803,163.81226360392662,164.67251586914062,19487700
QQQ,2019-02-20,164.78718457868152,165.4371648396802,163.75488786796765,164.64381408691406,32593000
QQQ,2019-02-21,164.20413266661953,164.6533796880643,163.1718358779754,164.04164123535156,25207400
QQQ,2019-02-22,164.39530206974626,165.37025059381662,164.30926518880364,165.25555419921875,27735400
QQQ,2019-02-25,166.51729107936964,166.94741719111676,165.7430465762299,165.85775756835938,32608800
QQQ,2019-02-26,165.4563038004681,166.55551658380918,165.17910137284582,166.02980041503906,21939700
QQQ,2019-02-27,165.26516421021643,166.12543122055544,164.17550433178639,165.92469787597656,25162000
QQQ,2019-02-28,165.40848005128197,166.13491480427908,165.07392947878716,165.54229736328125,25085500
QQQ,2019-03-01,166.73714134782693,166.93786007310302,165.53277065618337,166.68934631347656,31431200
QQQ,2019-03-04,167.7885409645895,168.0275015254047,164.85411286197657,166.71800231933594,38063500
QQQ,2019-03-05,166.84228515625,167.35843360799603,166.0202601516198,166.84228515625,22319900
QQQ,2019-03-06,167.0047767212276,167.03345082495576,165.62836140228944,165.89599609375,27194600
QQQ,2019-03-07,165.47540687596953,165.5327550777942,163.24829266680763,163.8600311279297,39407400
QQQ,2019-03-08,162.02482475390224,163.69754879677805,161.8623333113653,163.6115264892578,39303200
QQQ,2019-03-11,164.29015606481428,167.1290084630015,164.26148196665028,167.01429748535156,30518400
QQQ,2019-03-12,167.45400940758387,168.36205664596056,167.05255740488036,167.9319305419922,33953500
QQQ,2019-03-13,168.80178023614494,170.07303784276706,168.5628196268554,169.19366455078125,42426100
QQQ,2019-03-14,169.30834286502082,169.50906157046327,168.85909583951303,168.90689086914062,23751500
QQQ,2019-03-15,169.56639505796775,170.98105197021258,169.45169866481052,170.47445678710938,38192000
QQQ,2019-03-18,170.40171741319855,171.39761089574037,170.0569873017867,170.88050842285156,32935100
QQQ,2019-03-19,171.57947751295967,172.3647014999973,170.72723040667114,171.4550018310547,36893300
QQQ,2019-03-20,171.46465939891317,173.1883102109024,170.67944962495065,172.1349639892578,50105000
QQQ,2019-03-21,171.61782425456664,175.07469539666226,171.59866852589707,174.8257293701172,42428500
QQQ,2019-03-22,174.0692395234375,174.5384599224371,170.8038816830725,170.98582458496094,70794500
QQQ,2019-03-25,170.3634302153531,171.2539745302313,169.42498926294505,170.6602783203125,46336500
QQQ,2019-03-26,171.98167467461204,173.02543519359318,170.58359900003586,171.4550018310547,33248100
QQQ,2019-03-27,171.71356924872885,172.0965961104156,169.10894567695212,170.35379028320312,37096700
QQQ,2019-03-28,170.7942504092904,171.38794631047395,169.72176372030458,170.74636840820312,30368200
QQQ,2019-03-29,172.06789559987584,172.20195648270058,171.01454965515268,172.03916931152344,35205500
QQQ,2019-04-01,173.8106743226147,174.52886070180634,173.1020731131974,174.3181915283203,30969500
QQQ,2019-04-02,174.50972185651142,175.15129994355448,174.06922777579706,174.9789276123047,22645200
QQQ,2019-04-03,175.96523453066308,177.07603297733974,175.43857620528343,175.98439025878906,31633500
QQQ,2019-04-04,176.03223300090139,176.6738109403628,174.90227907818917,175.91732788085938,28530800
QQQ,2019-04-05,176.42487428626703,176.93239146614897,176.21420512350034,176.82705688476562,25674700
QQQ,2019-04-08,176.5397880213675,177.42076155786106,175.84075737171685,177.27713012695312,22697500
QQQ,2019-04-09,176.6738645919742,177.2579901487995,176.28125249722228,176.6547088623047,25631900
QQQ,2019-04-10,176.8845357186816,177.6601747460652,176.69302225451318,177.60272216796875,24563000
QQQ,2019-04-11,177.89953702324155,177.89953702324155,176.85577641853763,177.1813507080078,20654100
QQQ,2019-04-12,177.9665586786742,178.0623080784641,177.21006097918968,177.94740295410156,24989100
QQQ,2019-04-15,177.9570100429793,178.17726439193854,176.78875900034382,177.97616577148438,21073000
QQQ,2019-04-16,178.6273318833931,178.98164714343756,178.0432063049859,178.5890350341797,27195700
QQQ,2019-04-17,179.78598069867076,179.95833840697387,178.68476748707593,179.21142578125,29651600
QQQ,2019-04-18,179.5082608729469,179.8242499563637,178.3878774946876,179.44122314453125,28580900
QQQ,2019-04-22,178.6560646870856,180.0158292514176,178.52198919206288,179.94879150390625,17936000
QQQ,2019-04-23,180.40838122174335,182.4576054160611,180.1498446905216,182.23736572265625,33665600
QQQ,2019-04-24,182.39062931286628,182.6204542336212,181.605405125609,181.66287231445312,24977100
QQQ,2019-04-25,183.0226292491528,183.10880811151216,181.41388409407878,182.4001922607422,29517500
QQQ,2019-04-26,182.112954049614,182.60133026472124,180.59040204008178,182.56301879882812,26359500
QQQ,2019-04-29,182.56298212688608,183.2045748536011,182.26613407778697,182.91729736328125,21716200
QQQ,2019-04-30,181.4425932068992,181.79690840451607,180.22647485572378,181.5000457763672,31495300
QQQ,2019-05-01,182.68745626266391,183.2045586217325,180.79144837300296,180.91592407226562,34797100
QQQ,2019-05-02,180.85846366992524,181.7969043219567,178.9433001357947,180.13070678710938,44110100
QQQ,2019-05-03,181.6245132872337,183.13749407665006,181.29893902675514,183.00343322753906,30386200
QQQ,2019-05-06,179.11570642847164,182.13208372229104,178.83799948088287,181.88311767578125,38371800
QQQ,2019-05-07,179.90090592594535,180.66697436420225,176.68343017449857,178.34005737304688,58818100
QQQ,2019-05-08,177.75593850378775,179.2306082482554,177.1143603634872,177.88999938964844,37165300
QQQ,2019-05-09,175.90779913576608,177.54527067926594,174.36609163070835,176.9324188232422,55351700
QQQ,2019-05-10,176.30038644624497,178.0048808877394,173.3510327377558,177.1526336669922,58526400
QQQ,2019-05-13,172.6424466070816,173.57130228510178,170.50704290935852,171.00498962402344,67185800
QQQ,2019-05-14,171.90509771253465,173.92559599943024,171.27309018509865,172.88182067871094,43360600
QQQ,2019-05-15,171.7422925261731,175.76413294962825,171.70398107375223,175.32363891601562,40944500
QQQ,2019-05-16,175.40027815006388,178.1772744789252,175.1896089592006,177.0856170654297,39281200
QQQ,2019-05-17,175.33322401454575,177.70802265986035,175.1225548609292,175.2757568359375,44702300
QQQ,2019-05-20,172.83393582507313,173.49465496082107,171.7327080424173,172.31683349609375,38608300
QQQ,2019-05-21,173.8011226702402,174.5959174363871,173.24572338986502,174.11712646484375,31613800
QQQ,2019-05-22,173.14994774433018,174.34692499194378,173.08291000492528,173.34146118164062,24332600
QQQ,2019-05-23,171.34965270484417,171.42626098572012,169.62600291397442,170.6889190673828,45351300
QQQ,2019-05-24,171.60824705202228,172.22109884186284,170.3921140305355,170.602783203125,25903300
QQQ,2019-05-28,171.08156583856385,172.0391476270548,169.94204117241347,169.96119689941406,24763800
QQQ,2019-05-29,168.90787093797252,169.49199648206158,167.6630115443273,168.56314086914062,42178800
QQQ,2019-05-30,169.01319258970312,169.75053468826593,168.31416194671036,169.27174377441406,30354800
QQQ,2019-05-31,167.27998120887491,167.85452157082278,166.4947570525443,166.5713653564453,45446200
QQQ,2019-06-03,166.12129953607695,166.57136418612092,162.08988802594664,162.90382385253906,75842300
QQQ,2019-06-04,164.73279092683072,167.5480836719402,164.10078345108403,167.49063110351562,47797800
QQQ,2019-06-05,169.08977417739985,169.1185004587698,166.98309741156112,168.7354736328125,34412700
QQQ,2019-06-06,169.02276497337724,170.48786401666476,168.27585230862437,170.07611083984375,29913200
QQQ,2019-06-07,170.98582712495121,174.05967155008412,170.7655873722285,173.36062622070312,45888300
QQQ,2019-06-10,174.5192857270207,177.00900428982698,174.4809888835103,175.381103515625,41385300
QQQ,2019-06-11,177.210072576654,177.53564685801277,175.0267874016612,175.6204833984375,41260300
QQQ,2019-06-12,175.1416816298724,175.50556734022956,174.27986397133216,174.60543823242188,27758100
QQQ,2019-06-13,175.33322986571977,176.07055731644573,174.9884998402555,175.6396484375,23715800
QQQ,2019-06-14,174.7395751073891,175.34285649776464,174.22248720959794,174.89279174804688,22844100
QQQ,2019-06-17,175.2757869286903,176.43446747251295,175.08427346839593,175.94610595703125,20379500
QQQ,2019-06-18,178.02404720448294,179.75726803425997,177.564397391103,178.50283813476562,48177300
QQQ,2019-06-19,178.74221734494384,179.57530881218102,177.6984567186175,179.17312622070312,31672900
QQQ,2019-06-20,181.67241642386563,181.7107132659789,179.22100940554134,180.83932495117188,40922000
QQQ,2019-06-21,180.6286653405313,181.7203080427045,180.18817126947863,180.5712127685547,39980400
QQQ,2019-06-24,180.93207984961143,181.11442503140066,180.48102007692654,180.57699584960938,19375200
QQQ,2019-06-25,180.45223082892923,180.5577983216663,177.20844300105128,177.47715759277344,33921100
QQQ,2019-06-26,178.65755828260475,179.7804042857574,178.01456174971443,178.30245971679688,22595700
QQQ,2019-06-27,178.94548994154562,179.4061413817557,178.49443021997803,178.98387145996094,19709200
QQQ,2019-06-28,179.415731477446,179.60766835547687,178.57120628534108,179.21420288085938,21179200
QQQ,2019-07-01,182.64993799040062,182.889862763101,180.7881194112302,181.6326446533203,31025600
QQQ,2019-07-02,181.57507827383296,182.37163033446754,181.0568471703529,182.35243225097656,18035800
QQQ,2019-07-03,182.81309647493052,183.7248077392578,182.62114492972736,183.7248077392578,15792100
QQQ,2019-07-05,182.4675730740368,183.68638024389003,181.75739055191292,183.35049438476562,21415600
QQQ,2019-07-08,182.1604447456821,182.21802433631308,181.3159050328463,182.06448364257812,17598800
QQQ,2019-07-09,181.20079279385985,183.20656048762044,181.0472374165015,182.9762420654297,19193500
QQQ,2019-07-10,184.08945375371434,185.3082608378206,183.7535532743772,184.79962158203125,28374500
QQQ,2019-07-11,185.07794610259003,185.54818921028158,184.0798510062385,184.66526794433594,23736100
QQQ,2019-07-12,184.86683699514674,185.74015202167354,184.6940835473218,185.73056030273438,20211900
QQQ,2019-07-15,186.16242969040874,186.36397294726976,185.64419861309608,186.32557678222656,15606100
QQQ,2019-07-16,186.09525593195298,186.26799474084783,184.7996562898571,185.36587524414062,20190900
QQQ,2019-07-17,185.3658584722952,185.69216726598248,184.4349492583339,184.4541473388672,16765100
QQQ,2019-07-18,183.58080345806272,185.02035186546527,183.0049928814079,184.66526794433594,28877000
QQQ,2019-07-19,185.93209212154508,186.0184615182254,183.1201663975799,183.31210327148438,29387900
QQQ,2019-07-22,183.72479030425623,185.164338893589,183.72479030425623,184.77085876464844,18954900
QQQ,2019-07-23,185.77854342200885,185.9992701027162,184.54052344984927,185.98007202148438,23786700
QQQ,2019-07-24,185.26988875564822,187.29485416447744,185.25069067600623,187.28524780273438,20422900
QQQ,2019-07-25,186.65191691463613,186.68070672132396,185.15477374762574,185.50987243652344,23434700
QQQ,2019-07-26,186.69022031104626,187.66911726030284,186.59424456635423,187.41958618164062,20431200
QQQ,2019-07-29,187.24689969584858,187.31407102081408,185.596216004381,186.77664184570312,20451700
QQQ,2019-07-30,185.34667573998604,186.69984022390932,185.21231846343179,185.97047424316406,18705000
QQQ,2019-07-31,186.46954815139517,186.59429908333192,181.6902504749936,183.3985137939453,41627500
QQQ,2019-08-01,183.71515353370492,187.12208755999097,181.60381888091345,182.4867401123047,63251600
QQQ,2019-08-02,181.114373844308,181.37349664224007,178.70553492677004,179.79959106445312,55214000
QQQ,2019-08-05,176.0375957275831,176.114373411468,171.97807270764764,173.4464111328125,75040000
QQQ,2019-08-06,175.04907850268626,176.39266578737127,173.77269181580857,175.87442016601562,41897200
QQQ,2019-08-07,173.96461026616814,177.0740250899359,172.64022120043478,176.8245086669922,49990600
QQQ,2019-08-08,177.62112207791506,180.73055262438618,177.1316807786846,180.67295837402344,38418100
QQQ,2019-08-09,179.80922246444626,180.4234292975778,177.57312182280518,178.9742889404297,33608900
QQQ,2019-08-12,177.87059426745313,178.4080233194846,176.1047517696801,176.92050170898438,24642900
QQQ,2019-08-13,176.76698091162126,182.03571963848822,176.60383382064643,180.79771423339844,40241900
QQQ,2019-08-14,177.88983113687954,178.45605010846535,175.06831335460907,175.3946075439453,51000500
QQQ,2019-08-15,175.62491581754216,176.19113470920718,173.85907318395402,175.19305419921875,36685000
QQQ,2019-08-16,176.78615197008773,178.45601878942122,176.68058449867115,178.0049591064453,32781400
QQQ,2019-08-19,180.5769514067639,181.21994792271593,179.94354660818072,180.8360595703125,22494100
QQQ,2019-08-20,180.38498251742394,181.0375706348499,179.3868876222727,179.43487548828125,19902900
QQQ,2019-08-21,181.0088628292189,181.6038716344711,180.38506422008984,181.02806091308594,20418500
QQQ,2019-08-22,181.3638992053267,181.82456523406012,179.0222314793841,180.44259643554688,24243700
QQQ,2019-08-23,179.21419925710444,180.85527637150741,174.2429507467072,174.73240661621094,55372400
QQQ,2019-08-26,176.71894866973432,177.4195247419169,175.70167021438476,177.37155151367188,27598900
QQQ,2019-08-27,178.6095397170244,178.9070439944531,176.30626851306474,176.9972381591797,28012800
QQQ,2019-08-28,176.42144570171712,177.92816531856118,175.53852449521335,177.6306610107422,21792400
QQQ,2019-08-29,179.83800982955532,180.86489487313986,179.15661704016748,180.34664916992188,25358900
QQQ,2019-08-30,181.31590130150383,181.35429745702967,178.89747068171388,179.9147491455078,26319800
QQQ,2019-09-03,178.71515682102412,179.63645970103966,177.57311261772037,178.16812133789062,27964200
QQQ,2019-09-04,179.88598079047202,180.8936676574069,179.36773513600522,180.7401123046875,21592100
QQQ,2019-09-05,182.73625793688964,184.57887793526615,182.66907198967118,184.05104064941406,33932600
QQQ,2019-09-06,184.35815390291617,184.42532520723938,183.46562636265125,183.8686981201172,19487800
QQQ,2019-09-09,184.4445623289943,184.52134001007528,182.5539540334304,183.48486328125,24407600
QQQ,2019-09-10,182.49639501419955,183.05302228192508,181.2967710692343,182.95704650878906,23744700
QQQ,2019-09-11,183.30250322493882,184.7708414771703,182.88023333522756,184.67486572265625,25063600
QQQ,2019-09-12,185.80731724594645,186.8629919652485,185.19311049394636,185.442626953125,28689900
QQQ,2019-09-13,185.1739366848127,185.60579834700548,184.5405317702121,184.78045654296875,27669800
QQQ,2019-09-16,183.5904481864286,184.33901234320615,183.40810300703595,183.9551239013672,20319000
QQQ,2019-09-17,183.97427490509187,184.8380126953125,183.5807948443417,184.8380126953125,20953400
QQQ,2019-09-18,184.45418073514847,184.8380691960957,182.4484129496844,184.76129150390625,29781300
QQQ,2019-09-19,185.0875116749625,186.21994923310754,184.7132297276622,185.0683135986328,26039400
QQQ,2019-09-20,185.32749833552236,185.51943523146412,182.49638884980345,183.110595703125,29086100
QQQ,2019-09-23,183.05670174407183,183.73946853772568,182.44125639309672,183.1913299560547,22485900
QQQ,2019-09-24,184.02798954048453,184.43187426961546,179.96989077725453,180.75843811035156,40820700
QQQ,2019-09-25,180.5757285198309,183.26830810347005,179.06596995753307,182.78749084472656,34704900
QQQ,2019-09-26,182.54703607769014,182.71051214353994,180.7680068006269,182.1143035888672,26826000
QQQ,2019-09-27,182.45087134112956,182.54704064032703,178.62357094174376,179.85446166992188,40773500
QQQ,2019-09-30,180.58535176199473,181.85471645391016,180.21031486181593,181.56622314453125,26307700
QQQ,2019-10-01,182.22970657284932,183.2778844769089,179.78716181702353,180.08526611328125,32367600
QQQ,2019-10-02,178.86393778227827,178.8927856306315,175.99827235000944,176.98875427246094,48544300
QQQ,2019-10-03,176.9695777936199,179.06594841974984,174.84437398268187,178.9313201904297,39392500
QQQ,2019-10-04,179.90259942562324,181.8258685903102,179.71027544383037,181.56622314453125,31887600
QQQ,2019-10-07,181.04694478708723,182.4605487802992,180.700755754599,181.01809692382812,21216000
QQQ,2019-10-08,179.88332368317654,180.6526341171821,178.16200460971038,178.30624389648438,32379300
QQQ,2019-10-09,179.81603108780533,180.86420911669416,179.2775034701688,180.04681396484375,20147400
QQQ,2019-10-10,180.09486474319561,182.16237255241103,179.9409997385297,181.44114685058594,25177700
QQQ,2019-10-11,183.50868240211975,185.23962714444755,183.40290203805037,183.77793884277344,40976700
QQQ,2019-10-14,183.5183194089585,184.34532564313886,183.3356065112453,183.75872802734375,14975000
QQQ,2019-10-15,184.326055975609,186.528206744416,184.2106645548418,186.09547424316406,23234200
QQQ,2019-10-16,185.46079348277647,186.1050867092172,185.04728309961297,185.63388061523438,20457100
QQQ,2019-10-17,186.74941568221357,187.037908964907,185.41274432333265,186.12435913085938,19045200
QQQ,2019-10-18,185.78772520686547,186.23969445644198,183.3932654307829,184.33566284179688,27700800
QQQ,2019-10-21,185.31655469552777,186.09547614039732,184.76841609454544,185.970458984375,15801200
QQQ,2019-10-22,186.70129489763772,186.96094026916026,184.43183734541768,184.4895477294922,22392300
QQQ,2019-10-23,184.11454576104367,184.88384161371198,183.8164267437502,184.8453826904297,14828400
QQQ,2019-10-24,186.16276808743507,186.75899129120677,185.3453877914662,186.64358520507812,18998500
QQQ,2019-10-25,185.6819695348188,188.23030931714192,185.64351061784666,188.13414001464844,21507100
QQQ,2019-10-28,189.00924112438685,190.24013196213124,189.00924112438685,189.9901123046875,18818700
QQQ,2019-10-29,189.67272577499816,189.96120428243555,188.48990520101407,188.5187530517578,18569700
QQQ,2019-10-30,188.88421915987018,189.74969888757255,187.79756763799566,189.43235778808594,21764300
QQQ,2019-10-31,189.9804860341569,190.06702960686923,188.4226430318307,189.51890563964844,26801800
QQQ,2019-11-01,190.3362804765063,191.24984485070297,190.04780190926076,191.24021911621094,22131900
QQQ,2019-11-04,192.50956297012152,192.83651509370682,191.24019871614442,192.4230194091797,19015900
QQQ,2019-11-05,192.66343680806992,192.85576073233054,191.8941264376526,192.52880859375,15048900
QQQ,2019-11-06,192.30763006335198,192.32686685858295,191.16328285780332,192.0960693359375,19725500
QQQ,2019-11-07,193.05768224242294,193.9808575571645,192.18260624710794,192.74034118652344,17832400
QQQ,2019-11-08,192.3942045607918,193.52892612791103,191.88452482104773,193.5096893310547,15258800
QQQ,2019-11-11,192.5288048107411,193.32694834707112,192.26915944773486,193.25003051757812,10147600
QQQ,2019-11-12,193.41358700409867,194.45215421458022,193.1154826023956,193.80784606933594,14778300
QQQ,2019-11-13,193.1346549166083,194.03859362628808,193.0096524189172,193.8558807373047,15774600
QQQ,2019-11-14,193.1250544829043,193.8270435451355,192.53845686285422,193.7020263671875,16945400
QQQ,2019-11-15,194.87517932140574,195.12521362304688,194.2501229140519,195.12521362304688,18427900
QQQ,2019-11-18,194.8175034484258,195.58681387891042,194.0289708953767,195.2790985107422,18365900
QQQ,2019-11-19,196.01956580793004,196.01956580793004,194.81752272677852,195.56759643554688,16923300
QQQ,2019-11-20,195.05793933541133,195.64453696998393,192.92310956194245,194.3944091796875,36629000
QQQ,2019-11-21,194.1828264655345,194.3174693673635,193.35583497173752,193.96165466308594,17883600
QQQ,2019-11-22,194.4424852360397,194.5578913493492,193.0385071389409,194.08668518066406,17189600
QQQ,2019-11-25,194.92327569953852,196.42342290616145,194.89442784351698,196.3849639892578,17752800
QQQ,2019-11-26,196.51002058970892,197.01005997669733,196.22152729821354,196.76004028320312,14780600
QQQ,2019-11-27,197.26969718846163,198.1447880893041,197.02928856779354,198.13516235351562,16963100
QQQ,2019-11-29,197.63508581783285,197.9331901036559,197.13503187234338,197.231201171875,9854600
QQQ,2019-12-02,197.24084125450935,197.30814803538505,194.03859679747757,195.2117919921875,28007000
QQQ,2019-12-03,192.5287963709229,193.75968701609668,191.58638425713835,193.68275451660156,31104100
QQQ,2019-12-04,194.67321520977683,195.12518442378274,194.38472203671762,194.66358947753906,15300100
QQQ,2019-12-05,195.3560094246461,195.3560094246461,194.0962707926415,195.0482940673828,14962300
QQQ,2019-12-06,196.47151023890004,197.2792795652796,196.31764522243472,197.13504028320312,16555300
QQQ,2019-12-09,196.7792355275196,197.70239625730312,196.15416441571543,196.24072265625,13984100
QQQ,2019-12-10,196.33687009679363,197.01963689504302,195.6348811776849,196.0772247314453,21799800
QQQ,2019-12-11,196.51954472892723,197.317702790563,196.2118147745449,197.11575317382812,18780800
QQQ,2019-12-12,196.91386285032556,199.36603328898818,196.64460641591458,198.58709716796875,32612000
QQQ,2019-12-13,198.48132846125282,199.93340575356623,198.0582216633157,199.24102783203125,32519400
QQQ,2019-12-16,200.54884828469656,201.49124584694022,200.48152683641982,201.24122619628906,21296600
QQQ,2019-12-17,201.5008829797624,201.66437375433787,201.02006573857682,201.3566436767578,15996100
QQQ,2019-12-18,201.52967380306686,202.06818657383428,201.2988763270069,201.51043701171875,15443300
QQQ,2019-12-19,201.59702282466128,202.8375246692774,201.57778602928045,202.7702178955078,17865900
QQQ,2019-12-20,203.73183998124807,204.36652213025462,203.1644792753368,203.5876007080078,27672600
QQQ,2019-12-23,204.30849048856078,204.45304250069861,203.95191905516117,204.12538146972656,23774700
QQQ,2019-12-24,204.30843778929292,204.39516897420418,203.7687574762641,204.23133850097656,7089000
QQQ,2019-12-26,204.55904949338705,206.0528173214514,204.5301390913436,206.03353881835938,17067500
QQQ,2019-12-27,206.75635943063327,206.7756379366299,205.31078028990717,205.860107421875,18134100
QQQ,2019-12-30,205.75407094570912,205.8793591606107,203.49897130861754,204.51087951660156,21815500
QQQ,2019-12-31,203.85552850796174,205.04089904900556,203.5374993959376,204.89634704589844,18170900
QQQ,2020-01-02,206.6214559545034,208.31761169433594,206.2166955270959,208.31761169433594,30969400
QQQ,2020-01-03,205.56129993102786,207.65256874525338,205.54202143036022,206.40936279296875,27518900
QQQ,2020-01-06,204.79031021580045,207.76819872687014,204.53974854187416,207.73928833007812,21655300
QQQ,2020-01-07,207.81638261221474,208.2982421540447,207.05505100640534,207.7103729248047,22139300
QQQ,2020-01-08,207.68146059536193,210.225678364332,207.3537996392125,209.27159118652344,26397300
QQQ,2020-01-09,210.99670245217024,211.449651692195,209.81133184996403,211.04489135742188,23547000
QQQ,2020-01-10,211.87366690111043,211.8929306969113,210.12932283874846,210.5051727294922,21898500
QQQ,2020-01-13,211.37251085100866,212.96264147553393,211.03520328571597,212.93373107910156,22756900
QQQ,2020-01-14,212.82775825920564,213.18434438562113,211.76767589427655,212.0953369140625,24418100
QQQ,2020-01-15,212.21097827250065,213.17469753323425,211.48818882695045,212.18206787109375,25742100
QQQ,2020-01-16,213.24214879216402,214.2540568803451,212.7891995975038,214.2154998779297,18805000
QQQ,2020-01-17,215.17921119193375,215.44905137821644,214.0612934457984,215.2755889892578,24325200
QQQ,2020-01-21,214.67809161639136,215.71891015540382,214.58172851594986,215.17922973632812,21146300
QQQ,2020-01-22,216.26824990467804,216.98139276962715,215.47799302653627,215.74783325195312,20736400
QQQ,2020-01-23,215.62254365281586,216.53807397110154,214.62026742875648,216.4416961669922,26496100
QQQ,2020-01-24,217.45360666700074,217.68490457627922,213.62764014400184,214.62026977539062,37436500
QQQ,2020-01-27,209.7727574021594,211.32434590904438,209.30052969825945,210.18716430664062,42264400
QQQ,2020-01-28,211.67130459054076,213.907140405245,211.1123456368647,213.41563415527344,26731900
QQQ,2020-01-29,214.6009736810809,214.8419034690497,212.8181020732241,213.76254272460938,28924500
QQQ,2020-01-30,212.3844224019062,214.62024309287722,211.7194538624423,214.5238800048828,39568100
QQQ,2020-01-31,215.42018942923613,215.449099833898,210.3702946405632,211.12200927734375,52015800
QQQ,2020-02-03,212.15316835851743,214.80339646155866,212.0086163440638,214.31190490722656,25408600
QQQ,2020-02-04,217.24159667116865,219.59307404921108,216.4995287137922,219.21722412109375,30691200
QQQ,2020-02-05,221.85779359887678,221.8963358948736,218.61969664321316,219.9399871826172,38534800
QQQ,2020-02-06,220.4893612494923,221.89639808330148,219.7087508663947,221.8385772705078,22467100
QQQ,2020-02-07,220.84594865978485,222.07950835685133,220.24843261216185,220.88449096679688,25884900
QQQ,2020-02-10,220.15198223019897,223.56354119839514,220.09416144000363,223.5539093017578,21478900
QQQ,2020-02-11,224.78753128821316,225.52959928173027,223.00464466494455,223.59251403808594,30198000
QQQ,2020-02-12,224.9127222831099,225.8764411860898,224.35376355475955,225.7704315185547,24471300
QQQ,2020-02-13,224.1996511381023,226.4065618035363,223.92981091801053,225.4813995361328,22773200
QQQ,2020-02-14,225.83794125154884,226.33907932515902,225.07660959612997,226.12705993652344,23438500
QQQ,2020-02-18,225.02843564093837,226.63784495777347,224.78750583832496,226.21380615234375,24394500
QQQ,2020-02-19,227.56304954305114,228.85442991285313,227.29320930772505,228.3822021484375,22230500
QQQ,2020-02-20,227.88103394871118,228.3532469152331,223.46719852997722,226.26197814941406,42604000
QQQ,2020-02-21,225.13446837706815,225.51995021861518,221.00011901149605,221.9156494140625,66017200
QQQ,2020-02-24,213.63726017708728,216.11402552137415,212.26878070986876,213.3577880859375,84522600
QQQ,2020-02-25,215.15038916041445,215.86354692003414,206.94914109815804,207.5562744140625,97743000
QQQ,2020-02-26,208.84762734251444,212.28809778410795,207.10328296219677,208.62596130371094,79537700
QQQ,2020-02-27,203.2483721444078,208.5681062130514,198.04429437857868,198.17921447753906,121822600
QQQ,2020-02-28,191.43321606309027,199.65374115548076,190.98026678042194,198.3334503173828,148173700
QQQ,2020-03-02,201.3016639399948,208.7126666734837,198.46832724137323,208.56809997558594,112933900
QQQ,2020-03-03,209.2330962395036,211.64239447140557,200.08739485733548,201.87991333007812,131953500
QQQ,2020-03-04,205.58057742757472,210.4088051055295,203.7013133091228,210.30279541015625,73086200
QQQ,2020-03-05,204.97345769445946,208.51030571639828,202.47742826806606,203.91336059570312,78705500
QQQ,2020-03-06,197.2444347329739,201.56189324076735,195.5482939954954,200.472900390625,89828400
QQQ,2020-03-09,186.46038849463562,193.86175966862743,185.14009788357802,186.54713439941406,116424000
QQQ,2020-03-10,193.8135845974811,196.887851447301,186.65314271484766,196.70474243164062,100599200
QQQ,2020-03-11,192.11741758517988,193.46661850713986,185.73758684085925,188.1372528076172,89168800
QQQ,2020-03-12,175.48366503820066,183.8583891212257,170.52051592482243,170.88673400878906,137820700
QQQ,2020-03-13,180.28298039710057,187.42412938814778,171.66732731648293,185.3617706298828,134882000
QQQ,2020-03-16,167.8317142196433,177.97967751449485,163.02276420915845,163.15768432617188,92054400
QQQ,2020-03-17,169.10379457304703,177.70016732884383,163.62023044654165,175.53179931640625,121257100
QQQ,2020-03-18,165.38381648634433,172.71771858952653,160.74833049659458,170.19277954101562,114156300
QQQ,2020-03-19,169.31582748089275,176.83284013220916,165.4031299076033,171.21435546875,120896500
QQQ,2020-03-20,175.14635103014504,176.2353438405754,163.92865895647157,164.5068817138672,118983900
QQQ,2020-03-23,165.06987281253996,168.24727333840247,159.28488886978528,164.62562561035156,124639800
QQQ,2020-03-24,173.7522221377333,177.53805048949795,171.85930059358782,177.37387084960938,94881800
QQQ,2020-03-25,178.1078743312559,183.02365590102409,173.81983938539278,176.06044006347656,88754900
QQQ,2020-03-26,177.5766914915915,186.1237891436096,177.3255957959589,185.33184814453125,79887600
QQQ,2020-03-27,180.5319022785582,183.98937066803168,178.3396086346998,178.95770263671875,58845000
QQQ,2020-03-30,180.6574807237227,185.90163536165923,179.9621230398358,185.46702575683594,49356900
QQQ,2020-03-31,185.1579754527951,188.5671524982982,182.72422369893337,183.88314819335938,62659300
QQQ,2020-04-01,178.44586089247176,181.2369439532486,174.66968535832518,176.07005310058594,53715400
QQQ,2020-04-02,175.03666135877623,183.5934086522492,174.77589858581356,179.6433868408203,56465300
QQQ,2020-04-03,179.19917320434047,180.66715220952585,175.08497102009434,177.09378051757812,47487600
QQQ,2020-04-06,183.96041339985334,190.88500315636537,182.714572873169,189.7550506591797,64763500
QQQ,2020-04-07,195.44347663852133,195.7235590600364,189.2915073648521,189.6778106689453,69904500
QQQ,2020-04-08,191.3679248822065,194.28456363344543,189.4556983602479,193.70510864257812,45940400
QQQ,2020-04-09,195.4241755550848,196.26439336276965,192.21780207051773,193.98516845703125,68252600
QQQ,2020-04-13,193.15459589197891,196.45753771334861,191.94737966765405,196.0808868408203,42853900
QQQ,2020-04-14,200.1371542120493,205.2267825454031,199.3548803634854,204.6086883544922,63959600
QQQ,2020-04-15,201.3443441894699,204.57968952602957,200.03089236387422,202.26182556152344,47036000
QQQ,2020-04-16,204.44447688736537,207.03274130393234,202.51293099923157,205.95108032226562,64657400
QQQ,2020-04-17,208.7711036486682,209.0994628627089,204.82109644779337,207.9212188720703,62863200
QQQ,2020-04-20,206.05734698756143,208.49109929959357,205.29439273084583,205.4585723876953,38249100
QQQ,2020-04-21,203.39178236872834,203.9326128448136,196.66034395322228,197.87721252441406,72932800
QQQ,2020-04-22,201.9431092141937,205.08187098267123,201.19945999205072,203.7490997314453,40089100
QQQ,2020-04-23,204.54103512758533,207.10034214349758,202.90889131228306,203.31451416015625,43278500
QQQ,2020-04-24,203.7491406157427,206.96516662607795,202.3294530597426,206.52090454101562,34231900
QQQ,2020-04-27,208.79044848701284,209.21539092671463,207.1582899056696,208.1820068359375,36451700
QQQ,2020-04-28,209.88180785305164,209.88180785305164,203.98093388441305,204.26100158691406,46862800
QQQ,2020-04-29,208.7904830013389,212.44110403821026,207.77641832742407,211.50430297851562,48716400
QQQ,2020-04-30,212.42174044337628,212.50865646516988,209.91073981579444,211.41734313964844,43359500
QQQ,2020-05-01,207.1583277202499,209.25405355630917,204.4348405340307,205.4585723876953,48795000
QQQ,2020-05-04,204.22236700355398,208.0757918787727,203.8939929806753,207.85366821289062,32841000
QQQ,2020-05-05,209.99767281483525,212.6052568351252,209.42787031053436,210.21014404296875,37783100
QQQ,2020-05-06,211.89060631308908,213.47447356328445,210.6447655330412,211.50430297851562,36455200
QQQ,2020-05-07,214.227783203125,215.1066254713922,212.8756921027044,214.227783203125,38624800
QQQ,2020-05-08,215.89855130961155,217.29891917476593,214.86516715378124,217.16371154785156,31852300
QQQ,2020-05-11,215.84060162875423,220.128621142671,215.60881081589696,219.1049041748047,35714100
QQQ,2020-05-12,219.70372867783442,220.29285086058465,214.4885450756534,214.51751708984375,41054100
QQQ,2020-05-13,215.03903045398326,216.92228495071166,209.29268376436497,211.83265686035156,65521200
QQQ,2020-05-14,210.50952738812586,214.27603593227283,208.597301106984,214.23741149902344,51549300
QQQ,2020-05-15,211.2918022538168,215.68607207020938,210.85720737890446,215.6281280517578,55747200
QQQ,2020-05-18,218.5350885059672,220.85293754879643,217.75281482242545,219.64572143554688,42398100
QQQ,2020-05-19,219.90647576259502,221.98289623923193,218.95037006914487,219.09523010253906,36237300
QQQ,2020-05-20,221.64493472365328,223.82757670597775,221.62561513470428,223.47024536132812,37417000
QQQ,2020-05-21,223.51849683462507,224.1945349611781,220.52459475578544,221.0364532470703,43642900
QQQ,2020-05-22,220.63083144321163,222.00222728846185,219.71335007153678,221.79942321777344,28762400
QQQ,2020-05-26,225.37278418266482,225.5756029934186,220.9591945713325,221.2006378173828,33055300
QQQ,2020-05-27,220.86260910029554,222.52373968407574,216.27518777873954,222.4078369140625,55665600
QQQ,2020-05-28,221.26821820384467,225.47898841837093,221.2102741907014,222.11810302734375,42784300
QQQ,2020-05-29,222.4948031307782,225.60459357481275,220.93024074674634,225.372802734375,50691800
QQQ,2020-06-01,224.50356984357563,226.42544844061516,224.0593078353485,226.04879760742188,25776000
QQQ,2020-06-02,226.47372024461725,227.62299222758293,224.06894068186074,227.56504821777344,33383400
QQQ,2020-06-03,228.1735313441804,229.34212319753055,227.29468908440103,228.5888214111328,37228700
QQQ,2020-06-04,228.24111872044787,229.65113894829665,225.68181160948944,226.98561096191406,38716100
QQQ,2020-06-05,228.1348963147749,232.0752518726521,227.56509378884476,231.4861297607422,47365600
QQQ,2020-06-08,231.341242413212,233.4079959050743,229.76704254967692,233.28245544433594,32937300
QQQ,2020-06-09,232.42290957279292,235.82241956935448,232.2394103640105,234.97254943847656,35046300
QQQ,2020-06-10,236.6626803968826,239.3378757760598,236.14115471605476,237.79263305664062,58084400
QQQ,2020-06-11,233.8715684089503,235.25261657892358,225.95223359629532,226.0101776123047,72919400
QQQ,2020-06-12,230.90662587455597,232.1717859431157,223.80820430878626,227.80650329589844,72034800
QQQ,2020-06-15,224.48429757371076,231.25436157446003,223.5474965050992,230.5783233642578,45307400
QQQ,2020-06-16,235.43607967424836,236.0252016408544,230.91627028050203,234.5379180908203,48890100
QQQ,2020-06-17,236.03490267290994,237.09725881066373,234.42206361761154,235.28160095214844,34749300
QQQ,2020-06-18,234.96290105421258,236.1604648506583,234.19029446195202,235.9190216064453,30578600
QQQ,2020-06-19,238.28513610887617,238.54589891002493,234.15162940385116,235.88037109375,49422100
QQQ,2020-06-22,235.7488266174253,238.83500256568558,235.45860266668006,238.70924377441406,24068700
QQQ,2020-06-23,240.3054788803595,242.9756419436958,239.75403873954198,240.74082946777344,32767400
QQQ,2020-06-24,239.98622560301826,241.2148942108038,234.27826268987792,235.77781677246094,46032400
QQQ,2020-06-25,235.86487855078397,238.32220094805373,233.2914518368603,238.0222930908203,36940800
QQQ,2020-06-26,237.78044585924073,237.95459496475345,231.8789804094809,232.4014129638672,52824600
QQQ,2020-06-29,232.15957332663174,234.94584119916232,229.6248525472428,234.9361572265625,34377800
QQQ,2020-06-30,234.868402284747,240.08296966409145,234.68458398323554,239.54119873046875,38909200
QQQ,2020-07-01,239.57991294446583,243.33363299913958,239.03814195969892,242.337158203125,34689200
QQQ,2020-07-02,244.78481405774463,245.99412957590692,243.5174537566549,243.98182678222656,31956500
QQQ,2020-07-06,247.13572938968088,250.50245983662856,247.11637620696564,249.9800567626953,34589000
QQQ,2020-07-07,249.7284963941985,252.38899053317246,247.9580419426525,248.25794982910156,36578200
QQQ,2020-07-08,249.58339474528853,251.55697649421415,248.15155448442556,251.5279541015625,30426300
QQQ,2020-07-09,253.4435107398024,254.31421200982007,249.24477079497103,253.64666748046875,40312900
QQQ,2020-07-10,253.50151246118423,255.6299192257289,250.82168035135726,255.3783721923828,32885300
QQQ,2020-07-13,258.22269297315665,261.008960278286,249.30278172307214,250.1251220703125,64108100
QQQ,2020-07-14,247.60013795734747,252.3019729673556,244.53331497286936,251.8956298828125,72230500
QQQ,2020-07-15,253.30806415444613,254.1400886211853,249.10932402853226,252.40834045410156,54523900
QQQ,2020-07-16,249.62206048102462,251.32478617232272,247.3001805992664,250.68626403808594,47594100
QQQ,2020-07-17,251.1409670994148,251.83753401428459,248.7997488052028,250.9765167236328,35137900
QQQ,2020-07-20,251.61507085142458,258.7258536950734,250.36707819722358,258.0970153808594,40610100
QQQ,2020-07-21,259.6641784111394,259.6738623814308,254.5657156742192,255.4073944091797,43243800
QQQ,2020-07-22,255.90081547678648,257.2359043650542,254.00458772495364,256.30712890625,29865500
QQQ,2020-07-23,255.90085230881024,256.6070736888156,248.19990969040234,249.61241149902344,51363500
QQQ,2020-07-24,245.7716098902376,248.56754683460562,243.14015285037885,247.2421417236328,54054500
QQQ,2020-07-27,248.88677203739152,252.0406462547425,248.10313808705376,251.65367126464844,36445700
QQQ,2020-07-28,250.87007751423138,251.3925100729386,248.1612226252013,248.45144653320312,31302400
QQQ,2020-07-29,249.98971931474543,252.1761714056983,249.51567703900358,251.31512451171875,27556900
QQQ,2020-07-30,249.35121156619053,253.19199938263066,248.1999406661585,252.63088989257812,41774500
QQQ,2020-07-31,257.2552802420076,257.2939866061692,252.35997328840392,257.1391906738281,53686300
QQQ,2020-08-03,259.2772157927388,261.3572323280069,259.1514422701452,260.6123046875,32081600
QQQ,2020-08-04,260.1092264713641,261.67652408975704,259.3642987853949,261.57977294921875,24911300
QQQ,2020-08-05,262.06357692788623,262.68273126739774,261.1735075047184,262.22802734375,21612100
QQQ,2020-08-06,262.03451859036824,266.030102185925,261.39599638999357,265.701171875,28048200
QQQ,2020-08-07,265.1593444887768,265.9333241341228,260.48656232248806,262.6343078613281,44969400
QQQ,2020-08-10,262.92452667278354,263.12771293316473,257.990543079371,261.5120544433594,35088400
QQQ,2020-08-11,260.3511438334103,261.6378722697648,256.0169752671021,256.5587463378906,43104300
QQQ,2020-08-12,258.71616518255945,263.9597412930272,258.6677748421069,263.0116271972656,38773400
QQQ,2020-08-13,263.78552347235626,265.8848782372413,262.67295933423617,263.61138916015625,31895700
QQQ,2020-08-14,264.2305647794578,264.5014502397458,261.9086851878035,263.30181884765625,30799500
QQQ,2020-08-17,265.01423574638244,266.86207342141137,263.3405619463594,266.3590087890625,24803000
QQQ,2020-08-18,267.4232508621353,269.39683283615625,265.96238804200317,268.92279052734375,23529500
QQQ,2020-08-19,268.8840725870389,269.9385922940173,266.60089880480473,267.1136474609375,31999400
QQQ,2020-08-20,266.32032153155023,271.30269597386075,265.9139784931246,270.8189697265625,27723400
QQQ,2020-08-21,271.0124430683541,273.15050458608215,270.3642369755621,272.69580078125,34748900
QQQ,2020-08-24,275.9658279093969,276.69141729040325,272.1153562987728,274.3985595703125,36418500
QQQ,2020-08-25,273.6245288313943,276.74941047837075,273.1795090274915,276.555908203125,34866600
QQQ,2020-08-26,277.8039537290661,282.7089445354077,276.5269094615622,282.4573974609375,42216700
QQQ,2020-08-27,283.4345480790629,284.2859109668264,279.31319115616515,281.5770263671875,49482700
QQQ,2020-08-28,282.8153783041637,283.6377188397529,281.4609506995913,283.0088806152344,28021000
QQQ,2020-08-31,283.5313229328272,287.0915411935552,283.0959574801818,285.28240966796875,36321000
QQQ,2020-09-01,287.9331670497137,290.27441475478145,286.1627422192065,290.1583251953125,36216200
QQQ,2020-09-02,293.4090400937583,293.62188085887885,287.2270329795529,292.9059753417969,50836800
QQQ,2020-09-03,288.3975488475127,288.90061343624177,275.15312393311996,278.05548095703125,110083300
QQQ,2020-09-04,276.26569448177094,279.5260042219647,262.95354051596087,274.3501281738281,123959000
QQQ,2020-09-08,263.3599249407287,269.164640033516,260.88324886308413,261.163818359375,99568600
QQQ,2020-09-09,266.66854876125336,270.93498714476664,264.11446068407344,268.83563232421875,64837900
QQQ,2020-09-10,271.79607919802197,273.015078667916,261.75391857764834,263.4759826660156,69667500
QQQ,2020-09-11,265.2270782554954,266.2622594432859,258.21304812541126,261.64752197265625,71809000
QQQ,2020-09-14,265.4302135179014,268.1971426013748,264.07578612794714,266.2041931152344,38525200
QQQ,2020-09-15,269.94821149896916,271.32200674248566,266.17515347001654,269.97723388671875,41849900
QQQ,2020-09-16,270.77058165183826,271.23493990693896,265.32381993172135,265.6720886230469,42321000
QQQ,2020-09-17,258.84195720283145,265.4690140803572,258.00027808055853,261.5218200683594,81570800
QQQ,2020-09-18,262.9438998635904,263.2341237780638,254.0820322085779,258.18402099609375,86251100
QQQ,2020-09-21,253.92722394228636,258.93862011741146,251.64402100357526,258.8031921386719,57168600
QQQ,2020-09-22,261.20241307752934,264.19183686748954,257.8647206631692,263.61138916015625,41128900
QQQ,2020-09-23,263.29212900279646,263.47594729578014,254.68180971684944,255.56219482421875,48837300
QQQ,2020-09-24,252.8824178640421,259.9544931293643,252.71793795178283,256.7522277832031,70631700
QQQ,2020-09-25,257.25530417410357,263.53406160645886,255.69769025797873,262.7214050292969,55242400
QQQ,2020-09-28,267.5779806195505,268.1778259277344,262.82781516039273,268.1778259277344,58438300
QQQ,2020-09-29,267.6167130358032,268.67123274629546,266.4073973782238,266.9685363769531,27050000
QQQ,2020-09-30,267.16196966350225,271.94118679751864,266.89108417723145,268.7969665527344,49380800
QQQ,2020-10-01,272.6184261977125,273.6729457945265,270.7318821655367,273.0634460449219,50020200
QQQ,2020-10-02,267.0362325061569,273.053788329181,264.5402180086701,265.38189697265625,75497400
QQQ,2020-10-05,267.34582816183547,271.3607502499344,267.23942255537673,271.04150390625,28184600
QQQ,2020-10-06,270.35457197829317,272.0379296255004,265.3238079306884,266.2041931152344,49704200
QQQ,2020-10-07,268.84533811728915,271.60255359693394,268.2551768522164,270.80926513671875,27539700
QQQ,2020-10-08,273.20859254547736,273.27632130939753,271.1866202712513,272.2508239746094,25443300
QQQ,2020-10-09,273.8954756343539,276.48827089145067,273.5085005215108,276.4108581542969,30201100
QQQ,2020-10-12,281.0933150021138,287.77841538987593,280.04847928189264,284.94378662109375,79370700
QQQ,2020-10-13,286.7432121833182,287.3817047440142,283.5699401763076,284.9340515136719,64240000
QQQ,2020-10-14,285.73709562441013,286.7045481035689,280.81276604840866,282.5541687011719,36949100
QQQ,2020-10-15,277.85241323589815,281.2481519650968,277.21389094318516,280.65802001953125,42514200
QQQ,2020-10-16,282.3025560839823,283.7247120792235,278.7713612595345,279.1196594238281,40570700
QQQ,2020-10-19,281.03518493673175,281.9929827076355,273.5858205839051,274.56292724609375,36756800
QQQ,2020-10-20,275.2982491603668,278.25865110562756,273.74066498739205,275.15313720703125,32195400
QQQ,2020-10-21,275.40469541094143,277.9684384378739,274.45658140364156,274.9403076171875,29306100
QQQ,2020-10-22,275.77231246291046,276.6720656909763,271.68000744451007,274.9306335449219,32196200
QQQ,2020-10-23,275.5014650238491,275.63692255890373,272.6087912107467,275.4724426269531,24658500
QQQ,2020-10-26,273.18923793913956,276.0141826669079,267.75215968735864,271.3414001464844,38421100
QQQ,2020-10-27,272.3379259232388,274.28251523285076,271.0802492651122,273.4601745605469,30559100
QQQ,2020-10-28,268.9614962213238,269.5709960593002,262.5472810110899,262.798828125,53413500
QQQ,2020-10-29,264.11448745178734,270.39324365808426,263.6500997022442,267.3941650390625,43246300
QQQ,2020-10-30,265.41085981745687,266.2815609805573,258.37749224167834,260.6123046875,65838300
QQQ,2020-11-02,263.0019720549705,264.61760122108484,258.28079905882623,261.1928405761719,39987400
QQQ,2020-11-03,263.10827526300477,267.8101080077364,262.0247335920055,265.7107238769531,43604100
QQQ,2020-11-04,274.35985838820505,279.3712553885632,272.69583886201065,277.5718078613281,75728200
QQQ,2020-11-05,283.97629469594665,285.7757714676253,282.4960937419013,284.8083190917969,52054200
QQQ,2020-11-06,284.1504778163652,285.7467686056481,280.3967572298811,285.02117919921875,40959800
QQQ,2020-11-09,287.96216736147034,289.40369134582903,278.7423482460267,279.1970520019531,86537100
QQQ,2020-11-10,275.88844594941975,277.32994074510486,271.4865193034532,274.1954040527344,69024900
QQQ,2020-11-11,276.7203417678838,280.80299108801654,274.1565994336967,280.3289489746094,36102900
QQQ,2020-11-12,281.29647823588164,282.5638385583244,277.900710755891,279.0132751464844,34414600
QQQ,2020-11-13,280.7256937058883,282.0801212469425,278.50053533015796,281.4609375,24806900
QQQ,2020-11-16,281.16103008634104,283.95698187620894,280.5515303107335,283.6570739746094,30168400
QQQ,2020-11-17,283.85048896817204,284.1794191957292,282.1187411450533,282.75726318359375,21843500
QQQ,2020-11-18,282.205816471963,283.82144510046083,280.5804743494631,280.66754150390625,28069600
QQQ,2020-11-19,280.1162683887112,283.1734225221698,279.4487236509834,282.86383056640625,22718400
QQQ,2020-11-20,282.7864172427393,283.53137473005654,280.8418573589735,280.9289245605469,25907300
QQQ,2020-11-23,281.9252978658632,283.2216804949819,278.6940105023637,280.9385070800781,26875600
QQQ,2020-11-24,282.00269286629174,285.3791218456151,280.2032455596767,284.8857116699219,24516800
QQQ,2020-11-25,285.949927331004,287.2753324617549,285.0018133025846,286.6368103027344,23326800
QQQ,2020-11-27,288.60078649818524,290.40026371023424,288.20412738410823,289.27801513671875,17163100
QQQ,2020-11-30,289.5971870288813,290.2066867419468,285.1856066120209,289.8680725097656,27836200
QQQ,2020-12-01,292.14160472558103,295.20844184859413,291.0386948091692,293.5830993652344,27521300
QQQ,2020-12-02,292.41248895074875,294.2990329472495,290.5743352890044,293.9604187011719,23620000
QQQ,2020-12-03,294.27005923343233,295.9243948502273,293.65087542111775,294.37646484375,22828700
QQQ,2020-12-04,294.42477907433585,295.72119128569506,293.74758010162014,295.5760498046875,19332100
QQQ,2020-12-07,295.75987086670006,297.6173925026342,295.57605254507047,297.249755859375,20851000
QQQ,2020-12-08,296.7757497269518,298.5558588522891,295.024662996755,298.2559509277344,18341500
QQQ,2020-12-09,298.0431011941414,298.3236411639306,290.43890912941885,291.50311279296875,48839300
QQQ,2020-12-10,289.471410606944,293.7959238107952,288.3878686942274,292.6736755371094,27519500
QQQ,2020-12-11,291.0193235205912,292.15125570041494,288.75548868524487,292.0254821777344,26760400
QQQ,2020-12-14,293.21548096516074,296.0888159756463,293.14778173088405,294.1442565917969,28804800
QQQ,2020-12-15,296.3983829620619,297.2884521484375,294.21193112054425,297.2884521484375,25709000
QQQ,2020-12-16,297.6850632045471,299.70703482385153,296.64019826175405,298.92340087890625,25461900
QQQ,2020-12-17,300.5197328956756,301.1098646667226,299.3201014107255,300.877685546875,23730500
QQQ,2020-12-18,301.5162219990141,301.8258138564122,297.5980220193117,299.9682922363281,41173400
QQQ,2020-12-21,297.0228063689803,299.94012534278517,294.2508919299636,299.4070739746094,37095500
QQQ,2020-12-22,300.30850795630914,301.1420109826274,297.4008897341945,300.2212829589844,26176300
QQQ,2020-12-23,300.2697276304532,300.62832914085624,298.5542435491377,298.7093200683594,21201300
QQQ,2020-12-24,298.97091298202696,300.4731701342332,298.89338953260915,300.02734375,16785000
QQQ,2020-12-28,302.6346400286241,303.5263227588848,300.8028260885802,303.0513916015625,22497700
QQQ,2020-12-29,304.379123831778,304.9994298515296,302.42133841534746,303.32269287109375,25871900
QQQ,2020-12-30,304.4857243124753,304.80554924021425,302.71206097974704,303.3323669433594,18138100
QQQ,2020-12-31,303.23546984732184,304.56327730579443,302.15966540823325,304.07867431640625,21611400
QQQ,2021-01-04,305.4065712604458,305.5810508668915,295.78236016993344,299.7851867675781,45305900
QQQ,2021-01-05,298.7965787628583,302.5280284370665,298.7965787628583,302.2566223144531,29323400
QQQ,2021-01-06,297.54623109309864,302.27596093217613,296.5576516573513,298.0696105957031,52809600
QQQ,2021-01-07,300.7252074691213,306.1139899427387,300.6961324750406,305.2804870605469,30394800
QQQ,2021-01-08,307.56784992649233,309.55474011165984,305.3774347489298,309.205810546875,33955800
QQQ,2021-01-11,306.249752108564,307.4224832000481,304.0884118717858,304.73779296875,32746400
QQQ,2021-01-12,304.77658493510535,305.86209118784325,301.6169927161347,304.25323486328125,29266800
QQQ,2021-01-13,304.5148547170226,307.10261833669665,303.9139516915649,306.3078918457031,22898400
QQQ,2021-01-14,306.7537396531724,307.75202078235884,304.19502127671944,304.6699523925781,23500100
QQQ,2021-01-15,304.45673925260405,305.4162438970654,301.01603959858863,302.2566223144531,35118700
QQQ,2021-01-19,304.57295457432366,307.17041929190594,303.47774717307743,306.66644287109375,24537000
QQQ,2021-01-20,310.28164205481335,314.7399662658125,306.76341932672693,313.7998352050781,30728100
QQQ,2021-01-21,315.13729720135154,317.05633556018074,313.7610413662639,316.3100280761719,25130600
QQQ,2021-01-22,315.27307683718,316.407031469177,314.7109207065593,315.3990783691406,21609400
QQQ,2021-01-25,318.78151650082356,320.1481003708012,311.51247224210186,318.0061340332031,39080600
QQQ,2021-01-26,318.72337751962505,319.6053584694792,317.1435671137224,318.47137451171875,25498100
QQQ,2021-01-27,316.2131379261099,316.2228098725471,307.58718143940655,309.59344482421875,55264000
QQQ,2021-01-28,310.7953454119391,316.36828070768473,310.1750392860136,311.4253234863281,42836300
QQQ,2021-01-29,309.7388471809838,310.84375624229205,303.128884596821,304.8734436035156,55259000
QQQ,2021-02-01,308.31411931482035,313.57693059334537,306.2884822397194,312.4914245605469,35646000
QQQ,2021-02-02,315.45715072768695,318.74274338725553,315.29237270849,317.5893859863281,33930800
QQQ,2021-02-03,319.6635697112321,320.03187276941543,316.27134829002074,316.3294982910156,24824500
QQQ,2021-02-04,317.7251554430915,320.157842676717,316.40701974736385,320.07061767578125,22350900
QQQ,2021-02-05,321.0203629383671,322.1640187431127,319.38240268503847,321.1560363769531,22732000
QQQ,2021-02-08,322.84256976000034,323.46284630646204,321.20460902422445,323.3077697753906,20462800
QQQ,2021-02-09,322.37729115454334,324.4998546355321,322.36758962975637,323.2398986816406,17597500
QQQ,2021-02-10,324.6743385925005,325.1298666378689,319.3534066238231,322.5033264160156,28068700
QQQ,2021-02-11,324.03464550911383,324.68402657650824,321.8927084215484,324.2769470214844,22046100
QQQ,2021-02-12,323.43371103849927,326.25410391756105,322.38698162108943,326.08935546875,20346800
QQQ,2021-02-16,326.8840742771446,327.77575674947775,324.04430799298007,325.2073669433594,27080800
QQQ,2021-02-17,322.2318793215303,325.32364843742187,320.0027176340885,323.64691162109375,31360300
QQQ,2021-02-18,320.0609215270865,323.5888161354147,318.24848138527534,322.23193359375,32236200
QQQ,2021-02-19,323.57904861371225,323.70505010577875,319.8088532641244,320.8265075683594,39157700
QQQ,2021-02-22,316.4457156421232,317.7056714383622,312.30721723717556,312.5107421875,47256900
QQQ,2021-02-23,307.23835947803434,313.2474496333406,301.42312239012205,311.5804138183594,97241900
QQQ,2021-02-24,308.92473819569517,314.458926239365,306.23034646139433,314.1487731933594,58206300
QQQ,2021-02-25,311.49317868001674,314.05186753500726,301.6557125973365,303.1967468261719,110182600
QQQ,2021-02-26,306.12382624714616,309.2834187803543,301.30686958818063,304.46649169921875,104739800
QQQ,2021-03-01,309.43838918932,313.96459422673973,308.1493582226554,313.6253662109375,49164500
QQQ,2021-03-02,314.26504533882803,314.34256880454757,308.3432108792186,308.5951843261719,48370000
QQQ,2021-03-03,307.4999867015868,308.4401177344463,299.58158999462006,299.6397399902344,86301100
QQQ,2021-03-04,299.271442392636,302.4310635748034,290.8684129401482,294.7355651855469,139131600
QQQ,2021-03-05,297.3524785033538,300.0759458171793,288.2904233369745,299.1745910644531,121523700
QQQ,2021-03-08,298.6317729607191,300.51203512418215,290.28692280023205,290.70367431640625,88409800
QQQ,2021-03-09,298.00167780875324,304.06891495660227,297.4686265047941,302.16925048828125,80391100
QQQ,2021-03-10,306.42413809997134,306.7245895600071,300.6186042767961,301.3067321777344,76798100
QQQ,2021-03-11,306.04622095989873,310.0102706368839,305.15456784909975,308.246337890625,53484800
QQQ,2021-03-12,304.1949616046045,308.4304164004417,301.8010513316527,305.7456970214844,69315600
QQQ,2021-03-15,306.0655674633329,309.1767104053718,304.42760697615097,309.0119323730469,42955700
QQQ,2021-03-16,311.202312275909,314.21655794139167,309.27360204075023,310.7080078125,54925900
QQQ,2021-03-17,307.67447751041885,313.8773904178107,305.958963843639,311.9874267578125,78258700
QQQ,2021-03-18,307.1122819567353,308.0911894225714,301.97550229781075,302.4310302734375,82718100
QQQ,2021-03-19,302.26628178699343,305.0382264310817,300.1243447287122,303.4971923828125,78446200
QQQ,2021-03-22,305.88923408616284,311.2557108380193,305.88923408616284,309.1886901855469,56194800
QQQ,2021-03-23,310.2756635863065,311.59543446462345,307.02471644005647,307.8398742675781,53455400
QQQ,2021-03-24,309.2081891249988,309.24701462647465,302.50251267750366,302.6480712890625,64803700
QQQ,2021-03-25,300.8041614179257,303.6378297955095,298.3004652722226,302.1239318847656,78729000
QQQ,2021-03-26,301.9104968604714,306.97614321178946,300.5131047500999,306.6559143066406,63519600
QQQ,2021-03-29,306.12218344931506,307.61662446358594,303.2302911223653,306.5685729980469,54608000
QQQ,2021-03-30,304.6082654499372,305.598093318723,302.3277491876076,305.0255432128906,44635700
QQQ,2021-03-31,306.81118082295455,311.2557376046905,306.47152436840304,309.693359375,55032500
QQQ,2021-04-01,313.5168281402014,315.1083179450452,313.2645068625954,314.97247314453125,55685600
QQQ,2021-04-05,317.4568854196264,322.02760407998835,317.2142778319081,321.2609558105469,42172500
QQQ,2021-04-06,320.9504150733319,322.9882949558998,320.26138825609326,321.0377502441406,33537200
QQQ,2021-04-07,320.56222355205784,322.64867236045967,319.6306187691433,321.8140869140625,32046400
QQQ,2021-04-08,324.6671093943618,325.35610651026633,323.8713495618083,325.1717224121094,29940800
QQQ,2021-04-09,323.81309460675953,327.34547423273773,323.07558790108754,327.14166259765625,36664900
QQQ,2021-04-12,326.10337642585216,327.13203008038977,324.83211521854287,326.7147521972656,25833000
QQQ,2021-04-13,328.2383335566623,330.9943520410831,328.02483770712075,330.528564453125,30374000
QQQ,2021-04-14,330.7710495750227,330.8972102051173,325.74422961469463,326.55938720703125,42564300
QQQ,2021-04-15,329.43190098231787,331.8968016818083,326.278003217147,331.50860595703125,36342800
QQQ,2021-04-16,332.0326343573473,332.1102853455349,330.02383705423443,331.89678955078125,40860100
QQQ,2021-04-19,330.3247340079446,331.47951864409623,326.9379126355204,328.859375,34533100
QQQ,2021-04-20,328.19957260196236,329.48051822037576,324.4925213722377,326.4624938964844,38081800
QQQ,2021-04-21,325.1813843128136,329.44158621717884,324.0945074540267,329.2572021484375,36598100
QQQ,2021-04-22,328.86909773930853,329.84921208226183,324.13339372501684,325.2882080078125,45936100
QQQ,2021-04-23,325.91904041422845,330.6935411728746,325.91904041422845,329.38348388671875,36381900
QQQ,2021-04-26,329.62610194444756,331.8095703109679,328.8788515941866,331.52813720703125,30812000
QQQ,2021-04-27,331.8190692589778,332.0325650091408,329.1407030294047,330.0917053222656,33187200
QQQ,2021-04-28,329.76184556196415,330.7711011449007,328.32559837144595,328.9757995605469,33615700
QQQ,2021-04-29,332.2461477907984,332.66342562514154,326.937893972097,330.15972900390625,37708900
QQQ,2021-04-30,327.71426309227223,330.19856182815215,327.08345982266536,327.99566650390625,38263400
QQQ,2021-05-03,329.1989556096356,329.946175993807,325.8024508567582,326.24884033203125,29729700
QQQ,2021-05-04,323.69660030920426,324.0168587658784,316.5639345058296,320.37774658203125,65147000
QQQ,2021-05-05,322.4253840899194,323.28908104964285,318.52426595065555,319.30059814453125,46219300
QQQ,2021-05-06,319.0386230172309,321.8625782847719,316.79693175802845,321.7073059082031,46814300
QQQ,2021-05-07,324.48270555479803,326.69528498289117,321.8819600124243,324.3177490234375,53324500
QQQ,2021-05-10,322.9396968116653,323.11436710542796,315.92347719379603,316.1272888183594,60700500
QQQ,2021-05-11,310.2465741413895,316.4864337699325,309.58665903966653,315.690673828125,71963600
QQQ,2021-05-12,310.76079425410165,313.08010643996755,306.6558648948386,307.5195617675781,91164900
QQQ,2021-05-13,310.4600829705409,312.86673122565975,307.52936443186996,309.897216796875,69877800
QQQ,2021-05-14,313.0607397997424,317.6508549788167,312.5560972204388,316.7386779785156,44370000
QQQ,2021-05-17,315.0307871063602,316.71932631976534,311.9448259180053,314.8172912597656,39395000
QQQ,2021-05-18,315.7682625127471,316.99098429290916,312.4202668422621,312.6919860839844,36528500
QQQ,2021-05-19,307.2963823180364,313.3518563360605,306.9470121011332,313.051025390625,66319100
QQQ,2021-05-20,314.53581909839676,319.96052014548815,314.3126391150429,319.1065368652344,46466100
QQQ,2021-05-21,320.659309480046,321.0765874437712,316.9813995925345,317.3404541015625,50330400
QQQ,2021-05-24,319.63053929972733,323.80340626385316,317.23357590309666,322.6777038574219,32475800
QQQ,2021-05-25,324.19159403453045,324.90970283924935,321.94990284909704,323.1241149902344,31280300
QQQ,2021-05-26,323.7937745082266,324.71566551573625,323.10477729374134,324.2498779296875,25444900
QQQ,2021-05-27,323.80342174637593,324.6476911877741,322.8329916546215,323.0367736816406,27931700
QQQ,2021-05-28,324.24013972588364,325.64727538816913,323.73552667394773,324.0557556152344,29927400
QQQ,2021-06-01,325.3852245308222,325.860755452993,321.62966450701225,322.97857666015625,31145400
QQQ,2021-06-02,323.3959096589274,324.4536751719568,321.8917544833314,323.6094055175781,22047900
QQQ,2021-06-03,320.7756986540093,322.046959878064,318.5728327072903,320.2419738769531,37057800
QQQ,2021-06-04,322.03727823358133,326.12278121578436,321.96934100973573,325.6763916015625,38736500
QQQ,2021-06-07,325.1426050715648,326.7050129897003,324.4536079675706,326.64678955078125,32611900
QQQ,2021-06-08,328.39352234967527,329.25721930775677,325.12317782604936,326.8020324707031,27282800
QQQ,2021-06-09,328.1703884365764,328.94672073790025,326.6953156028105,326.87969970703125,21485300
QQQ,2021-06-10,327.21941672134415,330.3927133493331,326.77302704627175,330.2859802246094,33702100
QQQ,2021-06-11,330.2955834012602,331.1592804285053,329.6454118014749,331.1495666503906,21222800
QQQ,2021-06-14,331.57663306929425,334.33265169441887,330.3927068641534,334.3229675292969,27827700
QQQ,2021-06-15,333.9734710380047,334.2840157386362,331.42123545718994,332.1393737792969,35963800
QQQ,2021-06-16,332.60521679047145,333.6726958677757,327.47166267150703,330.9263916015625,55399500
QQQ,2021-06-17,329.9171215293265,336.1375820099637,329.86861187050766,335.1283264160156,59722700
QQQ,2021-06-18,333.46893484005597,334.61403537004617,331.7512544298912,332.4985046386719,55414900
QQQ,2021-06-21,332.6898761727154,334.88560197114685,330.474729930323,334.5649719238281,32992600
QQQ,2021-06-22,334.3610115723274,338.1306538228892,334.059831566183,337.6837463378906,28941600
QQQ,2021-06-23,337.62537705205324,338.9952743346827,337.0132921332687,337.84881591796875,27188500
QQQ,2021-06-24,339.78223061494685,341.46300322274897,339.2381617228856,339.93768310546875,32581600
QQQ,2021-06-25,340.5011783527263,340.7440673140973,338.9175375806625,339.5198974609375,28682800
QQQ,2021-06-28,340.8023657602307,343.78504938710785,340.74407478018696,343.6490173339844,39130300
QQQ,2021-06-29,343.47411498284237,344.9217236125262,342.63859124073826,344.892578125,29426000
QQQ,2021-06-30,344.73712712738813,345.1257731621185,343.76557133962166,344.3485107421875,32724000
QQQ,2021-07-01,343.99881066452366,344.98978702607894,342.648333708053,344.4845886230469,29290000
QQQ,2021-07-02,346.3791192382601,348.7594431935655,346.1459552963488,348.4388427734375,32727200
QQQ,2021-07-06,349.041162328563,350.22646164532887,346.349933662475,349.9447021484375,38842400
QQQ,2021-07-07,352.1404392834429,352.44161923318353,348.73026866921117,350.68310546875,35265200
QQQ,2021-07-08,345.62128085020595,349.4200679163913,344.3388496163626,348.5650939941406,50890000
QQQ,2021-07-09,347.98211837568704,351.2173858133208,347.3991790253446,350.7413330078125,35184500
QQQ,2021-07-12,352.1404430980501,352.5679300602868,350.56649765552464,352.1112976074219,25717700
QQQ,2021-07-13,351.73237657972146,355.07453120291746,351.25632368294856,352.1112976074219,39723000
QQQ,2021-07-14,354.4527466915116,355.0939771809763,351.9169998759118,352.7428283691406,35336400
QQQ,2021-07-15,352.65536866834645,352.8593871039803,348.263917056866,350.26531982421875,53391600
QQQ,2021-07-16,351.1202139024751,352.101494618964,347.0785387493391,347.4283142089844,47262000
QQQ,2021-07-19,343.97927561366504,345.0771382727002,342.0264688643934,344.5816650390625,64404600
QQQ,2021-07-20,345.5143833813313,350.0321117839169,343.7364197177112,348.5845031738281,42183700
QQQ,2021-07-21,348.15710087438464,351.2757873535156,347.9336323190468,351.2757873535156,30259900
QQQ,2021-07-22,351.4797336099196,353.6074431991234,351.4797336099196,353.5977478027344,30252200
QQQ,2021-07-23,354.91905710150735,358.0085975181968,353.5686099185459,357.72686767578125,31960800
QQQ,2021-07-26,357.0370501062758,358.3972520169587,356.17238081685986,358.00860595703125,28438100
QQQ,2021-07-27,357.746322676778,357.746322676778,349.91558431978564,354.0641174316406,57933100
QQQ,2021-07-28,355.2008470048349,356.998231370159,352.90795963703147,355.4242858886719,42066200
QQQ,2021-07-29,354.8607009749586,357.2215740873248,354.8607009749586,356.05572509765625,25672500
QQQ,2021-07-30,352.1306548305202,354.78301259962615,352.10150934512467,354.2000732421875,36484600
QQQ,2021-08-02,355.8615466377662,356.4444861941186,353.52009301360124,354.2293395996094,27334100
QQQ,2021-08-03,354.88992452387834,356.4929857682527,351.70322247856217,356.37640380859375,35558500
QQQ,2021-08-04,356.337502476667,357.8434317242009,355.22994430609293,356.89129638671875,29602200
QQQ,2021-08-05,357.70742145360697,359.38822372781095,356.99820466729994,359.1550598144531,21443900
QQQ,2021-08-06,357.8920207079267,358.8635765497484,356.47355748073585,357.58111572265625,33332100
QQQ,2021-08-09,358.0377121999518,358.7663790081449,356.93987911454457,358.24176025390625,25960200
QQQ,2021-08-10,358.75669560360734,359.048150476815,355.22021834453176,356.405517578125,35130800
QQQ,2021-08-11,357.6686130206565,358.16408638149835,354.46246067342184,355.7934875488281,34249800
QQQ,2021-08-12,355.28826849142246,357.4353986623692,353.9377916002742,357.075927734375,25969200
QQQ,2021-08-13,357.4256838386604,358.6595490527327,356.9301808840148,358.3292236328125,19336200
QQQ,2021-08-16,357.2119748219875,358.523551582133,353.3548966695648,358.4847106933594,34856900
QQQ,2021-08-17,355.7351853099892,356.70674120576933,352.89825869804963,355.3271484375,44793900
QQQ,2021-08-18,354.79274854455855,356.1917913024979,351.57690114042134,351.9072265625,38541900
QQQ,2021-08-19,349.97387327191353,355.27856027177415,349.72125924588516,353.60748291015625,48499400
QQQ,2021-08-20,354.6762266553461,357.6686357025314,354.36532162325545,357.2702941894531,39486000
QQQ,2021-08-23,358.30975495051,363.30356582383774,358.30005955452134,362.61376953125,34034700
QQQ,2021-08-24,363.2064206006118,364.3237038526615,362.7400631377907,363.7213439941406,21732900
QQQ,2021-08-25,363.97395124012723,364.71234313017925,363.225834304302,364.13909912109375,20441900
QQQ,2021-08-26,363.28420767946403,363.9642790431549,361.38966174943306,361.8268737792969,29133300
QQQ,2021-08-27,362.4583499945528,365.8490704411561,361.97257206698066,365.3438720703125,27104700
QQQ,2021-08-30,366.130868798235,369.92965615295554,366.1114187033676,369.4438781738281,27295700
QQQ,2021-08-31,369.686738600358,369.75472497853656,367.59786973187414,369.1426696777344,29628200
QQQ,2021-09-01,370.20163673041526,371.8241183407126,369.5506812873745,369.75469970703125,28138300
QQQ,2021-09-02,371.1052450494331,371.43557053019225,368.3654500242978,369.57989501953125,25453400
QQQ,2021-09-03,368.4333906805509,371.11489416925747,368.41397023843336,370.716552734375,24605400
QQQ,2021-09-07,370.8234185329037,371.8921358655914,369.66726473429577,371.2411804199219,23970200
QQQ,2021-09-08,371.06631894293287,371.06631894293287,367.68532355818826,369.94903564453125,32949200
QQQ,2021-09-09,370.17247372014936,371.2800318811056,368.43338058855016,368.67626953125,29399000
QQQ,2021-09-10,370.3862376026058,371.1051794247979,365.54787892335725,365.8782043457031,40249400
QQQ,2021-09-13,368.20992181049735,368.63740873289976,363.57561133523944,365.6255798339844,48741800
QQQ,2021-09-14,367.1120503442198,367.8407171743474,363.6338937208705,364.5860290527344,41826600
QQQ,2021-09-15,365.04267443589885,367.64643688561017,362.7497873111235,367.2966613769531,34097900
QQQ,2021-09-16,365.96567551839905,368.12253083905205,364.0420137793934,367.54931640625,35193100
QQQ,2021-09-17,367.07318268866356,367.1217486139849,362.15711320524946,363.1966552734375,60912300
QQQ,2021-09-20,357.4036470721307,359.1446681278163,351.0523559564486,355.69183349609375,76203200
QQQ,2021-09-21,357.52043574443064,358.7167850557825,355.00131976117484,356.12957763671875,41927500
QQQ,2021-09-22,357.04385306817227,360.91494318773044,355.9447730023296,359.45599365234375,46972900
QQQ,2021-09-23,360.61339773246715,363.8036325830604,359.97145643124753,362.77264404296875,44652000
QQQ,2021-09-24,360.5064182906499,363.53132237880186,360.1368129986181,363.1130676269531,36056800
QQQ,2021-09-27,360.06877162163283,361.0900244643273,357.6663667698871,360.21466064453125,43338100
QQQ,2021-09-28,355.6626193659367,360.16588392104853,349.5155734589641,350.0213317871094,97701600
QQQ,2021-09-29,351.2859227101184,353.425697799391,348.82516206388993,349.4476318359375,58076600
QQQ,2021-09-30,351.09130030893095,352.7544942625844,347.3272157221571,348.1636657714844,61384600
QQQ,2021-10-01,348.7862507424012,351.3637226328457,344.68173769486793,350.322998046875,56375500
QQQ,2021-10-04,348.70837747868603,349.0390691415434,340.73280457366985,342.9698486328125,76766000
QQQ,2021-10-05,344.0300329676691,349.8463893796275,343.8063463595513,347.599609375,47232900
QQQ,2021-10-06,344.3899201017758,350.09930141677904,343.4853784291213,349.82696533203125,56806500
QQQ,2021-10-07,352.87122991088916,355.68215344387613,352.3362936499442,353.0365905761719,39411200
QQQ,2021-10-08,354.11619466511115,354.3496467593131,350.74115710996455,351.276123046875,41822300
QQQ,2021-10-11,349.73940684606686,353.2603637000325,348.4944376304484,348.5820007324219,34847200
QQQ,2021-10-12,350.0312162202531,350.46888332011713,346.7242695086251,347.3662109375,43905100
QQQ,2021-10-13,349.67124654874203,350.8189461917306,347.64815359196314,350.1478271484375,40120800
QQQ,2021-10-14,353.736922473193,356.810446526466,353.07553911148256,356.5964660644531,43433900
QQQ,2021-10-15,357.8122121376906,358.95991188767306,356.7812235917874,358.84320068359375,40419900
QQQ,2021-10-18,357.54952160436005,362.6655795197479,356.9464940306247,362.45159912109375,34513500
QQQ,2021-10-19,363.52161944896375,365.24316934236003,362.5003665716349,365.1945495605469,29091000
QQQ,2021-10-20,365.65161478068956,366.26437825684025,363.23947450315666,364.7178955078125,31390300
QQQ,2021-10-21,363.9203769979809,367.13978994323423,363.6188631341587,366.94525146484375,25469300
QQQ,2021-10-22,365.6906155838644,366.6535128859866,362.1988662025528,363.862060546875,36275800
QQQ,2021-10-25,365.28205322129304,368.5014661306031,363.33678718872363,367.5871887207031,32597800
QQQ,2021-10-26,369.82426700241473,372.2363779156397,367.5677512531877,368.74462890625,47191300
QQQ,2021-10-27,369.1919755149265,372.66428202015936,368.9293753230013,369.6004943847656,45760500
QQQ,2021-10-28,371.49721174896024,373.9579722207458,370.7288233150904,373.705078125,38007000
QQQ,2021-10-29,370.6315197832364,375.70866510968085,370.2813861591244,375.5433044433594,37310100
QQQ,2021-11-01,375.9810539307852,376.95368704415796,373.8996345030191,376.8272399902344,30765300
QQQ,2021-11-02,376.2144079243628,378.8794423541163,376.1657881505037,378.40283203125,25135300
QQQ,2021-11-03,378.8891980696305,382.83808593343343,377.84850325015935,382.41986083984375,33748900
QQQ,2021-11-04,383.6842918645844,388.2751209954125,383.1396197374018,387.3219299316406,40265300
QQQ,2021-11-05,389.09212224591516,390.01610580693085,386.29093439470984,387.6915283203125,43383800
QQQ,2021-11-08,387.66240372579756,388.6836566656202,386.52440987414775,387.1663513183594,29256300
QQQ,2021-11-09,388.2361888677813,388.63497195661483,383.13960148519317,384.50128173828125,50490700
QQQ,2021-11-10,381.72926606554546,384.540159937135,376.92445677960063,378.85028076171875,54937400
QQQ,2021-11-11,381.8265197042397,382.0015865093536,379.560268335903,379.90069580078125,32243000
QQQ,2021-11-12,381.04841716504535,384.433190667977,379.4533144906086,383.89825439453125,34730600
QQQ,2021-11-15,385.0751401907172,385.3960960251262,381.36941078142974,383.8106994628906,33716900
QQQ,2021-11-16,383.0812526688252,387.0398764491549,382.8867438612393,386.5438537597656,27872900
QQQ,2021-11-17,386.86478860727243,388.78087686824887,385.78518018894584,386.7480773925781,28703300
QQQ,2021-11-18,388.790632436788,391.26109909299385,386.5730301977901,390.7553405761719,45721500
QQQ,2021-11-19,392.3893488562752,394.2081679319985,391.5626048175631,392.93402099609375,45191700
QQQ,2021-11-22,394.4707418797755,397.5247938245009,388.26533907910016,388.372314453125,61715400
QQQ,2021-11-23,387.21490670410526,389.27691358306146,382.1669687768328,386.6021728515625,70098700
QQQ,2021-11-24,384.12193650748134,388.12917964465845,381.7973591150483,387.8471374511719,46954400
QQQ,2021-11-26,385.26968197773573,386.6605698656979,379.1031917018816,380.49407958984375,51533300
QQQ,2021-11-29,385.0556245578793,389.76316388391996,384.326149936816,388.7516174316406,54447100
QQQ,2021-11-30,387.86661005974304,390.2106592936949,381.02900084263916,383.0423583984375,81332700
QQQ,2021-12-01,387.380284034445,389.52008858463853,376.0588509406697,376.52569580078125,77766500
QQQ,2021-12-02,375.2418121657415,381.01925475492664,373.8217762489856,379.2393493652344,84416600
QQQ,2021-12-03,380.60096618273656,381.6027768520608,368.53058869788106,372.64483642578125,105349100
QQQ,2021-12-06,373.1312158694991,376.9925702047442,368.91969820689434,375.6308898925781,67588800
QQQ,2021-12-07,382.27390933098576,387.55529887951013,382.23499570372724,386.9425354003906,56005300
QQQ,2021-12-08,387.273264023644,388.8781024101654,385.37661795077236,388.673828125,39204000
QQQ,2021-12-09,387.4484249487936,389.24780223000425,382.76032599712715,382.9548645019531,49973700
QQQ,2021-12-10,385.76573205390457,387.3803065479025,382.5949386768142,387.1177062988281,52545800
QQQ,2021-12-13,387.1079901810982,387.42894605742106,381.1554801063932,381.52508544921875,50166400
QQQ,2021-12-14,376.70077836090985,379.4144329532964,373.1312315950935,377.576171875,75199200
QQQ,2021-12-15,377.3232270446941,386.54379804863623,373.37433966272437,386.18389892578125,73858000
QQQ,2021-12-16,387.1467959162522,387.5747567536777,374.6678995710291,376.2532958984375,82591400
QQQ,2021-12-17,372.83938295476923,378.5390275880848,371.32207789768785,374.37615966796875,80492500
QQQ,2021-12-20,369.65383235643225,371.5334044386726,367.60868840628507,370.74456787109375,65336800
QQQ,2021-12-21,374.01682225238807,379.3536699549312,370.2674258712642,379.0420227050781,48899500
QQQ,2021-12-22,378.7498028220549,383.86264755757725,378.08757482728123,383.65814208984375,37042200
QQQ,2021-12-23,384.0087075166377,388.02106837414027,383.84316538472837,386.550537109375,29595500
QQQ,2021-12-27,387.84580044463326,392.9391784667969,387.81658537729174,392.9391784667969,32820700
QQQ,2021-12-28,393.8351009210368,394.0103913134731,390.241499274539,391.11798095703125,33113700
QQQ,2021-12-29,391.2544488367904,392.5204749909473,388.68340346978243,391.0596618652344,32248500
QQQ,2021-12-30,390.84530882119145,393.0268094113681,389.3065991298355,389.89093017578125,23850100
QQQ,2021-12-31,389.2189494524094,390.58236873038675,386.95955195158325,387.45623779296875,34752900
QQQ,2022-01-03,388.62492150092214,391.4394353469124,386.51162877090127,391.18621826171875,40575900
QQQ,2022-01-04,391.73161585861396,391.7705791947588,383.0154492062838,386.11236572265625,58027200
QQQ,2022-01-05,384.4275597698944,385.54754023833226,373.9973627235107,374.2505798339844,75739800
QQQ,2022-01-06,372.42943304347233,377.2306314972155,370.19925011866803,373.98760986328125,70814300
QQQ,2022-01-07,373.9973217648803,375.68213669487847,368.16381836104466,369.9362487792969,72652300
QQQ,2022-01-10,365.0280294691345,370.6959921273227,359.6619658444625,370.1798095703125,91770500
QQQ,2022-01-11,369.4493143206494,375.906112223643,367.3652366626688,375.7405700683594,68295700
QQQ,2022-01-12,378.31160870654446,380.0061720189423,374.9517565939594,377.2306213378906,54576400
QQQ,2022-01-13,378.61347148673974,379.2951960521045,366.85881976807036,367.7937316894531,77994000
QQQ,2022-01-14,365.2713602811778,370.4134198933439,365.06682510069675,370.0823059082031,80121200
QQQ,2022-01-18,364.2683520905437,366.39139326644755,360.1098852353702,360.8695068359375,75450900
QQQ,2022-01-19,362.4276479497391,364.90129926723534,356.6428269126242,356.9057922363281,81791500
QQQ,2022-01-20,360.1293528653298,364.1027509832261,351.73455259619834,352.2701721191406,88610700
QQQ,2022-01-21,350.0788833181929,352.71807651699646,342.21970412983666,342.50213623046875,143388900
QQQ,2022-01-24,336.87320642826637,344.7323871817224,325.4204234632394,344.07012939453125,198685800
QQQ,2022-01-25,337.6132971711856,341.85937838139654,332.75364016664133,336.0940246582031,124398400
QQQ,2022-01-26,343.69032292092504,347.55660890710044,331.87721121554597,335.5682067871094,146559500
QQQ,2022-01-27,340.2720264541344,342.0931685236825,331.1662863860783,332.1888732910156,95255700
QQQ,2022-01-28,334.0684383999999,342.8235677167253,329.12116502061934,342.60931396484375,108167900
QQQ,2022-01-31,343.97275169174054,354.14973026653894,342.33661867714983,353.5653991699219,94326400
QQQ,2022-02-01,354.90939615460974,356.62342632692844,349.7576168140272,355.9709167480469,74433000
QQQ,2022-02-02,360.10006059259797,360.43117455474135,354.7729626939763,358.86322021484375,78777100
QQQ,2022-02-03,349.1634154585336,352.4745846367798,343.2519868573046,344.3135070800781,95384800
QQQ,2022-02-04,344.8297821711798,351.95855710008027,342.77491938097467,348.6571350097656,86318300
QQQ,2022-02-07,349.25114058242553,351.61765032861587,344.5960180338166,345.8523254394531,58198100
QQQ,2022-02-08,344.7128077186358,350.82874190312333,343.58310908324535,349.7380065917969,64720900
QQQ,2022-02-09,354.25685095249275,357.22715841338385,352.6596813646489,357.1492614746094,55766400
QQQ,2022-02-10,350.1276521478093,356.9155644682543,347.22552265055316,349.0661315917969,112468500
QQQ,2022-02-11,349.066027074143,350.6631964220533,336.76598043614223,337.9930725097656,101569100
QQQ,2022-02-14,337.43799008762295,341.8107097063511,334.9059384823163,338.411865234375,80254400
QQQ,2022-02-15,343.6903228548699,347.05992294534923,342.6288023839486,346.8262023925781,55128800
QQQ,2022-02-16,344.5765213147969,347.76108243554825,341.54775406806425,346.738525390625,58947100
QQQ,2022-02-17,343.5247302610099,344.2259215973404,336.006412490477,336.4252014160156,61801400
QQQ,2022-02-18,337.360086427946,337.7496305348196,330.28002495150304,332.5881042480469,80001500
QQQ,2022-02-22,329.64703413059453,335.05205976865096,325.61520592456526,329.24774169921875,85967100
QQQ,2022-02-23,332.403009939412,333.2405281429425,320.5022566871523,320.81390380859375,86215400
QQQ,2022-02-24,310.51033638338527,332.13037570497437,309.94550189674453,331.5947265625,130614100
QQQ,2022-02-25,332.39337147017665,336.94138213250466,328.57579699262675,336.7368469238281,78842100
QQQ,2022-02-28,333.5620558611428,339.43452303674104,332.4031418162457,337.7399597167969,77515500
QQQ,2022-03-01,336.7174137109176,338.98653027662823,330.0463613925379,332.5686950683594,67407000
QQQ,2022-03-02,334.11703830029745,339.4830993238208,331.3512367311645,338.1488952636719,70609000
QQQ,2022-03-03,340.78814877836516,340.89529050718346,331.45843724286703,333.31854248046875,71089400
QQQ,2022-03-04,330.9617802598061,332.3933781477259,326.1703304000487,328.4881286621094,76936300
QQQ,2022-03-07,328.47840017883215,329.6373141349506,316.168602423875,316.37310791015625,89933800
QQQ,2022-03-08,315.58425219278513,324.5049527472836,311.5816393165124,314.9025573730469,116153900
QQQ,2022-03-09,323.08311801855376,327.59216523477136,320.49260625639835,326.23846435546875,64723400
QQQ,2022-03-10,322.17737461373935,323.82322594560713,318.17473241246887,322.6156005859375,69362700
QQQ,2022-03-11,325.58596495257655,325.8976121503663,315.43817226185195,315.92510986328125,66228400
QQQ,2022-03-14,314.6882922182204,318.0578920252177,309.15668831903486,309.8578796386719,79802600
QQQ,2022-03-15,312.49708626661936,320.35626644797605,310.89019809296275,319.5771484375,76471000
QQQ,2022-03-16,323.4920928787149,331.54602895352775,319.8205648687881,331.4291687011719,105243000
QQQ,2022-03-17,329.53015952791367,335.50001949212384,328.23491853830734,335.44158935546875,67810000
QQQ,2022-03-18,333.78602484866855,342.59961451650804,332.62711081530585,342.30743408203125,85446300
QQQ,2022-03-21,341.4727779184721,343.6959575006503,336.9678866204521,341.3557434082031,73799100
QQQ,2022-03-22,341.8530501225999,348.93213540233734,341.4727846671497,348.0643005371094,63345900
QQQ,2022-03-23,345.1877678450262,348.7468006718368,343.00357038743124,343.06207275390625,70615500
QQQ,2022-03-24,344.9830361401527,350.7360276774372,342.82811927095605,350.687255859375,53555300
QQQ,2022-03-25,350.6287849157161,351.68188729274743,346.09467182471184,350.394775390625,57584200
QQQ,2022-03-28,350.38496370665933,355.9136759828872,349.1466238085177,355.816162109375,56833900
QQQ,2022-03-29,359.7067572779281,362.56373256036494,356.93753556395194,361.939697265625,68073000
QQQ,2022-03-30,360.07729010507074,361.73493685192096,356.45975415978955,357.9418640136719,68757700
QQQ,2022-03-31,358.0880728528101,358.4391168355058,352.66663492729305,353.5052185058594,67011400
QQQ,2022-04-01,353.7684957143745,354.5485472014141,349.65366014256847,352.8324279785156,54527800
QQQ,2022-04-04,353.67094231995094,360.10647051861895,353.40768166782965,360.0967102050781,45950200
QQQ,2022-04-05,358.6438467454676,359.35566521163497,350.96021856161235,352.10107421875,62738700
QQQ,2022-04-06,346.78690570881565,347.88874994745345,341.82375623495386,344.45648193359375,90077100
QQQ,2022-04-07,343.46194118095065,347.46953278848014,340.0004213866467,345.2756042480469,63777400
QQQ,2022-04-08,343.5398970896143,344.2906973309232,339.8150875535041,340.4488830566406,61956100
QQQ,2022-04-11,336.2170693357857,337.1336461991477,332.05349170625715,332.394775390625,66107400
QQQ,2022-04-12,337.1433471068035,339.0252425609527,329.61573553315526,330.9906005859375,72790200
QQQ,2022-04-13,331.33190231102026,338.77176141426696,330.6103532208054,337.71868896484375,61367800
QQQ,2022-04-14,337.806488782239,338.3232796419303,329.78157510501154,329.99609375,73519400
QQQ,2022-04-18,328.9429702120827,332.541014798433,327.4218490584937,330.24957275390625,58560600
QQQ,2022-04-19,329.60603798055195,338.2062441148995,328.5822166699637,337.6309509277344,56515700
QQQ,2022-04-20,338.440226895412,338.89851529742356,331.48790762443156,332.7067565917969,65500000
QQQ,2022-04-21,336.587638098854,339.2008435755003,324.8964463920442,325.82275390625,75801000
QQQ,2022-04-22,325.97873088482487,327.1975799069353,316.86173424802763,317.290771484375,82562100
QQQ,2022-04-25,315.66244780765106,321.6786707164179,314.39482680195033,321.36663818359375,101755900
QQQ,2022-04-26,319.3092199050992,319.49448735286336,308.963613047289,309.2366638183594,105819600
QQQ,2022-04-27,309.33413839029913,314.83359976178053,307.1499703456552,308.8661193847656,111204200
QQQ,2022-04-28,313.82923269772596,321.6688774536265,309.60712328307943,319.8357238769531,99450000
QQQ,2022-04-29,315.6331629944997,319.07519153345316,304.8097774412421,305.4435729980469,91977900
QQQ,2022-05-02,305.03405193765815,310.77728344136193,301.9333068279768,310.54327392578125,115511800
QQQ,2022-05-03,310.5626928885679,313.1661671748028,308.1055042727577,310.8747253417969,78185500
QQQ,2022-05-04,311.35259428659344,322.0589765860115,306.0676807136744,321.38616943359375,116083400
QQQ,2022-05-05,317.0666210028751,317.14461427146256,301.9041165939202,305.19989013671875,154607400
QQQ,2022-05-06,303.20088995546826,307.2377023806188,297.50640122599674,301.5432434082031,139572800
QQQ,2022-05-09,295.91704956152574,301.64075976693016,288.3504253646002,289.7447814941406,113387300
QQQ,2022-05-10,296.9213785657699,298.1402275733702,289.17924728892785,293.26483154296875,124124600
QQQ,2022-05-11,291.0026679881509,296.511860068782,283.69933357058653,284.567138671875,140326100
QQQ,2022-05-12,280.2865121271832,288.37965712769153,277.8390539510273,283.894287109375,120910900
QQQ,2022-05-13,288.3504116807122,295.44898680711583,286.75126756774296,294.4154052734375,83684900
QQQ,2022-05-16,292.670001529711,294.72743401415767,289.7252732031268,291.00262451171875,59190400
QQQ,2022-05-17,296.86287114868503,298.9202739551614,293.0600385039576,298.5400085449219,62715300
QQQ,2022-05-18,294.0254638189151,294.71776189204365,282.62678274019294,283.8846435546875,79477100
QQQ,2022-05-19,282.08074325679615,287.0536544179173,280.41333596727884,282.3634948730469,79920700
QQQ,2022-05-20,285.8249849206857,286.4782713533356,273.22694793489995,281.4858703613281,91764200
QQQ,2022-05-23,282.5292035679818,286.54652518718103,280.130517022383,286.166259765625,63648400
QQQ,2022-05-24,280.9495914149474,281.6613802288879,275.2161206158338,280.0817565917969,73491100
QQQ,2022-05-25,278.5899092529624,286.0785411821508,278.38515092401434,284.0016174316406,67144500
QQQ,2022-05-26,283.2020139981043,293.4208550430776,282.9192326893722,291.8704528808594,59462200
QQQ,2022-05-27,295.0004557822568,301.5432285780379,294.8834510448265,301.39697265625,66985600
QQQ,2022-05-31,301.3677330030046,303.57139174205287,296.7458373982823,300.597412109375,60968300
QQQ,2022-06-01,302.7328732653819,304.85853901035546,296.1608482664755,298.374267578125,65341700
QQQ,2022-06-02,297.2528767810407,306.7208867392272,295.83900014899854,306.5453796386719,59291300
QQQ,2022-06-03,301.3287976550328,302.73291442687787,297.3212354466447,298.5693359375,60914700
QQQ,2022-06-06,303.0059330077476,304.5660660478565,298.00377076848486,299.56390380859375,51785000
QQQ,2022-06-07,296.2387590284426,302.9278166773691,295.1466752711609,302.1477355957031,44900300
QQQ,2022-06-08,301.34825485773797,303.9517297604242,299.1250751769183,299.9734191894531,38342100
QQQ,2022-06-09,298.2864961255871,301.3482294885749,291.77297389502866,291.938720703125,55900500
QQQ,2022-06-10,286.33200485314705,287.5216026829034,281.1933481148443,281.6418762207031,85963500
QQQ,2022-06-13,272.77841004096007,275.303861633674,267.6884953550074,268.54656982421875,94442000
QQQ,2022-06-14,270.74047662371805,271.7155557602623,266.5281276121541,269.0340881347656,64697500
QQQ,2022-06-15,272.45660758375163,279.6819173261686,269.7166080130091,275.7523498535156,86051400
QQQ,2022-06-16,268.7220849855624,269.1803734200172,262.56933734329976,264.62677001953125,81910300
QQQ,2022-06-17,265.397054578494,270.2822109859682,263.76868894737345,267.8445129394531,82703400
QQQ,2022-06-21,272.3258532528724,276.9175477266973,272.2184026530174,274.6021423339844,51633700
QQQ,2022-06-22,272.10109459964207,278.6076088822081,271.5051672393198,274.2015686035156,67472900
QQQ,2022-06-23,276.683029536765,279.1351926915743,273.8498699692125,278.2852478027344,57457800
QQQ,2022-06-24,281.1086454153192,288.2404252458299,280.8741860701197,287.8203125,58422300
QQQ,2022-06-27,289.1782562499726,289.7448762013786,284.57681329074364,285.7100830078125,54151500
QQQ,2022-06-28,286.2474363739082,288.83635773662206,276.81983905686894,277.0054626464844,61609800
QQQ,2022-06-29,276.86868491471404,278.7639775620373,274.367685716769,277.25946044921875,57302700
QQQ,2022-06-30,274.2797260299329,277.39621043122844,269.4242653952654,273.820556640625,79313600
QQQ,2022-07-01,272.5211941565172,276.0186746119546,270.64543029480285,275.6278991699219,56675100
QQQ,2022-07-05,271.8959161183753,280.46378726256006,270.3718711000249,280.3465576171875,61829300
QQQ,2022-07-06,280.7275699573057,284.2446082165892,279.0081224051555,282.1441345214844,63194700
QQQ,2022-07-07,282.95511528088593,288.88523161284223,282.95511528088593,288.18182373046875,56620100
QQQ,2022-07-08,285.3485861471352,289.91097244593914,284.4107190661529,288.5432434082031,59895500
QQQ,2022-07-11,286.1301292362572,286.3548094470882,281.4993794557012,282.3786315917969,55273900
QQQ,2022-07-12,283.6292068067478,285.5440277206609,278.0507796846206,279.6432189941406,55797100
QQQ,2022-07-13,274.1331989926005,281.41148576574005,273.5665491820136,279.0668029785156,73939400
QQQ,2022-07-14,276.4680816551164,280.9327666322429,273.35159737692584,280.06329345703125,63741800
QQQ,2022-07-15,283.0527371949575,285.25088248380956,281.4407401317298,285.1434020996094,63818100
QQQ,2022-07-18,287.92777771278395,289.33459333825147,281.55805071888204,282.7303771972656,59519600
QQQ,2022-07-19,286.3548106391774,291.7183053387697,284.75262248895035,291.4252014160156,55172600
QQQ,2022-07-20,291.8453156918877,297.2283089431938,291.06373504108547,296.04620361328125,67769400
QQQ,2022-07-21,296.5054054078204,300.3546048186835,293.84809053251774,300.2959899902344,55049400
QQQ,2022-07-22,299.3679198006572,301.4390569066502,293.2033442427349,295.0302429199219,57127700
QQQ,2022-07-25,295.0595223551205,295.52847082708666,291.3471105150622,293.349853515625,40582400
QQQ,2022-07-26,291.649945827495,291.9039632943132,286.77495709106614,287.5858154296875,50074100
QQQ,2022-07-27,292.1482168992006,301.42927622650285,291.58156710744385,299.7391357421875,69304400
QQQ,2022-07-28,299.5241912245391,303.24638193831424,295.7726930962561,302.66998291015625,55139900
QQQ,2022-07-29,304.2136101379868,309.09837836797396,302.7872363485639,308.1897888183594,57501000
QQQ,2022-08-01,306.4214903306957,311.4625744787069,305.32730707021403,308.004150390625,46358800
QQQ,2022-08-02,305.7083370747142,311.20856086070916,304.65321047884163,307.0858154296875,48676500
QQQ,2022-08-03,308.7661886884473,316.2692153679035,308.7075738546769,315.4485778808594,53735700
QQQ,2022-08-04,315.5267001030721,317.23636887445446,313.3773902933455,316.9237365722656,38973700
QQQ,2022-08-05,311.8338096178113,316.36685863884907,311.0522586944706,314.3348083496094,53894000
QQQ,2022-08-08,315.25319622472165,318.94608006953575,311.85338656828117,313.3188171386719,43878500
QQQ,2022-08-09,311.42348436801046,311.6775018413341,308.15071370114674,309.7724304199219,39764200
QQQ,2022-08-10,317.1093428781285,318.71156097894493,314.63765163860506,318.41845703125,51459600
QQQ,2022-08-11,320.74360811155844,322.7463509040136,315.9076762566471,316.611083984375,45897700
QQQ,2022-08-12,318.6627601705691,322.9711296931809,317.6076632615217,322.7757568359375,40928400
QQQ,2022-08-15,321.82808994824325,325.8824417015116,321.80853179378624,325.3841857910156,38266600
QQQ,2022-08-16,324.4071393747418,326.7127648719889,321.5739805146575,324.6220703125,41186900
QQQ,2022-08-17,321.48611386986494,323.7917099514796,318.8385482664983,320.9194641113281,47842200
QQQ,2022-08-18,320.8705554041031,322.87329781310325,319.25858836585303,321.6911926269531,41937200
QQQ,2022-08-19,318.6529637644111,319.307505970021,314.6571973673879,315.4192199707031,51770600
QQQ,2022-08-22,311.15971442628387,311.39417374431594,306.30425395365506,307.1151123046875,51098900
QQQ,2022-08-23,306.88067335924467,309.6943046194441,306.1088716338093,306.86114501953125,39497100
QQQ,2022-08-24,306.3823937431,309.5672719111162,305.7766873020248,307.7501525878906,38057100
QQQ,2022-08-25,309.52816629459426,313.21130009460927,308.4828487016471,313.1917419433594,38098300
QQQ,2022-08-26,312.8987265746336,314.10039034621394,300.2667225210204,300.3546447753906,69047700
QQQ,2022-08-29,297.59962213751817,300.13970764196387,296.2905077976387,297.39447021484375,48321900
QQQ,2022-08-30,299.0455218647492,299.66100744201606,291.56205323702653,294.08258056640625,51184500
QQQ,2022-08-31,296.98414748868214,297.8829580163024,292.2654742078937,292.3729248046875,50044000
QQQ,2022-09-01,289.88167989587697,292.8711555938858,286.1985754742801,292.4999084472656,57990700
QQQ,2022-09-02,295.37211033183024,296.74961831058744,286.75537351879814,288.36737060546875,64666800
QQQ,2022-09-06,288.84612926244324,289.7644681088695,284.16651277662356,286.2962646484375,57005400
QQQ,2022-09-07,286.77492289275,293.0762547310282,286.5111263812026,292.07977294921875,49260400
QQQ,2022-09-08,290.0086826705722,294.91297901870183,288.64095359084064,293.5940856933594,55649800
QQQ,2022-09-09,295.85089328232664,300.51098178699556,293.59413248751395,300.0127258300781,56125200
QQQ,2022-09-12,301.3902160193622,303.91074344348596,301.0775836803863,303.5785827636719,45905700
QQQ,2022-09-13,294.84454309228386,296.03642750924746,286.04221266779194,286.9312438964844,79562200
QQQ,2022-09-14,288.0742803851126,290.08680225615325,286.30599689467647,289.2075500488281,54907200
QQQ,2022-09-15,287.2927582788641,289.696055836825,282.7889865858382,284.3912048339844,65299400
QQQ,2022-09-16,281.0891203113285,283.0430277151847,279.03751157442724,282.6522521972656,79920400
QQQ,2022-09-19,280.00879935639716,285.0099906618671,279.95007917468536,284.8533935546875,52613800
QQQ,2022-09-20,282.3478836080464,284.8729707502317,280.2828209763286,282.5827941894531,51271100
QQQ,2022-09-21,283.4243811340826,287.69156858901147,277.38576236260224,277.52276611328125,82931000
QQQ,2022-09-22,275.99607990730203,277.0041495009022,272.88379085535325,274.107177734375,62757100
QQQ,2022-09-23,271.64077166927524,271.9344023987878,266.2285100882772,269.64422607421875,74815200
QQQ,2022-09-26,269.1743940484729,273.53942878181266,267.7356903085554,268.5284423828125,71176700
QQQ,2022-09-27,271.8952277370962,274.24412407915327,266.3165727903529,268.6361389160156,69780100
QQQ,2022-09-28,268.6165511000599,275.26199573338226,267.1387203397635,273.9798889160156,79652100
QQQ,2022-09-29,269.9866742182322,270.3683850984595,263.11614718461993,266.0816345214844,81216000
QQQ,2022-09-30,265.2595161157846,269.33094940147635,261.41319666697257,261.5697937011719,78482400
QQQ,2022-10-03,263.34132464671006,269.30166083825475,261.8341039266455,267.70635986328125,61267400
QQQ,2022-10-04,273.0500989493547,276.8279323910832,273.0500989493547,276.1232604980469,66696900
QQQ,2022-10-05,272.3551440841263,277.76740375398117,269.55605063177563,275.97637939453125,55766300
QQQ,2022-10-06,274.97814412366046,278.12958912178726,273.48072015712467,273.8037109375,53489400
QQQ,2022-10-07,269.16460856773443,269.291845549743,262.0396063857817,263.37066650390625,71354700
QQQ,2022-10-10,263.5663998737213,263.9579074840265,258.02693157551664,260.7379455566406,60393000
QQQ,2022-10-11,259.06434824004356,261.93195915010915,255.47247218095,257.1558532714844,66522500
QQQ,2022-10-12,257.7920148405686,259.7102766400486,256.37290432474623,257.0677795410156,50580200
QQQ,2022-10-13,249.72750510933875,264.4179434093793,248.84665765011223,263.0966796875,112894100
QQQ,2022-10-14,265.42593309253607,266.0229313367237,254.60141229660815,255.18861389160156,77244300
QQQ,2022-10-17,261.15878653978905,264.4863921927444,261.0609096360297,263.6153564453125,64576500
QQQ,2022-10-18,270.642451152486,271.30796623349556,263.0182981983642,265.6999816894531,69781000
QQQ,2022-10-19,264.1830042620747,267.85316427712985,262.3626192311699,264.7310791015625,53115400
QQQ,2022-10-20,263.84048781321974,268.9885092227867,262.2158563642061,263.3804931640625,60605500
QQQ,2022-10-21,262.2744927331218,270.0943694020955,261.13918651782416,269.55609130859375,77897700
QQQ,2022-10-24,269.8202988894127,273.4513010818085,266.1795000488656,272.52154541015625,63963600
QQQ,2022-10-25,273.461143297227,278.5406464744242,271.98328283594896,278.158935546875,59014500
QQQ,2022-10-26,272.53137952198904,277.93387389821464,271.5233101517326,272.0126647949219,63492400
QQQ,2022-10-27,270.89694777541763,272.3552150330736,266.5416795676331,267.0603942871094,57760300
QQQ,2022-10-28,266.43404829027975,275.70242672293,266.2676545644342,275.2326354980469,62651300
QQQ,2022-10-31,272.9815756549536,273.80368777607316,270.11393507872066,272.0322265625,47742000
QQQ,2022-11-01,275.50665194717493,276.0645233840519,268.8905679057626,269.252685546875,45895900
QQQ,2022-11-02,269.2232974549257,272.28666184613866,259.9549206918271,260.0234375,79803100
QQQ,2022-11-03,257.4103362172952,258.86860348070746,254.56228864022904,254.9439697265625,70038900
QQQ,2022-11-04,259.87667816224507,260.93367106003626,253.56399125615113,259.0447692871094,78313200
QQQ,2022-11-07,260.09197040072013,262.43109972978385,257.95839150889293,261.8927917480469,47333800
QQQ,2022-11-08,263.4098223217411,267.04082528231476,259.86686974183834,263.8013000488281,63213800
QQQ,2022-11-09,262.05918585199794,262.84214126755995,257.42988056763846,257.7137145996094,64862100
QQQ,2022-11-10,270.13355069119353,277.02364233290325,268.0195351189067,276.73004150390625,99256700
QQQ,2022-11-11,276.54410763833613,282.49467712823,275.20328062663947,281.8291320800781,66961800
QQQ,2022-11-14,279.77380359803294,283.0524854621789,278.3840532301036,279.3627624511719,55290700
QQQ,2022-11-15,285.9886362575642,287.01629894350947,279.8814997818295,283.22869873046875,73985400
QQQ,2022-11-16,281.27125737938917,283.3167560672818,278.5406502896147,279.3627624511719,48859800
QQQ,2022-11-17,274.8999252259217,280.2241072195647,274.7433281240095,278.7462463378906,55462100
QQQ,2022-11-18,281.76056437940645,281.8584113907115,276.30914777092903,278.75592041015625,53588600
QQQ,2022-11-21,277.36625872876033,278.5211287388434,275.05651870859407,275.888427734375,40083500
QQQ,2022-11-22,276.6224733862354,280.01856675139516,274.48886393062975,279.86199951171875,41873400
QQQ,2022-11-23,279.8814493901695,283.2971346752864,279.70528891612594,282.6707763671875,46390000
QQQ,2022-11-25,281.0754895033235,281.78016130189496,280.3218941932843,280.8112487792969,15498800
QQQ,2022-11-28,278.83426312712214,280.85040181999574,275.76113157178366,276.6908874511719,38714200
QQQ,2022-11-29,276.9159406964312,277.3172149906361,273.2262183343472,274.5964050292969,35618900
QQQ,2022-11-30,274.86067727745944,287.2217787636265,274.0092050859752,287.1141052246094,74718100
QQQ,2022-12-01,287.437101100991,289.4532396198207,284.6869306980874,287.4664611816406,51547300
QQQ,2022-12-02,282.39677681264686,287.2022428390406,282.2205864471839,286.3213806152344,53583200
QQQ,2022-12-05,284.19758384085077,285.4698938607277,280.05763314961825,281.51593017578125,41482100
QQQ,2022-12-06,281.3593627197372,281.49636649163193,274.2930803186649,275.6828308105469,53937600
QQQ,2022-12-07,274.49859184458353,276.55388729782686,272.8445707786554,274.55731201171875,45614300
QQQ,2022-12-08,275.9079421946226,278.77555327375643,273.83308325862356,277.806640625,42594900
QQQ,2022-12-09,276.7887515955548,279.5585154089067,275.5947251546985,276.03515625,47860500
QQQ,2022-12-12,276.2113374934605,279.5585364128644,275.1739080337036,279.4997863769531,35732500
QQQ,2022-12-13,290.334067852014,290.55918171240603,279.822740976595,282.50439453125,80667700
QQQ,2022-12-14,281.91719443928423,285.2056731313244,277.160681704025,280.4100036621094,64984400
QQQ,2022-12-15,276.31893160733205,276.9844765058339,269.80075517778243,270.9947814941406,60554100
QQQ,2022-12-16,270.3195057192116,271.8560565360291,266.8059132420267,268.4110107421875,68300400
QQQ,2022-12-19,268.68081660488616,268.7691077283645,263.40274989066353,264.6388854980469,44167900
QQQ,2022-12-20,263.47144964439775,266.17916404934465,261.891969534409,264.4328918457031,51064200
QQQ,2022-12-21,265.4727330170994,269.5735240540612,264.6290125512118,268.26873779296875,46394700
QQQ,2022-12-22,265.25694062467517,265.3844822211629,257.48699279714367,261.7055358886719,60278400
QQQ,2022-12-23,260.4399854422568,262.96129733071217,258.5367413646793,262.2941589355469,39373600
QQQ,2022-12-27,261.6859141666788,261.79384550184756,258.04621805429747,258.5857849121094,38009000
QQQ,2022-12-28,258.18357575317634,260.439984319042,254.8087530697181,255.17173767089844,47139000
QQQ,2022-12-29,257.97752846222875,262.3334034752378,257.2809896473435,261.3916015625,45893600
QQQ,2022-12-30,258.6250465038309,261.3621912691805,257.32025989631745,261.2346496582031,37858300
QQQ,2023-01-03,263.55969075063524,265.0312691802193,257.16324062153893,259.4687194824219,42335300
QQQ,2023-01-04,261.5878356449477,262.38248572216736,257.55569456855136,260.7048645019531,47754900
QQQ,2023-01-05,259.0370983373102,259.20386048845717,256.3097737127626,256.6236877441406,45396700
QQQ,2023-01-06,258.36013103501256,264.825262145389,255.40715401036852,263.70684814453125,54659700
QQQ,2023-01-09,265.6983324353776,270.07384644606014,264.80560135296327,265.4138488769531,45568700
QQQ,2023-01-10,264.38384106727113,267.7684843270472,263.87370452146547,267.6605529785156,35247800
QQQ,2023-01-11,268.7298816623899,272.3990079906392,267.94502179315026,272.29107666015625,44077000
QQQ,2023-01-12,272.8502628173263,274.79275716324054,268.55324892261154,273.76263427734375,60600000
QQQ,2023-01-13,271.2609957287121,275.8915643759767,270.92744149666754,275.64630126953125,44802900
QQQ,2023-01-17,275.45010628428685,277.4907122994927,274.2826513860073,276.2055358886719,36269700
QQQ,2023-01-18,277.74572238568624,279.2958018979134,272.4088250315882,272.6148376464844,47754500
QQQ,2023-01-19,270.9863178139879,272.1243422859905,268.7004787039163,269.93658447265625,44150400
QQQ,2023-01-20,271.54547015302177,277.65740672300205,270.48591691995296,277.3238525390625,60613600
QQQ,2023-01-23,278.1676065441461,284.7112093017604,277.3729564933935,283.4848937988281,52799900
QQQ,2023-01-24,281.8661537784052,284.0637015046576,281.3461972203422,282.90606689453125,44875100
QQQ,2023-01-25,278.3931793538839,282.89620547785677,275.85225768162934,282.2781677246094,50872000
QQQ,2023-01-26,285.70200409702426,287.9584120329334,283.05315135544816,287.7818298339844,51596300
QQQ,2023-01-27,286.46722321981144,292.60861916120695,286.34950175398734,290.6465148925781,56441900
QQQ,2023-01-30,287.3796528484936,288.80219070771494,284.3972753111684,284.7700500488281,49405800
QQQ,2023-01-31,284.8092950925129,289.1357393931687,284.7013937087767,289.0376281738281,46705100
QQQ,2023-02-01,288.831631729578,297.68071332529627,286.76159566124306,295.2182922363281,67562200
QQQ,2023-02-02,301.7422078041526,307.73642188786874,300.91812761588073,305.8135681152344,83070600
QQQ,2023-02-03,299.162044953903,306.4708954456166,298.76963008185174,300.3785400390625,76170800
QQQ,2023-02-06,297.7591754783428,300.1136948707084,296.49360970345265,297.837646484375,40802300
QQQ,2023-02-07,297.71014499075807,305.13671864637575,296.5917608530074,304.0085144042969,67584000
QQQ,2023-02-08,302.6938758967984,303.6356776933816,297.9161561301726,298.6028747558594,56720900
QQQ,2023-02-09,302.98820564004023,303.1353575053804,294.51192886368824,295.9638671875,49137800
QQQ,2023-02-10,293.80556011389376,295.8559558737562,291.6178026580942,294.0213928222656,50050100
QQQ,2023-02-13,295.424356988804,299.31913678109805,294.24708196176414,298.7304992675781,39636700
QQQ,2023-02-14,297.15095751576536,301.88942714277795,295.208463105172,300.93780517578125,64079100
QQQ,2023-02-15,299.1228844068346,303.41007879995976,298.43616565913834,303.2433166503906,43100600
QQQ,2023-02-16,298.61274553656614,302.5859959303086,297.4060402610044,297.5531921386719,59498600
QQQ,2023-02-17,295.36541372252225,296.20910430272016,292.45168728691385,295.4537048339844,58230700
QQQ,2023-02-21,291.6276109184507,293.06975897051757,288.32146951851234,288.45880126953125,46526700
QQQ,2023-02-22,289.0376672323923,290.74468891009906,287.01670158610773,288.6746826171875,51389200
QQQ,2023-02-23,292.3241575359496,292.48112949801686,287.00684085103126,291.1959533691406,69294400
QQQ,2023-02-24,286.23183827727587,287.4189032172758,284.5542172313994,286.32012939453125,74332000
QQQ,2023-02-27,289.47913843428347,290.8722160742341,287.7819070065774,288.37054443359375,48995000
QQQ,2023-02-28,287.74265849325576,290.5092334615913,287.40910426818135,287.99774169921875,48243100
QQQ,2023-03-01,287.70339937074044,288.36068762810055,284.7013818083146,285.68243408203125,58287000
QQQ,2023-03-02,283.190561983044,288.8512230053116,282.90604843154955,288.0467529296875,53565900
QQQ,2023-03-03,289.79307686613646,294.2372429494575,289.28291046741515,294.00177001953125,60511500
QQQ,2023-03-06,295.2378779090162,298.23989551477433,294.13910413688774,294.3352966308594,56736300
QQQ,2023-03-07,294.3844034004965,295.3065950596229,290.11681943570414,290.7250671386719,65955800
QQQ,2023-03-08,291.14690948879917,292.7754600628296,289.29273602432113,292.1770324707031,50876300
QQQ,2023-03-09,292.6773265199897,295.2771391289466,286.3004864167267,287.1147766113281,71456700
QQQ,2023-03-10,287.2815444320978,288.7727631546609,281.9348271262649,283.0826416015625,98593600
QQQ,2023-03-13,281.2971396240923,288.89047492289336,279.786310683679,285.1820983886719,97123600
QQQ,2023-03-14,288.7335168501078,292.28492159284906,287.8898261938066,291.73553466796875,73602500
QQQ,2023-03-15,289.1259187355792,293.59951488700585,287.68377063812324,293.2659606933594,83631500
QQQ,2023-03-16,292.3536046471147,301.35965816858703,291.5589546269461,300.9966735839844,98198100
QQQ,2023-03-17,300.9083432902864,303.29229304043884,297.6218123089048,299.5740966796875,89923700
QQQ,2023-03-20,298.95707995181795,300.96150332211346,296.7462950694743,300.63726806640625,56359500
QQQ,2023-03-21,302.5729268224663,305.38306558856016,301.05975903304505,304.93109130859375,49757000
QQQ,2023-03-22,304.8623321401105,309.75554713715763,300.61764766949733,300.78466796875,75791900
QQQ,2023-03-23,304.51849073355623,308.67474787206635,301.6592048377737,304.3514404296875,74576000
QQQ,2023-03-24,303.9289137231987,305.5697907431197,301.6002249076024,305.4715576171875,57195200
QQQ,2023-03-27,306.16916043212996,307.24999463812065,302.52383005099284,303.378662109375,50287400
QQQ,2023-03-28,302.7989907375691,302.8284666751966,299.45822454941873,301.76727294921875,48585900
QQQ,2023-03-29,305.46166531424655,307.888616788622,304.6461146242029,307.26959228515625,53274300
QQQ,2023-03-30,309.74567539023667,310.80686887231343,307.35803503409534,310.1780090332031,58354800
QQQ,2023-03-31,310.4040515378781,315.57238531475065,310.0994568842144,315.3365478515625,62138100
QQQ,2023-04-03,313.21420687465223,314.8354733237728,311.88775975910704,314.5701599121094,47126800
QQQ,2023-04-04,315.01233543509,316.0243825803943,312.2905939967629,313.5090026855469,45875400
QQQ,2023-04-05,312.55584649739706,313.499106277702,308.59608649840885,310.4138488769531,62795700
QQQ,2023-04-06,308.7631205247058,312.99799939754666,307.36788641047167,312.5067138671875,46916500
QQQ,2023-04-10,309.5787379688699,312.3790720921431,307.7904510566665,312.3299255371094,45134700
QQQ,2023-04-11,312.29058179328797,312.34956365032986,309.81451323953195,310.325439453125,40113600
QQQ,2023-04-12,312.28079572849316,312.87034446403476,307.12229676746927,307.5841064453125,62813300
QQQ,2023-04-13,309.3429139101412,314.0789148450452,308.1638463235502,313.6072998046875,54613800
QQQ,2023-04-14,312.05476966810073,314.7764809739093,310.10926798541686,313.0177001953125,56278300
QQQ,2023-04-17,312.6050129930765,313.63673071713305,310.53180220918756,313.2829895019531,43007000
QQQ,2023-04-18,315.39549358382044,315.81802195370216,312.1039043269435,313.3026123046875,46746900
QQQ,2023-04-19,310.8953109711348,314.2164059332527,310.76757193633193,313.15521240234375,38960100
QQQ,2023-04-20,310.1878952501986,313.70548684729437,309.48044280792834,310.7676086425781,62462100
QQQ,2023-04-21,310.40407605124466,311.86809756580624,308.6256245513953,311.09185791015625,59002300
QQQ,2023-04-24,310.86585776277883,312.2021401015281,308.2718555959959,310.443359375,44043100
QQQ,2023-04-25,308.8122931475804,309.48043432872635,304.48898611246517,304.58721923828125,57121600
QQQ,2023-04-26,307.97715342872493,309.45101039192303,305.9137476831083,306.43450927734375,55400500
QQQ,2023-04-27,310.1977129113469,315.2677534758937,309.5590176982264,314.76666259765625,65430400
QQQ,2023-04-28,314.5307993238096,317.0265381463464,313.4008486317639,316.9381103515625,59712600
QQQ,2023-05-01,316.47632185384504,317.98948974313606,315.493750754301,316.5745849609375,41013400
QQQ,2023-05-02,316.5058341595277,316.83009945162763,312.07442839591636,313.8135986328125,56519400
QQQ,2023-05-03,314.1771879161974,316.8497831770235,311.6519723601471,311.76007080078125,59882100
QQQ,2023-05-04,311.5340186637454,312.68364014813113,309.62782815897486,310.6595458984375,50224500
QQQ,2023-05-05,312.91944287304113,318.1172527776651,310.6988224251613,317.2624206542969,51806100
QQQ,2023-05-08,316.8005769349855,318.3923372674187,315.7197427630588,318.0484313964844,36465800
QQQ,2023-05-09,316.3878908866645,317.25255824331975,315.7197497422272,316.0341796875,31768800
QQQ,2023-05-10,318.47093335731375,320.32800708992704,315.9948650328523,319.4731750488281,60446600
QQQ,2023-05-11,320.0234848571173,321.0551727292986,318.4710054089305,320.5147705078125,44278500
QQQ,2023-05-12,321.04523928532205,321.46776760489286,317.31148147563414,319.36505126953125,48432800
QQQ,2023-05-15,319.8367619635715,321.33025939765366,318.3137586071263,321.0944519042969,33375600
QQQ,2023-05-16,320.3771430453496,323.16764148062344,320.33783180381295,321.4579772949219,40019200
QQQ,2023-05-17,322.51915867337476,325.9286819112278,321.3400912336349,325.3489685058594,47486100
QQQ,2023-05-18,325.7419401567872,331.607890460888,325.7222995308489,331.3917236328125,64213500
QQQ,2023-05-19,331.6079200448358,332.31537245568006,329.5838259221381,330.64501953125,61554900
QQQ,2023-05-22,330.38955227178974,332.76738767069196,330.37971696477655,331.7553405761719,43015900
QQQ,2023-05-23,330.03586072499985,331.18545225778513,327.19621551255364,327.5499267578125,48216700
QQQ,2023-05-24,325.5946932080035,327.1078616212879,323.81624130082594,325.86981201171875,62891200
QQQ,2023-05-25,333.2292246578266,335.0666280785355,330.8022724961006,333.7991027832031,66862800
QQQ,2023-05-26,334.82090147078026,343.1629196134218,334.7226383742546,342.3277282714844,63007000
QQQ,2023-05-30,346.56264897187214,347.7613869295113,342.4555089148934,343.8802490234375,72652200
QQQ,2023-05-31,342.2983085945595,344.48945306585824,340.4707406387247,341.9249267578125,65105400
QQQ,2023-06-01,341.66950478011034,347.2013556198988,340.618146366898,345.8749084472656,50488600
QQQ,2023-06-02,347.63361965954,349.6282376581261,345.8748390992629,348.46881103515625,53372100
QQQ,2023-06-05,348.2526679224413,351.26916839727164,347.6827898779061,348.7144775390625,47266200
QQQ,2023-06-06,348.10531064293906,349.61847863088633,346.77883357493243,348.6555480957031,41390400
QQQ,2023-06-07,348.9404690538599,350.89577588867536,342.11158811981494,342.7404479980469,69225900
QQQ,2023-06-08,343.03520441858984,347.4567741982454,342.8092322651374,346.9949645996094,47153900
QQQ,2023-06-09,348.4492112149935,351.4264005957321,346.87709138014355,348.32147216796875,53196900
QQQ,2023-06-12,349.9820178466813,354.3053248790228,349.00928201046963,354.2070617675781,44606500
QQQ,2023-06-13,356.9582784250545,357.76396397203456,353.75508690804236,356.9288024902344,57097800
QQQ,2023-06-14,356.93859927498477,359.8077201335218,354.1382955769709,359.52276611328125,69525600
QQQ,2023-06-15,358.2553024890387,365.29051650085,357.63630776633585,363.8068542480469,71138800
QQQ,2023-06-16,366.22391921096187,366.35165825781803,361.07525599467357,361.51739501953125,80932000
QQQ,2023-06-20,360.0651728884419,362.397056132463,358.03830213467023,360.9998779296875,49204700
QQQ,2023-06-21,359.85850638708854,360.2914331262993,355.1553750173207,356.08026123046875,53378300
QQQ,2023-06-22,354.8307268599819,360.4390473507144,354.42731645188564,360.2816467285156,47603000
QQQ,2023-06-23,356.38528138026277,359.01235823948906,355.01764962720034,356.7099914550781,48922900
QQQ,2023-06-26,356.17860650155484,358.9729322974095,351.8395209793535,351.9280700683594,52685500
QQQ,2023-06-27,353.4729120940555,358.70736854848366,352.7448216192728,357.979248046875,49428100
QQQ,2023-06-28,356.15902609665824,360.62599693384084,356.080295758173,358.6778564453125,46498000
QQQ,2023-06-29,358.3826727205455,359.02224413799314,356.31646669343706,357.9595947265625,46151000
QQQ,2023-06-30,361.63938600193586,364.53211002061613,361.3245547688206,363.4793395996094,58712500
QQQ,2023-07-03,364.11886379574565,364.9650196119277,363.03654703228636,364.3353271484375,19432900
QQQ,2023-07-05,362.7709217894503,366.0276910481875,362.73155662470873,364.32550048828125,34460900
QQQ,2023-07-06,360.6161677546873,361.9936483701635,358.6581484968216,361.5508728027344,49374700
QQQ,2023-07-07,361.32462523858015,364.5223623431032,360.12424272442456,360.35052490234375,47133700
QQQ,2023-07-10,360.0749747976582,361.14744286263704,357.565993456182,360.4685363769531,48498800
QQQ,2023-07-11,360.89163773710936,362.7020449901475,358.75652041765636,362.24945068359375,38214100
QQQ,2023-07-12,366.35235412152997,368.17261006456084,364.34515118816057,366.82464599609375,61975400
QQQ,2023-07-13,370.0027017557936,373.8793447436065,369.4221931900927,373.0528564453125,46960000
QQQ,2023-07-14,373.4858091986902,376.70321351551775,372.09847980698714,372.97418212890625,55148500
QQQ,2023-07-17,373.6923742197424,377.3328860436692,373.21026358279346,376.4571838378906,40868900
QQQ,2023-07-18,375.8176530095486,380.90452691232883,373.88918038140724,379.536865234375,55262000
QQQ,2023-07-19,380.59953211345845,381.74088168868525,378.12003716399835,379.4483337402344,54093000
QQQ,2023-07-20,376.45722647364715,377.923286171888,369.6780403163192,370.7013244628906,71941700
QQQ,2023-07-21,373.08240858363587,373.8105290801638,369.15658128362156,369.5895080566406,60499600
QQQ,2023-07-24,370.5635528672616,371.50810665869074,368.3202188458526,370.1798400878906,40380100
QQQ,2023-07-25,370.8883145604773,374.35169896231974,370.8686169614239,372.6888732910156,38894400
QQQ,2023-07-26,371.6458314264261,373.14137727763733,369.1466691250998,371.44903564453125,47075700
QQQ,2023-07-27,376.9098576612278,378.52346920353193,369.2746366303733,370.5635681152344,63940200
QQQ,2023-07-28,374.6172742044875,378.3364864635538,374.1056471836481,377.313232421875,56902900
QQQ,2023-07-31,377.61825646242045,378.69072449832686,376.19156199597427,377.510009765625,44019900
QQQ,2023-08-01,376.1620464793932,377.3919451508952,374.56810260541835,376.63433837890625,41060600
QQQ,2023-08-02,373.16109557263337,373.16109557263337,367.12966784749693,368.3694152832031,72687100
QQQ,2023-08-03,365.9587967704652,369.90432115405747,365.79151734625674,367.779052734375,47666400
QQQ,2023-08-04,369.7075205928436,372.0197359751691,365.55538170207865,366.05718994140625,61702800
QQQ,2023-08-07,367.8675933356882,369.25492255094605,365.5357104091049,369.1565246582031,37230400
QQQ,2023-08-08,366.6476058999817,366.6672734711469,362.8890279564225,366.01788330078125,44726500
QQQ,2023-08-09,366.3031607187657,366.4605913395506,361.2359845962108,361.99359130859375,51150900
QQQ,2023-08-10,365.0044211596802,368.33989085090377,361.13762681764416,362.6626892089844,72035300
QQQ,2023-08-11,360.1045451250728,362.08223214291667,358.82546229399486,360.35052490234375,48707200
QQQ,2023-08-14,359.5535144676342,364.5124746558894,358.83527281179767,364.3944091796875,42130800
QQQ,2023-08-15,363.42028192294197,364.21728388168873,359.8585001971934,360.527587890625,45539900
QQQ,2023-08-16,359.9864284102872,361.5213395998945,356.6115935528061,356.7099914550781,53190500
QQQ,2023-08-17,358.1070867092438,358.4514643029439,352.40036954182796,352.8135986328125,62604300
QQQ,2023-08-18,349.54706796393924,353.6303257433368,349.0058945064905,352.37091064453125,61191400
QQQ,2023-08-21,353.8368936889085,358.72697159737027,353.37445062617115,358.0480651855469,50696500
QQQ,2023-08-22,360.6555055081969,360.6653543070012,356.84774369729803,357.5364990234375,44530200
QQQ,2023-08-23,358.7171345326046,364.26645146695137,358.5006711764388,363.1742858886719,51770600
QQQ,2023-08-24,366.64759261976684,366.74596049885605,355.2046097815919,355.4112243652344,66842500
QQQ,2023-08-25,356.247574615354,359.85854068317366,352.8136767417662,358.16619873046875,69960500
QQQ,2023-08-28,361.088434258744,361.79685715954855,358.3925057322388,360.8621520996094,40910000
QQQ,2023-08-29,360.6653499839977,369.0975431080189,360.34066992242833,368.7433166503906,58492400
QQQ,2023-08-30,368.85157266254214,371.38025178904996,367.847956029626,370.7997131347656,41731500
QQQ,2023-08-31,370.8783657463019,373.6136588894132,370.80948422184616,371.9114685058594,35730700
QQQ,2023-09-01,374.2827848655316,374.70586283279096,370.0322475419477,371.5179748535156,39801200
QQQ,2023-09-05,370.7111217591785,373.21028423077263,369.78623556953715,371.990234375,32344200
QQQ,2023-09-06,371.21290743675223,371.5572850441712,366.7065722559504,368.7137451171875,42998700
QQQ,2023-09-07,364.2566784896479,366.8542393043202,363.21372665470983,366.0769348144531,52060700
QQQ,2023-09-08,366.0277204788888,368.82204686376593,365.6243100816136,366.5885314941406,35800100
QQQ,2023-09-11,369.6190274535924,371.4195860717581,367.65118938805244,370.907958984375,39936600
QQQ,2023-09-12,369.2352044346768,370.8882108711506,366.5097601154198,366.79510498046875,41391000
QQQ,2023-09-13,367.031304560014,369.79611455684034,365.8998037117071,368.19232177734375,46300700
QQQ,2023-09-14,369.94364900319135,372.1869828419729,367.8774433826772,371.20306396484375,48039400
QQQ,2023-09-15,369.8650084704276,370.26841887845524,363.9122802858166,364.8470153808594,69811200
QQQ,2023-09-18,363.9069387117155,366.34073749059183,363.621180779056,365.227294921875,36903500
QQQ,2023-09-19,363.9069867992095,365.24703922410754,361.4239024926307,364.44891357421875,37621700
QQQ,2023-09-20,365.513137164835,365.86784634626923,359.118238210128,359.19708251953125,45514200
QQQ,2023-09-21,355.51174852222334,356.30004097803,352.4473461729447,352.6148376464844,69734800
QQQ,2023-09-22,354.3589453948663,356.4971230917423,352.348837042504,352.6641540527344,51589700
QQQ,2023-09-25,351.698551280886,354.4279712684221,350.7132080525282,354.3392639160156,39168000
QQQ,2023-09-26,351.75768571572956,352.29964255853133,348.03308934331926,349.0184326171875,53657700
QQQ,2023-09-27,350.171286287333,351.74784148919474,346.21018720799054,349.8362731933594,56066000
QQQ,2023-09-28,348.919893509747,354.89110143517365,348.0626496696963,352.76275634765625,56453300
QQQ,2023-09-29,356.2409818254251,357.6303193180829,351.7872114054841,353.0188903808594,64829600
QQQ,2023-10-02,353.28495323022247,357.3642583710357,352.67404526804705,355.965087890625,51625100
QQQ,2023-10-03,353.52142785074375,355.7187539856784,348.1020403157793,349.718017578125,60478500
QQQ,2023-10-04,350.5555569297421,355.3246146472607,350.0924443998235,354.47723388671875,54786700
QQQ,2023-10-05,354.46733754416096,354.87133184681437,349.934783079885,353.4327392578125,45897400
QQQ,2023-10-06,350.4373310951315,360.54696275822704,349.64906850019884,359.3547058105469,75049100
QQQ,2023-10-09,356.98983670606606,361.7293351903447,355.4921258364322,361.1874084472656,45304800
QQQ,2023-10-10,361.52242014626063,365.8382282460928,361.0199155536051,363.1876525878906,46968800
QQQ,2023-10-11,364.5178452299844,365.96630085500436,362.7934947273552,365.7790832519531,38215100
QQQ,2023-10-12,366.2816620389047,368.2621815500544,362.1136492104433,364.5080261230469,49587900
QQQ,2023-10-13,365.13868310419866,365.7200320574214,358.5270077438873,359.92620849609375,52469900
QQQ,2023-10-16,361.24655031919855,365.04999103567854,361.0987548405133,363.99566650390625,44201100
QQQ,2023-10-17,360.4483905820312,364.498166736826,358.32990873374644,362.8033752441406,50999100
QQQ,2023-10-18,360.31049708114347,362.5176564466025,356.7139699865063,358.044189453125,54280500
QQQ,2023-10-19,359.4630578223605,360.6553146993433,353.89587464125333,354.6940002441406,72274200
QQQ,2023-10-20,354.19146355083643,354.7629794547473,349.17607019624336,349.4027099609375,72559700
QQQ,2023-10-23,348.08238082629725,353.99444057612124,345.9737317484537,350.4570617675781,60665200
QQQ,2023-10-24,352.27005134335946,354.63486897096254,350.57525986402453,353.8663024902344,47082100
QQQ,2023-10-25,351.47193765909213,351.64929222134697,344.6237902703507,345.20513916015625,71190500
QQQ,2023-10-26,344.0030433163217,344.93913146646247,337.33228009309397,338.6230773925781,78621400
QQQ,2023-10-27,341.35238923096387,343.7270696151947,339.03682702474015,340.2488098144531,63476700
QQQ,2023-10-30,342.73193313591645,345.4022350230032,341.37218469520366,344.0818786621094,55298500
QQQ,2023-10-31,344.1114087821121,346.10179117581265,341.5396474517011,345.72735595703125,47671900
QQQ,2023-11-01,346.5648998076941,352.28974120081546,346.4663594769629,351.72808837890625,58992700
QQQ,2023-11-02,356.24098262937144,358.3496014034231,355.0191366352463,358.1131286621094,58162400
QQQ,2023-11-03,359.4038885077177,363.6112926349251,359.1772487739663,362.32049560546875,53280500
QQQ,2023-11-06,363.08913561997264,364.3602368708374,361.53230646852074,363.798583984375,38848700
QQQ,2023-11-07,364.84305022033044,368.10453411405916,363.640930200235,367.2374572753906,50777400
QQQ,2023-11-08,367.611839886679,368.3114552322413,365.1879039548286,367.4739074707031,35663400
QQQ,2023-11-09,368.16370964422845,369.30668148673874,364.15335492841075,364.6460266113281,53859400
QQQ,2023-11-10,366.3703126733044,372.9918201228677,365.8382189302241,372.8440246582031,58309800
QQQ,2023-11-13,371.26750810516944,372.735659990496,369.74020795754484,371.68133544921875,40733500
QQQ,2023-11-14,378.0860607128957,380.5987041135127,377.56382997846237,379.68231201171875,67792600
QQQ,2023-11-15,381.57419300385976,382.0668646539616,378.60830004775363,379.96807861328125,54141400
QQQ,2023-11-16,379.19955761214123,380.52977724133314,377.9383192391232,380.2933044433594,45343500
QQQ,2023-11-17,379.56407573006413,381.3968298638466,378.65757675359185,380.3819274902344,46571900
QQQ,2023-11-20,380.39179867948053,385.67325481698566,380.39179867948053,385.0130615234375,44429600
QQQ,2023-11-21,383.30830826456963,383.52508493768056,381.0321682320462,382.7762145996094,43337000
QQQ,2023-11-22,384.8455217423324,387.30887987612056,383.3379477672656,384.3429870605469,44121000
QQQ,2023-11-24,383.9390188541122,384.53023086052497,382.80588004949124,383.80108642578125,15718800
QQQ,2023-11-27,383.30837541200384,385.4169942650287,382.58906403651775,383.4660339355469,34139700
QQQ,2023-11-28,382.71719000412895,385.05244878485433,382.3624507839871,384.4710998535156,35491100
QQQ,2023-11-29,386.93444253594504,388.36320227393117,383.7517730189987,384.0966491699219,38811700
QQQ,2023-11-30,384.36266043959097,384.82577294425124,380.16511887488576,383.1309814453125,52834400
QQQ,2023-12-01,382.0668274225255,384.8159433818808,380.4114580563647,384.2247314453125,40490100
QQQ,2023-12-04,380.431105627936,380.933640220539,377.05138608503125,380.6577453613281,51186900
QQQ,2023-12-05,378.7560970843749,382.8058433095871,378.5787124502714,381.61358642578125,42933000
QQQ,2023-12-06,384.5498336416437,384.64837396386343,379.06149553039216,379.4063415527344,41994100
QQQ,2023-12-07,382.3821544599071,385.53523475354353,381.2884078381228,384.7075500488281,49593500
QQQ,2023-12-08,382.9733871316722,386.865475058335,382.7861695022315,386.4220886230469,46687500
QQQ,2023-12-11,385.99842549975756,389.98908443192573,385.7915117992184,389.7230224609375,41198000
QQQ,2023-12-12,389.76240983251677,392.94507965147454,388.6292710036339,392.82684326171875,39221200
QQQ,2023-12-13,393.7629000232505,398.43341782409794,392.9943334222213,397.822509765625,55408100
QQQ,2023-12-14,399.04432278440584,400.3449530293757,394.47231564117436,397.4776306152344,55447800
QQQ,2023-12-15,398.25601558992724,400.58144122653687,397.6549706592437,399.3990173339844,62896600
QQQ,2023-12-18,399.79205064071374,402.8132215123051,399.466251093147,401.9147644042969,46610000
QQQ,2023-12-19,402.3689135561145,404.0868258236816,402.18132197168427,403.9683532714844,35711900
QQQ,2023-12-20,403.16860430932405,405.2616995946524,397.78774528609546,397.9654541015625,54042400
QQQ,2023-12-21,401.8949646280869,402.96127778271716,399.3378317905533,402.595947265625,45568900
QQQ,2023-12-22,403.81030931871925,404.7680024555693,401.32229576593045,403.19818115234375,34314000
QQQ,2023-12-26,404.05721193539733,406.3378989802427,403.9584747640765,405.6665344238281,22722500
QQQ,2023-12-27,405.94901477517436,406.77878889770113,405.08957679300846,406.4923095703125,31980500
QQQ,2023-12-28,407.6481227170023,407.8950804007767,405.9391646926511,406.2947692871094,27029200
QQQ,2023-12-29,406.27496845803023,406.630603150487,402.61998317509017,404.536376953125,42662100
QQQ,2024-01-02,400.901215216287,401.14817289593526,395.3693571629253,397.6907653808594,58026900
QQQ,2024-01-03,395.06310955186376,396.12009559564825,393.04795670596747,393.4825744628906,47002800
QQQ,2024-01-04,391.61560657896115,394.72726726631595,391.2402260881703,391.4575500488281,39432800
QQQ,2024-01-05,391.62550732012187,394.69764643870457,390.52899952720855,391.9218444824219,44922800
QQQ,2024-01-08,393.14671066359654,400.30848287458235,392.99854209536767,400.02203369140625,42473800
QQQ,2024-01-09,397.01902029717724,401.74084959997214,396.82144210862884,400.8122863769531,39132900
QQQ,2024-01-10,401.1284480923958,404.5364461618828,400.23940642845145,403.52886962890625,33962800
QQQ,2024-01-11,404.80317822236947,406.196023220601,399.32069938087903,404.3685302734375,54536200
QQQ,2024-01-12,405.40570188156073,406.24536398225337,403.18308286889186,404.575927734375,39595000
QQQ,2024-01-16,403.3411103666014,406.11691194429363,401.87911022418587,404.536376953125,43903000
QQQ,2024-01-17,401.22719441535935,402.62989707760573,398.0167447545256,402.2545166015625,54386000
QQQ,2024-01-18,405.5242597758291,408.5470193930794,404.1808244553629,407.9642028808594,59562500
QQQ,2024-01-19,410.16707226895505,416.2125914446626,409.58425576240296,416.0545349121094,70325100
QQQ,2024-01-22,418.2573876461551,419.5613313657799,415.9952469706817,416.59783935546875,44880600
QQQ,2024-01-23,417.28929780686303,418.5438620366408,415.4519472523529,418.3265380859375,33003800
QQQ,2024-01-24,422.2383417474242,424.6190172669874,420.1540033688027,420.6479187011719,46948000
QQQ,2024-01-25,423.1471402830395,423.81888806396256,418.820467179713,421.16162109375,44367200
QQQ,2024-01-26,419.274865020307,421.02331450792843,418.0005549754572,418.65252685546875,37137000
QQQ,2024-01-29,419.1068791840833,423.137244927174,418.4549073684011,422.9396667480469,38694700
QQQ,2024-01-30,421.90253366404573,422.475462254149,419.21563272706516,420.1244201660156,36739000
QQQ,2024-01-31,415.72857054302847,417.72397777360334,411.7179801736245,411.8957824707031,64010600
QQQ,2024-02-01,413.69360908615386,417.23991752552706,412.7255241901297,416.7460021972656,51008600
QQQ,2024-02-02,418.64265625377294,425.00428864171005,417.64496770412137,423.7892761230469,59602400
QQQ,2024-02-05,423.84847308382064,424.3818798903596,419.8279953986802,423.23602294921875,39889200
QQQ,2024-02-06,424.3819121925699,424.9845045666784,420.0453513036871,422.3865051269531,35846100
QQQ,2024-02-07,425.1722119616388,427.56274535553325,423.8682682124962,426.73297119140625,37712700
QQQ,2024-02-08,426.8515066116603,428.28387317609645,426.1699311674683,427.52325439453125,29889900
QQQ,2024-02-09,428.659305950339,432.521728051628,427.86905335741505,431.7314453125,36943900
QQQ,2024-02-12,431.6227409321858,433.7959804927143,429.3606002277538,430.0422058105469,33203300
QQQ,2024-02-13,422.08030471765994,426.0217396052204,420.15402277397357,423.3348388671875,64491700
QQQ,2024-02-14,426.0118887813397,428.3727885417839,423.6608468287441,427.9480285644531,45092700
QQQ,2024-02-15,428.6395040700747,429.6866021844067,426.0809960674444,429.2223205566406,38796100
QQQ,2024-02-16,429.59763533663573,429.6963942730644,424.61896100509193,425.3302001953125,53716500
QQQ,2024-02-20,423.33485505593694,424.84623489473955,418.3463218363223,422.1198425292969,53999500
QQQ,2024-02-21,419.38356579694573,420.51959536564345,416.499116662243,420.4306640625,49779000
QQQ,2024-02-22,429.20256278848717,433.7762238764086,428.4320560275247,432.739013671875,53887800
QQQ,2024-02-23,434.299791160708,435.2283544944071,430.4867788660651,431.4647216796875,39853900
QQQ,2024-02-26,432.27466695240753,433.2624975303855,431.04973653630094,431.2374267578125,33043200
QQQ,2024-02-27,432.34387462219166,432.6599575342669,429.7359871107177,432.27471923828125,33713200
QQQ,2024-02-28,430.1311095062372,431.3560400595294,429.0148560047162,429.9730529785156,32938800
QQQ,2024-02-29,432.897035063429,434.7343855957227,429.7260769829366,433.65765380859375,42495200
QQQ,2024-03-01,434.546750591953,441.14545291410366,434.4874831573267,440.187255859375,43853000
QQQ,2024-03-04,440.18719371913676,440.6119838022622,438.36958897271137,438.6165466308594,34325700
QQQ,2024-03-05,435.5740364808058,435.58392443380023,428.3727428120302,430.7435302734375,57917100
QQQ,2024-03-06,434.9615749173212,436.61123512944897,431.57332321084317,433.4501953125,46234500
QQQ,2024-03-07,437.0360491430509,441.2837088767111,435.4950055955854,440.0291748046875,44526700
QQQ,2024-03-08,440.38477719851295,443.18035480422833,433.0056810784902,433.6773986816406,72096000
QQQ,2024-03-11,432.18579559632065,433.3217948100284,430.1409789239274,432.0672607421875,45860000
QQQ,2024-03-12,434.3788187851117,438.6165909215912,431.14859299678636,438.260986328125,55300900
QQQ,2024-03-13,437.26324365300286,437.28301956013377,433.7762025649882,434.8924560546875,37928700
QQQ,2024-03-14,436.12725598238745,436.6508050498592,431.079455553198,433.7959899902344,52195200
QQQ,2024-03-15,430.76335642102964,433.5292704242378,427.47386318721965,428.6395263671875,73069800
QQQ,2024-03-18,433.96399055564586,436.24889410361027,432.490156226249,432.7275695800781,47323800
QQQ,2024-03-19,430.71965347253405,434.2113053461235,428.6226579939233,433.8057556152344,43004100
QQQ,2024-03-20,435.0026331369198,439.28558271537105,433.30131642838063,438.94927978515625,43653500
QQQ,2024-03-21,444.00377042804644,444.4587649437248,440.82864947457784,441.0264587402344,39345700
QQQ,2024-03-22,440.5121350002659,442.6288723201985,439.66146154914395,441.53094482421875,28253900
QQQ,2024-03-25,438.73171134393743,441.41229439109134,437.73270348436716,439.9285888671875,27789200
QQQ,2024-03-26,441.4518202950507,442.37174062409974,438.2766990543278,438.50421142578125,34142000
QQQ,2024-03-27,441.59029838868184,441.6892181200022,437.1292811248904,439.9977722167969,41359200
QQQ,2024-03-28,439.9483005564888,440.79897397057766,438.83057105161373,439.1866760253906,36839600
QQQ,2024-04-01,440.13622694821476,442.6684148785135,438.2073980092949,440.116455078125,38729000
QQQ,2024-04-02,435.2993359937669,436.63467679175466,433.2716175055322,436.3181457519531,44259700
QQQ,2024-04-03,434.191550298933,439.17680901553166,434.18167945588436,437.2974548339844,39949800
QQQ,2024-04-04,441.48144434714544,442.09473456067286,430.38332749747076,430.61083984375,57267700
QQQ,2024-04-05,432.03520215289296,438.35580126025417,431.22410267243185,435.68511962890625,54744600
QQQ,2024-04-08,436.6149191708532,437.6930747609312,434.42893509137633,435.813720703125,28144900
QQQ,2024-04-09,438.14804544593466,438.4250025532192,432.68802096544243,437.4259948730469,39443600
QQQ,2024-04-10,432.25279752010994,434.46845437417477,431.5406177904376,433.60791015625,61502200
QQQ,2024-04-11,435.4774460294611,441.4814844126454,433.20241291838846,440.53192138671875,45474600
QQQ,2024-04-12,436.30830763057895,437.43590803860127,432.1341485615993,433.509033203125,53665000
QQQ,2024-04-15,437.2578557574557,437.3468744561604,425.5365774509986,426.3773498535156,63453600
QQQ,2024-04-16,426.2190001841696,429.04794685746384,425.0320542497009,426.4168395996094,47619000
QQQ,2024-04-17,428.39516274759995,428.41493461701685,420.2842287497744,421.2140197753906,56880500
QQQ,2024-04-18,421.8569836696365,423.5879732317038,418.236739020357,418.8104553222656,46549400
QQQ,2024-04-19,417.63334168227425,418.1575829798095,408.582745982608,410.14556884765625,75231000
QQQ,2024-04-22,412.7766575097694,416.60461192830087,409.44327146957136,414.270263671875,47807700
QQQ,2024-04-23,416.1991163771081,421.6492702748659,414.3197623321765,420.4524230957031,44384700
QQQ,2024-04-24,423.5483830821884,425.06176115461966,419.59183594526394,421.8767395019531,48440300
QQQ,2024-04-25,414.68577748544476,420.69974722296223,413.5977509572157,419.8392028808594,57392200
QQQ,2024-04-26,422.9747056964863,427.85114324602824,422.28232799555997,426.3179931640625,41874900
QQQ,2024-04-29,428.42482700907794,429.0479880228406,425.309052126324,428.0489501953125,30022200
QQQ,2024-04-30,426.46633524230674,427.8610217852048,419.8984824336748,419.97760009765625,43665900
QQQ,2024-05-01,418.5532769953046,425.4673645155584,416.09033575149846,416.94097900390625,52251700
QQQ,2024-05-02,420.67988722114075,423.1626303564194,416.0606350688799,422.26251220703125,36559000
QQQ,2024-05-03,429.72067872106425,431.73852664389415,427.92044214467745,430.7493896484375,48515300
QQQ,2024-05-06,432.54950268048754,435.5564869497689,431.7779771979943,435.46746826171875,30227200
QQQ,2024-05-07,435.9126505391316,437.1688435542686,434.80479183797706,435.5367736816406,30996100
QQQ,2024-05-08,432.91551974287444,436.68412856388983,432.79679796970544,435.279541015625,24896700
QQQ,2024-05-09,435.54661913008255,436.8028422580396,433.69693803654405,436.2291259765625,24580100
QQQ,2024-05-10,437.73263958289897,439.4834009785405,435.71479191286244,437.2578430175781,27116600
QQQ,2024-05-13,439.16687233072867,439.26579205563456,436.85229566102873,438.2667541503906,22994200
QQQ,2024-05-14,437.84144756940225,441.61995781366716,437.6535091414476,441.0858154296875,34478300
QQQ,2024-05-15,443.5586593238126,448.22738676768705,442.04528105207277,447.9801025390625,41464700
QQQ,2024-05-16,447.792088348136,449.75058997446496,446.9018713129167,447.0700378417969,34780400
QQQ,2024-05-17,447.1986517798775,447.80204096189675,444.6565929882727,446.85247802734375,35803700
QQQ,2024-05-20,447.07012822592424,450.63099708670217,446.88218979108643,449.9682922363281,24474200
QQQ,2024-05-21,448.11851388614,451.03644913630677,447.9206744651542,450.8485107421875,23167700
QQQ,2024-05-22,451.10581702372286,451.8575708019617,448.158177901845,450.7596130371094,25120000
QQQ,2024-05-23,455.546948488236,455.5766213852706,446.9414763015437,448.7318115234375,40899200
QQQ,2024-05-24,450.34411215761514,454.24131365132826,448.64279561626796,452.9752197265625,29669500
QQQ,2024-05-28,454.19186344679855,454.7457776824367,451.7289222852623,454.6864318847656,26216800
QQQ,2024-05-29,450.53206548946173,453.26206268217703,450.3935718404809,451.48162841796875,29739200
QQQ,2024-05-30,450.5518476128299,450.69034126496246,445.31930507978444,446.6447448730469,30536800
QQQ,2024-05-31,446.8722264038195,447.56463424460736,438.24695222110114,445.8138427734375,55941300
QQQ,2024-06-03,449.6319706436315,450.6309783922545,443.0344141981781,448.2076110839844,32997500
QQQ,2024-06-04,447.9504072512339,450.63095970345694,446.22931876556424,449.4341125488281,23767400
QQQ,2024-06-05,453.004931151471,458.5737465768754,449.47370515181433,458.49462890625,33817400
QQQ,2024-06-06,459.1771371560527,459.4936682116241,457.1691904379951,458.33636474609375,21966800
QQQ,2024-06-07,457.9704210992116,460.68064676107866,456.8230185816892,457.93084716796875,25829700
QQQ,2024-06-10,456.8032055496993,460.1365920375163,456.5163473996493,459.7804870605469,20660800
QQQ,2024-06-11,458.50450772730306,463.0545433124852,457.0109014117994,462.9358215332031,22053300
QQQ,2024-06-12,466.8626674378341,471.32368405453144,466.1702897911525,468.99920654296875,34532600
QQQ,2024-06-13,472.53048823334285,473.1932232482495,469.26634848832265,471.5413513183594,25859000
QQQ,2024-06-14,471.3435187046706,474.0537744176001,470.8786231404357,473.9845275878906,23372600
QQQ,2024-06-17,474.25156830496593,481.5711753074278,472.94593054199913,479.7907409667969,37054500
QQQ,2024-06-18,479.74130815889504,480.6216243226489,478.17845491806946,479.9391174316406,24438600
QQQ,2024-06-20,481.13598584006996,481.55140643530837,474.4098367852232,476.23974609375,33918700
QQQ,2024-06-21,475.96278303672466,477.2981238769037,473.4701689381695,474.9637451171875,37456800
QQQ,2024-06-24,473.7372817505667,475.47102271790493,469.4178044814247,469.5564880371094,37751000
QQQ,2024-06-25,471.64687235329933,475.2233175695722,470.70568664689,474.9261169433594,29014700
QQQ,2024-06-26,474.10379318229053,476.45179897488026,473.6877123216575,475.9068908691406,22737100
QQQ,2024-06-27,475.65922915173917,478.611553035427,474.84684046619515,477.1353759765625,26222100
QQQ,2024-06-28,477.92798859650065,482.6734937308387,474.0146754920727,474.65863037109375,34881600
QQQ,2024-07-01,475.57999748371265,478.0072166007963,471.8351183529178,477.4425354003906,24898300
QQQ,2024-07-02,475.9465095327891,482.5149149741949,475.81771252663776,482.4554748535156,26723600
QQQ,2024-07-03,481.7025582982194,486.6065802178196,481.7025582982194,486.477783203125,18064900
QQQ,2024-07-05,487.31988469515403,491.9861158127836,487.02265384242645,491.5502014160156,28495900
QQQ,2024-07-08,491.916766364616,493.27403293388477,490.8963372463012,492.71923828125,22109400
QQQ,2024-07-09,494.2350497416093,495.35455587533437,491.6294799402582,493.145263671875,25614500
QQQ,2024-07-10,495.0672133936126,498.84181247432565,493.7595004189231,498.2870178222656,28046900
QQQ,2024-07-11,498.3960104304496,498.6040508659988,486.1706643474196,487.3594970703125,49966600
QQQ,2024-07-12,487.9340904027109,494.9780167524356,487.4684559718065,490.2226257324219,37109400
QQQ,2024-07-15,491.9960314409882,496.3551756664707,489.49945539424647,491.5403137207031,31151400
QQQ,2024-07-16,492.9966525685197,493.80904127855604,488.56818172649724,491.7285461425781,25950600
QQQ,2024-07-17,483.74340981561966,484.2585676332021,477.224557622275,477.29388427734375,56268800
QQQ,2024-07-18,481.0189557238677,481.19727609369016,471.8449804007106,475.0350646972656,49347400
QQQ,2024-07-19,474.69826118608114,477.2146707760449,469.53667521921534,470.8245849609375,42042900
QQQ,2024-07-22,476.6895800024484,478.85923528562404,473.2716216155166,477.83880615234375,40300000
QQQ,2024-07-23,476.9372401363334,479.92917053758373,475.67905054621997,476.1545715332031,23282500
QQQ,2024-07-24,469.4177730491382,469.7843305630981,458.2128560235188,459.07476806640625,58818600
QQQ,2024-07-25,459.4116141087208,463.5924076204099,451.39678130888416,454.0122375488281,59256800
QQQ,2024-07-26,458.3515754396466,461.6011001943518,455.49832829228717,458.6686096191406,39992100
QQQ,2024-07-29,461.3831469520945,463.56271916234846,457.3311501815237,459.5899658203125,28218500
QQQ,2024-07-30,461.5218514548279,462.2252464673246,449.93054261059604,453.2791442871094,41317200
QQQ,2024-07-31,463.5230477398301,468.39734966717026,462.076620963173,466.6933288574219,44552100
QQQ,2024-08-01,467.3769292797384,471.1316949567563,451.74354107209894,455.38934326171875,56653900
QQQ,2024-08-02,446.7008510299297,449.35594422368536,440.3404851566056,444.5807189941406,66323200
QQQ,2024-08-05,420.7640496665403,438.18073242125257,419.5157767707517,431.32501220703125,87483500
QQQ,2024-08-06,433.16773136287384,442.91630484411263,430.5225248808415,435.44635009765625,63164400
QQQ,2024-08-07,442.34170285143637,444.82839240368696,430.33431322132714,430.7305908203125,54929200
QQQ,2024-08-08,436.96213279824934,444.8184483377776,433.08845677026795,443.9070129394531,47890100
QQQ,2024-08-09,442.58933486287685,447.8599140690418,441.4698288405631,446.2252502441406,33574000
QQQ,2024-08-12,447.19619606278854,450.1484898369526,444.3825556071596,447.186279296875,27795000
QQQ,2024-08-13,451.5850231776538,458.5497068481307,451.4463093931689,458.2821960449219,40084500
QQQ,2024-08-14,459.203568511929,460.78867882910635,454.1410294667669,458.4308166503906,34733700
QQQ,2024-08-15,464.4047901058715,470.4084846096922,464.02831582443696,470.01220703125,38280600
QQQ,2024-08-16,468.2289340511398,471.9837300381218,467.2679450064729,470.6165466308594,38383600
QQQ,2024-08-19,470.755191935789,476.8381292557489,468.97189765937463,476.7984924316406,23737700
QQQ,2024-08-20,475.8871033026028,478.4530361414534,474.1038088531109,475.7979431152344,29209300
QQQ,2024-08-21,476.58054970811685,479.86971082600905,474.86664249742586,478.01708984375,25658800
QQQ,2024-08-22,480.33537571180096,481.0288841455253,469.4078560191765,470.4382019042969,37739600
QQQ,2024-08-23,474.7873956850109,478.25487736174836,470.8641963105765,475.54034423828125,36061500
QQQ,2024-08-26,474.99550579444735,475.9168580317419,468.8431803115089,470.9236755371094,27452600
QQQ,2024-08-27,469.28896037364865,473.400396779738,467.32734562030106,472.3304443359375,27510000
QQQ,2024-08-28,471.86480810777596,472.5880063433666,463.5428583776521,466.970703125,37372400
QQQ,2024-08-29,468.88276216101195,473.4895530413343,465.0090862780714,466.287109375,41081500
QQQ,2024-08-30,470.6264788445398,472.4691833346091,466.1385676448057,471.84503173828125,33466500
QQQ,2024-09-03,468.8035388395337,468.9323056206166,455.1416524496019,457.51934814453125,44985200
QQQ,2024-09-04,454.40855752680085,460.13485493215927,453.47728855135824,456.33050537109375,32505100
QQQ,2024-09-05,454.70572529323357,461.0363402813741,453.6852962003829,456.7565002441406,34452400
QQQ,2024-09-06,456.05307770346093,456.9348232587385,444.0258857158704,444.521240234375,50624400
QQQ,2024-09-09,448.8506232910241,451.2283188768992,445.64073576179464,450.23760986328125,32981200
QQQ,2024-09-10,452.0010610232758,454.9038613489134,448.0283385228492,454.3985900878906,29680300
QQQ,2024-09-11,455.63704512006154,465.0091451377414,447.08722038725296,464.26611328125,57843000
QQQ,2024-09-12,464.29581638811914,469.6357529807418,462.5125520912894,468.8233642578125,40067800
QQQ,2024-09-13,468.0902619297623,472.1026218238149,467.8623879449723,470.9236755371094,29111800
QQQ,2024-09-16,468.79361628971213,469.4573744200276,465.524288528779,468.8431396484375,22585600
QQQ,2024-09-17,471.86482380417743,473.16265024621885,466.59424438062723,469.0908203125,30084400
QQQ,2024-09-18,470.2895966560615,474.38119962315574,466.4555272479723,467.05987548828125,39909200
QQQ,2024-09-19,478.1261087929225,481.71250116567927,476.0258103183634,478.869140625,52782500
QQQ,2024-09-20,478.0071954775703,479.19605842028795,473.8561221774012,477.9576721191406,34577700
QQQ,2024-09-23,479.135323893243,480.315926835132,477.7959811138323,479.224609375,24843000
QQQ,2024-09-24,480.6333475885268,482.4885720219182,476.3772551624619,481.5361633300781,25952600
QQQ,2024-09-25,480.91111874577587,483.9370455260504,480.7325477988355,481.98260498046875,26549900
QQQ,2024-09-26,489.47297902508933,489.80038938586057,481.96276544725106,485.6037902832031,32020200
QQQ,2024-09-27,486.6256530479584,486.76456175281504,481.72467055232573,482.9052734375,22851100
QQQ,2024-09-30,481.942923506745,484.55215452746376,479.10552858521237,484.21484375,30281100
QQQ,2024-10-01,483.8478010651969,484.1454193353246,473.62913982724353,477.46856689453125,42735400
QQQ,2024-10-02,476.5657209152366,480.05793653831387,473.9465894744548,478.1431884765625,23744000
QQQ,2024-10-03,475.95064787695753,480.72265250634194,475.2065719333754,477.7860412597656,25337200
QQQ,2024-10-04,483.5997421604296,484.0263384101603,478.57971250941176,483.47076416015625,30686600
QQQ,2024-10-07,481.55601359663206,482.72668574042143,477.0716968180428,478.2919921875,24975100
QQQ,2024-10-08,480.8317856664436,486.11967189958807,480.02818609243036,485.43511962890625,28272000
QQQ,2024-10-09,485.1375160516646,489.83016591016013,484.0958218394654,489.2547302246094,24995000
QQQ,2024-10-10,486.972911204982,490.5643129343177,485.663330270901,488.69915771484375,25750400
QQQ,2024-10-11,486.86374286155046,490.48493653463544,486.298268176488,489.4630432128906,20644500
QQQ,2024-10-14,491.85402746733337,494.8898548804224,491.34807641617016,493.57037353515625,26060100
QQQ,2024-10-15,493.8977476785361,494.5624688319381,484.82002737514097,486.972900390625,34784500
QQQ,2024-10-16,487.30026609568785,487.8062474023501,483.718795252719,487.03240966796875,22996800
QQQ,2024-10-17,492.51869733206945,492.5682902789601,487.31016629452773,487.36968994140625,27210700
QQQ,2024-10-18,490.15756588847694,491.65564854006584,489.40355921193753,490.5643310546875,25335000
QQQ,2024-10-21,489.35393242594535,492.3104049952959,487.4292536147581,491.5068054199219,30336500
QQQ,2024-10-22,488.8380434331737,493.5207623873369,488.0840368199485,492.0425109863281,26685800
QQQ,2024-10-23,489.6912640374047,490.34605451121007,481.2187106828383,484.5025634765625,39346600
QQQ,2024-10-24,488.2229113611023,489.1058959697234,485.5740180882913,488.4312744140625,22024900
QQQ,2024-10-25,491.22902181685464,496.32840643950317,490.52460813834386,491.4075927734375,38762100
QQQ,2024-10-28,494.52279649460877,494.58232014940006,491.1893507201843,491.4869689941406,20477800
QQQ,2024-10-29,491.804448986959,497.3899840518489,489.949224432872,496.2093811035156,28014100
QQQ,2024-10-30,495.44549370075856,496.39790249240116,491.97313907393766,492.4592590332031,29756000
QQQ,2024-10-31,488.4908207354854,488.5404136876197,479.92898206139125,480.0281982421875,41245200
QQQ,2024-11-01,481.6651469129995,486.8736783677744,481.36752865476586,483.57989501953125,33655800
QQQ,2024-11-04,482.9747116073583,485.5144882475446,480.42500426672166,482.1711120605469,23291600
QQQ,2024-11-05,483.7584717889176,488.986864708101,483.66918631037436,488.3221435546875,24353600
QQQ,2024-11-06,496.60618015035925,502.40997829462293,495.65377146447037,501.5865173339844,43082200
QQQ,2024-11-07,504.3841975882403,510.26738017276097,504.3246739438424,509.48358154296875,32853100
QQQ,2024-11-08,508.98766217712193,510.8528175863819,508.3626334733241,510.0790100097656,22924500
QQQ,2024-11-11,511.2992556117253,511.5076186893174,506.8844228762925,509.7813720703125,24167500
QQQ,2024-11-12,509.7118345645932,510.5947585805115,505.80292327856444,508.85858154296875,25835300
QQQ,2024-11-13,508.35269682828596,510.9122744153452,505.9220366929146,508.203857421875,24567400
QQQ,2024-11-14,507.8665643683169,508.739588052962,503.75925058094214,504.6719970703125,28679500
QQQ,2024-11-15,498.9674158501514,499.3543196021951,490.58414799637626,492.6477355957031,51461100
QQQ,2024-11-18,494.19534863085397,498.17368391423526,492.80641308195663,496.0704040527344,27080800
QQQ,2024-11-19,493.4909765905591,499.96939601024445,493.1536355499042,499.4832458496094,24523000
QQQ,2024-11-20,499.1856564574556,499.5031361161102,492.6377823112046,499.1955871582031,29565500
QQQ,2024-11-21,502.24132948309835,502.95564359753246,493.6298978588017,500.9913024902344,34526700
QQQ,2024-11-22,500.4357175118036,502.5290365817057,498.8086569561695,501.7948913574219,23826600
QQQ,2024-11-25,505.87241468402135,507.41018976726633,500.2769794512125,502.58856201171875,26375200
QQQ,2024-11-26,504.06681387960333,506.110570406728,503.2235519980058,505.287109375,26557100
QQQ,2024-11-27,504.15607164871835,504.2254957213914,497.9653396767726,501.3087158203125,24957400
QQQ,2024-11-29,501.9337807222535,506.3089508903919,501.31868278834094,505.71368408203125,15334000
QQQ,2024-12-02,506.97365636244604,512.1821877904773,506.58672235220234,511.2198181152344,25147200
QQQ,2024-12-03,509.890434903682,513.0651709231122,509.31499924035353,512.787353515625,18597900
QQQ,2024-12-04,516.2101727842456,519.3849091600352,515.4958283369896,519.126953125,26086200
QQQ,2024-12-05,519.1765063776851,519.9007209183162,517.3014204692249,517.6883544921875,18169600
QQQ,2024-12-06,518.3530669746475,522.5595667910787,518.2240889616199,522.3214721679688,23762600
QQQ,2024-12-09,521.3987891581372,522.1924580312864,517.102973878682,518.2538452148438,20674400
QQQ,2024-12-10,519.4840189672058,521.2301267457367,515.0592258717493,516.4878540039062,24350000
QQQ,2024-12-11,520.8531319621538,526.4188051823884,520.4463971119644,525.7342529296875,32168600
QQQ,2024-12-12,523.5120419753823,524.7819607903772,521.8651803498141,522.3413696289062,23577500
QQQ,2024-12-13,526.2700842159519,528.9586400198303,523.1350101576185,526.3395385742188,28780400
QQQ,2024-12-16,528.8694272749564,534.8914899938695,528.7900422086976,533.919189453125,31979900
QQQ,2024-12-17,532.1233843076452,533.234532805748,529.911018011913,531.5678100585938,28579100
QQQ,2024-12-18,530.9230075449514,532.6393233284896,510.942073860317,512.3905029296875,54703200
QQQ,2024-12-19,517.0732431157651,517.6387480839205,509.7713925868022,510.1086730957031,46441800
QQQ,2024-12-20,506.4082488880885,520.6746720854811,505.26733831570937,514.5632934570312,60530000
QQQ,2024-12-23,516.2773821985058,519.9540883119314,512.8789414988543,519.5764770507812,29672800
QQQ,2024-12-24,521.5240745288673,526.7111642557666,520.8880913793857,526.6217651367188,17558200
QQQ,2024-12-26,524.9921323134935,527.8937223215758,522.994783551006,526.2640380859375,19090500
QQQ,2024-12-27,522.6966520264838,523.1338828752066,514.5979649367405,519.2683715820312,33839600
QQQ,2024-12-30,512.262836772703,516.0885615458353,508.6059938701245,512.3621826171875,34584000
QQQ,2024-12-31,513.644094410772,514.3992562583705,507.0459049159329,508.0097961425781,29117000
QQQ,2025-01-02,511.06042287109295,513.3857099460889,502.52453474139946,507.0160827636719,36389800
QQQ,2025-01-03,510.11631872085275,516.3766827391748,509.3015373778752,515.3134155273438,29059500
QQQ,2025-01-06,520.7192176012078,524.5946151120777,518.7417623146622,521.2359008789062,36109700
QQQ,2025-01-07,522.2793368947259,522.67678090554,510.0468799728483,511.93487548828125,36690300
QQQ,2025-01-08,511.83554740418106,513.6639233488847,507.35394602071244,512.0243530273438,30777800
QQQ,2025-01-10,508.25819448854884,508.3575403275065,500.7458174123479,503.9952087402344,40532500
QQQ,2025-01-13,498.04296636403393,502.83258226211484,496.5524148250259,502.37548828125,31694200
QQQ,2025-01-14,505.5354786511669,506.9465475304781,498.4305219813621,501.8985290527344,33737200
QQQ,2025-01-15,509.79844685715614,514.5880322454942,508.2382987029594,513.4453125,34957600
QQQ,2025-01-16,515.7109442532102,515.7904573182853,509.71895854451463,509.84814453125,28229000
QQQ,2025-01-17,519.5565458046289,520.768892568159,509.8779077274795,518.4535522460938,51837900
QQQ,2025-01-21,521.1763321012501,522.6569370321079,516.784190233401,521.4943237304688,23628000
QQQ,2025-01-22,526.2342050879784,530.457434010863,525.9261602278661,528.1619873046875,33593000
QQQ,2025-01-23,525.7076127624492,529.4042124255304,525.1213630726537,529.2849731445312,23096600
QQQ,2025-01-24,529.6625453438141,530.427653898665,524.8232261530454,526.2938842773438,19878300
QQQ,2025-01-27,507.7812062861425,514.7271665075501,506.936554378914,510.97100830078125,60771700
QQQ,2025-01-28,511.9746158466005,519.7056389765987,508.5563122008364,518.5231323242188,33194200
QQQ,2025-01-29,519.169115138246,519.2983011374322,513.6441392716389,517.5493774414062,26649000
QQQ,2025-01-30,520.4111255886488,522.7860246698378,514.9457705817763,519.7552490234375,27431300
QQQ,2025-01-31,523.6009014071057,528.1719622881295,517.9070142215932,519.0000610351562,38755200
QQQ,2025-02-03,510.2356481268789,517.5691667149378,507.8309085723365,514.846435546875,40580800
QQQ,2025-02-04,515.3631410761267,521.8023039804046,514.9656364261884,521.1663208007812,26046800
QQQ,2025-02-05,518.533087344952,523.6903982021383,517.3406339590531,523.5313720703125,21134100
QQQ,2025-02-06,524.0381574961376,526.4727371352427,522.4283666892038,526.2640380859375,19434500
QQQ,2025-02-07,526.8007131129621,528.7483284429109,518.9007772767695,519.6261596679688,29605500
QQQ,2025-02-10,523.8990176021349,527.0192533310259,523.432007239571,525.916259765625,20852800
QQQ,2025-02-11,522.6470030660466,526.5820202342347,522.5178170831823,524.6641845703125,19325500
QQQ,2025-02-12,519.0100833136883,525.8566985928285,518.662312181656,524.9722900390625,25009400
QQQ,2025-02-13,526.6415998490472,532.8422839525621,525.856597948036,532.5243530273438,28714800
QQQ,2025-02-14,532.6337190649526,535.445910069072,532.2958340155867,534.76025390625,17862600
QQQ,2025-02-18,536.3301909280925,536.5985095911096,532.6634320198589,535.9724731445312,20565000
QQQ,2025-02-19,535.1775539526902,537.4034344848549,533.0808594023651,536.12158203125,19666900
QQQ,2025-02-20,535.3364987054381,535.7041632085364,529.106034929491,533.845947265625,26550800
QQQ,2025-02-21,534.9888078968528,535.0087013272569,522.3986318284577,522.7662963867188,47093800
QQQ,2025-02-24,524.5548916727963,525.7373982954535,516.2575125365582,516.5953369140625,39268400
QQQ,2025-02-25,515.9693018739836,516.048814936847,506.2310441222468,510.08660888671875,48940000
QQQ,2025-02-26,512.2827081341442,516.3866374854662,508.1488779896471,511.31878662109375,34457600
QQQ,2025-02-27,514.8663527597747,515.800434214296,496.9002199954935,497.11883544921875,52448000
QQQ,2025-02-28,496.9796905709141,505.5751982352111,493.7998352114138,504.96905517578125,47654000
QQQ,2025-03-03,508.29792199196845,509.80833658708485,490.4709237175102,493.9190673828125,44587200
QQQ,2025-03-04,491.0671622880661,500.5669416036149,484.6677252997208,492.42852783203125,67875400
QQQ,2025-03-05,493.07443907980854,500.4576300932126,488.1655538058739,498.84783935546875,46323700
QQQ,2025-03-06,490.58025627763743,495.43943846939203,483.1374453830968,485.1248474121094,57574300
QQQ,2025-03-07,484.0913896771833,490.172835031535,477.5031471015196,488.6922302246094,54714700
QQQ,2025-03-10,480.4047960555825,480.9215096966139,465.7079486891979,469.7523193359375,76668000
QQQ,2025-03-11,469.37467027626616,475.7939702022416,464.0683106107926,468.62939453125,68760800
QQQ,2025-03-12,476.1417740872487,478.0297999193566,468.8182025802525,473.9158935546875,46971100
QQQ,2025-03-13,473.2501016514119,473.2799114684233,463.4919505450515,465.3899230957031,46563300
QQQ,2025-03-14,470.745971366685,477.5329356476442,470.1397980058928,476.63861083984375,43563000
QQQ,2025-03-17,476.5889052181335,482.77967314656735,474.7903088976975,479.72900390625,41744400
QQQ,2025-03-18,476.39019173623467,476.5889137375583,469.4342848576123,471.5508728027344,39072300
QQQ,2025-03-19,473.8065534525706,482.27287473503395,471.87877115950045,477.8608703613281,40430300
QQQ,2025-03-20,473.87616704158864,481.4978372007988,473.18056416842603,476.2411804199219,36780500
QQQ,2025-03-21,471.0937893328144,478.57635716753504,469.9311760645656,477.81121826171875,42234900
QQQ,2025-03-24,485.39050030859886,489.1423592971704,482.0665930507614,488.29644775390625,34567200
QQQ,2025-03-25,489.022941249908,491.2421796862816,488.05761261924056,491.08294677734375,26035200
QQQ,2025-03-26,489.92852335581483,490.7843964317407,480.49420901971564,482.04669189453125,34627100
QQQ,2025-03-27,480.08619079487124,484.2360865180512,477.9365920668743,479.29998779296875,33469800
QQQ,2025-03-28,477.4986938052008,478.20526514414263,465.79533345257164,466.6810607910156,46363800
QQQ,2025-03-31,459.6948832614754,467.5966072840796,455.12696717610356,466.6611633300781,53000300
QQQ,2025-04-01,465.04896162318204,471.3484864500327,462.18286035410387,470.4229736328125,41156200
QQQ,2025-04-02,463.87464014945493,477.24990051464846,463.6158828815237,473.8563232421875,49894500
QQQ,2025-04-03,454.24126086225453,457.8537794541511,447.9716210778618,448.4891052246094,70456300
QQQ,2025-04-04,436.0294213013578,438.2486595831719,420.6339416503906,420.6339416503906,117088400
QQQ,2025-04-07,406.6914499899583,441.0053675205171,400.4516641030583,421.6490478515625,161557000
QQQ,2025-04-08,436.04930169029,441.0053229949478,407.8159703583268,414.0557556152344,101248100
QQQ,2025-04-09,413.5681263281856,465.5763591617514,413.4287861573546,463.75518798828125,142876900
QQQ,2025-04-10,451.3751553721857,453.3953754518723,430.5459844866977,444.03070068359375,108384100
QQQ,2025-04-11,442.50805710466096,453.5944088551687,439.2040426870755,452.2110900878906,52483800
QQQ,2025-04-14,462.2226327115798,462.80978696729005,450.4496325846052,455.2762756347656,43941200
QQQ,2025-04-15,456.3312128563289,460.15271186095026,453.9527109525871,455.7838439941406,35404200
QQQ,2025-04-16,446.8669566467618,450.43965945558847,435.6512567922465,442.0403137207031,48980600
QQQ,2025-04-17,445.0159426129849,445.59313532137156,439.2339021288606,441.9607238769531,44837000
QQQ,2025-04-21,436.1189822025886,436.9648633110088,425.86858083880827,431.02362060546875,44149300
QQQ,2025-04-22,436.70615895638065,445.42394033849905,435.51192735142513,442.3388977050781,52304400
QQQ,2025-04-23,455.9629260663685,461.1478200555359,450.698400444071,452.37030029296875,55801100
QQQ,2025-04-24,454.28109133466916,465.4072286279397,453.6341981671536,465.0987243652344,45956100
QQQ,2025-04-25,464.72056158591084,470.81107609503925,463.1481859616907,470.28363037109375,38697100
QQQ,2025-04-28,470.75137745023704,472.5228018406058,463.7850969803822,470.1343688964844,33550800
QQQ,2025-04-29,467.9051531308386,474.1250461983433,467.32793004665405,473.23931884765625,30613100
QQQ,2025-04-30,464.87977453427817,474.90127322951986,460.2024029412006,473.1795959472656,46810600
QQQ,2025-05-01,481.08135748377987,484.83318599096134,478.4242058431775,479.35968017578125,43316500
QQQ,2025-05-02,484.1962728644179,488.54521706431206,482.49448832227375,486.4752197265625,39218100
QQQ,2025-05-05,482.26562303187217,486.6742758401759,481.768031598775,483.5892028808594,28309500
QQQ,2025-05-06,477.24987857899583,482.7134226320738,475.88648295246287,479.0909729003906,32786300
QQQ,2025-05-07,479.7577689327616,483.4598506116992,474.4833116025476,480.9718933105469,38006300
QQQ,2025-05-08,486.1767003880921,490.32662643958486,481.8377175267332,485.9378662109375,39577600
QQQ,2025-05-09,487.8486153265174,489.17222563016486,483.8579524315384,485.6194152832031,27767400
QQQ,2025-05-12,504.5477524292731,505.44344130675324,499.0643154796623,505.40362548828125,45090600
QQQ,2025-05-13,506.707335072133,514.8977013705513,505.97090943590337,513.1063842773438,53269600
QQQ,2025-05-14,514.2806849131285,516.7287959644325,513.2655789214306,516.1814575195312,47014500
QQQ,2025-05-15,514.0318883953613,519.4158011315517,512.6883550423395,516.7487182617188,50153300
QQQ,2025-05-16,518.1518608917828,519.1868899000237,514.6090124784221,518.997802734375,48394600
QQQ,2025-05-19,511.76283198638407,520.0129368955124,511.76283198638407,519.4954223632812,52536200
QQQ,2025-05-20,516.967599082951,518.4205878915068,514.171137741155,517.7637939453125,42517600
QQQ,2025-05-21,513.7831162356644,520.4806779894516,508.77731688816084,510.5686340332031,71292800
QQQ,2025-05-22,511.1855674226468,515.2161063326972,509.83213340019597,511.5239562988281,55607200
QQQ,2025-05-23,503.74166904926017,509.37440786318274,503.14455323986806,506.78692626953125,58368100
QQQ,2025-05-27,513.6636439652767,519.1968580915909,512.1111611741854,518.7091674804688,47226300
QQQ,2025-05-28,519.6645455027536,521.1573196978349,515.8928245699911,516.4102783203125,46637200
QQQ,2025-05-29,523.7946096140164,523.943850597734,514.8280023627366,517.4254150390625,58513300
QQQ,2025-05-30,516.937802360934,518.1718194248762,509.46396914496165,516.609375,67662800
QQQ,2025-06-02,514.7484234216115,520.9285314569356,513.4845216279213,520.689697265625,44762800
QQQ,2025-06-03,521.0379136751978,526.192953382638,520.172109482974,524.7598876953125,44070300
QQQ,2025-06-04,525.4664906934179,527.2876922621837,523.4362788655679,526.2228393554688,41359300
QQQ,2025-06-05,527.6260127928042,530.4821825867151,520.1422186545674,522.261962890625,61031200
QQQ,2025-06-06,527.446880166096,529.2381970448477,525.6655248338539,527.3672485351562,42467000
QQQ,2025-06-09,527.5862547168781,529.7855699578893,526.4616932284755,528.1435546875,33688700
QQQ,2025-06-10,528.6113236327552,532.3233974321485,526.3423380359699,531.63671875,40664800
QQQ,2025-06-11,533.0398961060292,534.1943423631835,527.5564282374158,529.8453369140625,53701000
QQQ,2025-06-12,528.5317277617894,532.0646150066514,528.2829320298816,531.0892944335938,34104900
QQQ,2025-06-13,525.1380723113464,529.3078908293887,523.1974536303323,524.4215698242188,55814400
QQQ,2025-06-16,527.9444656479175,532.7910009351023,527.894718657064,531.7161865234375,37622100
QQQ,2025-06-17,529.1487692272117,530.7609608109505,525.3670252740969,526.5314331054688,42180900
QQQ,2025-06-18,527.5464108599048,529.9846210200801,524.8594657253662,526.4417724609375,43983500
QQQ,2025-06-20,529.6960723110417,530.989797962704,522.3516174800588,524.292236328125,61643500
QQQ,2025-06-23,524.8611059770333,530.2012624901581,521.7128229011945,529.6832275390625,50666100
QQQ,2025-06-24,534.90387960364,538.6997827118523,534.2861780549605,537.783203125,45442000
QQQ,2025-06-25,540.0546537700266,541.3000294115662,537.3845756916884,539.157958984375,44804200
QQQ,2025-06-26,541.339901952907,544.6476272131085,539.5167156535897,544.1992797851562,43811400
QQQ,2025-06-27,545.2354314727291,547.9553124291843,542.5254624415982,546.0623779296875,57577100
QQQ,2025-06-30,549.2206440950201,550.7549250315776,546.9789678853869,549.5992431640625,45548700
QQQ,2025-07-01,547.6962844543337,548.6727003482655,542.6450333450836,544.9664306640625,56166700
QQQ,2025-07-02,544.1394799694398,548.9616013728256,544.099649838931,548.7623291015625,36538300
QQQ,2025-07-03,551.1335605372531,555.1387084222483,551.1335605372531,554.1622924804688,26443500
QQQ,2025-07-07,551.4723321808171,552.2893059767699,547.5469053516296,549.9878540039062,45349300
QQQ,2025-07-08,551.3328226115977,551.9604968449189,549.0612280892235,550.2966918945312,36153300
QQQ,2025-07-09,552.4287282148103,555.5670993773455,551.0538285444961,554.1921997070312,43045500
QQQ,2025-07-10,554.8298779906593,555.2383344969288,550.7051787469096,553.3952026367188,34710900
QQQ,2025-07-11,551.2530854493318,553.733864104168,550.0077097543851,552.1497802734375,39618600
QQQ,2025-07-14,551.9405857278426,554.8896575344722,549.5893307950605,554.1524047851562,36453300
QQQ,2025-07-15,558.177370440617,558.7253235687808,554.6006247913591,554.660400390625,43277700
QQQ,2025-07-16,555.2184205935204,558.1375740177878,549.519549612121,555.2283325195312,52314700
QQQ,2025-07-17,555.9556343165032,560.229741645841,555.1486333295833,559.7216186523438,40423800
QQQ,2025-07-18,561.0367592084838,562.6407884950407,557.9083608963978,559.1836547851562,50484700
QQQ,2025-07-21,560.0106243017523,563.9659084478778,559.9807060956166,562.0828857421875,39595200
QQQ,2025-07-22,562.212410691865,562.2622135594852,556.5434579032301,559.1737060546875,43270600
QQQ,2025-07-23,560.2597104593184,561.7640732969975,557.5099110527195,561.7242431640625,40215300
QQQ,2025-07-24,563.0392899612859,564.1451688896942,561.2060703387892,562.9197387695312,42275500
QQQ,2025-07-25,562.8400440606903,565.5998159531918,562.1825124752501,564.2747192382812,30630800
QQQ,2025-07-28,565.639724456999,566.9349031473512,564.7729477514129,566.0382690429688,31498700
QQQ,2025-07-29,568.6485511909246,569.9935327032099,564.434219030358,565.1614990234375,45463300
QQQ,2025-07-30,566.0780214636062,568.508997161805,562.9595959750744,565.9186401367188,43433800
QQQ,2025-07-31,572.4144506359528,572.5041444344463,561.7839416385068,562.9197387695312,64613600
QQQ,2025-08-01,556.7626938955674,556.951993446216,549.6391201209816,551.8309936523438,69400800
QQQ,2025-08-04,556.9818168836358,562.2323403030458,556.8822111512052,562.0131225585938,47669800
QQQ,2025-08-05,563.2983805936119,564.4640352064246,557.6592854470431,558.1973266601562,48666600
QQQ,2025-08-06,559.0342039471559,565.6596271290572,558.5559991276681,565.2212524414062,41823700
QQQ,2025-08-07,569.5550971875249,571.1990173575662,563.0193682552224,567.1340942382812,44463000
QQQ,2025-08-08,568.3396913615944,572.6437172653317,568.0408133424522,572.4244995117188,35255500
QQQ,2025-08-11,572.5639325532171,574.6661119984625,569.4554798808987,570.730712890625,33112900
QQQ,2025-08-12,573.0321895540377,578.2029917684722,570.372084149425,577.9041137695312,42143300
QQQ,2025-08-13,580.6041456525571,581.1620715545174,576.7982700747931,578.193115234375,41209300
QQQ,2025-08-14,576.1407216563158,579.7273793774012,575.7720345015408,577.7447509765625,45425000
QQQ,2025-08-15,577.6550842269212,577.6949751695009,573.4407520858407,575.2042236328125,49480200
QQQ,2025-08-18,574.3075322318431,575.6326290840033,573.1119593251236,574.9750366210938,29831000
QQQ,2025-08-19,574.2576936083949,574.4270476767487,566.1477924665415,567.1740112304688,53752600
QQQ,2025-08-20,566.2275216498264,566.3470728538312,556.7726389420532,563.8065185546875,76781100
QQQ,2025-08-21,562.2622161511607,564.3943140175195,558.9046880126308,561.1962280273438,46436900
QQQ,2025-08-22,562.5810219572568,571.8665505027725,561.186237654488,569.85400390625,51502100
QQQ,2025-08-25,568.289926158301,571.1691888777926,567.0544622483576,568.210205078125,34044700
QQQ,2025-08-26,567.7218935616645,570.8004278507278,566.6956749257416,570.4915771484375,34103000
QQQ,2025-08-27,569.4754735923461,572.2849877073902,568.2599552674767,571.368408203125,36927100
QQQ,2025-08-28,571.9860851866184,575.8617088595212,570.3422257905413,574.9451293945312,46787900
QQQ,2025-08-29,572.5340452045847,572.9027323513419,566.4366907257225,568.2898559570312,56030400
QQQ,2025-09-02,559.2335343759405,563.8762688061983,557.4700627066655,563.527587890625,65876800
QQQ,2025-09-03,567.1241403555323,569.585034325084,564.6333889904666,567.9610595703125,54230200
QQQ,2025-09-04,568.6285491052419,573.4705550386212,566.9249141338813,573.1019287109375,47526300
QQQ,2025-09-05,578.3424981949754,578.9701724080204,569.4156841594208,573.9288940429688,68342500
QQQ,2025-09-08,576.2303653317651,578.6912594012136,575.6326093036281,576.728515625,46371400
QQQ,2025-09-09,577.5255075617649,578.7908286858918,574.9052323196163,578.3624267578125,44007600
QQQ,2025-09-10,581.5804896782814,581.6104078841153,576.4096872460331,578.5517578125,49308000
QQQ,2025-09-11,581.0823312583443,582.7162787776647,579.4683292093007,581.9192504882812,44745800
QQQ,2025-09-12,582.8756829463206,585.6852579441866,581.939157947032,584.4896850585938,50745900
QQQ,2025-09-15,586.263084887294,589.6006673309763,586.1136154844122,589.4910888671875,44360300
QQQ,2025-09-16,590.417622334017,590.6666974580144,588.3054701472681,588.992919921875,36942100
QQQ,2025-09-17,588.9132280535239,589.560847731768,582.2081448420756,587.8173217773438,69384800
QQQ,2025-09-18,592.7091584852494,595.9272507480725,590.7664209781601,593.11767578125,61069300
QQQ,2025-09-19,595.1202047360832,597.83011295333,593.6456386208329,597.1326904296875,58196100
QQQ,2025-09-22,596.2190510860968,601.3360027595129,596.1990824942005,600.667724609375,57154800
QQQ,2025-09-23,600.8372900448078,601.0367933292055,595.4609900615409,596.6779174804688,64635500
QQQ,2025-09-24,598.0544387994095,598.3736318933126,591.8502333814113,594.583251953125,49850300
QQQ,2025-09-25,590.6932034651784,593.6057566967052,587.0026056631178,592.0198364257812,70920200
QQQ,2025-09-26,592.8376791327265,594.7827296224774,589.5560723046866,594.4535522460938,54337400
QQQ,2025-09-29,597.5855809487724,600.5181027058711,595.8898943349653,597.20654296875,48332900
QQQ,2025-09-30,596.9073409482912,599.1815689140329,594.5832523790604,598.8424072265625,46533800
QQQ,2025-10-01,595.6504804045827,602.2536309055715,594.8226361779185,601.7150268554688,46899600
QQQ,2025-10-02,605.5153536087707,605.6150748101588,601.3958573858611,604.188720703125,43765400
QQQ,2025-10-03,604.9668078782124,605.7847287787447,599.859840058186,601.645263671875,46482100
QQQ,2025-10-06,606.9018036091138,607.8094613156995,604.4280726015548,606.1636962890625,41962100
QQQ,2025-10-07,607.4703970532165,608.1586438162234,601.4956480641417,602.9718627929688,58209500
QQQ,2025-10-08,603.869530194898,610.193425090037,603.7199483921797,609.8842163085938,50629800
QQQ,2025-10-09,609.9241018375851,610.0537759298148,605.9342796270852,609.1461181640625,45551000
QQQ,2025-10-10,609.8443624637231,611.6198017284072,587.5511938507611,588.0000610351562,97614800
QQQ,2025-10-13,598.1541220292103,601.415821078074,595.7103438165695,600.4782104492188,65872600
QQQ,2025-10-14,593.7952965646048,601.1565238344467,588.628483812035,596.4784545898438,69203200
QQQ,2025-10-15,602.4731675952409,605.1563255984365,594.4137092888615,600.6876831054688,62805500
QQQ,2025-10-16,603.5703467351942,606.7622168482491,593.9848129790577,598.46337890625,70982000
QQQ,2025-10-17,596.4285459627954,603.9693073296388,594.8525491800316,602.393310546875,72024900
QQQ,2025-10-20,605.5951798429426,611.2407514930889,605.5253506485595,609.9839477539062,45761700
QQQ,2025-10-21,610.0837500489531,611.1609582497778,607.7696457807522,609.8244018554688,44538200
QQQ,2025-10-22,609.2657958565487,609.8542605281881,598.2139715066553,603.9493408203125,61478800
QQQ,2025-10-23,603.3708114071275,609.8143961922938,602.9818500103868,609.0264282226562,42844300
QQQ,2025-10-24,614.4226241256162,616.8464337655934,613.5648269782704,615.52978515625,47632500
QQQ,2025-10-27,622.930958710038,626.9506729134798,622.4422152319877,626.4918823242188,54098600
QQQ,2025-10-28,628.7560864561588,633.0651018787079,627.648925370604,631.3095703125,61195700
QQQ,2025-10-29,633.9728090539653,635.3891789092543,628.6463695521778,634.15234375,67422800
QQQ,2025-10-30,630.5614543099158,631.8880872300178,624.3473257513068,624.45703125,61628600
QQQ,2025-10-31,632.5564207552092,632.5863736464859,625.0954721134605,627.4694213867188,66305100
QQQ,2025-11-03,633.4939381480045,634.2021534587442,628.2473125587718,630.4716796875,37154300
QQQ,2025-11-04,621.6940912807667,625.3547359077402,616.8863484805083,617.67431640625,63830800
QQQ,2025-11-05,616.9163015661201,625.0056518350635,615.6395900613109,621.6941528320312,48688500
QQQ,2025-11-06,620.2078932237561,620.4572571227977,608.7471381645778,610.1136474609375,72115100
QQQ,2025-11-07,606.7621834660789,608.3980251800011,597.1466973484642,608.1885375976562,81835400
QQQ,2025-11-10,617.3451949289606,622.7214951546598,615.3203917446493,621.6442260742188,55919900
QQQ,2025-11-11,618.9910087880348,621.1355017301039,615.9487814833327,619.9884643554688,44868800
QQQ,2025-11-12,623.2501373408774,623.2700450530867,616.2379957742788,619.4996948242188,47444400
QQQ,2025-11-13,615.9686873362173,616.5472286099415,604.5378855310528,606.8519897460938,71333600
QQQ,2025-11-14,598.0244819828539,611.7893568378086,595.6505328274214,607.310791015625,80087300
QQQ,2025-11-17,604.7573208445992,610.9215891749508,598.3436886131177,602.1240234375,63850400
QQQ,2025-11-18,598.0942387152705,600.7773963408275,589.8353391548725,594.7926635742188,83327300
QQQ,2025-11-19,595.5507646962523,604.6176011290698,593.0770945294743,598.3436279296875,73111500
QQQ,2025-11-20,610.0637310644662,612.4676329241026,583.262106516965,584.1797485351562,117743200
QQQ,2025-11-21,585.9751825584982,595.4609945768989,579.2623261905873,588.568603515625,103344200
QQQ,2025-11-24,593.7653733267485,605.1363301511908,593.6456226504143,603.6201782226562,60168100
QQQ,2025-11-25,601.9744432402352,608.7072685888149,595.8001905964915,607.3407592773438,57560900
QQQ,2025-11-26,610.9514997668095,614.6221288317284,608.8368989020178,612.70703125,42393600
QQQ,2025-11-28,614.5422915350683,617.7441455966097,613.8540448070679,617.67431640625,23034400
QQQ,2025-12-01,612.0686387329198,617.8638528985133,610.961477711232,615.599609375,40957600
QQQ,2025-12-02,617.8837824065502,622.1628444217793,616.0185455630003,620.4172973632812,54541800
QQQ,2025-12-03,618.0433708850139,622.6316418245013,616.4574507356939,621.9334716796875,47841600
QQQ,2025-12-04,623.339907329069,623.3498916256304,617.9636071501104,621.35498046875,47067800
QQQ,2025-12-05,622.7913119974152,627.3197383563271,622.1230338136666,623.8884887695312,53614200
QQQ,2025-12-08,625.6140655337878,627.2399228158015,620.1080918729878,622.6915283203125,43462400
QQQ,2025-12-09,621.4247464351753,624.2774544880871,619.4198511857304,623.4595336914062,37156000
QQQ,2025-12-10,622.2626189242517,627.6090269272694,619.4099106697121,626.0130615234375,55031400
QQQ,2025-12-11,622.2327496814814,624.1877845427603,616.148234091509,623.98828125,58272800
QQQ,2025-12-12,620.497150448988,621.9533965533452,609.8043955563878,612.0586547851562,75158700
QQQ,2025-12-15,616.7966055109866,616.8464661142882,607.7696446385382,608.9865112304688,49538200
QQQ,2025-12-16,606.7123103516171,611.9489518835392,605.3657088583533,610.1934204101562,55152800
QQQ,2025-12-17,611.5001003103562,612.0886258751325,598.7526499708691,598.8822631835938,70654300
QQQ,2025-12-18,608.248366375679,611.3704070362718,605.375689596093,607.5601196289062,78875800
QQQ,2025-12-19,610.392981139488,616.0485374798797,610.313167643226,615.47998046875,60369800
QQQ,2025-12-22,620.5674955378034,620.8671665076671,616.9920478025754,618.4302368164062,43703100
QQQ,2025-12-23,617.42148892244,621.6261480926279,617.0020349130734,621.3265380859375,41120400
QQQ,2025-12-24,621.2067276835874,623.4938829346665,620.9370481838333,623.144287109375,18468700
QQQ,2025-12-26,623.873297918951,624.7322611929134,622.3552536061636,623.1043090820312,28959800
QQQ,2025-12-29,619.3190849184411,621.995763643064,617.9508150333834,620.088134765625,32458300
QQQ,2025-12-30,619.0594201394988,621.3964390816567,618.4401448660525,618.64990234375,31226800
QQQ,2025-12-31,618.8696789386981,619.1792861072609,613.2766946262738,613.536376953125,40746500
QQQ,2026-01-02,619.2791633693975,622.0656280105537,609.381669736326,612.347900390625,61859200
QQQ,2026-01-05,618.5400731036631,620.0281869343077,615.9433108116908,617.2117309570312,46828400
QQQ,2026-01-06,618.4501618747352,623.2341686687002,617.7610283782293,622.6348876953125,43137500
QQQ,2026-01-07,622.2553845556755,627.1492383750701,621.7760085257346,623.2341918945312,44880300
QQQ,2026-01-08,622.2454332860368,622.6348958217857,617.0219780933957,619.6885986328125,50435900
QQQ,2026-01-09,620.6273877403378,627.0992684709724,618.280371644388,625.86083984375,49688700
QQQ,2026-01-12,621.5263228144307,628.0580650499223,621.4763979710708,626.3801879882812,37388700
QQQ,2026-01-13,626.4800871429724,628.6772678768714,622.9145755930199,625.4513549804688,44481400
QQQ,2026-01-14,621.4563902550666,622.6648884214621,613.7860691564842,618.769775390625,72598700
QQQ,2026-01-15,625.8108857116995,629.206628407055,619.9682771169513,620.9970092773438,53934900
QQQ,2026-01-16,624.7123119754499,625.2915986535979,618.1006533744517,620.4776611328125,61058100
QQQ,2026-01-20,609.7611716460692,614.2854351912486,606.2855126563834,607.2942504882812,81988900
QQQ,2026-01-21,608.7024240227943,619.6386461402016,607.0944662344775,615.50390625,79837900
QQQ,2026-01-22,621.5662350217955,621.6761428244047,617.0020437780021,619.978271484375,42254800
QQQ,2026-01-23,618.949566020391,624.612469784726,617.8709699342951,621.935791015625,43645800
QQQ,2026-01-26,622.425196766994,626.81961915323,621.3365426117721,624.67236328125,35983000
QQQ,2026-01-27,628.1179690883873,631.2440322678261,626.5499998769385,630.335205078125,38997200
QQQ,2026-01-28,634.6597767228699,635.7982947738302,631.014348844542,632.4225463867188,50691700
QQQ,2026-01-29,631.8533057393616,632.8719797654484,617.4914101080947,628.6373291015625,79944000
QQQ,2026-01-30,624.9220440060533,627.4688205124429,618.5200822009824,621.0868530273438,65650700
QQQ,2026-02-02,617.9208683974972,627.6985176699922,617.8808797571519,625.3515014648438,49020300
QQQ,2026-02-03,627.5087242048245,629.1866011443993,610.1905958568021,615.7435913085938,81234000
QQQ,2026-02-04,614.2455284678144,614.3253838343164,599.7138024298947,604.9871826171875,81850700
QQQ,2026-02-05,599.4541864003901,604.0483693053457,594.0110373128413,596.2781982421875,89354500
QQQ,2026-02-06,599.434154665902,610.6399955270392,598.0159600076653,608.8822631835938,78019300
QQQ,2026-02-09,606.7748955946631,615.6837064208919,604.3080353554789,613.54638671875,56797600
QQQ,2026-02-10,614.5351423104305,616.2430108652889,610.2405694597212,610.699951171875,53938900
QQQ,2026-02-11,615.6037921922693,616.7423712103644,606.9247331463698,612.337890625,58575100
QQQ,2026-02-12,613.9358943887876,615.0344847338599,598.8149461335121,599.8836059570312,81378900
QQQ,2026-02-13,599.673873409497,605.7162424752422,595.6689134343201,601.1619873046875,69237500
QQQ,2026-02-17,597.626419057608,603.1894116444834,592.5927882610704,600.542724609375,69013800
QQQ,2026-02-18,601.3517411914925,609.0021290003773,599.9634770047899,605.027099609375,64250700
QQQ,2026-02-19,602.0508799312083,605.0570991965415,599.993476524114,602.7100219726562,60960800
QQQ,2026-02-20,599.3642756707148,609.581373723881,598.4753818004266,608.0433349609375,74127300
QQQ,2026-02-23,605.8460514657053,607.2443127599432,598.2955745850619,600.652587890625,63859100
QQQ,2026-02-24,601.6414099286677,608.2230768722754,598.9747284234804,607.1044921875,55023700
QQQ,2026-02-25,610.3004608891118,616.053216829597,610.2305417280922,615.9033813476562,55710700
QQQ,2026-02-26,614.8148183820397,614.8148183820397,603.2193924504018,608.4727783203125,96178900
QQQ,2026-02-27,602.2206376135266,607.5539396831472,601.4316544188312,606.5252075195312,68125200
QQQ,2026-03-02,598.1058012495889,609.1518702196468,597.2369017749593,607.32421875,75264600
QQQ,2026-03-03,595.5790600436336,603.1994564784976,591.1246545665933,600.8224487304688,97015500
QQQ,2026-03-04,603.3991678160902,612.108218610738,602.6701065956436,609.9808959960938,70943900
QQQ,2026-03-05,606.6350803018902,611.9883154244911,601.5015388569162,608.1431274414062,89602400
QQQ,2026-03-06,599.5539822531658,605.2368188486739,597.5764953219963,598.9946899414062,86302300
QQQ,2026-03-09,593.4816386137257,608.5027370453225,590.5853272955466,606.99462890625,93068200
QQQ,2026-03-10,607.0146358319374,612.5176457382476,604.65756151405,607.004638671875,64078900
QQQ,2026-03-11,608.1831666985171,611.6587648578186,604.2681201890963,606.9247436523438,60114800
QQQ,2026-03-12,602.0009473234562,603.3792143506387,596.2981160455262,596.5078735351562,71836600
QQQ,2026-03-13,598.9747313072235,602.8398528802119,591.8237748266745,592.9722900390625,63145500
QQQ,2026-03-16,599.2843027330098,603.099499235842,598.3554812666724,599.6239013671875,49077200
QQQ,2026-03-17,602.3804630878033,605.1369970937805,601.1120429286618,602.5502319335938,47106600
QQQ,2026-03-18,600.7325461165636,602.400426051188,593.8112802396884,594.15087890625,56128000
QQQ,2026-03-19,588.7676039624899,595.0496606380132,586.3406715242521,592.273193359375,75597600
QQQ,2026-03-20,590.3156309505814,590.4254777892629,577.8113788279011,581.3269653320312,91964700
QQQ,2026-03-23,590.52001953125,595.0800170898438,585.9600219726562,588.0,89936100
QQQ,2026-03-24,584.8099975585938,587.9299926757812,581.9299926757812,583.97998046875,57750900
QQQ,2026-03-25,589.1400146484375,591.3699951171875,585.6900024414062,587.8200073242188,60475500
QQQ,2026-03-26,582.5999755859375,584.6300048828125,573.4299926757812,573.7899780273438,81492100
QQQ,2026-03-27,570.8099975585938,571.02001953125,561.5700073242188,562.5800170898438,82702200
QQQ,2026-03-30,567.3800048828125,568.0499877929688,555.5999755859375,558.280029296875,70602600
QQQ,2026-03-31,564.2899780273438,578.6400146484375,564.2100219726562,577.1799926757812,95878000
QQQ,2026-04-01,581.47998046875,587.739990234375,580.4199829101562,584.3099975585938,79435100
QQQ,2026-04-02,573.969970703125,586.0499877929688,571.9199829101562,584.97998046875,50941700
QQQ,2026-04-06,586.22998046875,590.6099853515625,584.6900024414062,588.5,35108500
QQQ,2026-04-07,585.6400146484375,588.97998046875,578.4000244140625,588.5900268554688,49948200
QQQ,2026-04-08,608.7100219726562,609.9000244140625,602.1199951171875,606.0900268554688,63086000
QQQ,2026-04-09,605.9299926757812,610.5,603.030029296875,610.1900024414062,37837500
QQQ,2026-04-10,611.8400268554688,613.6699829101562,609.5800170898438,611.0700073242188,34038500
QQQ,2026-04-13,609.47998046875,626.739990234375,608.1099853515625,617.3900146484375,32972100
QQQ,2026-04-14,620.219970703125,628.5999755859375,620.0999755859375,628.5999755859375,49921100
QQQ,2026-04-15,629.0800170898438,637.8300170898438,628.2000122070312,637.4000244140625,50102400
QQQ,2026-04-16,639.2100219726562,642.1799926757812,635.260009765625,640.469970703125,42320600
QQQ,2026-04-17,645.5900268554688,650.0,644.0700073242188,648.8499755859375,53488900
QQQ,2026-04-20,648.0399780273438,648.760009765625,642.52001953125,646.7899780273438,37138500
QQQ,2026-04-21,648.4099731445312,650.2000122070312,642.2100219726562,644.3300170898438,39580500
QQQ,2026-04-22,650.1500244140625,655.3300170898438,648.52001953125,655.1099853515625,37368400
QQQ,2026-04-23,653.5499877929688,656.9199829101562,645.52001953125,651.4199829101562,40099800
QQQ,2026-04-24,658.510009765625,664.510009765625,656.530029296875,663.8800048828125,45563100
QQQ,2026-04-27,663.4000244140625,664.4299926757812,660.6900024414062,664.22998046875,32717000
QQQ,2026-04-28,657.4099731445312,659.6400146484375,653.8099975585938,657.5499877929688,34147900
QQQ,2026-04-29,658.6300048828125,661.719970703125,656.5900268554688,661.5700073242188,31724900
QQQ,2026-04-30,665.3499755859375,668.9000244140625,657.5599975585938,667.739990234375,40622200
QQQ,2026-05-01,669.1599731445312,675.969970703125,668.7999877929688,674.1500244140625,39172600
QQQ,2026-05-04,674.6599731445312,676.72998046875,668.9000244140625,672.8800048828125,34542000
QQQ,2026-05-05,677.9600219726562,682.77001953125,677.510009765625,681.6099853515625,37101100
QQQ,2026-05-06,687.780029296875,695.9299926757812,686.47998046875,695.77001953125,38778500
QQQ,2026-05-07,696.5800170898438,701.239990234375,691.77001953125,694.9400024414062,43779100
QQQ,2026-05-08,699.9199829101562,711.22998046875,699.5,711.22998046875,44320400
QQQ,2026-05-11,710.3599853515625,714.5900268554688,708.9099731445312,713.2899780273438,36019100
QQQ,2026-05-12,708.219970703125,710.1799926757812,696.6400146484375,707.239990234375,45873000
QQQ,2026-05-13,709.9600219726562,716.6500244140625,704.8300170898438,714.7100219726562,40012500
QQQ,2026-05-14,714.6199951171875,722.030029296875,714.219970703125,719.7899780273438,33327500
QQQ,2026-05-15,710.1400146484375,715.1300048828125,705.5499877929688,708.9299926757812,51792700
QQQ,2026-05-18,711.5399780273438,712.0700073242188,698.8499755859375,705.8800048828125,49834500
QQQ,2026-05-19,699.8099975585938,706.489990234375,695.25,701.530029296875,46827500
QQQ,2026-05-20,705.2899780273438,713.1500244140625,703.7899780273438,713.1500244140625,36779200
QQQ,2026-05-21,708.989990234375,717.1199951171875,706.77001953125,714.510009765625,36415400
QQQ,2026-05-22,718.0700073242188,722.1199951171875,715.9500122070312,717.5399780273438,33118600
QQQ,2026-05-26,725.9600219726562,731.1699829101562,724.1599731445312,730.280029296875,34254700
QQQ,2026-05-27,732.9600219726562,733.3200073242188,725.4400024414062,729.4500122070312,35148700
QQQ,2026-05-28,729.72998046875,736.5999755859375,726.4099731445312,735.5999755859375,32840000
QQQ,2026-05-29,737.8400268554688,741.6300048828125,735.25,738.3099975585938,37541700
QQQ,2026-06-01,737.0399780273438,745.6500244140625,735.989990234375,742.739990234375,33890600
QQQ,2026-06-02,742.4000244140625,746.4400024414062,739.22998046875,746.1599731445312,30085200
QQQ,2026-06-03,747.3099975585938,748.6500244140625,741.010009765625,744.2100219726562,40270200
QQQ,2026-06-04,735.47998046875,743.5,732.6199951171875,740.6099853515625,40782600
QQQ,2026-06-05,730.0599975585938,731.6900024414062,704.3200073242188,705.0599975585938,99606600
QQQ,2026-06-08,717.8099975585938,723.030029296875,713.0700073242188,716.0700073242188,47401500
QQQ,2026-06-09,722.97998046875,725.6599731445312,686.3699951171875,707.8300170898438,91337800
